bucket,module,count
2014-W42,__init__.py,1
2014-W42,bin,2
2014-W42,executors,3
2014-W42,hooks,5
2014-W42,macros.py,1
2014-W42,models.py,4
2014-W42,operators,3
2014-W42,settings.py,5
2014-W42,utils.py,1
2014-W42,www,2
2014-W43,bin,3
2014-W43,executors,3
2014-W43,hooks,3
2014-W43,macros,1
2014-W43,macros.py,1
2014-W43,models.py,2
2014-W43,operators,1
2014-W43,settings.py,1
2014-W44,executors,1
2014-W44,hooks,4
2014-W44,macros,2
2014-W44,models.py,5
2014-W44,operators,3
2014-W44,settings.py,1
2014-W44,utils.py,2
2014-W44,www,5
2014-W45,airflow.cfg,2
2014-W45,airflow.cfg.template,1
2014-W45,bin,5
2014-W45,configuration.py,2
2014-W45,executors,3
2014-W45,hooks,3
2014-W45,jobs.py,1
2014-W45,macros,2
2014-W45,models.py,5
2014-W45,operators,2
2014-W45,settings.py,5
2014-W45,utils.py,1
2014-W45,www,6
2014-W46,airflow.cfg.template,1
2014-W46,bin,1
2014-W46,hooks,1
2014-W46,models.py,1
2014-W46,operators,1
2014-W46,www,1
2014-W47,airflow.cfg.template,2
2014-W47,bin,5
2014-W47,configuration.py,1
2014-W47,executors,4
2014-W47,hooks,2
2014-W47,models.py,8
2014-W47,operators,1
2014-W47,settings.py,3
2014-W47,utils.py,1
2014-W47,www,5
2014-W48,bin,4
2014-W48,executors,1
2014-W48,models.py,10
2014-W48,operators,1
2014-W48,settings.py,3
2014-W48,utils.py,1
2014-W48,www,14
2014-W49,bin,5
2014-W49,executors,4
2014-W49,jobs.py,1
2014-W49,models.py,4
2014-W49,operators,1
2014-W49,settings.py,1
2014-W49,utils.py,1
2014-W49,www,14
2014-W50,bin,1
2014-W50,hooks,2
2014-W50,jobs.py,1
2014-W50,macros,1
2014-W50,models.py,4
2014-W50,utils.py,1
2014-W50,www,4
2014-W51,airflow.cfg.template,1
2014-W51,jobs.py,1
2014-W51,macros,2
2014-W51,models.py,6
2014-W51,utils.py,1
2014-W51,www,3
2014-W52,airflow.cfg.template,2
2014-W52,bin,1
2014-W52,configuration.py,1
2014-W52,executors,1
2014-W52,hooks,2
2014-W52,jobs.py,1
2014-W52,macros,2
2014-W52,models.py,3
2014-W52,operators,1
2014-W52,settings.py,1
2014-W52,utils.py,1
2014-W52,www,4
2015-W01,airflow.cfg.template,1
2015-W01,bin,2
2015-W01,executors,2
2015-W01,models.py,3
2015-W01,settings.py,1
2015-W01,utils.py,1
2015-W01,www,9
2015-W02,airflow.cfg.template,3
2015-W02,bin,4
2015-W02,executors,2
2015-W02,hooks,3
2015-W02,jobs.py,1
2015-W02,macros,1
2015-W02,models.py,2
2015-W02,operators,4
2015-W02,utils.py,1
2015-W02,www,7
2015-W03,airflow.cfg.template,1
2015-W03,bin,4
2015-W03,configuration.py,2
2015-W03,example_dags,2
2015-W03,executors,4
2015-W03,hooks,4
2015-W03,models.py,3
2015-W03,operators,4
2015-W03,settings.py,4
2015-W03,utils.py,2
2015-W03,www,9
2015-W04,__init__.py,4
2015-W04,bin,5
2015-W04,example_dags,2
2015-W04,executors,2
2015-W04,hooks,6
2015-W04,jobs.py,4
2015-W04,macros,3
2015-W04,models.py,8
2015-W04,operators,5
2015-W04,utils.py,2
2015-W04,www,5
2015-W05,__init__.py,9
2015-W05,bin,9
2015-W05,configuration.py,1
2015-W05,example_dags,3
2015-W05,hooks,1
2015-W05,jobs.py,7
2015-W05,macros,2
2015-W05,models.py,14
2015-W05,operators,3
2015-W05,settings.py,2
2015-W05,utils.py,1
2015-W05,www,10
2015-W06,__init__.py,2
2015-W06,bin,2
2015-W06,configuration.py,1
2015-W06,example_dags,3
2015-W06,executors,1
2015-W06,hooks,2
2015-W06,jobs.py,2
2015-W06,macros,2
2015-W06,models.py,10
2015-W06,operators,8
2015-W06,utils.py,2
2015-W06,www,8
2015-W07,__init__.py,4
2015-W07,bin,1
2015-W07,configuration.py,4
2015-W07,example_dags,2
2015-W07,hooks,3
2015-W07,jobs.py,3
2015-W07,macros,1
2015-W07,models.py,3
2015-W07,operators,3
2015-W07,utils.py,4
2015-W07,www,5
2015-W08,__init__.py,1
2015-W08,bin,1
2015-W08,hooks,4
2015-W08,macros,1
2015-W08,models.py,4
2015-W08,operators,4
2015-W08,utils.py,1
2015-W08,www,1
2015-W09,__init__.py,4
2015-W09,bin,3
2015-W09,configuration.py,4
2015-W09,hooks,2
2015-W09,jobs.py,4
2015-W09,models.py,4
2015-W09,operators,1
2015-W09,settings.py,1
2015-W09,utils.py,1
2015-W09,www,10
2015-W10,__init__.py,2
2015-W10,example_dags,2
2015-W10,hooks,7
2015-W10,jobs.py,5
2015-W10,macros,1
2015-W10,models.py,9
2015-W10,operators,6
2015-W10,utils.py,1
2015-W10,www,5
2015-W11,__init__.py,1
2015-W11,default_login.py,1
2015-W11,hooks,4
2015-W11,models.py,4
2015-W11,operators,3
2015-W11,www,11
2015-W12,__init__.py,4
2015-W12,hooks,2
2015-W12,jobs.py,3
2015-W12,models.py,6
2015-W12,operators,5
2015-W12,utils.py,1
2015-W12,www,6
2015-W13,bin,1
2015-W13,hooks,1
2015-W13,models.py,1
2015-W13,operators,1
2015-W13,utils.py,2
2015-W13,www,5
2015-W14,__init__.py,3
2015-W14,default_login.py,1
2015-W14,example_dags,1
2015-W14,hooks,5
2015-W14,operators,4
2015-W14,settings.py,2
2015-W14,utils.py,5
2015-W14,www,3
2015-W15,__init__.py,2
2015-W15,default_login.py,1
2015-W15,hooks,3
2015-W15,models.py,3
2015-W15,operators,6
2015-W15,utils.py,1
2015-W15,www,3
2015-W16,bin,1
2015-W16,hooks,3
2015-W16,jobs.py,1
2015-W16,operators,5
2015-W16,www,8
2015-W17,bin,2
2015-W17,configuration.py,2
2015-W17,executors,2
2015-W17,hooks,4
2015-W17,jobs.py,4
2015-W17,macros,1
2015-W17,models.py,3
2015-W17,operators,10
2015-W17,utils.py,2
2015-W17,www,9
2015-W18,__init__.py,2
2015-W18,bin,4
2015-W18,configuration.py,1
2015-W18,default_login.py,1
2015-W18,example_dags,1
2015-W18,hooks,1
2015-W18,jobs.py,6
2015-W18,macros,4
2015-W18,models.py,12
2015-W18,operators,6
2015-W18,utils.py,3
2015-W18,www,13
2015-W19,bin,3
2015-W19,configuration.py,2
2015-W19,executors,1
2015-W19,hooks,2
2015-W19,jobs.py,4
2015-W19,models.py,6
2015-W19,operators,1
2015-W19,www,9
2015-W20,__init__.py,1
2015-W20,bin,2
2015-W20,configuration.py,1
2015-W20,executors,9
2015-W20,hooks,3
2015-W20,jobs.py,4
2015-W20,models.py,4
2015-W20,operators,2
2015-W20,utils.py,1
2015-W20,www,4
2015-W21,bin,4
2015-W21,configuration.py,2
2015-W21,executors,4
2015-W21,hooks,2
2015-W21,jobs.py,1
2015-W21,models.py,4
2015-W21,operators,3
2015-W21,utils.py,2
2015-W21,www,4
2015-W22,__init__.py,1
2015-W22,bin,1
2015-W22,hooks,1
2015-W22,jobs.py,2
2015-W22,models.py,4
2015-W22,operators,1
2015-W22,utils.py,1
2015-W22,www,6
2015-W23,__init__.py,3
2015-W23,bin,3
2015-W23,configuration.py,4
2015-W23,default_login.py,1
2015-W23,example_dags,2
2015-W23,executors,1
2015-W23,hooks,5
2015-W23,jobs.py,1
2015-W23,macros,1
2015-W23,models.py,3
2015-W23,operators,5
2015-W23,settings.py,1
2015-W23,utils.py,1
2015-W23,www,4
2015-W24,__init__.py,2
2015-W24,bin,3
2015-W24,configuration.py,4
2015-W24,example_dags,2
2015-W24,executors,3
2015-W24,hooks,3
2015-W24,jobs.py,4
2015-W24,macros,2
2015-W24,models.py,5
2015-W24,operators,4
2015-W24,plugins_manager.py,1
2015-W24,settings.py,2
2015-W24,utils.py,2
2015-W24,www,4
2015-W25,__init__.py,2
2015-W25,bin,2
2015-W25,configuration.py,1
2015-W25,executors,1
2015-W25,hooks,5
2015-W25,jobs.py,1
2015-W25,macros,1
2015-W25,models.py,5
2015-W25,operators,4
2015-W25,plugins_manager.py,1
2015-W25,utils.py,1
2015-W25,www,5
2015-W26,configuration.py,1
2015-W26,contrib,1
2015-W26,example_dags,3
2015-W26,hooks,6
2015-W26,jobs.py,5
2015-W26,models.py,6
2015-W26,operators,1
2015-W26,utils.py,2
2015-W26,www,13
2015-W27,__init__.py,1
2015-W27,ascii.py,1
2015-W27,bin,1
2015-W27,example_dags,1
2015-W27,hooks,4
2015-W27,jobs.py,6
2015-W27,macros,1
2015-W27,models.py,6
2015-W27,operators,5
2015-W27,utils.py,1
2015-W27,www,9
2015-W28,example_dags,1
2015-W28,hooks,1
2015-W28,jobs.py,1
2015-W28,models.py,4
2015-W28,operators,3
2015-W28,settings.py,1
2015-W28,utils.py,2
2015-W28,www,4
2015-W29,hooks,6
2015-W29,jobs.py,4
2015-W29,models.py,8
2015-W29,operators,7
2015-W29,utils.py,2
2015-W29,www,4
2015-W30,bin,2
2015-W30,configuration.py,2
2015-W30,hooks,7
2015-W30,jobs.py,1
2015-W30,models.py,10
2015-W30,operators,9
2015-W30,utils.py,2
2015-W30,www,9
2015-W31,__init__.py,3
2015-W31,example_dags,1
2015-W31,hooks,6
2015-W31,models.py,2
2015-W31,operators,7
2015-W31,plugins_manager.py,1
2015-W31,settings.py,1
2015-W31,utils.py,1
2015-W31,www,3
2015-W32,__init__.py,1
2015-W32,bin,3
2015-W32,configuration.py,3
2015-W32,example_dags,3
2015-W32,executors,5
2015-W32,hooks,12
2015-W32,jobs.py,8
2015-W32,macros,2
2015-W32,models.py,10
2015-W32,operators,15
2015-W32,plugins_manager.py,2
2015-W32,utils.py,7
2015-W32,www,16
2015-W33,configuration.py,1
2015-W33,example_dags,1
2015-W33,jobs.py,2
2015-W33,models.py,18
2015-W33,operators,4
2015-W33,utils.py,6
2015-W33,www,4
2015-W34,__init__.py,1
2015-W34,alembic.ini,1
2015-W34,bin,4
2015-W34,configuration.py,5
2015-W34,example_dags,4
2015-W34,hooks,1
2015-W34,kt_renewer.py,2
2015-W34,migrations,3
2015-W34,models.py,20
2015-W34,plugins_manager.py,1
2015-W34,security_util.py,1
2015-W34,utils.py,4
2015-W34,www,7
2015-W35,__init__.py,1
2015-W35,configuration.py,2
2015-W35,default_login.py,1
2015-W35,executors,1
2015-W35,hooks,3
2015-W35,migrations,7
2015-W35,models.py,14
2015-W35,operators,5
2015-W35,plugins_manager.py,1
2015-W35,utils.py,2
2015-W35,www,8
2015-W36,__init__.py,1
2015-W36,bin,2
2015-W36,configuration.py,5
2015-W36,example_dags,1
2015-W36,hooks,7
2015-W36,jobs.py,1
2015-W36,migrations,1
2015-W36,models.py,7
2015-W36,operators,3
2015-W36,utils.py,3
2015-W36,www,5
2015-W37,bin,3
2015-W37,configuration.py,1
2015-W37,hooks,6
2015-W37,jobs.py,2
2015-W37,models.py,3
2015-W37,operators,3
2015-W37,utils.py,4
2015-W37,www,2
2015-W38,__init__.py,1
2015-W38,bin,5
2015-W38,configuration.py,3
2015-W38,contrib,9
2015-W38,executors,2
2015-W38,hooks,19
2015-W38,jobs.py,2
2015-W38,models.py,11
2015-W38,operators,16
2015-W38,utils.py,8
2015-W38,www,4
2015-W39,bin,1
2015-W39,configuration.py,2
2015-W39,example_dags,1
2015-W39,hooks,6
2015-W39,jobs.py,2
2015-W39,models.py,2
2015-W39,operators,5
2015-W39,security,1
2015-W39,utils.py,1
2015-W39,www,10
2015-W40,bin,3
2015-W40,configuration.py,3
2015-W40,contrib,2
2015-W40,executors,1
2015-W40,jobs.py,3
2015-W40,models.py,1
2015-W40,operators,1
2015-W40,plugins_manager.py,2
2015-W40,security,3
2015-W40,www,3
2015-W41,bin,4
2015-W41,configuration.py,2
2015-W41,contrib,2
2015-W41,hooks,3
2015-W41,models.py,3
2015-W41,operators,1
2015-W41,security,2
2015-W41,www,9
2015-W42,bin,2
2015-W42,example_dags,1
2015-W42,hooks,14
2015-W42,jobs.py,2
2015-W42,migrations,3
2015-W42,models.py,7
2015-W42,operators,13
2015-W42,utils.py,4
2015-W42,www,3
2015-W43,__init__.py,3
2015-W43,bin,3
2015-W43,configuration.py,5
2015-W43,example_dags,3
2015-W43,executors,2
2015-W43,hooks,4
2015-W43,jobs.py,6
2015-W43,migrations,2
2015-W43,models.py,5
2015-W43,operators,7
2015-W43,plugins_manager.py,1
2015-W43,settings.py,3
2015-W43,utils.py,9
2015-W43,www,12
2015-W44,bin,5
2015-W44,configuration.py,1
2015-W44,contrib,1
2015-W44,executors,1
2015-W44,hooks,5
2015-W44,models.py,1
2015-W44,operators,5
2015-W44,security,1
2015-W44,www,6
2015-W45,__init__.py,6
2015-W45,ascii.py,1
2015-W45,bin,4
2015-W45,configuration.py,3
2015-W45,contrib,4
2015-W45,default_login.py,1
2015-W45,executors,2
2015-W45,hooks,7
2015-W45,jobs.py,6
2015-W45,migrations,2
2015-W45,models.py,12
2015-W45,operators,2
2015-W45,plugins_manager.py,2
2015-W45,security,1
2015-W45,settings.py,2
2015-W45,utils.py,2
2015-W45,www,16
2015-W46,__init__.py,2
2015-W46,bin,3
2015-W46,configuration.py,6
2015-W46,contrib,2
2015-W46,hooks,5
2015-W46,jobs.py,11
2015-W46,migrations,2
2015-W46,models.py,8
2015-W46,operators,1
2015-W46,utils.py,3
2015-W46,www,19
2015-W47,bin,2
2015-W47,configuration.py,4
2015-W47,contrib,5
2015-W47,executors,1
2015-W47,hooks,4
2015-W47,jobs.py,3
2015-W47,macros,1
2015-W47,models.py,8
2015-W47,operators,3
2015-W47,utils.py,2
2015-W47,www,8
2015-W48,contrib,7
2015-W48,jobs.py,2
2015-W48,models.py,1
2015-W48,operators,2
2015-W48,utils.py,1
2015-W48,www,4
2015-W49,bin,1
2015-W49,contrib,9
2015-W49,executors,2
2015-W49,hooks,4
2015-W49,jobs.py,4
2015-W49,migrations,1
2015-W49,models.py,10
2015-W49,operators,2
2015-W49,settings.py,1
2015-W49,utils.py,2
2015-W49,www,6
2015-W50,bin,3
2015-W50,configuration.py,1
2015-W50,contrib,2
2015-W50,example_dags,1
2015-W50,executors,2
2015-W50,hooks,5
2015-W50,jobs.py,4
2015-W50,migrations,1
2015-W50,models.py,5
2015-W50,operators,2
2015-W50,settings.py,4
2015-W50,utils.py,4
2015-W50,www,1
2015-W51,bin,2
2015-W51,configuration.py,1
2015-W51,jobs.py,1
2015-W51,models.py,4
2015-W51,operators,2
2015-W51,settings.py,2
2015-W51,www,2
2015-W52,configuration.py,1
2015-W52,contrib,5
2015-W52,operators,4
2015-W53,configuration.py,2
2015-W53,contrib,5
2015-W53,jobs.py,1
2015-W53,models.py,5
2015-W53,utils.py,4
2016-W01,__init__.py,1
2016-W01,bin,5
2016-W01,configuration.py,3
2016-W01,contrib,5
2016-W01,hooks,2
2016-W01,jobs.py,1
2016-W01,models.py,8
2016-W01,operators,1
2016-W01,settings.py,1
2016-W01,utils.py,1
2016-W01,www,14
2016-W02,__init__.py,1
2016-W02,bin,3
2016-W02,configuration.py,2
2016-W02,contrib,8
2016-W02,example_dags,3
2016-W02,hooks,2
2016-W02,jobs.py,5
2016-W02,migrations,1
2016-W02,models.py,8
2016-W02,operators,6
2016-W02,settings.py,1
2016-W02,utils.py,1
2016-W02,www,2
2016-W03,bin,1
2016-W03,contrib,2
2016-W03,models.py,4
2016-W03,operators,2
2016-W04,__init__.py,1
2016-W04,bin,4
2016-W04,configuration.py,3
2016-W04,contrib,4
2016-W04,example_dags,2
2016-W04,executors,2
2016-W04,hooks,1
2016-W04,jobs.py,3
2016-W04,migrations,3
2016-W04,models.py,11
2016-W04,plugins_manager.py,1
2016-W04,settings.py,4
2016-W04,utils.py,2
2016-W04,www,5
2016-W05,bin,3
2016-W05,configuration.py,1
2016-W05,contrib,4
2016-W05,hooks,1
2016-W05,jobs.py,2
2016-W05,migrations,1
2016-W05,models.py,8
2016-W05,www,6
2016-W06,contrib,9
2016-W06,hooks,1
2016-W06,models.py,4
2016-W06,operators,2
2016-W06,www,5
2016-W07,bin,2
2016-W07,configuration.py,2
2016-W07,contrib,8
2016-W07,example_dags,5
2016-W07,executors,1
2016-W07,hooks,2
2016-W07,models.py,1
2016-W07,operators,1
2016-W07,utils.py,2
2016-W07,www,1
2016-W08,__init__.py,1
2016-W08,contrib,9
2016-W08,example_dags,1
2016-W08,hooks,4
2016-W08,jobs.py,2
2016-W08,operators,2
2016-W08,www,3
2016-W09,__init__.py,1
2016-W09,bin,2
2016-W09,configuration.py,5
2016-W09,contrib,17
2016-W09,example_dags,1
2016-W09,exceptions.py,1
2016-W09,executors,1
2016-W09,hooks,9
2016-W09,jobs.py,1
2016-W09,models.py,2
2016-W09,operators,2
2016-W09,settings.py,2
2016-W09,utils,1
2016-W09,utils.py,3
2016-W09,www,6
2016-W10,bin,1
2016-W10,configuration.py,2
2016-W10,contrib,3
2016-W10,example_dags,1
2016-W10,jobs.py,1
2016-W10,models.py,2
2016-W10,www,1
2016-W11,__init__.py,1
2016-W11,bin,4
2016-W11,configuration.py,3
2016-W11,contrib,6
2016-W11,example_dags,4
2016-W11,hooks,13
2016-W11,jobs.py,1
2016-W11,minihivecluster.py,1
2016-W11,models.py,4
2016-W11,operators,3
2016-W11,security,1
2016-W11,settings.py,1
2016-W11,utils.py,5
2016-W11,www,1
2016-W12,bin,3
2016-W12,configuration.py,2
2016-W12,example_dags,1
2016-W12,executors,1
2016-W12,hooks,1
2016-W12,jobs.py,1
2016-W12,models.py,8
2016-W12,utils.py,4
2016-W13,__init__.py,1
2016-W13,bin,5
2016-W13,configuration.py,4
2016-W13,contrib,4
2016-W13,executors,3
2016-W13,hooks,8
2016-W13,jobs.py,9
2016-W13,migrations,1
2016-W13,models.py,6
2016-W13,operators,2
2016-W13,utils,10
2016-W13,www,2
2016-W14,bin,2
2016-W14,configuration.py,4
2016-W14,contrib,1
2016-W14,example_dags,5
2016-W14,exceptions.py,1
2016-W14,executors,1
2016-W14,jobs.py,8
2016-W14,models.py,5
2016-W14,operators,2
2016-W14,utils,3
2016-W14,www,2
2016-W15,bin,2
2016-W15,configuration.py,3
2016-W15,contrib,2
2016-W15,executors,1
2016-W15,hooks,1
2016-W15,jobs.py,4
2016-W15,models.py,5
2016-W15,operators,2
2016-W15,utils,3
2016-W15,www,2
2016-W16,bin,4
2016-W16,contrib,1
2016-W16,example_dags,1
2016-W16,jobs.py,1
2016-W16,models.py,1
2016-W16,www,1
2016-W17,contrib,3
2016-W17,models.py,2
2016-W17,utils,2
2016-W17,www,5
2016-W18,bin,2
2016-W18,contrib,1
2016-W18,hooks,4
2016-W18,jobs.py,3
2016-W18,models.py,5
2016-W18,utils,1
2016-W18,www,1
2016-W19,bin,3
2016-W19,configuration.py,2
2016-W19,contrib,1
2016-W19,hooks,2
2016-W19,jobs.py,2
2016-W19,models.py,4
2016-W19,operators,1
2016-W19,www,3
2016-W20,__init__.py,3
2016-W20,bin,1
2016-W20,configuration.py,1
2016-W20,contrib,4
2016-W20,default_login.py,1
2016-W20,exceptions.py,1
2016-W20,hooks,2
2016-W20,plugins_manager.py,1
2016-W20,www,5
2016-W21,bin,1
2016-W21,configuration.py,1
2016-W21,contrib,1
2016-W21,hooks,2
2016-W21,jobs.py,1
2016-W21,models.py,2
2016-W21,operators,1
2016-W21,www,2
2016-W22,bin,1
2016-W22,configuration.py,3
2016-W22,contrib,2
2016-W22,hooks,1
2016-W22,jobs.py,2
2016-W22,models.py,3
2016-W22,operators,1
2016-W22,settings.py,1
2016-W22,utils,1
2016-W22,www,2
2016-W23,bin,2
2016-W23,configuration.py,2
2016-W23,jobs.py,3
2016-W23,models.py,3
2016-W23,www,1
2016-W24,__init__.py,2
2016-W24,contrib,3
2016-W24,example_dags,2
2016-W24,hooks,3
2016-W24,jobs.py,1
2016-W24,macros,1
2016-W24,models.py,2
2016-W24,operators,2
2016-W24,plugins_manager.py,1
2016-W24,utils,2
2016-W24,www,4
2016-W25,alembic.ini,1
2016-W25,bin,2
2016-W25,contrib,2
2016-W25,example_dags,1
2016-W25,executors,2
2016-W25,hooks,2
2016-W25,macros,1
2016-W25,migrations,1
2016-W25,models.py,1
2016-W25,operators,2
2016-W25,security,1
2016-W25,utils,1
2016-W25,www,4
2016-W26,configuration.py,1
2016-W26,contrib,7
2016-W26,example_dags,1
2016-W26,hooks,5
2016-W26,jobs.py,1
2016-W26,migrations,2
2016-W26,models.py,2
2016-W26,operators,4
2016-W26,utils,4
2016-W26,www,5
2016-W27,contrib,3
2016-W27,hooks,1
2016-W27,jobs.py,1
2016-W27,models.py,3
2016-W27,operators,1
2016-W27,utils,1
2016-W27,www,1
2016-W28,bin,1
2016-W28,configuration.py,1
2016-W28,contrib,4
2016-W28,example_dags,2
2016-W28,exceptions.py,1
2016-W28,executors,1
2016-W28,hooks,2
2016-W28,jobs.py,1
2016-W28,migrations,1
2016-W28,minihivecluster.py,1
2016-W28,models.py,2
2016-W28,operators,1
2016-W28,plugins_manager.py,1
2016-W28,security,2
2016-W28,utils,2
2016-W28,www,3
2016-W29,bin,1
2016-W29,configuration.py,2
2016-W29,contrib,1
2016-W29,example_dags,1
2016-W29,hooks,1
2016-W29,macros,1
2016-W29,models.py,3
2016-W29,operators,2
2016-W29,settings.py,1
2016-W29,utils,3
2016-W29,www,1
2016-W30,bin,2
2016-W30,configuration.py,1
2016-W30,contrib,1
2016-W30,dag,1
2016-W30,executors,1
2016-W30,hooks,1
2016-W30,jobs.py,1
2016-W30,models.py,2
2016-W30,settings.py,1
2016-W30,utils,1
2016-W30,www,3
2016-W31,configuration.py,2
2016-W31,contrib,3
2016-W31,example_dags,1
2016-W31,hooks,1
2016-W31,models.py,1
2016-W31,operators,1
2016-W31,security,1
2016-W31,www,2
2016-W32,bin,3
2016-W32,configuration.py,3
2016-W32,contrib,2
2016-W32,hooks,1
2016-W32,jobs.py,3
2016-W32,migrations,1
2016-W32,models.py,7
2016-W32,operators,3
2016-W32,settings.py,1
2016-W32,utils,1
2016-W32,www,4
2016-W33,bin,2
2016-W33,contrib,3
2016-W33,jobs.py,1
2016-W33,migrations,1
2016-W33,models.py,2
2016-W33,operators,1
2016-W33,utils,1
2016-W33,www,1
2016-W34,bin,1
2016-W34,contrib,1
2016-W34,example_dags,1
2016-W34,executors,1
2016-W34,jobs.py,1
2016-W34,models.py,2
2016-W34,ti_deps,1
2016-W34,utils,1
2016-W34,www,2
2016-W35,__init__.py,1
2016-W35,contrib,2
2016-W35,hooks,1
2016-W35,operators,1
2016-W35,version.py,2
2016-W36,contrib,1
2016-W36,jobs.py,1
2016-W36,models.py,2
2016-W37,contrib,3
2016-W37,default_login.py,1
2016-W37,migrations,1
2016-W38,bin,1
2016-W38,configuration.py,1
2016-W38,jobs.py,1
2016-W39,__init__.py,1
2016-W39,configuration.py,1
2016-W39,contrib,2
2016-W39,example_dags,1
2016-W39,executors,1
2016-W39,hooks,1
2016-W39,macros,1
2016-W39,operators,2
2016-W39,plugins_manager.py,1
2016-W39,www,2
2016-W40,bin,2
2016-W40,configuration.py,1
2016-W40,contrib,4
2016-W40,jobs.py,1
2016-W40,models.py,1
2016-W40,www,4
2016-W41,hooks,1
2016-W42,contrib,2
2016-W42,operators,2
2016-W42,utils,1
2016-W43,configuration.py,1
2016-W43,contrib,3
2016-W43,example_dags,1
2016-W43,exceptions.py,1
2016-W43,jobs.py,1
2016-W43,models.py,4
2016-W43,ti_deps,1
2016-W43,www,3
2016-W44,configuration.py,1
2016-W44,contrib,1
2016-W44,hooks,3
2016-W44,jobs.py,1
2016-W44,www,2
2016-W45,contrib,2
2016-W45,models.py,1
2016-W45,www,2
2016-W46,contrib,3
2016-W46,hooks,6
2016-W46,models.py,2
2016-W46,operators,6
2016-W46,utils,3
2016-W46,www,3
2016-W47,api,1
2016-W47,bin,1
2016-W47,configuration.py,2
2016-W47,contrib,3
2016-W47,models.py,1
2016-W47,settings.py,1
2016-W47,www,3
2016-W48,contrib,1
2016-W48,migrations,1
2016-W48,models.py,3
2016-W48,ti_deps,1
2016-W49,configuration.py,1
2016-W49,example_dags,1
2016-W49,jobs.py,1
2016-W49,models.py,2
2016-W49,utils,1
2016-W49,www,2
2016-W50,bin,1
2016-W50,contrib,2
2016-W50,executors,2
2016-W50,jobs.py,5
2016-W50,migrations,1
2016-W50,models.py,1
2016-W50,settings.py,1
2016-W50,ti_deps,1
2016-W51,configuration.py,2
2016-W51,contrib,2
2016-W51,migrations,1
2016-W51,models.py,2
2016-W51,operators,3
2016-W51,utils,1
2016-W52,contrib,3
2016-W52,operators,1
2016-W52,settings.py,1
2016-W52,utils,3
2017-W01,bin,1
2017-W01,configuration.py,1
2017-W01,contrib,2
2017-W01,operators,1
2017-W01,utils,3
2017-W01,version.py,2
2017-W01,www,1
2017-W02,api,1
2017-W02,bin,1
2017-W02,configuration.py,2
2017-W02,contrib,3
2017-W02,jobs.py,2
2017-W02,models.py,5
2017-W02,ti_deps,3
2017-W02,version.py,2
2017-W02,www,3
2017-W03,bin,2
2017-W03,configuration.py,1
2017-W03,contrib,3
2017-W03,jobs.py,4
2017-W03,migrations,1
2017-W03,models.py,3
2017-W03,operators,1
2017-W03,settings.py,1
2017-W03,task_runner,2
2017-W03,utils,2
2017-W03,version.py,2
2017-W04,bin,1
2017-W04,configuration.py,1
2017-W04,contrib,1
2017-W04,hooks,1
2017-W04,jobs.py,4
2017-W04,migrations,3
2017-W04,models.py,2
2017-W04,settings.py,1
2017-W04,task_runner,1
2017-W04,utils,4
2017-W04,www,1
2017-W05,__init__.py,1
2017-W05,bin,1
2017-W05,configuration.py,2
2017-W05,contrib,1
2017-W05,hooks,1
2017-W05,jobs.py,2
2017-W05,migrations,1
2017-W05,models.py,2
2017-W05,operators,1
2017-W05,utils,1
2017-W05,version.py,2
2017-W05,www,4
2017-W06,api,1
2017-W06,bin,1
2017-W06,configuration.py,1
2017-W06,contrib,4
2017-W06,example_dags,1
2017-W06,executors,1
2017-W06,hooks,1
2017-W06,operators,3
2017-W06,plugins_manager.py,1
2017-W06,utils,2
2017-W07,api,2
2017-W07,contrib,3
2017-W07,executors,1
2017-W07,hooks,1
2017-W07,jobs.py,2
2017-W07,models.py,5
2017-W07,operators,2
2017-W07,ti_deps,1
2017-W07,utils,1
2017-W07,www,3
2017-W08,configuration.py,1
2017-W08,contrib,1
2017-W08,models.py,2
2017-W08,www,5
2017-W09,configuration.py,1
2017-W09,contrib,1
2017-W09,operators,1
2017-W09,ti_deps,1
2017-W09,utils,1
2017-W09,www,4
2017-W10,contrib,1
2017-W10,hooks,2
2017-W10,jobs.py,4
2017-W10,models.py,4
2017-W10,www,1
2017-W11,config_templates,1
2017-W11,configuration.py,4
2017-W11,hooks,1
2017-W11,models.py,4
2017-W11,operators,2
2017-W11,ti_deps,1
2017-W11,utils,2
2017-W11,www,3
2017-W12,contrib,1
2017-W12,executors,1
2017-W12,models.py,3
2017-W12,utils,1
2017-W13,config_templates,1
2017-W13,contrib,2
2017-W13,hooks,1
2017-W13,operators,2
2017-W13,security,1
2017-W13,settings.py,1
2017-W13,ti_deps,1
2017-W13,utils,1
2017-W13,www,1
2017-W14,api,1
2017-W14,bin,1
2017-W14,config_templates,1
2017-W14,contrib,4
2017-W14,dag,1
2017-W14,example_dags,1
2017-W14,exceptions.py,1
2017-W14,hooks,1
2017-W14,jobs.py,3
2017-W14,models.py,7
2017-W14,operators,2
2017-W14,ti_deps,1
2017-W14,utils,2
2017-W14,www,6
2017-W15,config_templates,1
2017-W15,contrib,1
2017-W15,jobs.py,2
2017-W15,utils,1
2017-W16,bin,1
2017-W16,contrib,3
2017-W16,hooks,1
2017-W16,jobs.py,1
2017-W16,version.py,1
2017-W16,www,1
2017-W17,contrib,1
2017-W17,jobs.py,2
2017-W17,models.py,4
2017-W17,operators,1
2017-W17,www,2
2017-W18,contrib,3
2017-W18,hooks,1
2017-W19,api,1
2017-W19,bin,1
2017-W19,contrib,9
2017-W19,executors,1
2017-W19,hooks,2
2017-W19,jobs.py,1
2017-W19,macros,1
2017-W19,models.py,3
2017-W19,operators,2
2017-W19,settings.py,1
2017-W19,www,3
2017-W20,configuration.py,1
2017-W20,contrib,3
2017-W20,hooks,1
2017-W20,models.py,1
2017-W20,utils,1
2017-W20,www,5
2017-W21,bin,1
2017-W21,utils,1
2017-W22,bin,1
2017-W22,example_dags,1
2017-W22,executors,1
2017-W22,jobs.py,1
2017-W22,models.py,1
2017-W22,operators,2
2017-W22,www,1
2017-W23,config_templates,1
2017-W23,contrib,2
2017-W23,executors,2
2017-W23,jobs.py,2
2017-W23,www,7
2017-W24,api,1
2017-W24,contrib,1
2017-W24,jobs.py,1
2017-W24,macros,1
2017-W24,models.py,1
2017-W24,operators,1
2017-W24,www,2
2017-W25,api,1
2017-W25,bin,2
2017-W25,config_templates,3
2017-W25,configuration.py,1
2017-W25,contrib,2
2017-W25,models.py,3
2017-W25,operators,1
2017-W25,settings.py,2
2017-W25,task_runner,2
2017-W25,www,1
2017-W26,__init__.py,1
2017-W26,bin,1
2017-W26,config_templates,2
2017-W26,contrib,6
2017-W26,dag_importer,1
2017-W26,executors,2
2017-W26,jobs.py,1
2017-W26,models.py,2
2017-W26,plugins_manager.py,1
2017-W26,utils,3
2017-W26,www,1
2017-W27,contrib,3
2017-W28,bin,1
2017-W28,configuration.py,1
2017-W28,contrib,5
2017-W28,hooks,1
2017-W28,jobs.py,2
2017-W28,migrations,1
2017-W28,models.py,1
2017-W28,operators,2
2017-W28,task_runner,1
2017-W28,utils,1
2017-W29,bin,4
2017-W29,config_templates,3
2017-W29,contrib,4
2017-W29,jobs.py,1
2017-W29,models.py,2
2017-W29,operators,1
2017-W29,settings.py,2
2017-W29,task_runner,2
2017-W29,utils,3
2017-W29,www,3
2017-W30,bin,2
2017-W30,contrib,2
2017-W30,example_dags,1
2017-W30,jobs.py,1
2017-W30,models.py,1
2017-W31,bin,2
2017-W31,contrib,2
2017-W31,jobs.py,1
2017-W31,models.py,3
2017-W31,operators,1
2017-W31,www,2
2017-W32,bin,1
2017-W32,config_templates,1
2017-W32,contrib,1
2017-W32,dag,1
2017-W32,migrations,1
2017-W32,models.py,2
2017-W32,settings.py,1
2017-W32,task_runner,1
2017-W32,utils,2
2017-W32,www,2
2017-W33,config_templates,2
2017-W33,contrib,5
2017-W33,hooks,1
2017-W33,migrations,3
2017-W33,models.py,3
2017-W33,operators,1
2017-W33,task_runner,1
2017-W33,ti_deps,1
2017-W33,utils,1
2017-W33,www,2
2017-W34,contrib,1
2017-W35,contrib,3
2017-W35,operators,1
2017-W36,bin,2
2017-W36,config_templates,1
2017-W36,contrib,8
2017-W36,executors,1
2017-W36,jobs.py,1
2017-W36,migrations,1
2017-W36,models.py,2
2017-W36,operators,2
2017-W36,plugins_manager.py,1
2017-W36,task_runner,1
2017-W36,utils,1
2017-W37,__init__.py,1
2017-W37,api,1
2017-W37,bin,1
2017-W37,config_templates,1
2017-W37,configuration.py,1
2017-W37,contrib,5
2017-W37,executors,1
2017-W37,hooks,1
2017-W37,jobs.py,2
2017-W37,migrations,1
2017-W37,models.py,6
2017-W37,operators,2
2017-W37,plugins_manager.py,1
2017-W37,security,1
2017-W37,settings.py,1
2017-W37,task_runner,1
2017-W37,utils,3
2017-W37,version.py,1
2017-W37,www,3
2017-W38,__init__.py,1
2017-W38,api,2
2017-W38,bin,2
2017-W38,configuration.py,1
2017-W38,contrib,5
2017-W38,example_dags,1
2017-W38,executors,1
2017-W38,hooks,2
2017-W38,jobs.py,3
2017-W38,models.py,4
2017-W38,operators,8
2017-W38,plugins_manager.py,1
2017-W38,security,1
2017-W38,settings.py,1
2017-W38,task_runner,1
2017-W38,ti_deps,1
2017-W38,utils,2
2017-W38,www,8
2017-W39,config_templates,1
2017-W39,contrib,5
2017-W39,executors,2
2017-W39,models.py,1
2017-W39,utils,3
2017-W39,www,4
2017-W40,config_templates,1
2017-W40,contrib,2
2017-W40,hooks,2
2017-W40,jobs.py,4
2017-W40,logging_config.py,1
2017-W40,models.py,2
2017-W40,operators,2
2017-W40,settings.py,1
2017-W40,ti_deps,1
2017-W40,utils,5
2017-W40,www,2
2017-W41,config_templates,1
2017-W41,contrib,4
2017-W41,www,3
2017-W42,bin,2
2017-W42,config_templates,2
2017-W42,contrib,5
2017-W42,executors,2
2017-W42,hooks,4
2017-W42,models.py,1
2017-W42,operators,1
2017-W42,utils,3
2017-W42,www,4
2017-W43,config_templates,1
2017-W43,contrib,8
2017-W43,example_dags,1
2017-W43,executors,3
2017-W43,jobs.py,2
2017-W43,logging_config.py,1
2017-W43,migrations,2
2017-W43,models.py,1
2017-W43,utils,2
2017-W44,__init__.py,1
2017-W44,api,1
2017-W44,bin,2
2017-W44,config_templates,3
2017-W44,contrib,10
2017-W44,dag_importer,1
2017-W44,default_login.py,1
2017-W44,example_dags,1
2017-W44,executors,2
2017-W44,hooks,3
2017-W44,jobs.py,5
2017-W44,migrations,1
2017-W44,models.py,4
2017-W44,operators,3
2017-W44,utils,4
2017-W44,www,2
2017-W45,bin,1
2017-W45,config_templates,1
2017-W45,contrib,2
2017-W45,hooks,2
2017-W45,jobs.py,1
2017-W45,migrations,1
2017-W45,models.py,3
2017-W45,settings.py,2
2017-W45,task_runner,1
2017-W45,utils,5
2017-W45,www,4
2017-W46,contrib,4
2017-W46,hooks,2
2017-W46,operators,2
2017-W46,utils,2
2017-W46,www,2
2017-W47,bin,2
2017-W47,config_templates,2
2017-W47,configuration.py,1
2017-W47,contrib,7
2017-W47,executors,1
2017-W47,hooks,2
2017-W47,jobs.py,2
2017-W47,migrations,1
2017-W47,minihivecluster.py,1
2017-W47,models.py,3
2017-W47,operators,1
2017-W47,security,1
2017-W47,settings.py,3
2017-W47,task_runner,1
2017-W47,utils,3
2017-W47,www,3
2017-W48,api,1
2017-W48,bin,1
2017-W48,contrib,4
2017-W48,jobs.py,2
2017-W48,models.py,1
2017-W48,operators,1
2017-W48,task_runner,1
2017-W48,ti_deps,1
2017-W48,utils,2
2017-W48,www,1
2017-W49,bin,2
2017-W49,config_templates,4
2017-W49,configuration.py,1
2017-W49,contrib,4
2017-W49,jobs.py,1
2017-W49,models.py,5
2017-W49,task_runner,1
2017-W49,utils,7
2017-W50,bin,2
2017-W50,config_templates,4
2017-W50,configuration.py,2
2017-W50,contrib,4
2017-W50,hooks,1
2017-W50,models.py,1
2017-W50,task_runner,1
2017-W51,bin,1
2017-W51,config_templates,2
2017-W51,contrib,2
2017-W51,jobs.py,4
2017-W51,models.py,2
2017-W51,task,1
2017-W51,utils,1
2017-W51,www,1
2017-W52,contrib,12
2017-W52,utils,3
2018-W01,config_templates,1
2018-W01,contrib,5
2018-W01,hooks,1
2018-W01,operators,1
2018-W02,contrib,6
2018-W02,hooks,1
2018-W02,jobs.py,2
2018-W02,models.py,1
2018-W02,operators,3
2018-W02,task,1
2018-W02,utils,4
2018-W02,www,1
2018-W03,bin,1
2018-W03,config_templates,1
2018-W03,contrib,4
2018-W03,example_dags,1
2018-W03,hooks,1
2018-W03,jobs.py,1
2018-W03,logging_config.py,1
2018-W03,models.py,4
2018-W03,operators,2
2018-W03,plugins_manager.py,1
2018-W03,sensors,1
2018-W03,utils,1
2018-W03,www,3
2018-W04,bin,1
2018-W04,contrib,10
2018-W04,example_dags,1
2018-W04,hooks,1
2018-W04,migrations,1
2018-W04,models.py,1
2018-W05,contrib,4
2018-W05,models.py,1
2018-W05,operators,1
2018-W05,utils,1
2018-W06,api,1
2018-W06,bin,3
2018-W06,contrib,18
2018-W06,executors,1
2018-W06,hooks,2
2018-W06,jobs.py,4
2018-W06,models.py,4
2018-W06,operators,3
2018-W06,security,1
2018-W06,task,1
2018-W06,ti_deps,1
2018-W06,utils,2
2018-W06,www,4
2018-W07,config_templates,1
2018-W07,contrib,2
2018-W07,example_dags,1
2018-W07,models.py,1
2018-W07,operators,1
2018-W07,www,2
2018-W08,bin,1
2018-W08,config_templates,1
2018-W08,configuration.py,1
2018-W08,contrib,6
2018-W08,hooks,2
2018-W08,jobs.py,1
2018-W08,migrations,1
2018-W08,models.py,3
2018-W08,operators,1
2018-W08,security,1
2018-W08,task,1
2018-W08,utils,2
2018-W08,www,1
2018-W09,__init__.py,1
2018-W09,contrib,7
2018-W09,hooks,1
2018-W09,models.py,3
2018-W09,operators,1
2018-W09,plugins_manager.py,1
2018-W09,sensors,1
2018-W09,utils,2
2018-W09,www,2
2018-W10,bin,1
2018-W10,config_templates,2
2018-W10,contrib,9
2018-W10,hooks,1
2018-W10,jobs.py,2
2018-W10,macros,1
2018-W10,models.py,3
2018-W10,utils,2
2018-W11,contrib,2
2018-W11,exceptions.py,1
2018-W11,executors,1
2018-W11,hooks,3
2018-W11,macros,1
2018-W11,models.py,3
2018-W11,operators,1
2018-W11,utils,4
2018-W12,bin,2
2018-W12,config_templates,2
2018-W12,configuration.py,1
2018-W12,contrib,5
2018-W12,exceptions.py,1
2018-W12,models.py,2
2018-W12,operators,2
2018-W12,settings.py,1
2018-W12,utils,1
2018-W12,www,2
2018-W12,www_rbac,1
2018-W13,bin,1
2018-W13,config_templates,1
2018-W13,contrib,5
2018-W13,hooks,1
2018-W13,models.py,3
2018-W13,operators,2
2018-W14,bin,1
2018-W14,contrib,3
2018-W14,hooks,1
2018-W14,jobs.py,1
2018-W14,models.py,1
2018-W14,settings.py,1
2018-W14,task,2
2018-W14,utils,1
2018-W14,www,1
2018-W15,__init__.py,1
2018-W15,alembic.ini,1
2018-W15,api,1
2018-W15,bin,2
2018-W15,config_templates,3
2018-W15,configuration.py,1
2018-W15,contrib,13
2018-W15,dag,1
2018-W15,default_login.py,1
2018-W15,example_dags,1
2018-W15,exceptions.py,1
2018-W15,executors,1
2018-W15,hooks,2
2018-W15,jobs.py,3
2018-W15,logging_config.py,1
2018-W15,macros,1
2018-W15,migrations,2
2018-W15,models.py,5
2018-W15,operators,4
2018-W15,plugins_manager.py,1
2018-W15,security,1
2018-W15,sensors,1
2018-W15,settings.py,1
2018-W15,task,2
2018-W15,ti_deps,1
2018-W15,utils,4
2018-W15,version.py,1
2018-W15,www,2
2018-W15,www_rbac,1
2018-W16,bin,2
2018-W16,config_templates,2
2018-W16,configuration.py,1
2018-W16,contrib,4
2018-W16,executors,2
2018-W16,hooks,3
2018-W16,models.py,2
2018-W16,operators,3
2018-W16,plugins_manager.py,1
2018-W16,security,1
2018-W16,task,1
2018-W16,utils,1
2018-W16,www,1
2018-W17,bin,2
2018-W17,config_templates,2
2018-W17,contrib,12
2018-W17,hooks,7
2018-W17,jobs.py,1
2018-W17,models.py,1
2018-W17,operators,3
2018-W17,utils,2
2018-W17,version.py,2
2018-W17,www,2
2018-W18,bin,2
2018-W18,config_templates,1
2018-W18,configuration.py,1
2018-W18,contrib,9
2018-W18,jobs.py,1
2018-W18,operators,1
2018-W18,utils,3
2018-W18,www,3
2018-W18,www_rbac,4
2018-W19,api,1
2018-W19,bin,3
2018-W19,config_templates,5
2018-W19,contrib,11
2018-W19,example_dags,1
2018-W19,hooks,2
2018-W19,jobs.py,2
2018-W19,models.py,2
2018-W19,sensors,1
2018-W19,settings.py,1
2018-W19,utils,2
2018-W19,www,3
2018-W19,www_rbac,3
2018-W20,api,1
2018-W20,bin,1
2018-W20,config_templates,1
2018-W20,configuration.py,1
2018-W20,contrib,12
2018-W20,example_dags,1
2018-W20,hooks,6
2018-W20,lineage,1
2018-W20,logging_config.py,1
2018-W20,models.py,5
2018-W20,operators,3
2018-W20,utils,5
2018-W20,version.py,1
2018-W20,www_rbac,1
2018-W21,api,1
2018-W21,bin,2
2018-W21,config_templates,1
2018-W21,contrib,4
2018-W21,dag,1
2018-W21,default_login.py,1
2018-W21,example_dags,2
2018-W21,exceptions.py,1
2018-W21,executors,2
2018-W21,hooks,5
2018-W21,jobs.py,3
2018-W21,macros,1
2018-W21,models.py,4
2018-W21,operators,2
2018-W21,utils,2
2018-W21,www,2
2018-W21,www_rbac,2
2018-W22,bin,2
2018-W22,config_templates,3
2018-W22,configuration.py,1
2018-W22,contrib,4
2018-W22,example_dags,1
2018-W22,hooks,3
2018-W22,jobs.py,3
2018-W22,macros,1
2018-W22,models.py,3
2018-W22,operators,1
2018-W22,www,5
2018-W22,www_rbac,4
2018-W23,bin,2
2018-W23,contrib,10
2018-W23,hooks,2
2018-W23,jobs.py,1
2018-W23,models.py,3
2018-W23,operators,1
2018-W23,settings.py,1
2018-W23,utils,1
2018-W24,api,2
2018-W24,bin,1
2018-W24,config_templates,1
2018-W24,contrib,7
2018-W24,hooks,5
2018-W24,jobs.py,1
2018-W24,migrations,2
2018-W24,models.py,5
2018-W24,operators,3
2018-W24,security,1
2018-W24,sensors,2
2018-W24,task,1
2018-W24,ti_deps,1
2018-W24,utils,2
2018-W24,www,3
2018-W24,www_rbac,3
2018-W25,api,1
2018-W25,bin,2
2018-W25,config_templates,1
2018-W25,contrib,6
2018-W25,exceptions.py,1
2018-W25,hooks,1
2018-W25,models.py,1
2018-W25,operators,1
2018-W25,www,2
2018-W25,www_rbac,3
2018-W26,api,1
2018-W26,bin,1
2018-W26,config_templates,2
2018-W26,configuration.py,1
2018-W26,contrib,4
2018-W26,example_dags,1
2018-W26,jobs.py,2
2018-W26,models.py,2
2018-W26,operators,2
2018-W26,utils,1
2018-W26,www,2
2018-W26,www_rbac,2
2018-W27,contrib,3
2018-W27,settings.py,1
2018-W27,www,1
2018-W27,www_rbac,1
2018-W28,api,1
2018-W28,bin,1
2018-W28,configuration.py,1
2018-W28,contrib,1
2018-W28,executors,1
2018-W28,hooks,1
2018-W28,models.py,2
2018-W28,operators,2
2018-W28,utils,2
2018-W29,api,1
2018-W29,bin,2
2018-W29,contrib,7
2018-W29,hooks,1
2018-W29,models.py,1
2018-W29,operators,1
2018-W29,settings.py,1
2018-W29,www,1
2018-W29,www_rbac,2
2018-W30,__init__.py,1
2018-W30,bin,1
2018-W30,config_templates,2
2018-W30,contrib,8
2018-W30,example_dags,1
2018-W30,executors,1
2018-W30,hooks,2
2018-W30,jobs.py,1
2018-W30,migrations,1
2018-W30,minihivecluster.py,1
2018-W30,models.py,3
2018-W30,operators,1
2018-W30,plugins_manager.py,1
2018-W30,settings.py,1
2018-W30,utils,1
2018-W30,version.py,1
2018-W30,www,3
2018-W30,www_rbac,7
2018-W31,api,1
2018-W31,config_templates,1
2018-W31,contrib,7
2018-W31,jobs.py,4
2018-W31,operators,1
2018-W31,utils,1
2018-W31,www,3
2018-W31,www_rbac,1
2018-W32,bin,3
2018-W32,config_templates,5
2018-W32,configuration.py,1
2018-W32,contrib,10
2018-W32,executors,1
2018-W32,hooks,6
2018-W32,jobs.py,2
2018-W32,macros,1
2018-W32,migrations,2
2018-W32,models.py,7
2018-W32,operators,4
2018-W32,sensors,3
2018-W32,settings.py,1
2018-W32,utils,2
2018-W32,www,2
2018-W32,www_rbac,6
2018-W33,config_templates,4
2018-W33,configuration.py,1
2018-W33,contrib,7
2018-W33,example_dags,1
2018-W33,executors,2
2018-W33,hooks,1
2018-W33,jobs.py,1
2018-W33,sensors,1
2018-W33,task,1
2018-W33,www,1
2018-W33,www_rbac,1
2018-W34,__init__.py,1
2018-W34,config_templates,1
2018-W34,contrib,5
2018-W34,default_login.py,1
2018-W34,executors,2
2018-W34,hooks,1
2018-W34,jobs.py,2
2018-W34,migrations,1
2018-W34,operators,4
2018-W34,utils,3
2018-W34,www,2
2018-W34,www_rbac,3
2018-W35,api,1
2018-W35,contrib,13
2018-W35,example_dags,1
2018-W35,executors,1
2018-W35,models.py,5
2018-W35,operators,2
2018-W35,sensors,3
2018-W35,utils,1
2018-W35,www,2
2018-W35,www_rbac,2
2018-W36,bin,1
2018-W36,configuration.py,1
2018-W36,contrib,9
2018-W36,executors,1
2018-W36,hooks,2
2018-W36,jobs.py,1
2018-W36,macros,2
2018-W36,models.py,3
2018-W36,operators,4
2018-W36,sensors,2
2018-W36,ti_deps,1
2018-W36,utils,2
2018-W36,www_rbac,1
2018-W37,__init__.py,1
2018-W37,bin,2
2018-W37,config_templates,2
2018-W37,contrib,9
2018-W37,executors,1
2018-W37,hooks,1
2018-W37,logging_config.py,1
2018-W37,models.py,2
2018-W37,operators,2
2018-W37,sensors,1
2018-W37,utils,2
2018-W38,bin,3
2018-W38,contrib,4
2018-W38,example_dags_kubernetes,1
2018-W38,exceptions.py,1
2018-W38,hooks,1
2018-W38,jobs.py,1
2018-W38,migrations,1
2018-W38,models.py,2
2018-W38,sensors,1
2018-W38,ti_deps,1
2018-W38,utils,3
2018-W38,www,3
2018-W38,www_rbac,4
2018-W39,bin,1
2018-W39,config_templates,1
2018-W39,contrib,3
2018-W39,example_dags_kubernetes,1
2018-W39,hooks,2
2018-W39,migrations,1
2018-W39,models.py,4
2018-W39,www_rbac,2
2018-W40,bin,1
2018-W40,config_templates,2
2018-W40,contrib,4
2018-W40,default_login.py,1
2018-W40,hooks,1
2018-W40,jobs.py,1
2018-W40,models.py,3
2018-W40,operators,1
2018-W40,sensors,1
2018-W40,utils,1
2018-W40,www,2
2018-W40,www_rbac,2
2018-W41,bin,3
2018-W41,configuration.py,3
2018-W41,contrib,14
2018-W41,hooks,3
2018-W41,jobs.py,3
2018-W41,migrations,2
2018-W41,models.py,3
2018-W41,operators,2
2018-W41,task,1
2018-W41,utils,4
2018-W41,www,1
2018-W41,www_rbac,1
2018-W42,bin,1
2018-W42,config_templates,1
2018-W42,contrib,8
2018-W42,models.py,2
2018-W42,operators,3
2018-W42,utils,1
2018-W42,www,1
2018-W42,www_rbac,1
2018-W43,config_templates,1
2018-W43,configuration.py,1
2018-W43,contrib,5
2018-W43,example_dags,1
2018-W43,executors,1
2018-W43,hooks,1
2018-W43,jobs.py,1
2018-W43,models.py,3
2018-W43,operators,1
2018-W43,plugins_manager.py,1
2018-W43,utils,2
2018-W43,www,2
2018-W43,www_rbac,2
2018-W44,contrib,9
2018-W44,executors,2
2018-W44,hooks,2
2018-W44,jobs.py,2
2018-W44,models.py,2
2018-W44,operators,1
2018-W44,utils,1
2018-W45,config_templates,2
2018-W45,contrib,11
2018-W45,hooks,2
2018-W45,models.py,3
2018-W45,operators,2
2018-W45,security,2
2018-W45,sensors,2
2018-W45,settings.py,1
2018-W45,utils,1
2018-W45,www,6
2018-W45,www_rbac,5
2018-W46,api,1
2018-W46,bin,1
2018-W46,config_templates,4
2018-W46,contrib,14
2018-W46,models.py,7
2018-W46,operators,3
2018-W46,www,5
2018-W46,www_rbac,6
2018-W47,__init__.py,1
2018-W47,config_templates,2
2018-W47,configuration.py,1
2018-W47,contrib,8
2018-W47,models.py,1
2018-W47,operators,3
2018-W47,sensors,1
2018-W47,ti_deps,1
2018-W47,utils,3
2018-W47,www,1
2018-W47,www_rbac,1
2018-W48,bin,1
2018-W48,contrib,9
2018-W48,executors,1
2018-W48,jobs.py,2
2018-W48,logging_config.py,1
2018-W48,migrations,1
2018-W48,models.py,3
2018-W48,settings.py,1
2018-W48,utils,3
2018-W48,www,1
2018-W48,www_rbac,1
2018-W49,api,1
2018-W49,contrib,8
2018-W49,models.py,1
2018-W49,utils,1
2018-W49,www,1
2018-W50,bin,2
2018-W50,config_templates,4
2018-W50,contrib,8
2018-W50,migrations,1
2018-W50,models.py,3
2018-W50,security,1
2018-W50,www,2
2018-W50,www_rbac,3
2018-W51,bin,1
2018-W51,configuration.py,1
2018-W51,contrib,5
2018-W51,example_dags,1
2018-W51,executors,1
2018-W51,hooks,2
2018-W51,jobs.py,1
2018-W51,models,1
2018-W51,sensors,1
2018-W51,utils,2
2018-W51,www,1
2018-W51,www_rbac,1
2018-W52,api,1
2018-W52,bin,2
2018-W52,contrib,5
2018-W52,jobs.py,2
2018-W52,migrations,3
2018-W52,models,4
2018-W52,operators,2
2018-W52,utils,3
2018-W52,www,2
2018-W52,www_rbac,2
2019-W01,api,2
2019-W01,bin,1
2019-W01,config_templates,3
2019-W01,contrib,17
2019-W01,example_dags,1
2019-W01,hooks,2
2019-W01,migrations,1
2019-W01,models,3
2019-W01,operators,6
2019-W01,plugins_manager.py,1
2019-W01,utils,1
2019-W01,version.py,1
2019-W01,www,7
2019-W01,www_rbac,9
2019-W02,api,2
2019-W02,bin,2
2019-W02,config_templates,3
2019-W02,contrib,15
2019-W02,example_dags,1
2019-W02,hooks,2
2019-W02,jobs.py,3
2019-W02,lineage,1
2019-W02,migrations,2
2019-W02,models,5
2019-W02,operators,4
2019-W02,plugins_manager.py,1
2019-W02,security,1
2019-W02,sensors,1
2019-W02,settings.py,2
2019-W02,ti_deps,1
2019-W02,utils,7
2019-W02,www,12
2019-W02,www_rbac,11
2019-W03,_vendor,2
2019-W03,bin,1
2019-W03,config_templates,3
2019-W03,configuration.py,1
2019-W03,contrib,9
2019-W03,hooks,2
2019-W03,models,2
2019-W03,sensors,3
2019-W03,settings.py,1
2019-W03,utils,1
2019-W03,www,5
2019-W03,www_rbac,2
2019-W04,bin,3
2019-W04,config_templates,1
2019-W04,contrib,12
2019-W04,hooks,2
2019-W04,migrations,1
2019-W04,models,5
2019-W04,operators,2
2019-W04,sensors,1
2019-W04,task,1
2019-W04,ti_deps,1
2019-W04,utils,3
2019-W04,www,5
2019-W05,api,1
2019-W05,bin,2
2019-W05,config_templates,2
2019-W05,configuration.py,1
2019-W05,contrib,4
2019-W05,hooks,1
2019-W05,jobs.py,3
2019-W05,models,5
2019-W05,plugins_manager.py,1
2019-W05,sensors,1
2019-W05,settings.py,1
2019-W05,ti_deps,1
2019-W05,utils,1
2019-W05,www,5
2019-W06,bin,4
2019-W06,configuration.py,1
2019-W06,contrib,7
2019-W06,dag,1
2019-W06,example_dags,1
2019-W06,exceptions.py,1
2019-W06,executors,1
2019-W06,hooks,2
2019-W06,jobs.py,1
2019-W06,macros,1
2019-W06,models,4
2019-W06,operators,4
2019-W06,plugins_manager.py,1
2019-W06,sensors,2
2019-W06,settings.py,2
2019-W06,ti_deps,1
2019-W06,utils,2
2019-W06,www,4
2019-W07,bin,1
2019-W07,configuration.py,2
2019-W07,contrib,13
2019-W07,example_dags,1
2019-W07,executors,2
2019-W07,jobs.py,1
2019-W07,models,5
2019-W07,operators,2
2019-W07,sensors,1
2019-W07,www,8
2019-W08,__init__.py,1
2019-W08,api,1
2019-W08,bin,1
2019-W08,config_templates,2
2019-W08,configuration.py,1
2019-W08,contrib,8
2019-W08,executors,1
2019-W08,hooks,2
2019-W08,jobs.py,4
2019-W08,models,6
2019-W08,operators,2
2019-W08,sensors,1
2019-W08,utils,3
2019-W08,www,5
2019-W09,config_templates,2
2019-W09,contrib,5
2019-W09,hooks,1
2019-W09,jobs.py,2
2019-W09,lineage,1
2019-W09,migrations,1
2019-W09,models,4
2019-W09,operators,3
2019-W09,task,1
2019-W09,ti_deps,1
2019-W09,utils,2
2019-W09,www,6
2019-W10,__init__.py,1
2019-W10,bin,1
2019-W10,config_templates,3
2019-W10,configuration.py,3
2019-W10,contrib,14
2019-W10,default_login.py,1
2019-W10,executors,1
2019-W10,hooks,2
2019-W10,jobs.py,1
2019-W10,migrations,2
2019-W10,models,4
2019-W10,operators,3
2019-W10,security,1
2019-W10,sensors,1
2019-W10,utils,4
2019-W10,www,14
2019-W11,__init__.py,1
2019-W11,api,1
2019-W11,bin,3
2019-W11,config_templates,2
2019-W11,contrib,9
2019-W11,executors,1
2019-W11,hooks,1
2019-W11,jobs.py,1
2019-W11,lineage,1
2019-W11,models,3
2019-W11,operators,1
2019-W11,plugins_manager.py,1
2019-W11,sensors,2
2019-W11,task,1
2019-W11,utils,3
2019-W11,www,7
2019-W12,bin,1
2019-W12,config_templates,1
2019-W12,contrib,11
2019-W12,example_dags,2
2019-W12,exceptions.py,2
2019-W12,executors,1
2019-W12,jobs.py,4
2019-W12,models,6
2019-W12,plugins_manager.py,1
2019-W12,settings.py,1
2019-W12,stats.py,1
2019-W12,utils,4
2019-W12,www,3
2019-W13,__init__.py,1
2019-W13,bin,2
2019-W13,config_templates,1
2019-W13,configuration.py,1
2019-W13,contrib,13
2019-W13,hooks,3
2019-W13,jobs.py,3
2019-W13,lineage,1
2019-W13,logging_config.py,1
2019-W13,models,2
2019-W13,operators,2
2019-W13,plugins_manager.py,1
2019-W13,settings.py,1
2019-W13,stats.py,1
2019-W13,utils,3
2019-W13,www,3
2019-W14,bin,3
2019-W14,config_templates,3
2019-W14,configuration.py,1
2019-W14,contrib,9
2019-W14,example_dags,1
2019-W14,hooks,1
2019-W14,jobs.py,3
2019-W14,models,4
2019-W14,operators,2
2019-W14,ti_deps,1
2019-W14,utils,5
2019-W14,www,4
2019-W15,api,1
2019-W15,bin,2
2019-W15,contrib,10
2019-W15,executors,1
2019-W15,hooks,4
2019-W15,jobs.py,4
2019-W15,lineage,1
2019-W15,migrations,2
2019-W15,models,3
2019-W15,operators,2
2019-W15,sensors,1
2019-W15,settings.py,1
2019-W15,ti_deps,1
2019-W15,utils,1
2019-W15,www,3
2019-W16,config_templates,1
2019-W16,contrib,18
2019-W16,exceptions.py,1
2019-W16,executors,1
2019-W16,hooks,1
2019-W16,jobs.py,2
2019-W16,models,1
2019-W16,utils,2
2019-W16,www,3
2019-W17,_vendor,3
2019-W17,api,1
2019-W17,bin,1
2019-W17,configuration.py,3
2019-W17,contrib,15
2019-W17,dag,2
2019-W17,example_dags,1
2019-W17,executors,3
2019-W17,hooks,4
2019-W17,jobs.py,4
2019-W17,lineage,1
2019-W17,macros,1
2019-W17,migrations,1
2019-W17,models,3
2019-W17,operators,2
2019-W17,plugins_manager.py,2
2019-W17,sensors,1
2019-W17,settings.py,1
2019-W17,task,2
2019-W17,ti_deps,1
2019-W17,utils,5
2019-W17,www,8
2019-W18,_vendor,1
2019-W18,bin,1
2019-W18,config_templates,3
2019-W18,contrib,11
2019-W18,dag,1
2019-W18,example_dags,1
2019-W18,executors,1
2019-W18,hooks,2
2019-W18,jobs.py,2
2019-W18,models,5
2019-W18,operators,1
2019-W18,utils,5
2019-W18,www,5
2019-W19,__init__.py,1
2019-W19,api,1
2019-W19,bin,1
2019-W19,config_templates,1
2019-W19,configuration.py,1
2019-W19,contrib,8
2019-W19,dag,1
2019-W19,exceptions.py,1
2019-W19,executors,2
2019-W19,hooks,2
2019-W19,jobs.py,3
2019-W19,kubernetes,1
2019-W19,lineage,2
2019-W19,models,4
2019-W19,operators,2
2019-W19,plugins_manager.py,1
2019-W19,sensors,1
2019-W19,settings.py,1
2019-W19,stats.py,1
2019-W19,task,1
2019-W19,ti_deps,1
2019-W19,utils,3
2019-W19,www,7
2019-W20,config_templates,1
2019-W20,configuration.py,1
2019-W20,contrib,4
2019-W20,example_dags,1
2019-W20,hooks,4
2019-W20,jobs,1
2019-W20,migrations,1
2019-W20,models,3
2019-W20,operators,1
2019-W20,task,1
2019-W20,utils,2
2019-W20,www,2
2019-W21,api,1
2019-W21,bin,1
2019-W21,config_templates,1
2019-W21,configuration.py,1
2019-W21,contrib,7
2019-W21,example_dags,1
2019-W21,hooks,3
2019-W21,jobs,1
2019-W21,kubernetes,2
2019-W21,models,4
2019-W21,operators,2
2019-W21,www,5
2019-W22,__init__.py,1
2019-W22,bin,1
2019-W22,configuration.py,1
2019-W22,contrib,2
2019-W22,example_dags,1
2019-W22,executors,2
2019-W22,hooks,2
2019-W22,jobs,1
2019-W22,macros,1
2019-W22,models,1
2019-W22,operators,2
2019-W22,sensors,1
2019-W22,utils,2
2019-W22,www,2
2019-W23,bin,1
2019-W23,config_templates,1
2019-W23,configuration.py,1
2019-W23,contrib,2
2019-W23,dag,1
2019-W23,example_dags,1
2019-W23,executors,1
2019-W23,hooks,1
2019-W23,kubernetes,1
2019-W23,models,1
2019-W23,operators,1
2019-W23,settings.py,4
2019-W23,utils,2
2019-W23,version.py,1
2019-W23,www,4
2019-W24,api,2
2019-W24,bin,1
2019-W24,contrib,5
2019-W24,kubernetes,2
2019-W24,migrations,1
2019-W24,models,5
2019-W24,utils,1
2019-W24,www,3
2019-W25,api,2
2019-W25,bin,2
2019-W25,config_templates,1
2019-W25,configuration.py,1
2019-W25,contrib,18
2019-W25,exceptions.py,1
2019-W25,executors,2
2019-W25,hooks,1
2019-W25,jobs,3
2019-W25,kubernetes,4
2019-W25,migrations,1
2019-W25,models,6
2019-W25,operators,4
2019-W25,plugins_manager.py,1
2019-W25,security,1
2019-W25,sensors,1
2019-W25,settings.py,1
2019-W25,utils,4
2019-W25,www,6
2019-W26,config_templates,4
2019-W26,configuration.py,1
2019-W26,contrib,9
2019-W26,example_dags,1
2019-W26,executors,2
2019-W26,jobs,1
2019-W26,kubernetes,1
2019-W26,models,3
2019-W26,operators,1
2019-W26,utils,2
2019-W26,www,2
2019-W27,contrib,2
2019-W27,executors,2
2019-W27,jobs,1
2019-W27,models,4
2019-W27,utils,3
2019-W27,www,3
2019-W28,api,1
2019-W28,bin,3
2019-W28,configuration.py,1
2019-W28,contrib,11
2019-W28,example_dags,1
2019-W28,executors,1
2019-W28,hooks,3
2019-W28,lineage,1
2019-W28,migrations,1
2019-W28,models,2
2019-W28,operators,1
2019-W28,security,1
2019-W28,sensors,1
2019-W28,stats.py,1
2019-W28,ti_deps,1
2019-W28,utils,3
2019-W28,www,9
2019-W29,bin,1
2019-W29,config_templates,2
2019-W29,contrib,5
2019-W29,example_dags,1
2019-W29,jobs,1
2019-W29,migrations,1
2019-W29,models,4
2019-W29,operators,1
2019-W29,plugins_manager.py,1
2019-W29,utils,1
2019-W29,www,2
2019-W30,config_templates,1
2019-W30,configuration.py,1
2019-W30,contrib,6
2019-W30,executors,3
2019-W30,hooks,1
2019-W30,jobs,2
2019-W30,kubernetes,3
2019-W30,models,3
2019-W30,operators,2
2019-W30,sensors,1
2019-W30,utils,2
2019-W30,www,1
2019-W31,bin,1
2019-W31,config_templates,1
2019-W31,configuration.py,1
2019-W31,contrib,10
2019-W31,example_dags,1
2019-W31,executors,3
2019-W31,hooks,3
2019-W31,jobs,3
2019-W31,kubernetes,1
2019-W31,lineage,1
2019-W31,models,4
2019-W31,operators,4
2019-W31,utils,3
2019-W31,www,3
2019-W32,config_templates,1
2019-W32,configuration.py,1
2019-W32,contrib,19
2019-W32,dag,1
2019-W32,hooks,1
2019-W32,jobs,3
2019-W32,kubernetes,1
2019-W32,models,5
2019-W32,operators,2
2019-W32,utils,4
2019-W32,www,2
2019-W33,__init__.py,1
2019-W33,_vendor,1
2019-W33,api,1
2019-W33,bin,2
2019-W33,config_templates,2
2019-W33,contrib,33
2019-W33,example_dags,1
2019-W33,executors,1
2019-W33,gcp,12
2019-W33,hooks,3
2019-W33,jobs,1
2019-W33,models,4
2019-W33,operators,1
2019-W33,security,1
2019-W33,settings.py,1
2019-W33,ti_deps,1
2019-W33,utils,3
2019-W33,www,4
2019-W34,api,2
2019-W34,bin,1
2019-W34,config_templates,3
2019-W34,configuration.py,1
2019-W34,contrib,19
2019-W34,example_dags,1
2019-W34,executors,2
2019-W34,gcp,15
2019-W34,hooks,2
2019-W34,jobs,3
2019-W34,kubernetes,1
2019-W34,migrations,1
2019-W34,models,8
2019-W34,operators,3
2019-W34,sensors,1
2019-W34,ti_deps,1
2019-W34,typing.py,1
2019-W34,utils,5
2019-W34,www,7
2019-W35,__init__.py,1
2019-W35,api,1
2019-W35,bin,2
2019-W35,config_templates,1
2019-W35,configuration.py,1
2019-W35,contrib,14
2019-W35,dag,1
2019-W35,example_dags,2
2019-W35,executors,1
2019-W35,gcp,13
2019-W35,hooks,2
2019-W35,jobs,1
2019-W35,kubernetes,1
2019-W35,lineage,1
2019-W35,macros,1
2019-W35,migrations,1
2019-W35,models,4
2019-W35,operators,3
2019-W35,plugins_manager.py,1
2019-W35,security,1
2019-W35,sensors,2
2019-W35,sentry.py,1
2019-W35,settings.py,1
2019-W35,stats.py,1
2019-W35,task,1
2019-W35,utils,3
2019-W35,www,7
2019-W36,api,1
2019-W36,bin,1
2019-W36,config_templates,2
2019-W36,configuration.py,1
2019-W36,contrib,22
2019-W36,example_dags,2
2019-W36,executors,2
2019-W36,gcp,13
2019-W36,hooks,1
2019-W36,jobs,1
2019-W36,kubernetes,1
2019-W36,lineage,1
2019-W36,logging_config.py,1
2019-W36,migrations,1
2019-W36,models,2
2019-W36,operators,3
2019-W36,security,1
2019-W36,sensors,1
2019-W36,settings.py,2
2019-W36,stats.py,1
2019-W36,task,1
2019-W36,utils,2
2019-W36,www,2
2019-W37,api,1
2019-W37,bin,1
2019-W37,contrib,7
2019-W37,example_dags,1
2019-W37,gcp,15
2019-W37,kubernetes,2
2019-W37,macros,1
2019-W37,models,4
2019-W37,operators,4
2019-W37,sensors,1
2019-W37,utils,4
2019-W37,www,2
2019-W38,__init__.py,1
2019-W38,api,3
2019-W38,config_templates,4
2019-W38,contrib,14
2019-W38,example_dags,1
2019-W38,exceptions.py,1
2019-W38,executors,2
2019-W38,gcp,14
2019-W38,hooks,2
2019-W38,jobs,1
2019-W38,kubernetes,2
2019-W38,lineage,1
2019-W38,migrations,1
2019-W38,models,4
2019-W38,operators,4
2019-W38,security,1
2019-W38,sensors,1
2019-W38,settings.py,1
2019-W38,utils,4
2019-W38,www,1
2019-W39,api,1
2019-W39,config_templates,3
2019-W39,contrib,3
2019-W39,gcp,2
2019-W39,jobs,2
2019-W39,models,3
2019-W39,operators,1
2019-W39,sentry.py,1
2019-W39,stats.py,1
2019-W39,utils,3
2019-W40,bin,1
2019-W40,contrib,2
2019-W40,hooks,1
2019-W40,migrations,2
2019-W40,models,1
2019-W40,operators,1
2019-W40,utils,1
2019-W40,www,4
2019-W41,bin,2
2019-W41,configuration.py,1
2019-W41,contrib,3
2019-W41,executors,1
2019-W41,gcp,11
2019-W41,jobs,2
2019-W41,models,2
2019-W41,operators,1
2019-W41,provider,1
2019-W41,task,1
2019-W41,www,2
2019-W42,api,1
2019-W42,bin,1
2019-W42,config_templates,1
2019-W42,configuration.py,1
2019-W42,contrib,5
2019-W42,executors,2
2019-W42,gcp,4
2019-W42,hooks,3
2019-W42,jobs,2
2019-W42,kubernetes,3
2019-W42,lineage,1
2019-W42,migrations,2
2019-W42,models,4
2019-W42,operators,3
2019-W42,plugins_manager.py,1
2019-W42,providers,1
2019-W42,sentry.py,1
2019-W42,task,1
2019-W42,ti_deps,1
2019-W42,utils,4
2019-W42,www,2
2019-W43,api,1
2019-W43,config_templates,3
2019-W43,contrib,8
2019-W43,dag,1
2019-W43,example_dags,2
2019-W43,gcp,8
2019-W43,hooks,1
2019-W43,jobs,2
2019-W43,migrations,4
2019-W43,models,5
2019-W43,operators,5
2019-W43,providers,3
2019-W43,sensors,1
2019-W43,serialization,1
2019-W43,settings.py,1
2019-W43,utils,3
2019-W43,www,2
2019-W44,bin,2
2019-W44,config_templates,2
2019-W44,contrib,10
2019-W44,example_dags,2
2019-W44,gcp,5
2019-W44,hooks,5
2019-W44,providers,4
2019-W44,sensors,1
2019-W44,settings.py,1
2019-W44,utils,1
2019-W44,www,3
2019-W45,__init__.py,1
2019-W45,bin,1
2019-W45,contrib,11
2019-W45,example_dags,1
2019-W45,executors,1
2019-W45,gcp,5
2019-W45,hooks,2
2019-W45,jobs,2
2019-W45,lineage,1
2019-W45,macros,1
2019-W45,migrations,1
2019-W45,models,4
2019-W45,operators,6
2019-W45,providers,4
2019-W45,sensors,5
2019-W45,task,1
2019-W45,utils,4
2019-W45,www,1
2019-W46,api,1
2019-W46,contrib,9
2019-W46,exceptions.py,1
2019-W46,gcp,9
2019-W46,hooks,4
2019-W46,jobs,1
2019-W46,kubernetes,2
2019-W46,models,4
2019-W46,operators,3
2019-W46,providers,4
2019-W46,serialization,1
2019-W46,task,1
2019-W46,ti_deps,1
2019-W46,typing_compat.py,1
2019-W46,utils,1
2019-W46,www,1
2019-W47,__init__.py,1
2019-W47,api,3
2019-W47,bin,1
2019-W47,cli,5
2019-W47,configuration.py,2
2019-W47,contrib,8
2019-W47,example_dags,1
2019-W47,executors,2
2019-W47,gcp,1
2019-W47,hooks,1
2019-W47,jobs,3
2019-W47,kubernetes,2
2019-W47,migrations,2
2019-W47,models,6
2019-W47,operators,2
2019-W47,providers,4
2019-W47,sensors,1
2019-W47,serialization,1
2019-W47,settings.py,1
2019-W47,utils,4
2019-W47,www,2
2019-W48,__init__.py,2
2019-W48,api,1
2019-W48,bin,1
2019-W48,cli,2
2019-W48,config_templates,1
2019-W48,configuration.py,1
2019-W48,contrib,7
2019-W48,executors,1
2019-W48,gcp,5
2019-W48,hooks,1
2019-W48,jobs,2
2019-W48,lineage,2
2019-W48,macros,1
2019-W48,models,6
2019-W48,operators,6
2019-W48,providers,3
2019-W48,sensors,2
2019-W48,serialization,1
2019-W48,settings.py,1
2019-W48,task,2
2019-W48,utils,2
2019-W48,www,6
2019-W49,__init__.py,2
2019-W49,bin,1
2019-W49,cli,3
2019-W49,config_templates,1
2019-W49,configuration.py,1
2019-W49,contrib,4
2019-W49,executors,1
2019-W49,gcp,2
2019-W49,hooks,2
2019-W49,jobs,3
2019-W49,kubernetes,2
2019-W49,macros,2
2019-W49,models,5
2019-W49,operators,2
2019-W49,plugins_manager.py,2
2019-W49,sensors,2
2019-W49,serialization,3
2019-W49,settings.py,1
2019-W49,task,1
2019-W49,utils,8
2019-W49,www,3
2019-W50,alembic.ini,1
2019-W50,api,1
2019-W50,bin,1
2019-W50,cli,2
2019-W50,config_templates,2
2019-W50,configuration.py,1
2019-W50,contrib,11
2019-W50,example_dags,1
2019-W50,executors,4
2019-W50,gcp,9
2019-W50,hooks,2
2019-W50,jobs,4
2019-W50,kubernetes,1
2019-W50,migrations,4
2019-W50,models,9
2019-W50,operators,3
2019-W50,plugins_manager.py,1
2019-W50,providers,5
2019-W50,sensors,1
2019-W50,serialization,1
2019-W50,task,1
2019-W50,ti_deps,1
2019-W50,utils,6
2019-W50,www,6
2019-W51,bin,3
2019-W51,cli,2
2019-W51,config_templates,1
2019-W51,configuration.py,3
2019-W51,contrib,12
2019-W51,example_dags,2
2019-W51,executors,1
2019-W51,gcp,9
2019-W51,hooks,3
2019-W51,kubernetes,3
2019-W51,migrations,1
2019-W51,models,2
2019-W51,operators,3
2019-W51,providers,3
2019-W51,settings.py,1
2019-W51,utils,4
2019-W51,www,4
2019-W52,_vendor,1
2019-W52,api,1
2019-W52,bin,4
2019-W52,cli,7
2019-W52,config_templates,7
2019-W52,configuration.py,1
2019-W52,contrib,6
2019-W52,executors,5
2019-W52,gcp,3
2019-W52,hooks,1
2019-W52,jobs,2
2019-W52,logging_config.py,1
2019-W52,migrations,2
2019-W52,models,6
2019-W52,operators,2
2019-W52,plugins_manager.py,1
2019-W52,providers,2
2019-W52,sensors,1
2019-W52,sentry.py,1
2019-W52,settings.py,1
2019-W52,ti_deps,1
2019-W52,utils,8
2019-W52,www,7
2020-W01,cli,4
2020-W01,config_templates,3
2020-W01,configuration.py,2
2020-W01,contrib,12
2020-W01,example_dags,3
2020-W01,gcp,7
2020-W01,hooks,2
2020-W01,jobs,2
2020-W01,lineage,1
2020-W01,models,4
2020-W01,operators,3
2020-W01,providers,3
2020-W01,serialization,1
2020-W01,task,1
2020-W01,utils,5
2020-W01,www,1
2020-W02,api,1
2020-W02,bin,1
2020-W02,cli,3
2020-W02,config_templates,9
2020-W02,contrib,11
2020-W02,example_dags,3
2020-W02,executors,3
2020-W02,gcp,4
2020-W02,hooks,1
2020-W02,jobs,2
2020-W02,kubernetes,4
2020-W02,macros,1
2020-W02,migrations,1
2020-W02,models,6
2020-W02,operators,2
2020-W02,providers,4
2020-W02,sensors,3
2020-W02,serialization,2
2020-W02,task,1
2020-W02,ti_deps,1
2020-W02,utils,5
2020-W02,www,6
2020-W03,api,1
2020-W03,bin,2
2020-W03,cli,3
2020-W03,config_templates,1
2020-W03,contrib,9
2020-W03,example_dags,2
2020-W03,gcp,9
2020-W03,hooks,2
2020-W03,jobs,4
2020-W03,migrations,3
2020-W03,models,9
2020-W03,operators,6
2020-W03,plugins_manager.py,1
2020-W03,providers,8
2020-W03,sensors,3
2020-W03,serialization,1
2020-W03,ti_deps,4
2020-W03,utils,6
2020-W03,www,1
2020-W04,api,1
2020-W04,bin,2
2020-W04,cli,2
2020-W04,config_templates,3
2020-W04,contrib,4
2020-W04,example_dags,3
2020-W04,gcp,4
2020-W04,hooks,1
2020-W04,jobs,1
2020-W04,lineage,1
2020-W04,models,2
2020-W04,operators,5
2020-W04,providers,5
2020-W04,sensors,1
2020-W04,ti_deps,1
2020-W04,utils,1
2020-W04,www,1
2020-W05,__init__.py,1
2020-W05,api,2
2020-W05,bin,1
2020-W05,cli,3
2020-W05,config_templates,5
2020-W05,configuration.py,1
2020-W05,contrib,10
2020-W05,dag,1
2020-W05,example_dags,6
2020-W05,exceptions.py,1
2020-W05,executors,4
2020-W05,gcp,4
2020-W05,hooks,4
2020-W05,jobs,1
2020-W05,lineage,2
2020-W05,logging_config.py,1
2020-W05,macros,1
2020-W05,migrations,1
2020-W05,models,11
2020-W05,operators,8
2020-W05,plugins_manager.py,5
2020-W05,providers,20
2020-W05,security,2
2020-W05,sensors,3
2020-W05,sentry.py,2
2020-W05,serialization,4
2020-W05,stats.py,1
2020-W05,task,1
2020-W05,ti_deps,1
2020-W05,utils,7
2020-W05,version.py,1
2020-W05,www,9
2020-W06,api,2
2020-W06,config_templates,2
2020-W06,contrib,2
2020-W06,kubernetes,1
2020-W06,plugins_manager.py,1
2020-W06,providers,10
2020-W06,stats.py,1
2020-W06,utils,2
2020-W06,www,6
2020-W07,bin,1
2020-W07,cli,2
2020-W07,config_templates,3
2020-W07,example_dags,1
2020-W07,executors,1
2020-W07,jobs,3
2020-W07,kubernetes,1
2020-W07,models,4
2020-W07,providers,7
2020-W07,stats.py,1
2020-W07,utils,5
2020-W07,www,2
2020-W08,__init__.py,1
2020-W08,api,2
2020-W08,cli,2
2020-W08,config_templates,2
2020-W08,configuration.py,2
2020-W08,contrib,2
2020-W08,example_dags,2
2020-W08,executors,2
2020-W08,jobs,3
2020-W08,models,14
2020-W08,providers,17
2020-W08,serialization,2
2020-W08,task,1
2020-W08,ti_deps,2
2020-W08,typing_compat.py,1
2020-W08,utils,4
2020-W08,www,7
2020-W09,__init__.py,2
2020-W09,api,1
2020-W09,bin,2
2020-W09,cli,4
2020-W09,config_templates,1
2020-W09,dag,1
2020-W09,example_dags,2
2020-W09,executors,2
2020-W09,jobs,15
2020-W09,kubernetes,4
2020-W09,models,12
2020-W09,operators,1
2020-W09,providers,15
2020-W09,settings.py,3
2020-W09,stats.py,1
2020-W09,task,3
2020-W09,ti_deps,1
2020-W09,utils,10
2020-W09,www,4
2020-W10,cli,1
2020-W10,config_templates,1
2020-W10,executors,1
2020-W10,jobs,1
2020-W10,models,2
2020-W10,providers,9
2020-W10,serialization,1
2020-W10,utils,4
2020-W11,__init__.py,1
2020-W11,api,3
2020-W11,config_templates,5
2020-W11,contrib,1
2020-W11,example_dags,1
2020-W11,exceptions.py,1
2020-W11,hooks,1
2020-W11,jobs,4
2020-W11,migrations,4
2020-W11,models,10
2020-W11,plugins_manager.py,1
2020-W11,providers,17
2020-W11,secrets,1
2020-W11,serialization,3
2020-W11,stats.py,1
2020-W11,ti_deps,1
2020-W11,utils,5
2020-W11,www,9
2020-W12,__main__.py,1
2020-W12,bin,5
2020-W12,cli,3
2020-W12,config_templates,2
2020-W12,example_dags,1
2020-W12,executors,2
2020-W12,hooks,1
2020-W12,jobs,1
2020-W12,models,5
2020-W12,operators,1
2020-W12,plugins_manager.py,1
2020-W12,providers,24
2020-W12,secrets,4
2020-W12,sensors,1
2020-W12,serialization,1
2020-W12,settings.py,1
2020-W12,task,1
2020-W12,utils,6
2020-W12,www,4
2020-W13,cli,2
2020-W13,config_templates,1
2020-W13,configuration.py,1
2020-W13,example_dags,1
2020-W13,exceptions.py,1
2020-W13,executors,2
2020-W13,hooks,1
2020-W13,jobs,4
2020-W13,models,5
2020-W13,operators,2
2020-W13,providers,38
2020-W13,secrets,5
2020-W13,serialization,1
2020-W13,ti_deps,1
2020-W13,utils,4
2020-W13,www,6
2020-W14,api,1
2020-W14,cli,4
2020-W14,config_templates,4
2020-W14,contrib,4
2020-W14,executors,1
2020-W14,hooks,1
2020-W14,jobs,3
2020-W14,models,8
2020-W14,operators,2
2020-W14,providers,17
2020-W14,secrets,1
2020-W14,serialization,1
2020-W14,task,1
2020-W14,ti_deps,1
2020-W14,utils,6
2020-W14,www,11
2020-W15,cli,1
2020-W15,config_templates,2
2020-W15,contrib,1
2020-W15,exceptions.py,1
2020-W15,executors,3
2020-W15,jobs,3
2020-W15,kubernetes,3
2020-W15,logging_config.py,1
2020-W15,migrations,1
2020-W15,models,7
2020-W15,providers,5
2020-W15,serialization,1
2020-W15,stats.py,1
2020-W15,task,1
2020-W15,typing_compat.py,1
2020-W15,utils,2
2020-W15,www,13
2020-W16,api,1
2020-W16,cli,9
2020-W16,config_templates,4
2020-W16,contrib,1
2020-W16,executors,1
2020-W16,jobs,1
2020-W16,migrations,1
2020-W16,models,5
2020-W16,mypy,1
2020-W16,providers,13
2020-W16,security,1
2020-W16,ti_deps,2
2020-W16,utils,6
2020-W16,www,4
2020-W17,cli,5
2020-W17,executors,1
2020-W17,hooks,1
2020-W17,providers,14
2020-W17,utils,1
2020-W17,www,3
2020-W18,cli,1
2020-W18,config_templates,3
2020-W18,configuration.py,2
2020-W18,example_dags,1
2020-W18,exceptions.py,1
2020-W18,executors,1
2020-W18,hooks,1
2020-W18,jobs,2
2020-W18,kubernetes,1
2020-W18,models,3
2020-W18,providers,13
2020-W18,secrets,2
2020-W18,settings.py,1
2020-W18,stats.py,1
2020-W18,task,1
2020-W18,utils,6
2020-W18,www,5
2020-W19,cli,1
2020-W19,config_templates,1
2020-W19,configuration.py,1
2020-W19,example_dags,1
2020-W19,jobs,2
2020-W19,models,4
2020-W19,operators,1
2020-W19,plugins_manager.py,2
2020-W19,providers,16
2020-W19,sensors,1
2020-W19,serialization,3
2020-W19,utils,2
2020-W19,www,2
2020-W20,api,1
2020-W20,contrib,1
2020-W20,example_dags,1
2020-W20,exceptions.py,1
2020-W20,executors,3
2020-W20,jobs,5
2020-W20,kubernetes,1
2020-W20,models,4
2020-W20,providers,21
2020-W20,secrets,1
2020-W20,utils,6
2020-W20,www,2
2020-W21,cli,1
2020-W21,config_templates,1
2020-W21,hooks,1
2020-W21,jobs,2
2020-W21,macros,1
2020-W21,migrations,1
2020-W21,models,1
2020-W21,operators,1
2020-W21,providers,9
2020-W21,sensors,4
2020-W21,sentry.py,1
2020-W21,task,1
2020-W21,www,4
2020-W22,cli,1
2020-W22,config_templates,1
2020-W22,contrib,1
2020-W22,executors,3
2020-W22,jobs,3
2020-W22,models,2
2020-W22,operators,1
2020-W22,plugins_manager.py,1
2020-W22,providers,12
2020-W22,www,4
2020-W23,__init__.py,1
2020-W23,_vendor,1
2020-W23,api,2
2020-W23,api_connexion,1
2020-W23,cli,3
2020-W23,config_templates,3
2020-W23,executors,1
2020-W23,jobs,1
2020-W23,kubernetes,2
2020-W23,migrations,1
2020-W23,models,2
2020-W23,operators,2
2020-W23,plugins_manager.py,1
2020-W23,providers,9
2020-W23,ti_deps,1
2020-W23,utils,1
2020-W23,www,5
2020-W24,api_connexion,1
2020-W24,cli,1
2020-W24,config_templates,1
2020-W24,configuration.py,1
2020-W24,contrib,2
2020-W24,example_dags,1
2020-W24,executors,2
2020-W24,jobs,1
2020-W24,migrations,2
2020-W24,models,8
2020-W24,operators,2
2020-W24,providers,8
2020-W24,serialization,1
2020-W24,settings.py,5
2020-W24,ti_deps,2
2020-W24,utils,5
2020-W24,www,6
2020-W25,api,1
2020-W25,api_connexion,13
2020-W25,cli,3
2020-W25,config_templates,2
2020-W25,configuration.py,3
2020-W25,contrib,6
2020-W25,example_dags,2
2020-W25,executors,4
2020-W25,kubernetes,1
2020-W25,lineage,1
2020-W25,logging_config.py,1
2020-W25,migrations,4
2020-W25,models,15
2020-W25,operators,5
2020-W25,plugins_manager.py,1
2020-W25,providers,22
2020-W25,secrets,1
2020-W25,security,1
2020-W25,serialization,2
2020-W25,settings.py,1
2020-W25,stats.py,3
2020-W25,utils,10
2020-W25,www,18
2020-W26,api_connexion,8
2020-W26,cli,1
2020-W26,configuration.py,1
2020-W26,contrib,4
2020-W26,decorators.py,1
2020-W26,executors,2
2020-W26,hooks,1
2020-W26,jobs,3
2020-W26,models,6
2020-W26,operators,1
2020-W26,providers,9
2020-W26,secrets,1
2020-W26,sensors,2
2020-W26,settings.py,1
2020-W26,task,1
2020-W26,ti_deps,1
2020-W26,utils,3
2020-W26,www,10
2020-W27,api_connexion,5
2020-W27,cli,5
2020-W27,config_templates,7
2020-W27,contrib,1
2020-W27,exceptions.py,1
2020-W27,jobs,1
2020-W27,kubernetes,1
2020-W27,lineage,1
2020-W27,logging_config.py,1
2020-W27,models,7
2020-W27,operators,2
2020-W27,plugins_manager.py,1
2020-W27,providers,8
2020-W27,sensors,1
2020-W27,serialization,1
2020-W27,settings.py,2
2020-W27,utils,7
2020-W27,www,4
2020-W28,api_connexion,5
2020-W28,cli,1
2020-W28,config_templates,4
2020-W28,configuration.py,1
2020-W28,example_dags,1
2020-W28,executors,2
2020-W28,hooks,1
2020-W28,jobs,4
2020-W28,kubernetes,2
2020-W28,migrations,2
2020-W28,models,4
2020-W28,operators,1
2020-W28,plugins_manager.py,1
2020-W28,providers,15
2020-W28,secrets,2
2020-W28,security,1
2020-W28,sentry.py,2
2020-W28,settings.py,2
2020-W28,task,1
2020-W28,ti_deps,2
2020-W28,typing_compat.py,1
2020-W28,utils,4
2020-W28,www,2
2020-W29,api,4
2020-W29,api_connexion,5
2020-W29,cli,1
2020-W29,executors,1
2020-W29,hooks,2
2020-W29,jobs,2
2020-W29,lineage,1
2020-W29,migrations,1
2020-W29,models,10
2020-W29,operators,3
2020-W29,providers,18
2020-W29,py.typed,1
2020-W29,sensors,2
2020-W29,settings.py,1
2020-W29,stats.py,2
2020-W29,ti_deps,1
2020-W29,utils,6
2020-W29,www,4
2020-W30,api,1
2020-W30,api_connexion,2
2020-W30,cli,3
2020-W30,config_templates,3
2020-W30,configuration.py,1
2020-W30,contrib,1
2020-W30,example_dags,3
2020-W30,migrations,1
2020-W30,models,6
2020-W30,operators,3
2020-W30,plugins_manager.py,1
2020-W30,providers,24
2020-W30,sensors,3
2020-W30,settings.py,1
2020-W30,utils,4
2020-W30,www,2
2020-W31,cli,1
2020-W31,config_templates,1
2020-W31,example_dags,1
2020-W31,exceptions.py,1
2020-W31,executors,1
2020-W31,jobs,1
2020-W31,migrations,1
2020-W31,models,1
2020-W31,operators,2
2020-W31,providers,15
2020-W31,secrets,1
2020-W31,sensors,1
2020-W31,utils,2
2020-W31,www,1
2020-W32,api_connexion,2
2020-W32,cli,6
2020-W32,config_templates,1
2020-W32,jobs,2
2020-W32,models,7
2020-W32,operators,2
2020-W32,providers,22
2020-W32,secrets,1
2020-W32,sensors,4
2020-W32,sentry.py,1
2020-W32,utils,1
2020-W32,www,1
2020-W33,api_connexion,1
2020-W33,cli,2
2020-W33,config_templates,2
2020-W33,exceptions.py,1
2020-W33,executors,2
2020-W33,hooks,1
2020-W33,kubernetes,1
2020-W33,macros,1
2020-W33,migrations,1
2020-W33,models,5
2020-W33,operators,1
2020-W33,providers,12
2020-W33,secrets,1
2020-W33,ti_deps,1
2020-W33,utils,2
2020-W33,www,2
2020-W34,api,1
2020-W34,api_connexion,2
2020-W34,config_templates,2
2020-W34,executors,2
2020-W34,jobs,1
2020-W34,kubernetes,2
2020-W34,macros,1
2020-W34,models,4
2020-W34,providers,14
2020-W34,stats.py,1
2020-W34,utils,1
2020-W34,www,3
2020-W35,api,2
2020-W35,api_connexion,8
2020-W35,cli,2
2020-W35,config_templates,3
2020-W35,configuration.py,2
2020-W35,executors,2
2020-W35,hooks,1
2020-W35,kubernetes,1
2020-W35,models,6
2020-W35,operators,1
2020-W35,plugins_manager.py,1
2020-W35,providers,21
2020-W35,secrets,1
2020-W35,sensors,2
2020-W35,serialization,1
2020-W35,settings.py,1
2020-W35,stats.py,1
2020-W35,utils,3
2020-W35,www,9
2020-W36,api_connexion,2
2020-W36,cli,4
2020-W36,jobs,2
2020-W36,models,2
2020-W36,providers,10
2020-W36,secrets,1
2020-W36,utils,3
2020-W36,www,3
2020-W37,api_connexion,1
2020-W37,cli,2
2020-W37,config_templates,1
2020-W37,example_dags,1
2020-W37,exceptions.py,1
2020-W37,executors,1
2020-W37,jobs,4
2020-W37,kubernetes,3
2020-W37,macros,1
2020-W37,migrations,2
2020-W37,models,4
2020-W37,operators,1
2020-W37,providers,16
2020-W37,sensors,1
2020-W37,serialization,2
2020-W37,smart_sensor_dags,1
2020-W37,utils,1
2020-W37,www,3
2020-W38,cli,1
2020-W38,config_templates,3
2020-W38,example_dags,4
2020-W38,executors,5
2020-W38,jobs,1
2020-W38,kubernetes,3
2020-W38,kubernetes_executor_templates,1
2020-W38,migrations,1
2020-W38,models,6
2020-W38,providers,15
2020-W38,sensors,1
2020-W38,serialization,3
2020-W38,utils,6
2020-W38,www,9
2020-W39,api,2
2020-W39,api_connexion,3
2020-W39,cli,2
2020-W39,configuration.py,1
2020-W39,contrib,1
2020-W39,dag,1
2020-W39,example_dags,1
2020-W39,exceptions.py,1
2020-W39,executors,3
2020-W39,hooks,2
2020-W39,jobs,2
2020-W39,kubernetes,2
2020-W39,lineage,1
2020-W39,macros,1
2020-W39,migrations,2
2020-W39,models,8
2020-W39,mypy,1
2020-W39,operators,4
2020-W39,plugins_manager.py,1
2020-W39,providers,14
2020-W39,sensors,1
2020-W39,serialization,2
2020-W39,settings.py,1
2020-W39,stats.py,1
2020-W39,task,1
2020-W39,ti_deps,2
2020-W39,utils,2
2020-W39,www,9
2020-W40,cli,1
2020-W40,config_templates,2
2020-W40,example_dags,1
2020-W40,executors,2
2020-W40,jobs,3
2020-W40,kubernetes,1
2020-W40,migrations,2
2020-W40,models,3
2020-W40,operators,1
2020-W40,providers,9
2020-W40,serialization,1
2020-W40,utils,2
2020-W40,www,4
2020-W41,api,1
2020-W41,cli,1
2020-W41,config_templates,5
2020-W41,configuration.py,1
2020-W41,contrib,1
2020-W41,example_dags,1
2020-W41,executors,4
2020-W41,jobs,5
2020-W41,kubernetes,2
2020-W41,migrations,1
2020-W41,models,4
2020-W41,operators,1
2020-W41,providers,23
2020-W41,settings.py,2
2020-W41,stats.py,1
2020-W41,task,1
2020-W41,ti_deps,1
2020-W41,utils,3
2020-W41,www,4
2020-W42,__init__.py,1
2020-W42,api,4
2020-W42,api_connexion,5
2020-W42,cli,3
2020-W42,config_templates,3
2020-W42,example_dags,2
2020-W42,executors,4
2020-W42,jobs,5
2020-W42,kubernetes,2
2020-W42,migrations,4
2020-W42,models,6
2020-W42,operators,7
2020-W42,plugins_manager.py,1
2020-W42,providers,14
2020-W42,secrets,1
2020-W42,security,2
2020-W42,sensors,3
2020-W42,serialization,3
2020-W42,settings.py,2
2020-W42,task,1
2020-W42,ti_deps,2
2020-W42,utils,6
2020-W42,version.py,1
2020-W42,www,16
2020-W43,api,2
2020-W43,api_connexion,5
2020-W43,cli,9
2020-W43,config_templates,2
2020-W43,configuration.py,2
2020-W43,contrib,1
2020-W43,dag,1
2020-W43,example_dags,2
2020-W43,executors,3
2020-W43,hooks,1
2020-W43,jobs,6
2020-W43,kubernetes,3
2020-W43,kubernetes_executor_templates,1
2020-W43,lineage,1
2020-W43,migrations,1
2020-W43,models,7
2020-W43,operators,3
2020-W43,plugins_manager.py,2
2020-W43,providers,26
2020-W43,secrets,1
2020-W43,sensors,2
2020-W43,sentry.py,1
2020-W43,serialization,1
2020-W43,settings.py,1
2020-W43,smart_sensor_dags,1
2020-W43,task,1
2020-W43,ti_deps,2
2020-W43,utils,5
2020-W43,www,17
2020-W44,__init__.py,1
2020-W44,api,1
2020-W44,api_connexion,4
2020-W44,cli,3
2020-W44,config_templates,7
2020-W44,decorators.py,1
2020-W44,example_dags,1
2020-W44,exceptions.py,1
2020-W44,executors,3
2020-W44,hooks,2
2020-W44,jobs,1
2020-W44,migrations,2
2020-W44,models,6
2020-W44,operators,3
2020-W44,providers,15
2020-W44,security,1
2020-W44,sensors,3
2020-W44,serialization,1
2020-W44,settings.py,1
2020-W44,stats.py,1
2020-W44,utils,5
2020-W44,version.py,1
2020-W44,www,10
2020-W45,__init__.py,1
2020-W45,api,2
2020-W45,api_connexion,3
2020-W45,cli,12
2020-W45,config_templates,4
2020-W45,configuration.py,3
2020-W45,contrib,2
2020-W45,example_dags,5
2020-W45,executors,7
2020-W45,hooks,2
2020-W45,jobs,6
2020-W45,kubernetes,3
2020-W45,lineage,1
2020-W45,logging_config.py,1
2020-W45,macros,1
2020-W45,migrations,1
2020-W45,models,6
2020-W45,operators,3
2020-W45,plugins_manager.py,3
2020-W45,providers,23
2020-W45,secrets,1
2020-W45,security,2
2020-W45,sensors,3
2020-W45,sentry.py,1
2020-W45,serialization,2
2020-W45,settings.py,1
2020-W45,smart_sensor_dags,1
2020-W45,stats.py,1
2020-W45,task,3
2020-W45,ti_deps,3
2020-W45,typing_compat.py,1
2020-W45,utils,6
2020-W45,www,14
2020-W46,api_connexion,6
2020-W46,cli,5
2020-W46,config_templates,3
2020-W46,configuration.py,3
2020-W46,dag,1
2020-W46,example_dags,1
2020-W46,executors,4
2020-W46,jobs,3
2020-W46,kubernetes,2
2020-W46,migrations,4
2020-W46,models,10
2020-W46,operators,5
2020-W46,providers,22
2020-W46,sensors,2
2020-W46,settings.py,5
2020-W46,stats.py,1
2020-W46,utils,3
2020-W46,version.py,2
2020-W46,www,11
2020-W47,api_connexion,5
2020-W47,cli,4
2020-W47,config_templates,1
2020-W47,configuration.py,1
2020-W47,example_dags,1
2020-W47,kubernetes,1
2020-W47,migrations,4
2020-W47,models,3
2020-W47,operators,1
2020-W47,plugins_manager.py,1
2020-W47,provider.yaml.schema.json,2
2020-W47,providers,22
2020-W47,providers_manager.py,2
2020-W47,settings.py,2
2020-W47,utils,3
2020-W47,version.py,1
2020-W47,www,13
2020-W48,cli,7
2020-W48,config_templates,3
2020-W48,configuration.py,1
2020-W48,contrib,1
2020-W48,hooks,1
2020-W48,jobs,2
2020-W48,kubernetes,1
2020-W48,migrations,3
2020-W48,models,8
2020-W48,plugins_manager.py,3
2020-W48,provider.yaml.schema.json,2
2020-W48,providers,11
2020-W48,providers_manager.py,3
2020-W48,secrets,2
2020-W48,sensors,2
2020-W48,serialization,1
2020-W48,settings.py,1
2020-W48,stats.py,1
2020-W48,utils,4
2020-W48,www,4
2020-W49,api_connexion,1
2020-W49,cli,7
2020-W49,config_templates,4
2020-W49,configuration.py,3
2020-W49,hooks,1
2020-W49,jobs,2
2020-W49,migrations,1
2020-W49,models,10
2020-W49,operators,2
2020-W49,provider.yaml.schema.json,1
2020-W49,providers,7
2020-W49,providers_manager.py,1
2020-W49,secrets,1
2020-W49,sensors,2
2020-W49,serialization,4
2020-W49,settings.py,1
2020-W49,utils,5
2020-W49,version.py,2
2020-W49,www,5
2020-W50,__init__.py,1
2020-W50,api,1
2020-W50,api_connexion,2
2020-W50,cli,5
2020-W50,config_templates,3
2020-W50,configuration.py,1
2020-W50,contrib,1
2020-W50,customized_form_field_behaviours.schema.json,1
2020-W50,example_dags,5
2020-W50,exceptions.py,1
2020-W50,executors,2
2020-W50,hooks,3
2020-W50,jobs,1
2020-W50,kubernetes,2
2020-W50,lineage,1
2020-W50,migrations,5
2020-W50,models,8
2020-W50,operators,7
2020-W50,plugins_manager.py,3
2020-W50,providers,7
2020-W50,providers_manager.py,1
2020-W50,security,1
2020-W50,sensors,3
2020-W50,serialization,4
2020-W50,settings.py,1
2020-W50,smart_sensor_dags,1
2020-W50,utils,4
2020-W50,version.py,1
2020-W50,www,13
2020-W51,api_connexion,3
2020-W51,cli,3
2020-W51,config_templates,4
2020-W51,executors,2
2020-W51,jobs,1
2020-W51,models,2
2020-W51,provider.yaml.schema.json,1
2020-W51,providers,12
2020-W51,providers_manager.py,1
2020-W51,sentry.py,1
2020-W51,task,1
2020-W51,utils,1
2020-W51,www,4
2020-W52,api,1
2020-W52,cli,2
2020-W52,configuration.py,1
2020-W52,example_dags,1
2020-W52,executors,2
2020-W52,jobs,2
2020-W52,migrations,1
2020-W52,providers,14
2020-W52,providers_manager.py,1
2020-W52,utils,2
2020-W52,www,4
2020-W53,api_connexion,2
2020-W53,cli,1
2020-W53,models,1
2020-W53,providers,14
2020-W53,utils,1
2020-W53,www,3
2021-W01,api_connexion,2
2021-W01,configuration.py,1
2021-W01,customized_form_field_behaviours.schema.json,2
2021-W01,deprecated_schemas,1
2021-W01,migrations,2
2021-W01,models,3
2021-W01,plugins_manager.py,1
2021-W01,provider.yaml.schema.json,1
2021-W01,providers,13
2021-W01,providers_manager.py,1
2021-W01,utils,2
2021-W01,www,3
2021-W02,api_connexion,2
2021-W02,cli,1
2021-W02,config_templates,5
2021-W02,deprecated_schemas,1
2021-W02,example_dags,1
2021-W02,jobs,2
2021-W02,kubernetes,1
2021-W02,models,1
2021-W02,provider.yaml.schema.json,1
2021-W02,provider_info.schema.json,1
2021-W02,providers,11
2021-W02,providers_manager.py,1
2021-W02,serialization,1
2021-W02,utils,2
2021-W02,www,6
2021-W03,api,1
2021-W03,api_connexion,3
2021-W03,cli,4
2021-W03,configuration.py,2
2021-W03,example_dags,2
2021-W03,executors,2
2021-W03,hooks,1
2021-W03,jobs,2
2021-W03,kubernetes,1
2021-W03,models,2
2021-W03,operators,2
2021-W03,providers,18
2021-W03,providers_manager.py,1
2021-W03,security,1
2021-W03,sensors,1
2021-W03,task,1
2021-W03,utils,4
2021-W03,www,2
2021-W04,api_connexion,2
2021-W04,cli,4
2021-W04,config_templates,2
2021-W04,configuration.py,1
2021-W04,executors,1
2021-W04,jobs,2
2021-W04,kubernetes,1
2021-W04,migrations,2
2021-W04,models,6
2021-W04,operators,2
2021-W04,providers,12
2021-W04,serialization,1
2021-W04,ti_deps,1
2021-W04,utils,4
2021-W04,www,6
2021-W05,api_connexion,2
2021-W05,configuration.py,1
2021-W05,example_dags,2
2021-W05,executors,1
2021-W05,jobs,6
2021-W05,migrations,2
2021-W05,models,5
2021-W05,operators,3
2021-W05,provider.yaml.schema.json,1
2021-W05,provider_info.schema.json,1
2021-W05,providers,15
2021-W05,serialization,1
2021-W05,settings.py,2
2021-W05,utils,5
2021-W05,www,9
2021-W06,api_connexion,1
2021-W06,configuration.py,1
2021-W06,contrib,1
2021-W06,example_dags,1
2021-W06,hooks,1
2021-W06,migrations,2
2021-W06,models,1
2021-W06,operators,1
2021-W06,providers,14
2021-W06,utils,1
2021-W06,www,4
2021-W07,config_templates,1
2021-W07,executors,1
2021-W07,kubernetes,1
2021-W07,models,1
2021-W07,operators,1
2021-W07,providers,5
2021-W07,security,1
2021-W07,serialization,1
2021-W07,stats.py,1
2021-W07,utils,1
2021-W07,www,7
2021-W08,api_connexion,1
2021-W08,cli,5
2021-W08,config_templates,1
2021-W08,configuration.py,1
2021-W08,example_dags,2
2021-W08,executors,2
2021-W08,jobs,1
2021-W08,kubernetes,1
2021-W08,migrations,2
2021-W08,models,7
2021-W08,operators,1
2021-W08,plugins_manager.py,1
2021-W08,providers,13
2021-W08,serialization,1
2021-W08,settings.py,1
2021-W08,stats.py,1
2021-W08,ti_deps,1
2021-W08,utils,3
2021-W08,www,6
2021-W09,api_connexion,4
2021-W09,cli,4
2021-W09,configuration.py,1
2021-W09,executors,1
2021-W09,jobs,2
2021-W09,kubernetes,3
2021-W09,migrations,1
2021-W09,models,3
2021-W09,operators,1
2021-W09,providers,16
2021-W09,providers_manager.py,1
2021-W09,secrets,1
2021-W09,utils,4
2021-W09,www,11
2021-W10,api_connexion,1
2021-W10,cli,1
2021-W10,config_templates,1
2021-W10,configuration.py,1
2021-W10,decorators,1
2021-W10,example_dags,2
2021-W10,executors,1
2021-W10,models,1
2021-W10,operators,3
2021-W10,providers,8
2021-W10,ui,1
2021-W10,utils,1
2021-W10,www,7
2021-W11,api_connexion,3
2021-W11,cli,2
2021-W11,executors,1
2021-W11,models,1
2021-W11,providers,6
2021-W11,providers_manager.py,2
2021-W11,security,1
2021-W11,sentry.py,1
2021-W11,serialization,1
2021-W11,ui,3
2021-W11,utils,1
2021-W11,www,1
2021-W12,__init__.py,1
2021-W12,cli,1
2021-W12,config_templates,3
2021-W12,executors,2
2021-W12,kubernetes,1
2021-W12,migrations,1
2021-W12,models,2
2021-W12,operators,1
2021-W12,providers,10
2021-W12,sensors,1
2021-W12,ui,7
2021-W12,www,1
2021-W13,api_connexion,1
2021-W13,cli,3
2021-W13,config_templates,3
2021-W13,configuration.py,2
2021-W13,contrib,2
2021-W13,decorators,1
2021-W13,example_dags,3
2021-W13,executors,1
2021-W13,hooks,1
2021-W13,jobs,2
2021-W13,kubernetes,1
2021-W13,lineage,1
2021-W13,models,2
2021-W13,operators,2
2021-W13,providers,6
2021-W13,security,1
2021-W13,stats.py,1
2021-W13,task,1
2021-W13,ui,3
2021-W13,utils,7
2021-W13,www,8
2021-W14,api_connexion,4
2021-W14,cli,3
2021-W14,decorators,1
2021-W14,example_dags,4
2021-W14,executors,4
2021-W14,jobs,2
2021-W14,kubernetes,1
2021-W14,kubernetes_executor_templates,1
2021-W14,migrations,1
2021-W14,models,6
2021-W14,operators,1
2021-W14,plugins_manager.py,1
2021-W14,providers,15
2021-W14,security,1
2021-W14,sensors,2
2021-W14,serialization,2
2021-W14,task,2
2021-W14,utils,6
2021-W14,www,9
2021-W15,api_connexion,1
2021-W15,config_templates,2
2021-W15,contrib,1
2021-W15,hooks,2
2021-W15,kubernetes,2
2021-W15,migrations,2
2021-W15,models,2
2021-W15,operators,1
2021-W15,providers,13
2021-W15,security,1
2021-W15,sensors,1
2021-W15,serialization,1
2021-W15,utils,2
2021-W15,www,5
2021-W16,cli,1
2021-W16,config_templates,2
2021-W16,executors,1
2021-W16,jobs,2
2021-W16,kubernetes,4
2021-W16,models,6
2021-W16,providers,8
2021-W16,security,1
2021-W16,sensors,1
2021-W16,utils,2
2021-W16,www,4
2021-W17,cli,2
2021-W17,config_templates,1
2021-W17,example_dags,1
2021-W17,executors,2
2021-W17,hooks,1
2021-W17,kubernetes,2
2021-W17,models,6
2021-W17,operators,1
2021-W17,plugins_manager.py,1
2021-W17,provider.yaml.schema.json,1
2021-W17,providers,15
2021-W17,security,2
2021-W17,sensors,2
2021-W17,task,1
2021-W17,utils,3
2021-W17,www,2
2021-W18,api_connexion,1
2021-W18,cli,1
2021-W18,config_templates,2
2021-W18,configuration.py,1
2021-W18,contrib,1
2021-W18,decorators,1
2021-W18,example_dags,2
2021-W18,exceptions.py,1
2021-W18,hooks,1
2021-W18,jobs,1
2021-W18,kubernetes,2
2021-W18,models,6
2021-W18,operators,2
2021-W18,providers,15
2021-W18,security,2
2021-W18,sensors,2
2021-W18,serialization,3
2021-W18,settings.py,3
2021-W18,ti_deps,1
2021-W18,typing_compat.py,1
2021-W18,ui,1
2021-W18,utils,5
2021-W18,www,6
2021-W19,api,1
2021-W19,api_connexion,1
2021-W19,config_templates,2
2021-W19,decorators,1
2021-W19,jobs,1
2021-W19,kubernetes,1
2021-W19,models,5
2021-W19,operators,3
2021-W19,providers,11
2021-W19,serialization,2
2021-W19,ui,2
2021-W19,utils,2
2021-W19,www,9
2021-W20,_vendor,1
2021-W20,api,1
2021-W20,api_connexion,2
2021-W20,cli,4
2021-W20,config_templates,1
2021-W20,configuration.py,2
2021-W20,decorators,1
2021-W20,example_dags,1
2021-W20,executors,1
2021-W20,hooks,1
2021-W20,jobs,2
2021-W20,kubernetes,2
2021-W20,logging_config.py,1
2021-W20,models,2
2021-W20,operators,1
2021-W20,providers,12
2021-W20,stats.py,1
2021-W20,templates.py,1
2021-W20,ui,1
2021-W20,utils,3
2021-W20,www,7
2021-W21,api_connexion,3
2021-W21,cli,2
2021-W21,compat,1
2021-W21,configuration.py,2
2021-W21,decorators,1
2021-W21,executors,1
2021-W21,hooks,1
2021-W21,jobs,2
2021-W21,kubernetes,1
2021-W21,migrations,1
2021-W21,models,9
2021-W21,operators,2
2021-W21,providers,8
2021-W21,providers_manager.py,1
2021-W21,secrets,1
2021-W21,sensors,4
2021-W21,ui,1
2021-W21,utils,7
2021-W21,www,12
2021-W22,cli,1
2021-W22,config_templates,2
2021-W22,jobs,2
2021-W22,models,3
2021-W22,providers,9
2021-W22,sensors,1
2021-W22,serialization,1
2021-W22,www,5
2021-W23,api_connexion,2
2021-W23,cli,2
2021-W23,config_templates,2
2021-W23,example_dags,1
2021-W23,jobs,1
2021-W23,migrations,2
2021-W23,models,10
2021-W23,providers,12
2021-W23,security,1
2021-W23,utils,4
2021-W23,www,11
2021-W24,api_connexion,4
2021-W24,cli,3
2021-W24,config_templates,3
2021-W24,configuration.py,2
2021-W24,deprecated_schemas,1
2021-W24,exceptions.py,1
2021-W24,jobs,3
2021-W24,migrations,2
2021-W24,models,6
2021-W24,provider.yaml.schema.json,1
2021-W24,providers,22
2021-W24,serialization,1
2021-W24,smart_sensor_dags,1
2021-W24,task,1
2021-W24,ti_deps,1
2021-W24,utils,3
2021-W24,www,8
2021-W25,__init__.py,1
2021-W25,api_connexion,1
2021-W25,cli,1
2021-W25,dag_processing,1
2021-W25,executors,3
2021-W25,hooks,3
2021-W25,jobs,1
2021-W25,models,7
2021-W25,provider.yaml.schema.json,1
2021-W25,providers,12
2021-W25,sensors,1
2021-W25,typing_compat.py,1
2021-W25,utils,6
2021-W25,www,3
2021-W26,__init__.py,1
2021-W26,api,2
2021-W26,api_connexion,2
2021-W26,cli,2
2021-W26,compat,2
2021-W26,configuration.py,1
2021-W26,contrib,1
2021-W26,dag_processing,3
2021-W26,decorators,1
2021-W26,example_dags,1
2021-W26,exceptions.py,1
2021-W26,executors,1
2021-W26,hooks,1
2021-W26,jobs,4
2021-W26,kubernetes,1
2021-W26,lineage,1
2021-W26,logging_config.py,1
2021-W26,migrations,1
2021-W26,models,8
2021-W26,mypy,1
2021-W26,operators,1
2021-W26,plugins_manager.py,1
2021-W26,providers,8
2021-W26,providers_manager.py,1
2021-W26,secrets,1
2021-W26,security,1
2021-W26,sensors,1
2021-W26,sentry.py,1
2021-W26,serialization,1
2021-W26,settings.py,1
2021-W26,stats.py,1
2021-W26,task,1
2021-W26,ti_deps,2
2021-W26,timetables,2
2021-W26,typing_compat.py,1
2021-W26,utils,5
2021-W26,www,6
2021-W27,api_connexion,1
2021-W27,config_templates,1
2021-W27,configuration.py,1
2021-W27,dag_processing,1
2021-W27,jobs,3
2021-W27,migrations,1
2021-W27,models,6
2021-W27,providers,9
2021-W27,serialization,1
2021-W27,typing_compat.py,1
2021-W27,utils,3
2021-W27,www,4
2021-W28,dag_processing,1
2021-W28,jobs,1
2021-W28,migrations,1
2021-W28,models,1
2021-W28,providers,11
2021-W28,sensors,2
2021-W28,ui,1
2021-W28,utils,2
2021-W28,www,1
2021-W29,api_connexion,1
2021-W29,cli,1
2021-W29,contrib,1
2021-W29,dag_processing,1
2021-W29,kubernetes,1
2021-W29,models,6
2021-W29,operators,3
2021-W29,providers,19
2021-W29,providers_manager.py,1
2021-W29,utils,7
2021-W29,www,5
2021-W30,__init__.py,1
2021-W30,cli,3
2021-W30,config_templates,1
2021-W30,configuration.py,1
2021-W30,executors,1
2021-W30,jobs,4
2021-W30,models,3
2021-W30,operators,1
2021-W30,providers,20
2021-W30,providers_manager.py,1
2021-W30,settings.py,1
2021-W30,ti_deps,1
2021-W30,utils,2
2021-W30,www,3
2021-W31,hooks,1
2021-W31,jobs,2
2021-W31,models,3
2021-W31,operators,1
2021-W31,provider.yaml.schema.json,1
2021-W31,providers,14
2021-W31,serialization,1
2021-W31,utils,4
2021-W31,www,4
2021-W32,api,2
2021-W32,api_connexion,2
2021-W32,cli,1
2021-W32,compat,1
2021-W32,config_templates,2
2021-W32,configuration.py,1
2021-W32,exceptions.py,1
2021-W32,executors,1
2021-W32,hooks,1
2021-W32,jobs,3
2021-W32,macros,1
2021-W32,migrations,2
2021-W32,models,4
2021-W32,operators,1
2021-W32,providers,9
2021-W32,sensors,1
2021-W32,settings.py,1
2021-W32,templates.py,1
2021-W32,timetables,1
2021-W32,triggers,3
2021-W32,utils,7
2021-W32,www,6
2021-W33,api,2
2021-W33,api_connexion,4
2021-W33,cli,4
2021-W33,config_templates,2
2021-W33,dag_processing,1
2021-W33,example_dags,1
2021-W33,hooks,1
2021-W33,jobs,2
2021-W33,kubernetes,1
2021-W33,migrations,1
2021-W33,models,9
2021-W33,provider.yaml.schema.json,2
2021-W33,provider_info.schema.json,2
2021-W33,providers,13
2021-W33,providers_manager.py,2
2021-W33,sensors,3
2021-W33,settings.py,1
2021-W33,ti_deps,2
2021-W33,timetables,1
2021-W33,triggers,2
2021-W33,utils,2
2021-W33,www,8
2021-W34,__init__.py,1
2021-W34,api_connexion,1
2021-W34,cli,2
2021-W34,config_templates,1
2021-W34,configuration.py,1
2021-W34,dag_processing,2
2021-W34,jobs,1
2021-W34,migrations,1
2021-W34,models,4
2021-W34,operators,1
2021-W34,providers,8
2021-W34,utils,1
2021-W34,www,6
2021-W35,api,1
2021-W35,api_connexion,3
2021-W35,config_templates,4
2021-W35,configuration.py,1
2021-W35,example_dags,2
2021-W35,exceptions.py,1
2021-W35,executors,1
2021-W35,hooks,1
2021-W35,jobs,2
2021-W35,models,2
2021-W35,operators,2
2021-W35,plugins_manager.py,1
2021-W35,providers,19
2021-W35,providers_manager.py,1
2021-W35,security,1
2021-W35,sensors,3
2021-W35,serialization,3
2021-W35,task,3
2021-W35,timetables,1
2021-W35,utils,3
2021-W35,www,13
2021-W36,api,1
2021-W36,api_connexion,3
2021-W36,cli,2
2021-W36,config_templates,6
2021-W36,configuration.py,2
2021-W36,contrib,1
2021-W36,dag_processing,2
2021-W36,example_dags,1
2021-W36,executors,2
2021-W36,jobs,5
2021-W36,kubernetes,1
2021-W36,migrations,6
2021-W36,models,11
2021-W36,operators,1
2021-W36,providers,20
2021-W36,providers_manager.py,1
2021-W36,sensors,2
2021-W36,sentry.py,2
2021-W36,task,1
2021-W36,ti_deps,1
2021-W36,timetables,1
2021-W36,triggers,1
2021-W36,utils,7
2021-W36,www,8
2021-W37,api_connexion,2
2021-W37,cli,3
2021-W37,config_templates,1
2021-W37,configuration.py,1
2021-W37,dag_processing,3
2021-W37,executors,3
2021-W37,hooks,1
2021-W37,jobs,5
2021-W37,models,9
2021-W37,operators,2
2021-W37,providers,14
2021-W37,providers_manager.py,1
2021-W37,security,1
2021-W37,serialization,1
2021-W37,task,1
2021-W37,ui,1
2021-W37,utils,3
2021-W37,www,5
2021-W38,api,2
2021-W38,api_connexion,3
2021-W38,cli,1
2021-W38,config_templates,2
2021-W38,contrib,1
2021-W38,decorators,1
2021-W38,example_dags,4
2021-W38,exceptions.py,1
2021-W38,executors,2
2021-W38,jobs,1
2021-W38,kubernetes,1
2021-W38,migrations,2
2021-W38,models,5
2021-W38,operators,1
2021-W38,provider.yaml.schema.json,1
2021-W38,provider_info.schema.json,1
2021-W38,providers,13
2021-W38,providers_manager.py,1
2021-W38,security,1
2021-W38,sentry.py,1
2021-W38,settings.py,2
2021-W38,timetables,2
2021-W38,utils,3
2021-W38,www,11
2021-W39,api_connexion,3
2021-W39,cli,1
2021-W39,config_templates,3
2021-W39,configuration.py,2
2021-W39,exceptions.py,1
2021-W39,executors,1
2021-W39,jobs,2
2021-W39,models,7
2021-W39,operators,1
2021-W39,providers,18
2021-W39,sentry.py,1
2021-W39,utils,3
2021-W39,www,9
2021-W40,api,1
2021-W40,api_connexion,5
2021-W40,cli,1
2021-W40,config_templates,2
2021-W40,configuration.py,1
2021-W40,dag_processing,1
2021-W40,example_dags,2
2021-W40,executors,1
2021-W40,hooks,2
2021-W40,jobs,6
2021-W40,logging_config.py,1
2021-W40,migrations,1
2021-W40,models,6
2021-W40,operators,1
2021-W40,providers,29
2021-W40,settings.py,1
2021-W40,utils,4
2021-W40,www,6
2021-W41,_vendor,1
2021-W41,api,1
2021-W41,api_connexion,2
2021-W41,cli,3
2021-W41,config_templates,2
2021-W41,configuration.py,1
2021-W41,dag_processing,1
2021-W41,example_dags,3
2021-W41,executors,1
2021-W41,jobs,2
2021-W41,kubernetes,1
2021-W41,logging_config.py,1
2021-W41,migrations,1
2021-W41,models,3
2021-W41,operators,3
2021-W41,providers,15
2021-W41,sensors,1
2021-W41,sentry.py,1
2021-W41,serialization,2
2021-W41,settings.py,2
2021-W41,stats.py,1
2021-W41,task,2
2021-W41,templates.py,1
2021-W41,ti_deps,1
2021-W41,utils,4
2021-W41,www,5
2021-W42,__init__.py,1
2021-W42,__main__.py,1
2021-W42,_vendor,1
2021-W42,api_connexion,2
2021-W42,cli,2
2021-W42,config_templates,2
2021-W42,configuration.py,1
2021-W42,jobs,6
2021-W42,migrations,2
2021-W42,models,8
2021-W42,operators,2
2021-W42,providers,7
2021-W42,providers_manager.py,1
2021-W42,sensors,2
2021-W42,serialization,1
2021-W42,settings.py,1
2021-W42,timetables,2
2021-W42,utils,1
2021-W42,www,7
2021-W43,_vendor,1
2021-W43,api,1
2021-W43,api_connexion,3
2021-W43,config_templates,1
2021-W43,jobs,1
2021-W43,migrations,2
2021-W43,models,4
2021-W43,plugins_manager.py,1
2021-W43,providers,19
2021-W43,security,1
2021-W43,serialization,2
2021-W43,ti_deps,1
2021-W43,utils,2
2021-W43,www,4
2021-W44,api,1
2021-W44,cli,2
2021-W44,dag_processing,1
2021-W44,example_dags,1
2021-W44,executors,2
2021-W44,jobs,1
2021-W44,kubernetes,1
2021-W44,migrations,1
2021-W44,models,5
2021-W44,providers,13
2021-W44,serialization,2
2021-W44,ti_deps,1
2021-W44,timetables,1
2021-W44,ui,1
2021-W44,utils,3
2021-W44,www,7
2021-W45,api_connexion,1
2021-W45,cli,1
2021-W45,compat,1
2021-W45,configuration.py,1
2021-W45,contrib,1
2021-W45,dag_processing,1
2021-W45,executors,1
2021-W45,jobs,2
2021-W45,kubernetes,1
2021-W45,migrations,1
2021-W45,models,5
2021-W45,operators,1
2021-W45,providers,18
2021-W45,sensors,1
2021-W45,triggers,2
2021-W45,utils,2
2021-W45,www,6
2021-W46,api,1
2021-W46,api_connexion,1
2021-W46,cli,1
2021-W46,example_dags,2
2021-W46,hooks,1
2021-W46,migrations,1
2021-W46,models,1
2021-W46,operators,4
2021-W46,providers,14
2021-W46,smart_sensor_dags,1
2021-W46,utils,1
2021-W46,www,9
2021-W47,_vendor,1
2021-W47,api_connexion,2
2021-W47,config_templates,1
2021-W47,configuration.py,1
2021-W47,example_dags,2
2021-W47,macros,2
2021-W47,models,1
2021-W47,operators,2
2021-W47,providers,18
2021-W47,sensors,2
2021-W47,utils,1
2021-W47,www,3
2021-W48,_vendor,1
2021-W48,api_connexion,1
2021-W48,cli,3
2021-W48,dag_processing,2
2021-W48,executors,3
2021-W48,jobs,1
2021-W48,kubernetes,2
2021-W48,macros,1
2021-W48,migrations,3
2021-W48,models,4
2021-W48,operators,1
2021-W48,providers,17
2021-W48,providers_manager.py,1
2021-W48,sensors,1
2021-W48,serialization,1
2021-W48,settings.py,1
2021-W48,task,2
2021-W48,ui,1
2021-W48,utils,6
2021-W48,www,7
2021-W49,api_connexion,1
2021-W49,cli,3
2021-W49,compat,1
2021-W49,dag_processing,2
2021-W49,jobs,2
2021-W49,models,9
2021-W49,mypy,1
2021-W49,operators,3
2021-W49,providers,22
2021-W49,providers_manager.py,1
2021-W49,sensors,1
2021-W49,serialization,1
2021-W49,settings.py,2
2021-W49,task,1
2021-W49,timetables,1
2021-W49,utils,6
2021-W49,www,5
2021-W50,api,4
2021-W50,api_connexion,3
2021-W50,cli,1
2021-W50,config_templates,2
2021-W50,contrib,2
2021-W50,decorators,1
2021-W50,example_dags,1
2021-W50,jobs,3
2021-W50,kubernetes,2
2021-W50,migrations,1
2021-W50,models,12
2021-W50,operators,2
2021-W50,providers,58
2021-W50,secrets,1
2021-W50,security,1
2021-W50,sensors,3
2021-W50,serialization,1
2021-W50,stats.py,1
2021-W50,ti_deps,2
2021-W50,timetables,2
2021-W50,triggers,1
2021-W50,utils,9
2021-W50,www,9
2021-W51,cli,2
2021-W51,config_templates,1
2021-W51,contrib,1
2021-W51,decorators,1
2021-W51,example_dags,1
2021-W51,hooks,1
2021-W51,jobs,1
2021-W51,kubernetes,1
2021-W51,migrations,3
2021-W51,models,5
2021-W51,operators,3
2021-W51,providers,17
2021-W51,sensors,2
2021-W51,task,1
2021-W51,timetables,1
2021-W51,triggers,1
2021-W51,utils,6
2021-W51,www,5
2021-W52,cli,3
2021-W52,config_templates,1
2021-W52,contrib,1
2021-W52,decorators,2
2021-W52,example_dags,1
2021-W52,jobs,2
2021-W52,kubernetes,2
2021-W52,macros,1
2021-W52,migrations,1
2021-W52,models,4
2021-W52,operators,3
2021-W52,providers,47
2021-W52,sensors,2
2021-W52,settings.py,1
2021-W52,utils,4
2022-W01,api,2
2022-W01,api_connexion,2
2022-W01,cli,2
2022-W01,config_templates,1
2022-W01,configuration.py,1
2022-W01,contrib,2
2022-W01,dag_processing,1
2022-W01,decorators,2
2022-W01,executors,1
2022-W01,jobs,3
2022-W01,kubernetes,1
2022-W01,models,4
2022-W01,operators,1
2022-W01,providers,23
2022-W01,serialization,2
2022-W01,settings.py,2
2022-W01,templates.py,1
2022-W01,utils,7
2022-W01,www,4
2022-W02,api,4
2022-W02,api_connexion,3
2022-W02,config_templates,1
2022-W02,dag_processing,1
2022-W02,decorators,4
2022-W02,exceptions.py,3
2022-W02,executors,2
2022-W02,jobs,4
2022-W02,kubernetes,1
2022-W02,listeners,1
2022-W02,migrations,2
2022-W02,models,7
2022-W02,operators,1
2022-W02,plugins_manager.py,2
2022-W02,providers,7
2022-W02,providers_manager.py,1
2022-W02,sensors,1
2022-W02,serialization,1
2022-W02,typing_compat.py,1
2022-W02,utils,2
2022-W02,version.py,1
2022-W02,www,2
2022-W03,_vendor,1
2022-W03,api,2
2022-W03,api_connexion,4
2022-W03,cli,1
2022-W03,config_templates,1
2022-W03,configuration.py,1
2022-W03,contrib,2
2022-W03,dag_processing,2
2022-W03,decorators,4
2022-W03,example_dags,1
2022-W03,exceptions.py,2
2022-W03,executors,1
2022-W03,hooks,1
2022-W03,jobs,2
2022-W03,kubernetes,1
2022-W03,lineage,1
2022-W03,macros,1
2022-W03,migrations,2
2022-W03,models,8
2022-W03,operators,1
2022-W03,plugins_manager.py,1
2022-W03,providers,14
2022-W03,secrets,1
2022-W03,sensors,1
2022-W03,serialization,2
2022-W03,settings.py,1
2022-W03,task,1
2022-W03,ti_deps,1
2022-W03,utils,2
2022-W03,www,10
2022-W04,api,2
2022-W04,cli,3
2022-W04,config_templates,2
2022-W04,decorators,2
2022-W04,exceptions.py,2
2022-W04,hooks,1
2022-W04,jobs,1
2022-W04,kubernetes,1
2022-W04,migrations,1
2022-W04,models,13
2022-W04,operators,1
2022-W04,providers,14
2022-W04,providers_manager.py,1
2022-W04,serialization,1
2022-W04,utils,3
2022-W04,www,3
2022-W05,api,1
2022-W05,api_connexion,1
2022-W05,cli,1
2022-W05,config_templates,1
2022-W05,example_dags,2
2022-W05,executors,1
2022-W05,hooks,1
2022-W05,jobs,2
2022-W05,kubernetes,1
2022-W05,models,3
2022-W05,operators,3
2022-W05,providers,16
2022-W05,security,1
2022-W05,sensors,2
2022-W05,serialization,1
2022-W05,ti_deps,1
2022-W05,utils,1
2022-W05,www,6
2022-W06,api,1
2022-W06,api_connexion,1
2022-W06,cli,1
2022-W06,config_templates,3
2022-W06,dag_processing,3
2022-W06,decorators,3
2022-W06,example_dags,2
2022-W06,exceptions.py,1
2022-W06,executors,2
2022-W06,jobs,3
2022-W06,lineage,1
2022-W06,migrations,1
2022-W06,models,10
2022-W06,providers,30
2022-W06,sensors,1
2022-W06,serialization,3
2022-W06,task,1
2022-W06,ti_deps,1
2022-W06,timetables,2
2022-W06,utils,7
2022-W06,www,5
2022-W07,api,1
2022-W07,api_connexion,2
2022-W07,cli,4
2022-W07,config_templates,6
2022-W07,configuration.py,3
2022-W07,dag_processing,1
2022-W07,decorators,2
2022-W07,example_dags,2
2022-W07,executors,2
2022-W07,hooks,1
2022-W07,jobs,1
2022-W07,migrations,7
2022-W07,models,9
2022-W07,providers,27
2022-W07,sensors,1
2022-W07,serialization,2
2022-W07,settings.py,3
2022-W07,ui,1
2022-W07,utils,9
2022-W07,www,11
2022-W08,api_connexion,1
2022-W08,callbacks,1
2022-W08,cli,5
2022-W08,config_templates,1
2022-W08,configuration.py,2
2022-W08,contrib,1
2022-W08,dag_processing,1
2022-W08,decorators,3
2022-W08,example_dags,1
2022-W08,executors,3
2022-W08,hooks,2
2022-W08,jobs,2
2022-W08,migrations,1
2022-W08,models,12
2022-W08,provider.yaml.schema.json,1
2022-W08,providers,17
2022-W08,secrets,1
2022-W08,serialization,2
2022-W08,task,1
2022-W08,ti_deps,1
2022-W08,utils,9
2022-W08,www,5
2022-W09,__init__.py,1
2022-W09,api,1
2022-W09,api_connexion,2
2022-W09,cli,5
2022-W09,compat,1
2022-W09,config_templates,2
2022-W09,contrib,1
2022-W09,dag_processing,1
2022-W09,decorators,4
2022-W09,example_dags,1
2022-W09,exceptions.py,1
2022-W09,executors,3
2022-W09,jobs,1
2022-W09,kubernetes,2
2022-W09,migrations,4
2022-W09,models,17
2022-W09,operators,2
2022-W09,providers,33
2022-W09,security,1
2022-W09,sensors,2
2022-W09,settings.py,1
2022-W09,ti_deps,2
2022-W09,utils,5
2022-W09,www,8
2022-W10,api,1
2022-W10,api_connexion,3
2022-W10,callbacks,1
2022-W10,cli,3
2022-W10,config_templates,3
2022-W10,configuration.py,1
2022-W10,dag_processing,1
2022-W10,decorators,2
2022-W10,executors,2
2022-W10,jobs,2
2022-W10,migrations,6
2022-W10,models,8
2022-W10,operators,2
2022-W10,providers,36
2022-W10,serialization,1
2022-W10,ti_deps,1
2022-W10,utils,5
2022-W10,www,9
2022-W11,_vendor,4
2022-W11,api,1
2022-W11,api_connexion,2
2022-W11,cli,2
2022-W11,config_templates,1
2022-W11,configuration.py,2
2022-W11,dag_processing,1
2022-W11,decorators,1
2022-W11,jobs,1
2022-W11,kubernetes,1
2022-W11,models,3
2022-W11,providers,16
2022-W11,secrets,2
2022-W11,serialization,1
2022-W11,utils,3
2022-W11,www,6
2022-W12,__main__.py,1
2022-W12,cli,3
2022-W12,config_templates,2
2022-W12,decorators,1
2022-W12,jobs,1
2022-W12,migrations,2
2022-W12,models,6
2022-W12,operators,1
2022-W12,providers,27
2022-W12,sensors,2
2022-W12,serialization,1
2022-W12,task,2
2022-W12,ti_deps,1
2022-W12,utils,2
2022-W12,www,7
2022-W13,api,1
2022-W13,api_connexion,4
2022-W13,cli,6
2022-W13,config_templates,2
2022-W13,dag_processing,1
2022-W13,decorators,1
2022-W13,example_dags,1
2022-W13,executors,1
2022-W13,hooks,1
2022-W13,jobs,3
2022-W13,kubernetes,1
2022-W13,migrations,1
2022-W13,models,7
2022-W13,providers,16
2022-W13,providers_manager.py,1
2022-W13,serialization,1
2022-W13,settings.py,1
2022-W13,stats.py,1
2022-W13,utils,3
2022-W13,www,12
2022-W14,__init__.py,2
2022-W14,_vendor,1
2022-W14,api_connexion,1
2022-W14,cli,5
2022-W14,config_templates,1
2022-W14,configuration.py,1
2022-W14,dag_processing,2
2022-W14,decorators,4
2022-W14,executors,1
2022-W14,jobs,3
2022-W14,logging_config.py,1
2022-W14,migrations,3
2022-W14,models,16
2022-W14,operators,1
2022-W14,plugins_manager.py,1
2022-W14,providers,15
2022-W14,sentry.py,1
2022-W14,serialization,5
2022-W14,task,1
2022-W14,ti_deps,2
2022-W14,timetables,1
2022-W14,ui,4
2022-W14,utils,12
2022-W14,www,20
2022-W15,cli,3
2022-W15,config_templates,3
2022-W15,configuration.py,4
2022-W15,dag_processing,2
2022-W15,decorators,4
2022-W15,example_dags,1
2022-W15,exceptions.py,1
2022-W15,jobs,7
2022-W15,kubernetes,1
2022-W15,kubernetes_executor_templates,1
2022-W15,migrations,1
2022-W15,models,18
2022-W15,operators,3
2022-W15,providers,21
2022-W15,secrets,1
2022-W15,sensors,3
2022-W15,serialization,3
2022-W15,settings.py,1
2022-W15,ui,1
2022-W15,utils,9
2022-W15,www,16
2022-W16,api,3
2022-W16,cli,1
2022-W16,config_templates,2
2022-W16,configuration.py,2
2022-W16,dag_processing,1
2022-W16,jobs,3
2022-W16,migrations,1
2022-W16,models,12
2022-W16,providers,23
2022-W16,providers_manager.py,1
2022-W16,sensors,1
2022-W16,utils,3
2022-W16,www,13
2022-W17,api,1
2022-W17,api_connexion,2
2022-W17,cli,2
2022-W17,config_templates,2
2022-W17,executors,2
2022-W17,kubernetes,1
2022-W17,models,4
2022-W17,providers,32
2022-W17,providers_manager.py,1
2022-W17,sentry.py,1
2022-W17,serialization,1
2022-W17,utils,3
2022-W17,www,19
2022-W18,api_connexion,1
2022-W18,cli,1
2022-W18,configuration.py,1
2022-W18,example_dags,1
2022-W18,executors,1
2022-W18,models,2
2022-W18,operators,1
2022-W18,providers,15
2022-W18,timetables,1
2022-W18,utils,3
2022-W18,www,7
2022-W19,api_connexion,1
2022-W19,cli,2
2022-W19,dag_processing,2
2022-W19,executors,3
2022-W19,hooks,1
2022-W19,jobs,2
2022-W19,migrations,2
2022-W19,models,5
2022-W19,operators,1
2022-W19,providers,25
2022-W19,sensors,1
2022-W19,settings.py,1
2022-W19,task,1
2022-W19,utils,6
2022-W19,www,6
2022-W20,api,1
2022-W20,cli,1
2022-W20,config_templates,4
2022-W20,configuration.py,2
2022-W20,dag_processing,1
2022-W20,executors,2
2022-W20,hooks,1
2022-W20,jobs,2
2022-W20,migrations,1
2022-W20,models,6
2022-W20,providers,23
2022-W20,providers_manager.py,1
2022-W20,security,1
2022-W20,sensors,2
2022-W20,settings.py,1
2022-W20,utils,5
2022-W20,www,8
2022-W21,api_connexion,1
2022-W21,cli,2
2022-W21,config_templates,1
2022-W21,configuration.py,1
2022-W21,dag_processing,2
2022-W21,decorators,2
2022-W21,example_dags,1
2022-W21,kubernetes,1
2022-W21,migrations,1
2022-W21,models,5
2022-W21,operators,1
2022-W21,providers,9
2022-W21,providers_manager.py,1
2022-W21,sensors,1
2022-W21,serialization,1
2022-W21,settings.py,2
2022-W21,utils,4
2022-W21,www,9
2022-W22,api_connexion,1
2022-W22,cli,1
2022-W22,compat,1
2022-W22,config_templates,1
2022-W22,configuration.py,1
2022-W22,dag_processing,1
2022-W22,decorators,1
2022-W22,example_dags,1
2022-W22,exceptions.py,2
2022-W22,hooks,1
2022-W22,jobs,1
2022-W22,migrations,1
2022-W22,models,5
2022-W22,providers,63
2022-W22,sensors,2
2022-W22,serialization,1
2022-W22,ti_deps,1
2022-W22,typing_compat.py,1
2022-W22,ui,1
2022-W22,utils,5
2022-W22,www,3
2022-W23,api_connexion,1
2022-W23,cli,2
2022-W23,config_templates,2
2022-W23,exceptions.py,1
2022-W23,executors,1
2022-W23,models,5
2022-W23,providers,26
2022-W23,security,1
2022-W23,task,1
2022-W23,ui,1
2022-W23,utils,3
2022-W23,www,8
2022-W24,cli,4
2022-W24,configuration.py,1
2022-W24,dag_processing,1
2022-W24,example_dags,2
2022-W24,exceptions.py,1
2022-W24,executors,2
2022-W24,hooks,1
2022-W24,kubernetes,1
2022-W24,migrations,1
2022-W24,models,4
2022-W24,providers,15
2022-W24,providers_manager.py,1
2022-W24,security,1
2022-W24,task,1
2022-W24,utils,8
2022-W24,www,15
2022-W25,api,1
2022-W25,api_connexion,2
2022-W25,cli,2
2022-W25,config_templates,2
2022-W25,configuration.py,1
2022-W25,dag_processing,1
2022-W25,decorators,1
2022-W25,migrations,3
2022-W25,models,7
2022-W25,operators,1
2022-W25,providers,18
2022-W25,security,1
2022-W25,sensors,2
2022-W25,serialization,1
2022-W25,utils,5
2022-W25,www,6
2022-W26,__init__.py,1
2022-W26,config_templates,2
2022-W26,dag_processing,1
2022-W26,decorators,1
2022-W26,dependencies.json,1
2022-W26,jobs,1
2022-W26,kubernetes,1
2022-W26,migrations,2
2022-W26,models,4
2022-W26,operators,1
2022-W26,provider.yaml.schema.json,2
2022-W26,providers,23
2022-W26,ui,1
2022-W26,utils,1
2022-W26,www,9
2022-W27,api_connexion,1
2022-W27,cli,1
2022-W27,config_templates,1
2022-W27,example_dags,1
2022-W27,hooks,2
2022-W27,jobs,3
2022-W27,kubernetes,2
2022-W27,migrations,1
2022-W27,models,5
2022-W27,operators,2
2022-W27,providers,21
2022-W27,sensors,1
2022-W27,serialization,1
2022-W27,settings.py,1
2022-W27,utils,8
2022-W27,www,5
2022-W28,api,1
2022-W28,api_connexion,4
2022-W28,config_templates,2
2022-W28,decorators,2
2022-W28,dependencies.json,1
2022-W28,example_dags,1
2022-W28,exceptions.py,1
2022-W28,jobs,3
2022-W28,migrations,3
2022-W28,models,12
2022-W28,providers,20
2022-W28,security,1
2022-W28,serialization,1
2022-W28,timetables,1
2022-W28,utils,6
2022-W28,www,12
2022-W29,api_connexion,3
2022-W29,config_templates,2
2022-W29,dag_processing,1
2022-W29,decorators,1
2022-W29,example_dags,2
2022-W29,jobs,1
2022-W29,models,4
2022-W29,mypy,1
2022-W29,operators,1
2022-W29,providers,17
2022-W29,sensors,1
2022-W29,serialization,1
2022-W29,utils,1
2022-W29,www,8
2022-W30,api_connexion,5
2022-W30,cli,1
2022-W30,config_templates,1
2022-W30,dag_processing,1
2022-W30,decorators,2
2022-W30,example_dags,1
2022-W30,exceptions.py,1
2022-W30,kubernetes,1
2022-W30,migrations,2
2022-W30,models,10
2022-W30,operators,2
2022-W30,providers,17
2022-W30,sensors,2
2022-W30,typing_compat.py,1
2022-W30,www,15
2022-W31,api_connexion,7
2022-W31,callbacks,1
2022-W31,config_templates,2
2022-W31,configuration.py,2
2022-W31,contrib,1
2022-W31,dag_processing,4
2022-W31,decorators,2
2022-W31,example_dags,1
2022-W31,exceptions.py,1
2022-W31,executors,1
2022-W31,jobs,1
2022-W31,migrations,4
2022-W31,models,13
2022-W31,operators,1
2022-W31,plugins_manager.py,1
2022-W31,providers,28
2022-W31,providers_manager.py,1
2022-W31,sensors,2
2022-W31,serialization,3
2022-W31,smart_sensor_dags,1
2022-W31,task,1
2022-W31,timetables,2
2022-W31,ui,1
2022-W31,utils,5
2022-W31,www,19
2022-W32,api_connexion,1
2022-W32,cli,2
2022-W32,config_templates,2
2022-W32,configuration.py,1
2022-W32,contrib,2
2022-W32,example_dags,1
2022-W32,jobs,2
2022-W32,models,5
2022-W32,providers,12
2022-W32,sensors,1
2022-W32,serialization,2
2022-W32,settings.py,1
2022-W32,templates.py,1
2022-W32,ti_deps,1
2022-W32,timetables,1
2022-W32,utils,2
2022-W32,www,8
2022-W33,__init__.py,2
2022-W33,api,1
2022-W33,api_connexion,5
2022-W33,cli,2
2022-W33,config_templates,1
2022-W33,datasets,1
2022-W33,decorators,2
2022-W33,example_dags,1
2022-W33,exceptions.py,1
2022-W33,jobs,6
2022-W33,lineage,2
2022-W33,migrations,1
2022-W33,models,11
2022-W33,providers,16
2022-W33,serialization,4
2022-W33,timetables,4
2022-W33,utils,5
2022-W33,www,12
2022-W34,api_connexion,2
2022-W34,cli,3
2022-W34,config_templates,1
2022-W34,configuration.py,1
2022-W34,datasets,2
2022-W34,decorators,2
2022-W34,example_dags,4
2022-W34,exceptions.py,1
2022-W34,executors,1
2022-W34,hooks,1
2022-W34,jobs,2
2022-W34,kubernetes,1
2022-W34,migrations,2
2022-W34,models,15
2022-W34,operators,2
2022-W34,providers,28
2022-W34,secrets,1
2022-W34,sensors,2
2022-W34,serialization,2
2022-W34,settings.py,1
2022-W34,ui,6
2022-W34,utils,3
2022-W34,www,10
2022-W35,api_connexion,4
2022-W35,cli,2
2022-W35,config_templates,1
2022-W35,contrib,1
2022-W35,dag_processing,1
2022-W35,datasets,2
2022-W35,decorators,2
2022-W35,example_dags,2
2022-W35,jobs,3
2022-W35,migrations,1
2022-W35,models,9
2022-W35,mypy,1
2022-W35,operators,1
2022-W35,providers,10
2022-W35,serialization,1
2022-W35,ti_deps,1
2022-W35,ui,1
2022-W35,utils,2
2022-W35,www,9
2022-W36,__init__.py,2
2022-W36,callbacks,2
2022-W36,cli,4
2022-W36,config_templates,2
2022-W36,configuration.py,1
2022-W36,contrib,3
2022-W36,dag_processing,4
2022-W36,datasets,2
2022-W36,decorators,3
2022-W36,example_dags,4
2022-W36,executors,1
2022-W36,hooks,1
2022-W36,jobs,4
2022-W36,lineage,1
2022-W36,migrations,4
2022-W36,models,8
2022-W36,operators,5
2022-W36,providers,15
2022-W36,providers_manager.py,1
2022-W36,sensors,2
2022-W36,serialization,2
2022-W36,utils,12
2022-W36,www,7
2022-W37,__init__.py,1
2022-W37,__main__.py,1
2022-W37,api,1
2022-W37,api_connexion,4
2022-W37,callbacks,1
2022-W37,cli,2
2022-W37,compat,1
2022-W37,config_templates,1
2022-W37,configuration.py,1
2022-W37,contrib,1
2022-W37,dag_processing,1
2022-W37,datasets,2
2022-W37,decorators,1
2022-W37,example_dags,2
2022-W37,exceptions.py,1
2022-W37,executors,1
2022-W37,hooks,1
2022-W37,jobs,1
2022-W37,kubernetes,2
2022-W37,lineage,1
2022-W37,listeners,1
2022-W37,logging_config.py,1
2022-W37,macros,1
2022-W37,migrations,2
2022-W37,models,7
2022-W37,mypy,1
2022-W37,operators,1
2022-W37,plugins_manager.py,1
2022-W37,providers,10
2022-W37,providers_manager.py,1
2022-W37,secrets,1
2022-W37,security,1
2022-W37,sensors,1
2022-W37,sentry.py,1
2022-W37,serialization,2
2022-W37,settings.py,1
2022-W37,stats.py,1
2022-W37,task,1
2022-W37,templates.py,1
2022-W37,ti_deps,1
2022-W37,timetables,1
2022-W37,triggers,1
2022-W37,typing_compat.py,1
2022-W37,utils,2
2022-W37,version.py,1
2022-W37,www,10
2022-W38,cli,2
2022-W38,compat,1
2022-W38,config_templates,2
2022-W38,configuration.py,1
2022-W38,decorators,2
2022-W38,example_dags,3
2022-W38,jobs,2
2022-W38,migrations,2
2022-W38,models,5
2022-W38,providers,22
2022-W38,serialization,1
2022-W38,ti_deps,2
2022-W38,utils,8
2022-W38,www,10
2022-W39,api_connexion,1
2022-W39,cli,2
2022-W39,config_templates,1
2022-W39,executors,1
2022-W39,jobs,1
2022-W39,kubernetes,1
2022-W39,models,6
2022-W39,providers,23
2022-W39,sensors,1
2022-W39,serialization,2
2022-W39,task,1
2022-W39,utils,9
2022-W39,www,10
2022-W40,cli,1
2022-W40,decorators,2
2022-W40,migrations,1
2022-W40,models,3
2022-W40,providers,10
2022-W40,serialization,1
2022-W40,settings.py,2
2022-W40,utils,3
2022-W40,www,7
2022-W41,cli,2
2022-W41,config_templates,2
2022-W41,configuration.py,1
2022-W41,dag_processing,1
2022-W41,example_dags,1
2022-W41,kubernetes,2
2022-W41,migrations,2
2022-W41,models,3
2022-W41,providers,7
2022-W41,providers_manager.py,1
2022-W41,utils,3
2022-W41,www,7
2022-W42,executors,1
2022-W42,jobs,1
2022-W42,models,3
2022-W42,providers,23
2022-W42,serialization,1
2022-W42,utils,1
2022-W42,www,6
2022-W43,api,1
2022-W43,cli,2
2022-W43,config_templates,1
2022-W43,configuration.py,1
2022-W43,dag_processing,1
2022-W43,decorators,1
2022-W43,example_dags,2
2022-W43,executors,1
2022-W43,jobs,1
2022-W43,kubernetes,1
2022-W43,macros,1
2022-W43,migrations,1
2022-W43,models,1
2022-W43,operators,3
2022-W43,plugins_manager.py,1
2022-W43,providers,26
2022-W43,secrets,1
2022-W43,security,1
2022-W43,sensors,2
2022-W43,serialization,1
2022-W43,settings.py,1
2022-W43,task,1
2022-W43,ti_deps,1
2022-W43,utils,4
2022-W43,www,5
2022-W44,api_connexion,2
2022-W44,cli,1
2022-W44,configuration.py,1
2022-W44,decorators,2
2022-W44,example_dags,2
2022-W44,migrations,1
2022-W44,models,3
2022-W44,operators,2
2022-W44,providers,29
2022-W44,sensors,1
2022-W44,triggers,1
2022-W44,utils,2
2022-W44,www,5
2022-W45,__init__.py,1
2022-W45,__main__.py,1
2022-W45,api,1
2022-W45,api_connexion,1
2022-W45,cli,2
2022-W45,config_templates,1
2022-W45,configuration.py,1
2022-W45,dag_processing,1
2022-W45,datasets,1
2022-W45,decorators,3
2022-W45,example_dags,1
2022-W45,exceptions.py,1
2022-W45,executors,3
2022-W45,hooks,1
2022-W45,jobs,4
2022-W45,kubernetes,1
2022-W45,lineage,1
2022-W45,listeners,1
2022-W45,logging_config.py,1
2022-W45,macros,1
2022-W45,migrations,1
2022-W45,models,7
2022-W45,operators,2
2022-W45,plugins_manager.py,1
2022-W45,providers,31
2022-W45,providers_manager.py,2
2022-W45,secrets,1
2022-W45,security,1
2022-W45,sensors,3
2022-W45,sentry.py,1
2022-W45,serialization,2
2022-W45,settings.py,1
2022-W45,stats.py,2
2022-W45,task,1
2022-W45,templates.py,1
2022-W45,ti_deps,1
2022-W45,timetables,1
2022-W45,typing_compat.py,1
2022-W45,utils,3
2022-W45,version.py,1
2022-W45,www,7
2022-W46,api,3
2022-W46,api_connexion,4
2022-W46,callbacks,2
2022-W46,cli,3
2022-W46,config_templates,2
2022-W46,configuration.py,2
2022-W46,dag_processing,3
2022-W46,datasets,3
2022-W46,decorators,2
2022-W46,exceptions.py,3
2022-W46,executors,1
2022-W46,hooks,1
2022-W46,jobs,2
2022-W46,kubernetes,1
2022-W46,lineage,2
2022-W46,listeners,2
2022-W46,macros,1
2022-W46,migrations,1
2022-W46,models,13
2022-W46,operators,3
2022-W46,providers,14
2022-W46,security,1
2022-W46,sensors,3
2022-W46,serialization,1
2022-W46,task,1
2022-W46,timetables,1
2022-W46,triggers,1
2022-W46,utils,9
2022-W46,www,12
2022-W47,__init__.py,1
2022-W47,__main__.py,1
2022-W47,api,2
2022-W47,api_connexion,3
2022-W47,cli,4
2022-W47,config_templates,2
2022-W47,configuration.py,1
2022-W47,dag_processing,2
2022-W47,jobs,6
2022-W47,listeners,1
2022-W47,logging_config.py,1
2022-W47,migrations,2
2022-W47,models,14
2022-W47,operators,2
2022-W47,plugins_manager.py,1
2022-W47,providers,11
2022-W47,providers_manager.py,1
2022-W47,secrets,1
2022-W47,sensors,1
2022-W47,sentry.py,1
2022-W47,serialization,2
2022-W47,settings.py,1
2022-W47,stats.py,1
2022-W47,templates.py,1
2022-W47,ti_deps,4
2022-W47,typing_compat.py,1
2022-W47,utils,4
2022-W47,www,10
2022-W48,api_connexion,1
2022-W48,config_templates,1
2022-W48,configuration.py,2
2022-W48,dag_processing,1
2022-W48,executors,3
2022-W48,kubernetes,1
2022-W48,models,3
2022-W48,providers,20
2022-W48,providers_manager.py,1
2022-W48,utils,2
2022-W48,www,5
2022-W49,api_internal,1
2022-W49,cli,4
2022-W49,config_templates,4
2022-W49,configuration.py,1
2022-W49,dag_processing,2
2022-W49,executors,5
2022-W49,jobs,5
2022-W49,kubernetes,3
2022-W49,models,5
2022-W49,plugins_manager.py,1
2022-W49,providers,21
2022-W49,serialization,1
2022-W49,stats.py,1
2022-W49,utils,7
2022-W49,www,8
2022-W50,cli,1
2022-W50,config_templates,2
2022-W50,configuration.py,1
2022-W50,dag_processing,1
2022-W50,example_dags,1
2022-W50,hooks,1
2022-W50,jobs,1
2022-W50,models,2
2022-W50,providers,12
2022-W50,ti_deps,1
2022-W50,utils,1
2022-W50,www,4
2022-W51,__init__.py,1
2022-W51,api,1
2022-W51,api_connexion,1
2022-W51,cli,2
2022-W51,config_templates,3
2022-W51,configuration.py,1
2022-W51,dag_processing,1
2022-W51,example_dags,1
2022-W51,executors,1
2022-W51,jobs,3
2022-W51,kubernetes,1
2022-W51,models,5
2022-W51,providers,17
2022-W51,sensors,1
2022-W51,sentry.py,1
2022-W51,utils,8
2022-W51,www,7
2022-W52,cli,1
2022-W52,configuration.py,1
2022-W52,executors,2
2022-W52,hooks,1
2022-W52,kubernetes,1
2022-W52,macros,1
2022-W52,models,5
2022-W52,provider.yaml.schema.json,1
2022-W52,providers,8
2022-W52,ti_deps,1
2022-W52,timetables,1
2022-W52,utils,5
2022-W52,www,2
2023-W01,api,2
2023-W01,cli,5
2023-W01,decorators,1
2023-W01,executors,3
2023-W01,jobs,2
2023-W01,models,5
2023-W01,notifications,1
2023-W01,providers,22
2023-W01,sensors,2
2023-W01,sentry.py,1
2023-W01,serialization,1
2023-W01,template,1
2023-W01,ti_deps,1
2023-W01,utils,3
2023-W01,www,6
2023-W02,api_connexion,1
2023-W02,cli,4
2023-W02,compat,1
2023-W02,config_templates,3
2023-W02,configuration.py,1
2023-W02,decorators,2
2023-W02,example_dags,1
2023-W02,executors,3
2023-W02,hooks,1
2023-W02,migrations,2
2023-W02,models,4
2023-W02,operators,1
2023-W02,providers,24
2023-W02,serialization,1
2023-W02,settings.py,1
2023-W02,ti_deps,1
2023-W02,triggers,1
2023-W02,utils,3
2023-W02,www,7
2023-W03,__init__.py,1
2023-W03,api,1
2023-W03,api_internal,4
2023-W03,cli,2
2023-W03,config_templates,2
2023-W03,configuration.py,1
2023-W03,dag_processing,2
2023-W03,datasets,1
2023-W03,example_dags,1
2023-W03,executors,3
2023-W03,jobs,3
2023-W03,kubernetes,1
2023-W03,models,4
2023-W03,providers,19
2023-W03,sensors,2
2023-W03,serialization,1
2023-W03,stats.py,1
2023-W03,www,5
2023-W04,api_connexion,2
2023-W04,api_internal,3
2023-W04,cli,1
2023-W04,dag_processing,3
2023-W04,executors,6
2023-W04,jobs,2
2023-W04,kubernetes,1
2023-W04,migrations,1
2023-W04,models,3
2023-W04,providers,23
2023-W04,sensors,1
2023-W04,ti_deps,1
2023-W04,utils,3
2023-W04,www,5
2023-W05,__init__.py,1
2023-W05,api_connexion,5
2023-W05,cli,2
2023-W05,config_templates,2
2023-W05,example_dags,2
2023-W05,executors,1
2023-W05,jobs,2
2023-W05,listeners,1
2023-W05,migrations,1
2023-W05,models,2
2023-W05,provider.yaml.schema.json,1
2023-W05,provider_info.schema.json,1
2023-W05,providers,16
2023-W05,task,1
2023-W05,triggers,3
2023-W05,utils,2
2023-W05,www,7
2023-W06,api_connexion,2
2023-W06,api_internal,1
2023-W06,cli,6
2023-W06,config_templates,2
2023-W06,configuration.py,1
2023-W06,dag_processing,2
2023-W06,decorators,3
2023-W06,example_dags,6
2023-W06,executors,5
2023-W06,hooks,2
2023-W06,jobs,2
2023-W06,listeners,2
2023-W06,models,5
2023-W06,operators,1
2023-W06,policies.py,1
2023-W06,providers,7
2023-W06,settings.py,3
2023-W06,stats.py,2
2023-W06,task,2
2023-W06,timetables,2
2023-W06,triggers,2
2023-W06,utils,7
2023-W06,www,9
2023-W07,__main__.py,1
2023-W07,api,1
2023-W07,api_internal,2
2023-W07,cli,3
2023-W07,config_templates,3
2023-W07,dag_processing,2
2023-W07,decorators,2
2023-W07,executors,1
2023-W07,hooks,1
2023-W07,jobs,1
2023-W07,listeners,1
2023-W07,macros,1
2023-W07,models,7
2023-W07,providers,17
2023-W07,serialization,1
2023-W07,settings.py,2
2023-W07,stats.py,2
2023-W07,timetables,1
2023-W07,triggers,1
2023-W07,utils,5
2023-W07,www,8
2023-W08,__init__.py,1
2023-W08,api_connexion,3
2023-W08,api_internal,1
2023-W08,cli,3
2023-W08,config_templates,1
2023-W08,configuration.py,2
2023-W08,decorators,1
2023-W08,exceptions.py,2
2023-W08,executors,1
2023-W08,jobs,1
2023-W08,kubernetes,1
2023-W08,kubernetes_executor_templates,1
2023-W08,models,7
2023-W08,operators,1
2023-W08,providers,26
2023-W08,providers_manager.py,1
2023-W08,utils,3
2023-W08,version.py,1
2023-W08,www,10
2023-W09,_vendor,2
2023-W09,api,1
2023-W09,api_connexion,3
2023-W09,config_templates,3
2023-W09,contrib,1
2023-W09,decorators,1
2023-W09,example_dags,3
2023-W09,executors,3
2023-W09,models,2
2023-W09,providers,27
2023-W09,serialization,3
2023-W09,settings.py,1
2023-W09,utils,4
2023-W09,www,10
2023-W10,cli,1
2023-W10,config_templates,3
2023-W10,dag_processing,2
2023-W10,executors,1
2023-W10,jobs,1
2023-W10,kubernetes,1
2023-W10,models,5
2023-W10,provider.yaml.schema.json,1
2023-W10,providers,14
2023-W10,serialization,1
2023-W10,stats.py,2
2023-W10,utils,4
2023-W10,www,7
2023-W11,api_connexion,2
2023-W11,cli,2
2023-W11,config_templates,3
2023-W11,dag_processing,1
2023-W11,decorators,5
2023-W11,example_dags,2
2023-W11,exceptions.py,1
2023-W11,jobs,1
2023-W11,kubernetes,1
2023-W11,models,8
2023-W11,providers,20
2023-W11,sensors,2
2023-W11,serialization,1
2023-W11,stats.py,1
2023-W11,timetables,1
2023-W11,triggers,1
2023-W11,utils,8
2023-W11,www,11
2023-W12,__init__.py,1
2023-W12,api_connexion,2
2023-W12,cli,4
2023-W12,config_templates,1
2023-W12,configuration.py,1
2023-W12,dag_processing,2
2023-W12,datasets,1
2023-W12,example_dags,1
2023-W12,jobs,1
2023-W12,models,4
2023-W12,providers,15
2023-W12,serialization,2
2023-W12,stats.py,1
2023-W12,utils,3
2023-W12,www,1
2023-W13,api_connexion,1
2023-W13,dag_processing,2
2023-W13,decorators,1
2023-W13,jobs,1
2023-W13,models,2
2023-W13,operators,1
2023-W13,providers,8
2023-W13,serialization,1
2023-W13,utils,4
2023-W13,www,5
2023-W14,api,1
2023-W14,api_internal,2
2023-W14,cli,2
2023-W14,config_templates,2
2023-W14,decorators,1
2023-W14,example_dags,2
2023-W14,exceptions.py,2
2023-W14,executors,2
2023-W14,jobs,2
2023-W14,models,3
2023-W14,operators,2
2023-W14,provider.yaml.schema.json,1
2023-W14,providers,20
2023-W14,secrets,1
2023-W14,sensors,2
2023-W14,serialization,2
2023-W14,settings.py,2
2023-W14,utils,3
2023-W14,www,5
2023-W15,api_connexion,2
2023-W15,api_internal,1
2023-W15,cli,5
2023-W15,config_templates,3
2023-W15,configuration.py,1
2023-W15,dag_processing,5
2023-W15,example_dags,2
2023-W15,executors,3
2023-W15,jobs,7
2023-W15,kubernetes,2
2023-W15,migrations,1
2023-W15,models,11
2023-W15,operators,1
2023-W15,plugins_manager.py,1
2023-W15,providers,21
2023-W15,serialization,4
2023-W15,stats.py,1
2023-W15,task,3
2023-W15,ti_deps,1
2023-W15,triggers,1
2023-W15,utils,6
2023-W15,www,7
2023-W16,api_connexion,1
2023-W16,config_templates,2
2023-W16,dag_processing,1
2023-W16,decorators,1
2023-W16,exceptions.py,2
2023-W16,executors,2
2023-W16,jobs,3
2023-W16,kubernetes,1
2023-W16,models,5
2023-W16,operators,6
2023-W16,provider.yaml.schema.json,1
2023-W16,providers,31
2023-W16,sensors,2
2023-W16,sentry.py,1
2023-W16,serialization,3
2023-W16,stats.py,2
2023-W16,triggers,1
2023-W16,utils,2
2023-W16,www,8
2023-W17,__init__.py,1
2023-W17,api_connexion,2
2023-W17,cli,3
2023-W17,config_templates,3
2023-W17,configuration.py,1
2023-W17,executors,1
2023-W17,jobs,4
2023-W17,metrics,1
2023-W17,models,6
2023-W17,provider.yaml.schema.json,1
2023-W17,providers,20
2023-W17,providers_manager.py,1
2023-W17,stats.py,1
2023-W17,utils,5
2023-W17,www,6
2023-W18,api_connexion,4
2023-W18,cli,1
2023-W18,config_templates,2
2023-W18,configuration.py,1
2023-W18,dag_processing,1
2023-W18,decorators,2
2023-W18,example_dags,1
2023-W18,executors,1
2023-W18,kubernetes,1
2023-W18,models,8
2023-W18,operators,1
2023-W18,providers,14
2023-W18,settings.py,1
2023-W18,ti_deps,1
2023-W18,utils,2
2023-W18,www,5
2023-W19,api_connexion,1
2023-W19,config_templates,1
2023-W19,executors,2
2023-W19,hooks,1
2023-W19,jobs,2
2023-W19,kubernetes,1
2023-W19,migrations,1
2023-W19,models,3
2023-W19,providers,33
2023-W19,sensors,1
2023-W19,settings.py,1
2023-W19,utils,3
2023-W19,www,7
2023-W20,api,2
2023-W20,api_connexion,1
2023-W20,cli,3
2023-W20,config_templates,3
2023-W20,configuration.py,1
2023-W20,contrib,1
2023-W20,dag_processing,1
2023-W20,decorators,1
2023-W20,example_dags,1
2023-W20,exceptions.py,1
2023-W20,executors,1
2023-W20,hooks,1
2023-W20,jobs,8
2023-W20,kubernetes,1
2023-W20,metrics,1
2023-W20,migrations,5
2023-W20,models,6
2023-W20,notifications,1
2023-W20,operators,2
2023-W20,policies.py,1
2023-W20,providers,26
2023-W20,secrets,1
2023-W20,security,2
2023-W20,sensors,2
2023-W20,serialization,2
2023-W20,ti_deps,1
2023-W20,timetables,1
2023-W20,utils,6
2023-W20,www,6
2023-W21,__init__.py,1
2023-W21,api,1
2023-W21,api_connexion,1
2023-W21,cli,3
2023-W21,config_templates,2
2023-W21,example_dags,1
2023-W21,executors,1
2023-W21,jobs,2
2023-W21,kubernetes,2
2023-W21,migrations,1
2023-W21,models,5
2023-W21,operators,1
2023-W21,providers,21
2023-W21,sensors,1
2023-W21,serialization,1
2023-W21,triggers,2
2023-W21,utils,4
2023-W21,www,6
2023-W22,METRICS.md,1
2023-W22,api,2
2023-W22,api_connexion,3
2023-W22,api_internal,1
2023-W22,cli,1
2023-W22,compat,1
2023-W22,config_templates,2
2023-W22,configuration.py,1
2023-W22,dag_processing,1
2023-W22,decorators,4
2023-W22,example_dags,1
2023-W22,executors,1
2023-W22,jobs,4
2023-W22,metrics,1
2023-W22,migrations,1
2023-W22,models,10
2023-W22,operators,2
2023-W22,provider.yaml.schema.json,1
2023-W22,providers,16
2023-W22,providers_manager.py,1
2023-W22,security,1
2023-W22,settings.py,1
2023-W22,stats.py,1
2023-W22,ti_deps,1
2023-W22,timetables,2
2023-W22,typing_compat.py,1
2023-W22,utils,7
2023-W22,www,11
2023-W23,__init__.py,1
2023-W23,api_connexion,2
2023-W23,config_templates,4
2023-W23,configuration.py,3
2023-W23,executors,1
2023-W23,jobs,1
2023-W23,metrics,1
2023-W23,migrations,1
2023-W23,models,3
2023-W23,operators,2
2023-W23,providers,38
2023-W23,utils,4
2023-W23,www,8
2023-W24,api,2
2023-W24,api_connexion,2
2023-W24,cli,1
2023-W24,dag_processing,2
2023-W24,decorators,1
2023-W24,example_dags,1
2023-W24,executors,2
2023-W24,jobs,5
2023-W24,lineage,1
2023-W24,listeners,2
2023-W24,metrics,2
2023-W24,models,5
2023-W24,operators,2
2023-W24,providers,19
2023-W24,sensors,2
2023-W24,sentry.py,2
2023-W24,ti_deps,2
2023-W24,utils,4
2023-W24,www,5
2023-W25,cli,1
2023-W25,example_dags,2
2023-W25,jobs,1
2023-W25,metrics,1
2023-W25,models,8
2023-W25,notifications,1
2023-W25,operators,1
2023-W25,providers,29
2023-W25,sensors,1
2023-W25,serialization,1
2023-W25,utils,1
2023-W25,www,5
2023-W26,api_connexion,2
2023-W26,cli,2
2023-W26,config_templates,3
2023-W26,configuration.py,1
2023-W26,dag_processing,1
2023-W26,example_dags,1
2023-W26,executors,3
2023-W26,jobs,5
2023-W26,kubernetes,1
2023-W26,metrics,2
2023-W26,migrations,1
2023-W26,models,10
2023-W26,operators,1
2023-W26,plugins_manager.py,1
2023-W26,policies.py,1
2023-W26,providers,41
2023-W26,providers_manager.py,2
2023-W26,secrets,1
2023-W26,sensors,1
2023-W26,sentry.py,1
2023-W26,serialization,4
2023-W26,ti_deps,1
2023-W26,triggers,1
2023-W26,utils,7
2023-W26,www,5
2023-W27,api,1
2023-W27,api_connexion,3
2023-W27,auth,1
2023-W27,cli,3
2023-W27,config_templates,5
2023-W27,configuration.py,2
2023-W27,dag_processing,1
2023-W27,decorators,2
2023-W27,exceptions.py,1
2023-W27,jobs,1
2023-W27,kubernetes,1
2023-W27,metrics,1
2023-W27,migrations,1
2023-W27,models,9
2023-W27,operators,1
2023-W27,providers,39
2023-W27,providers_manager.py,1
2023-W27,secrets,1
2023-W27,security,1
2023-W27,serialization,3
2023-W27,utils,5
2023-W27,www,17
2023-W28,api,3
2023-W28,api_connexion,4
2023-W28,auth,1
2023-W28,cli,6
2023-W28,config_templates,4
2023-W28,dag_processing,1
2023-W28,decorators,1
2023-W28,executors,3
2023-W28,jobs,4
2023-W28,kubernetes,1
2023-W28,listeners,1
2023-W28,models,8
2023-W28,operators,5
2023-W28,provider.yaml.schema.json,2
2023-W28,provider_info.schema.json,2
2023-W28,providers,19
2023-W28,providers_manager.py,2
2023-W28,sensors,2
2023-W28,sentry.py,1
2023-W28,ti_deps,2
2023-W28,triggers,1
2023-W28,utils,10
2023-W28,www,13
2023-W29,__main__.py,3
2023-W29,api,1
2023-W29,api_connexion,2
2023-W29,cli,5
2023-W29,config_templates,4
2023-W29,configuration.py,5
2023-W29,contrib,1
2023-W29,example_dags,1
2023-W29,executors,1
2023-W29,hooks,1
2023-W29,metrics,1
2023-W29,models,4
2023-W29,operators,1
2023-W29,provider_info.schema.json,1
2023-W29,providers,29
2023-W29,providers_manager.py,2
2023-W29,sensors,1
2023-W29,triggers,1
2023-W29,utils,9
2023-W29,www,5
2023-W30,__init__.py,2
2023-W30,__main__.py,1
2023-W30,api,2
2023-W30,api_connexion,1
2023-W30,auth,5
2023-W30,cli,6
2023-W30,config_templates,5
2023-W30,configuration.py,4
2023-W30,decorators,2
2023-W30,example_dags,1
2023-W30,exceptions.py,1
2023-W30,executors,4
2023-W30,kubernetes,3
2023-W30,migrations,2
2023-W30,models,6
2023-W30,operators,2
2023-W30,plugins_manager.py,1
2023-W30,providers,29
2023-W30,providers_manager.py,1
2023-W30,serialization,1
2023-W30,settings.py,1
2023-W30,stats.py,1
2023-W30,ti_deps,3
2023-W30,timetables,1
2023-W30,utils,6
2023-W30,www,12
2023-W31,api_connexion,1
2023-W31,auth,2
2023-W31,cli,4
2023-W31,config_templates,5
2023-W31,configuration.py,2
2023-W31,decorators,1
2023-W31,example_dags,3
2023-W31,exceptions.py,1
2023-W31,executors,1
2023-W31,hooks,1
2023-W31,jobs,2
2023-W31,migrations,1
2023-W31,models,12
2023-W31,providers,50
2023-W31,providers_manager.py,3
2023-W31,serialization,1
2023-W31,ti_deps,2
2023-W31,utils,4
2023-W31,www,15
2023-W32,__main__.py,1
2023-W32,api,1
2023-W32,api_connexion,4
2023-W32,api_internal,1
2023-W32,auth,4
2023-W32,callbacks,1
2023-W32,cli,5
2023-W32,config_templates,9
2023-W32,configuration.py,2
2023-W32,dag_processing,3
2023-W32,decorators,2
2023-W32,example_dags,1
2023-W32,exceptions.py,1
2023-W32,executors,2
2023-W32,hooks,2
2023-W32,jobs,6
2023-W32,kubernetes,1
2023-W32,lineage,1
2023-W32,listeners,1
2023-W32,metrics,2
2023-W32,migrations,4
2023-W32,models,7
2023-W32,notifications,1
2023-W32,operators,4
2023-W32,policies.py,2
2023-W32,providers,32
2023-W32,providers_manager.py,1
2023-W32,secrets,2
2023-W32,security,1
2023-W32,sensors,1
2023-W32,sentry.py,1
2023-W32,serialization,3
2023-W32,settings.py,3
2023-W32,task,1
2023-W32,template,1
2023-W32,ti_deps,2
2023-W32,timetables,1
2023-W32,triggers,1
2023-W32,utils,7
2023-W32,www,13
2023-W33,__init__.py,1
2023-W33,api_connexion,1
2023-W33,auth,3
2023-W33,cli,3
2023-W33,config_templates,2
2023-W33,configuration.py,2
2023-W33,dag_processing,1
2023-W33,decorators,1
2023-W33,example_dags,1
2023-W33,executors,2
2023-W33,jobs,1
2023-W33,kubernetes,1
2023-W33,lineage,1
2023-W33,models,7
2023-W33,operators,1
2023-W33,plugins_manager.py,1
2023-W33,providers,33
2023-W33,providers_manager.py,2
2023-W33,sensors,2
2023-W33,serialization,2
2023-W33,template,1
2023-W33,timetables,1
2023-W33,triggers,1
2023-W33,utils,6
2023-W33,www,11
2023-W34,api,3
2023-W34,api_connexion,3
2023-W34,api_internal,1
2023-W34,auth,6
2023-W34,callbacks,1
2023-W34,cli,11
2023-W34,configuration.py,2
2023-W34,contrib,1
2023-W34,dag_processing,4
2023-W34,datasets,1
2023-W34,decorators,2
2023-W34,example_dags,3
2023-W34,executors,1
2023-W34,jobs,6
2023-W34,lineage,1
2023-W34,listeners,1
2023-W34,models,10
2023-W34,operators,4
2023-W34,policies.py,1
2023-W34,provider_info.schema.json,1
2023-W34,providers,77
2023-W34,sensors,9
2023-W34,sentry.py,1
2023-W34,serialization,1
2023-W34,task,1
2023-W34,ti_deps,1
2023-W34,timetables,1
2023-W34,triggers,2
2023-W34,utils,19
2023-W34,www,15
2023-W35,api,3
2023-W35,api_connexion,2
2023-W35,api_internal,4
2023-W35,cli,6
2023-W35,configuration.py,2
2023-W35,dag_processing,2
2023-W35,datasets,1
2023-W35,example_dags,2
2023-W35,exceptions.py,1
2023-W35,executors,2
2023-W35,jobs,4
2023-W35,kubernetes,1
2023-W35,macros,1
2023-W35,metrics,1
2023-W35,models,6
2023-W35,notifications,1
2023-W35,plugins_manager.py,1
2023-W35,providers,52
2023-W35,providers_manager.py,4
2023-W35,secrets,2
2023-W35,sensors,1
2023-W35,serialization,5
2023-W35,settings.py,2
2023-W35,stats.py,2
2023-W35,task,1
2023-W35,template,1
2023-W35,templates.py,1
2023-W35,ti_deps,2
2023-W35,timetables,1
2023-W35,triggers,2
2023-W35,typing_compat.py,2
2023-W35,utils,7
2023-W35,www,13
2023-W36,api,1
2023-W36,api_connexion,2
2023-W36,auth,1
2023-W36,cli,2
2023-W36,configuration.py,2
2023-W36,decorators,2
2023-W36,example_dags,1
2023-W36,executors,1
2023-W36,jobs,4
2023-W36,kubernetes,1
2023-W36,models,7
2023-W36,plugins_manager.py,1
2023-W36,providers,39
2023-W36,providers_manager.py,1
2023-W36,serialization,5
2023-W36,settings.py,1
2023-W36,template,1
2023-W36,ti_deps,1
2023-W36,utils,5
2023-W36,www,12
2023-W37,_vendor,1
2023-W37,api,2
2023-W37,api_connexion,4
2023-W37,auth,2
2023-W37,cli,2
2023-W37,config_templates,2
2023-W37,dag_processing,2
2023-W37,decorators,2
2023-W37,example_dags,2
2023-W37,exceptions.py,1
2023-W37,jobs,3
2023-W37,kubernetes,1
2023-W37,metrics,1
2023-W37,migrations,2
2023-W37,models,7
2023-W37,operators,4
2023-W37,plugins_manager.py,1
2023-W37,providers,25
2023-W37,serialization,1
2023-W37,settings.py,1
2023-W37,ti_deps,2
2023-W37,utils,5
2023-W37,www,9
2023-W38,api_internal,2
2023-W38,auth,1
2023-W38,cli,1
2023-W38,dag_processing,1
2023-W38,decorators,1
2023-W38,jobs,1
2023-W38,metrics,1
2023-W38,migrations,1
2023-W38,models,2
2023-W38,providers,38
2023-W38,serialization,2
2023-W38,ti_deps,1
2023-W38,utils,2
2023-W38,www,6
2023-W39,alembic.ini,1
2023-W39,api,1
2023-W39,api_connexion,2
2023-W39,auth,3
2023-W39,cli,5
2023-W39,configuration.py,2
2023-W39,dag_processing,1
2023-W39,decorators,1
2023-W39,example_dags,2
2023-W39,migrations,1
2023-W39,models,7
2023-W39,providers,24
2023-W39,serialization,4
2023-W39,ti_deps,1
2023-W39,utils,3
2023-W39,www,11
2023-W40,__init__.py,1
2023-W40,api_connexion,1
2023-W40,configuration.py,2
2023-W40,dag_processing,1
2023-W40,jobs,2
2023-W40,models,1
2023-W40,providers,13
2023-W40,serialization,3
2023-W40,ti_deps,2
2023-W40,utils,3
2023-W40,www,4
2023-W41,api_connexion,2
2023-W41,auth,1
2023-W41,cli,1
2023-W41,config_templates,1
2023-W41,providers,17
2023-W41,security,1
2023-W41,sensors,1
2023-W41,www,5
2023-W42,api,3
2023-W42,api_connexion,8
2023-W42,auth,5
2023-W42,cli,4
2023-W42,config_templates,1
2023-W42,dag_processing,1
2023-W42,decorators,2
2023-W42,example_dags,3
2023-W42,jobs,1
2023-W42,lineage,1
2023-W42,migrations,1
2023-W42,models,4
2023-W42,operators,2
2023-W42,plugins_manager.py,2
2023-W42,providers,21
2023-W42,security,1
2023-W42,sensors,2
2023-W42,serialization,2
2023-W42,settings.py,1
2023-W42,ti_deps,1
2023-W42,timetables,2
2023-W42,triggers,3
2023-W42,utils,3
2023-W42,www,11
2023-W43,api_connexion,1
2023-W43,auth,1
2023-W43,cli,3
2023-W43,config_templates,1
2023-W43,example_dags,2
2023-W43,io,1
2023-W43,jobs,2
2023-W43,models,2
2023-W43,operators,2
2023-W43,provider.yaml.schema.json,1
2023-W43,provider_info.schema.json,1
2023-W43,providers,23
2023-W43,providers_manager.py,2
2023-W43,security,1
2023-W43,serialization,1
2023-W43,utils,1
2023-W43,www,4
2023-W44,__main__.py,1
2023-W44,api,1
2023-W44,api_connexion,5
2023-W44,auth,3
2023-W44,cli,1
2023-W44,configuration.py,1
2023-W44,dag_processing,1
2023-W44,decorators,1
2023-W44,hooks,1
2023-W44,io,1
2023-W44,lineage,1
2023-W44,models,4
2023-W44,operators,3
2023-W44,providers,46
2023-W44,security,1
2023-W44,serialization,3
2023-W44,settings.py,2
2023-W44,ti_deps,2
2023-W44,timetables,1
2023-W44,utils,4
2023-W44,www,5
2023-W45,api,1
2023-W45,api_connexion,1
2023-W45,auth,4
2023-W45,cli,4
2023-W45,config_templates,3
2023-W45,dag_processing,1
2023-W45,decorators,2
2023-W45,example_dags,2
2023-W45,io,1
2023-W45,metrics,1
2023-W45,models,3
2023-W45,provider.yaml.schema.json,1
2023-W45,providers,31
2023-W45,serialization,3
2023-W45,timetables,1
2023-W45,utils,3
2023-W45,www,10
2023-W46,api_connexion,1
2023-W46,api_internal,1
2023-W46,auth,1
2023-W46,cli,2
2023-W46,config_templates,1
2023-W46,contrib,1
2023-W46,dag_processing,1
2023-W46,datasets,1
2023-W46,example_dags,1
2023-W46,io,1
2023-W46,jobs,3
2023-W46,listeners,1
2023-W46,models,3
2023-W46,provider.yaml.schema.json,1
2023-W46,providers,32
2023-W46,serialization,1
2023-W46,template,1
2023-W46,ti_deps,1
2023-W46,utils,4
2023-W46,www,7
2023-W47,api_connexion,2
2023-W47,auth,1
2023-W47,config_templates,1
2023-W47,configuration.py,2
2023-W47,jobs,2
2023-W47,models,4
2023-W47,operators,1
2023-W47,providers,31
2023-W47,sensors,1
2023-W47,serialization,3
2023-W47,utils,3
2023-W47,www,4
2023-W48,api_connexion,1
2023-W48,api_internal,1
2023-W48,auth,1
2023-W48,config_templates,2
2023-W48,dag_processing,1
2023-W48,example_dags,3
2023-W48,executors,3
2023-W48,io,2
2023-W48,migrations,2
2023-W48,models,9
2023-W48,providers,31
2023-W48,serialization,3
2023-W48,task,1
2023-W48,utils,3
2023-W48,www,8
2023-W49,__init__.py,1
2023-W49,api_connexion,2
2023-W49,auth,2
2023-W49,config_templates,1
2023-W49,decorators,1
2023-W49,example_dags,2
2023-W49,executors,1
2023-W49,io,1
2023-W49,migrations,1
2023-W49,models,4
2023-W49,providers,27
2023-W49,sensors,1
2023-W49,serialization,1
2023-W49,task,1
2023-W49,timetables,3
2023-W49,utils,2
2023-W49,www,3
2023-W50,api,1
2023-W50,api_connexion,3
2023-W50,auth,3
2023-W50,cli,1
2023-W50,config_templates,1
2023-W50,datasets,1
2023-W50,io,3
2023-W50,macros,1
2023-W50,migrations,1
2023-W50,models,3
2023-W50,providers,29
2023-W50,sensors,1
2023-W50,utils,2
2023-W50,www,6
2023-W51,api_connexion,2
2023-W51,auth,1
2023-W51,decorators,1
2023-W51,example_dags,2
2023-W51,models,1
2023-W51,operators,4
2023-W51,provider.yaml.schema.json,1
2023-W51,providers,36
2023-W51,settings.py,1
2023-W51,www,1
2023-W52,cli,1
2023-W52,config_templates,1
2023-W52,contrib,1
2023-W52,decorators,2
2023-W52,hooks,1
2023-W52,jobs,3
2023-W52,provider.yaml.schema.json,2
2023-W52,provider_info.schema.json,1
2023-W52,providers,37
2023-W52,providers_manager.py,1
2023-W52,serialization,1
2023-W52,utils,2
2023-W52,www,1
2024-W01,cli,2
2024-W01,config_templates,2
2024-W01,contrib,1
2024-W01,decorators,1
2024-W01,io,2
2024-W01,jobs,1
2024-W01,models,6
2024-W01,operators,1
2024-W01,providers,26
2024-W01,providers_manager.py,1
2024-W01,sensors,1
2024-W01,settings.py,1
2024-W01,utils,4
2024-W01,www,7
2024-W02,_vendor,1
2024-W02,api_connexion,1
2024-W02,cli,3
2024-W02,config_templates,2
2024-W02,configuration.py,1
2024-W02,dag_processing,1
2024-W02,decorators,2
2024-W02,example_dags,1
2024-W02,hooks,1
2024-W02,jobs,2
2024-W02,metrics,1
2024-W02,migrations,1
2024-W02,models,5
2024-W02,operators,1
2024-W02,provider.yaml.schema.json,1
2024-W02,providers,38
2024-W02,providers_manager.py,1
2024-W02,reproducible_build.yaml,1
2024-W02,serialization,1
2024-W02,settings.py,2
2024-W02,timetables,2
2024-W02,utils,4
2024-W02,www,7
2024-W03,api_connexion,2
2024-W03,auth,1
2024-W03,cli,1
2024-W03,config_templates,1
2024-W03,dag_processing,1
2024-W03,jobs,1
2024-W03,models,4
2024-W03,operators,1
2024-W03,providers,35
2024-W03,reproducible_build.yaml,1
2024-W03,sensors,1
2024-W03,utils,2
2024-W03,www,11
2024-W04,api_connexion,2
2024-W04,config_templates,3
2024-W04,datasets,1
2024-W04,example_dags,1
2024-W04,jobs,2
2024-W04,models,4
2024-W04,providers,26
2024-W04,reproducible_build.yaml,1
2024-W04,sensors,2
2024-W04,sentry.py,1
2024-W04,serialization,2
2024-W04,settings.py,1
2024-W04,triggers,2
2024-W04,utils,1
2024-W04,www,5
2024-W05,api_connexion,1
2024-W05,configuration.py,1
2024-W05,example_dags,1
2024-W05,models,4
2024-W05,provider.yaml.schema.json,1
2024-W05,providers,23
2024-W05,secrets,1
2024-W05,serialization,2
2024-W05,settings.py,1
2024-W05,task,1
2024-W05,ti_deps,1
2024-W05,timetables,2
2024-W05,utils,2
2024-W05,www,4
2024-W06,api,1
2024-W06,api_connexion,2
2024-W06,auth,2
2024-W06,config_templates,1
2024-W06,decorators,1
2024-W06,executors,1
2024-W06,models,6
2024-W06,operators,2
2024-W06,plugins_manager.py,1
2024-W06,providers,41
2024-W06,providers_manager.py,1
2024-W06,serialization,1
2024-W06,settings.py,1
2024-W06,utils,5
2024-W06,www,6
2024-W07,cli,1
2024-W07,decorators,1
2024-W07,exceptions.py,1
2024-W07,models,2
2024-W07,operators,1
2024-W07,providers,43
2024-W07,providers_manager.py,1
2024-W07,serialization,2
2024-W07,utils,2
2024-W07,www,6
2024-W08,__init__.py,3
2024-W08,api,1
2024-W08,api_connexion,6
2024-W08,auth,2
2024-W08,cli,3
2024-W08,config_templates,2
2024-W08,configuration.py,1
2024-W08,dag_processing,1
2024-W08,datasets,2
2024-W08,decorators,1
2024-W08,example_dags,1
2024-W08,exceptions.py,2
2024-W08,io,2
2024-W08,jobs,1
2024-W08,models,7
2024-W08,operators,1
2024-W08,providers,33
2024-W08,serialization,4
2024-W08,settings.py,1
2024-W08,ti_deps,1
2024-W08,timetables,2
2024-W08,utils,5
2024-W08,www,19
2024-W09,__init__.py,1
2024-W09,api_connexion,1
2024-W09,api_internal,1
2024-W09,config_templates,1
2024-W09,dag_processing,1
2024-W09,datasets,3
2024-W09,example_dags,3
2024-W09,executors,1
2024-W09,io,1
2024-W09,jobs,1
2024-W09,metrics,1
2024-W09,migrations,3
2024-W09,models,7
2024-W09,operators,1
2024-W09,provider.yaml.schema.json,1
2024-W09,providers,28
2024-W09,providers_manager.py,1
2024-W09,reproducible_build.yaml,1
2024-W09,sensors,1
2024-W09,serialization,2
2024-W09,settings.py,2
2024-W09,ti_deps,1
2024-W09,timetables,2
2024-W09,triggers,1
2024-W09,utils,4
2024-W09,www,8
2024-W10,api,1
2024-W10,api_connexion,3
2024-W10,auth,2
2024-W10,cli,2
2024-W10,configuration.py,2
2024-W10,decorators,2
2024-W10,example_dags,1
2024-W10,executors,2
2024-W10,hooks,1
2024-W10,io,1
2024-W10,jobs,2
2024-W10,macros,1
2024-W10,migrations,3
2024-W10,models,7
2024-W10,operators,4
2024-W10,providers,35
2024-W10,providers_manager.py,1
2024-W10,serialization,2
2024-W10,settings.py,1
2024-W10,task,1
2024-W10,template,1
2024-W10,triggers,1
2024-W10,utils,2
2024-W10,www,11
2024-W11,__init__.py,3
2024-W11,api_connexion,3
2024-W11,auth,1
2024-W11,cli,3
2024-W11,config_templates,1
2024-W11,datasets,2
2024-W11,example_dags,1
2024-W11,jobs,1
2024-W11,migrations,1
2024-W11,models,5
2024-W11,providers,28
2024-W11,reproducible_build.yaml,1
2024-W11,sentry.py,1
2024-W11,serialization,4
2024-W11,www,9
2024-W12,__main__.py,1
2024-W12,api,1
2024-W12,api_connexion,6
2024-W12,api_internal,3
2024-W12,auth,2
2024-W12,cli,5
2024-W12,config_templates,3
2024-W12,configuration.py,3
2024-W12,contrib,1
2024-W12,dag_processing,2
2024-W12,datasets,1
2024-W12,decorators,3
2024-W12,example_dags,4
2024-W12,exceptions.py,1
2024-W12,executors,3
2024-W12,hooks,2
2024-W12,jobs,6
2024-W12,kubernetes,1
2024-W12,lineage,2
2024-W12,metrics,1
2024-W12,migrations,1
2024-W12,models,13
2024-W12,operators,2
2024-W12,plugins_manager.py,2
2024-W12,providers,46
2024-W12,providers_manager.py,2
2024-W12,secrets,1
2024-W12,sentry,1
2024-W12,sentry.py,2
2024-W12,serialization,8
2024-W12,settings.py,1
2024-W12,task,3
2024-W12,ti_deps,2
2024-W12,timetables,1
2024-W12,triggers,1
2024-W12,typing_compat.py,1
2024-W12,utils,5
2024-W12,www,19
2024-W13,api_connexion,4
2024-W13,api_internal,2
2024-W13,cli,5
2024-W13,config_templates,1
2024-W13,datasets,1
2024-W13,example_dags,1
2024-W13,migrations,3
2024-W13,models,11
2024-W13,operators,1
2024-W13,plugins_manager.py,1
2024-W13,providers,22
2024-W13,reproducible_build.yaml,1
2024-W13,sentry,1
2024-W13,sentry.py,1
2024-W13,serialization,7
2024-W13,task,1
2024-W13,utils,4
2024-W13,www,11
2024-W14,__init__.py,1
2024-W14,api_connexion,1
2024-W14,api_internal,5
2024-W14,cli,3
2024-W14,compat,1
2024-W14,config_templates,1
2024-W14,exceptions.py,1
2024-W14,jobs,1
2024-W14,migrations,2
2024-W14,models,9
2024-W14,providers,30
2024-W14,providers_manager.py,1
2024-W14,reproducible_build.yaml,1
2024-W14,serialization,4
2024-W14,settings.py,1
2024-W14,ti_deps,1
2024-W14,triggers,1
2024-W14,utils,7
2024-W14,www,6
2024-W15,api_connexion,4
2024-W15,api_internal,3
2024-W15,cli,3
2024-W15,config_templates,2
2024-W15,datasets,2
2024-W15,example_dags,1
2024-W15,jobs,1
2024-W15,listeners,1
2024-W15,models,8
2024-W15,operators,1
2024-W15,providers,41
2024-W15,reproducible_build.yaml,2
2024-W15,sensors,1
2024-W15,serialization,4
2024-W15,settings.py,1
2024-W15,utils,6
2024-W15,www,7
2024-W16,__init__.py,1
2024-W16,api,1
2024-W16,api_connexion,3
2024-W16,api_internal,1
2024-W16,cli,1
2024-W16,configuration.py,1
2024-W16,dag_processing,1
2024-W16,datasets,1
2024-W16,decorators,1
2024-W16,example_dags,3
2024-W16,executors,1
2024-W16,jobs,1
2024-W16,kubernetes,1
2024-W16,logging_config.py,1
2024-W16,metrics,1
2024-W16,migrations,1
2024-W16,models,8
2024-W16,operators,1
2024-W16,providers,24
2024-W16,providers_manager.py,1
2024-W16,serialization,2
2024-W16,settings.py,1
2024-W16,utils,3
2024-W16,www,7
2024-W17,__init__.py,1
2024-W17,api,1
2024-W17,api_connexion,1
2024-W17,api_internal,2
2024-W17,auth,4
2024-W17,cli,2
2024-W17,exceptions.py,1
2024-W17,executors,2
2024-W17,jobs,2
2024-W17,migrations,1
2024-W17,models,9
2024-W17,operators,1
2024-W17,providers,28
2024-W17,reproducible_build.yaml,1
2024-W17,sensors,1
2024-W17,serialization,2
2024-W17,utils,5
2024-W17,www,8
2024-W18,api_connexion,1
2024-W18,cli,2
2024-W18,config_templates,2
2024-W18,datasets,1
2024-W18,decorators,2
2024-W18,example_dags,2
2024-W18,io,1
2024-W18,lineage,1
2024-W18,migrations,5
2024-W18,models,8
2024-W18,operators,2
2024-W18,providers,24
2024-W18,sensors,1
2024-W18,serialization,3
2024-W18,timetables,1
2024-W18,utils,5
2024-W18,www,4
2024-W19,api,1
2024-W19,api_connexion,1
2024-W19,decorators,1
2024-W19,example_dags,1
2024-W19,executors,1
2024-W19,jobs,3
2024-W19,lineage,1
2024-W19,metrics,1
2024-W19,migrations,2
2024-W19,models,3
2024-W19,operators,1
2024-W19,providers,32
2024-W19,reproducible_build.yaml,1
2024-W19,sensors,1
2024-W19,typing_compat.py,1
2024-W19,utils,7
2024-W19,www,6
2024-W20,api_connexion,2
2024-W20,cli,3
2024-W20,config_templates,3
2024-W20,dag_processing,1
2024-W20,datasets,1
2024-W20,executors,1
2024-W20,jobs,2
2024-W20,migrations,3
2024-W20,models,3
2024-W20,providers,31
2024-W20,sensors,1
2024-W20,settings.py,3
2024-W20,utils,6
2024-W20,www,6
2024-W21,api_connexion,2
2024-W21,api_internal,1
2024-W21,cli,2
2024-W21,config_templates,1
2024-W21,datasets,2
2024-W21,example_dags,1
2024-W21,models,4
2024-W21,operators,1
2024-W21,providers,29
2024-W21,sensors,2
2024-W21,serialization,3
2024-W21,task,1
2024-W21,ti_deps,1
2024-W21,utils,2
2024-W21,www,3
2024-W22,__init__.py,1
2024-W22,config_templates,1
2024-W22,example_dags,3
2024-W22,jobs,1
2024-W22,models,3
2024-W22,operators,1
2024-W22,providers,33
2024-W22,providers_manager.py,1
2024-W22,serialization,1
2024-W22,www,5
2024-W23,_vendor,1
2024-W23,api_connexion,1
2024-W23,config_templates,1
2024-W23,dag_processing,1
2024-W23,example_dags,1
2024-W23,executors,1
2024-W23,jobs,1
2024-W23,listeners,1
2024-W23,migrations,1
2024-W23,models,3
2024-W23,operators,2
2024-W23,providers,33
2024-W23,utils,1
2024-W23,www,2
2024-W24,api_connexion,2
2024-W24,api_internal,1
2024-W24,cli,2
2024-W24,config_templates,3
2024-W24,contrib,1
2024-W24,decorators,1
2024-W24,executors,1
2024-W24,jobs,1
2024-W24,migrations,1
2024-W24,models,9
2024-W24,providers,21
2024-W24,providers_manager.py,1
2024-W24,reproducible_build.yaml,1
2024-W24,sensors,1
2024-W24,serialization,2
2024-W24,settings.py,1
2024-W24,traces,1
2024-W24,triggers,1
2024-W24,utils,5
2024-W24,www,9
2024-W25,cli,1
2024-W25,config_templates,1
2024-W25,configuration.py,1
2024-W25,migrations,1
2024-W25,models,2
2024-W25,operators,1
2024-W25,providers,20
2024-W25,utils,1
2024-W25,www,6
2024-W26,api,1
2024-W26,api_connexion,1
2024-W26,auth,1
2024-W26,cli,1
2024-W26,configuration.py,1
2024-W26,dag_processing,1
2024-W26,datasets,2
2024-W26,decorators,1
2024-W26,example_dags,1
2024-W26,executors,1
2024-W26,io,1
2024-W26,jobs,1
2024-W26,kubernetes,1
2024-W26,metrics,1
2024-W26,migrations,1
2024-W26,models,4
2024-W26,notifications,1
2024-W26,operators,2
2024-W26,policies.py,1
2024-W26,providers,17
2024-W26,security,1
2024-W26,serialization,3
2024-W26,settings.py,1
2024-W26,task,2
2024-W26,template,1
2024-W26,ti_deps,1
2024-W26,timetables,3
2024-W26,triggers,1
2024-W26,utils,1
2024-W26,www,7
2024-W27,api,1
2024-W27,api_connexion,1
2024-W27,cli,2
2024-W27,dag_processing,1
2024-W27,jobs,1
2024-W27,models,1
2024-W27,providers,21
2024-W27,settings.py,1
2024-W27,www,3
2024-W28,cli,3
2024-W28,config_templates,1
2024-W28,example_dags,2
2024-W28,exceptions.py,1
2024-W28,executors,3
2024-W28,jobs,3
2024-W28,models,3
2024-W28,plugins_manager.py,1
2024-W28,providers,31
2024-W28,reproducible_build.yaml,1
2024-W28,sensors,1
2024-W28,serialization,1
2024-W28,utils,2
2024-W28,www,2
2024-W29,__main__.py,1
2024-W29,api_connexion,4
2024-W29,api_internal,4
2024-W29,cli,3
2024-W29,dag_processing,2
2024-W29,datasets,2
2024-W29,executors,4
2024-W29,jobs,2
2024-W29,lineage,1
2024-W29,macros,1
2024-W29,migrations,3
2024-W29,models,10
2024-W29,operators,2
2024-W29,plugins_manager.py,1
2024-W29,provider.yaml.schema.json,1
2024-W29,providers,18
2024-W29,providers_manager.py,1
2024-W29,reproducible_build.yaml,1
2024-W29,sensors,1
2024-W29,serialization,5
2024-W29,settings.py,1
2024-W29,template,1
2024-W29,traces,1
2024-W29,utils,5
2024-W29,www,8
2024-W30,__main__.py,1
2024-W30,api_connexion,6
2024-W30,api_internal,8
2024-W30,callbacks,1
2024-W30,cli,2
2024-W30,config_templates,1
2024-W30,dag_processing,3
2024-W30,datasets,3
2024-W30,decorators,1
2024-W30,example_dags,5
2024-W30,exceptions.py,1
2024-W30,executors,2
2024-W30,io,1
2024-W30,jobs,1
2024-W30,lineage,2
2024-W30,migrations,1
2024-W30,models,11
2024-W30,provider.yaml.schema.json,1
2024-W30,providers,26
2024-W30,providers_manager.py,2
2024-W30,sensors,3
2024-W30,serialization,5
2024-W30,settings.py,3
2024-W30,task,1
2024-W30,template,2
2024-W30,timetables,2
2024-W30,triggers,2
2024-W30,utils,11
2024-W30,www,10
2024-W31,api_connexion,2
2024-W31,api_internal,2
2024-W31,config_templates,1
2024-W31,dag_processing,1
2024-W31,datasets,1
2024-W31,example_dags,1
2024-W31,executors,1
2024-W31,jobs,3
2024-W31,lineage,1
2024-W31,migrations,1
2024-W31,models,11
2024-W31,operators,1
2024-W31,providers,12
2024-W31,sensors,2
2024-W31,serialization,2
2024-W31,settings.py,6
2024-W31,ti_deps,1
2024-W31,utils,1
2024-W31,www,15
2024-W32,__init__.py,1
2024-W32,api,1
2024-W32,api_connexion,1
2024-W32,api_internal,3
2024-W32,config_templates,1
2024-W32,datasets,1
2024-W32,decorators,4
2024-W32,example_dags,4
2024-W32,exceptions.py,2
2024-W32,hooks,1
2024-W32,migrations,1
2024-W32,models,7
2024-W32,operators,5
2024-W32,providers,8
2024-W32,reproducible_build.yaml,1
2024-W32,security,2
2024-W32,serialization,3
2024-W32,settings.py,2
2024-W32,timetables,1
2024-W32,utils,8
2024-W32,www,12
2024-W33,datasets,1
2024-W34,api_connexion,1
2024-W34,api_internal,1
2024-W34,example_dags,1
2024-W34,executors,1
2024-W34,io,1
2024-W34,jobs,1
2024-W34,models,3
2024-W34,providers,1
2024-W34,serialization,2
2024-W34,settings.py,2
2024-W34,traces,1
2024-W34,utils,1
2024-W34,www,6
2024-W35,__init__.py,1
2024-W35,api_connexion,1
2024-W35,dag_processing,2
2024-W35,example_dags,1
2024-W35,jobs,2
2024-W35,models,1
2024-W35,plugins_manager.py,1
2024-W35,reproducible_build.yaml,1
2024-W35,triggers,1
2024-W35,utils,1
2024-W35,www,5
2024-W36,cli,1
2024-W36,io,1
2024-W36,jobs,1
2024-W36,models,3
2024-W36,providers,1
2024-W37,__init__.py,1
2024-W37,api_connexion,1
2024-W37,config_templates,1
2024-W37,dag_processing,2
2024-W37,example_dags,1
2024-W37,metrics,1
2024-W37,models,1
2024-W37,reproducible_build.yaml,1
2024-W37,www,7
2024-W38,datasets,1
2024-W38,models,3
2024-W38,serialization,1
2024-W38,utils,1
2024-W38,www,1
2024-W39,api_connexion,1
2024-W39,config_templates,1
2024-W39,jobs,1
2024-W39,metrics,1
2024-W39,traces,1
2024-W39,www,3
2024-W40,jobs,1
2024-W40,metrics,1
2024-W40,www,3
2024-W41,api_connexion,1
2024-W41,datasets,1
2024-W41,example_dags,1
2024-W41,models,1
2024-W41,providers,1
2024-W41,www,2
2024-W42,api,1
2024-W42,api_internal,1
2024-W42,jobs,1
2024-W42,models,3
2024-W42,providers,1
2024-W42,utils,1
2024-W42,www,1
2024-W43,__init__.py,1
2024-W43,api_connexion,1
2024-W43,configuration.py,2
2024-W43,hooks,1
2024-W43,migrations,1
2024-W43,models,2
2024-W43,operators,1
2024-W43,providers,2
2024-W43,reproducible_build.yaml,1
2024-W43,settings.py,1
2024-W43,utils,3
2024-W43,www,3
2024-W44,api,1
2024-W44,api_connexion,2
2024-W44,jobs,2
2024-W44,migrations,1
2024-W44,models,1
2024-W44,reproducible_build.yaml,1
2024-W44,www,3
2024-W45,example_dags,1
2024-W45,utils,1
2024-W45,www,2
2024-W46,api_connexion,2
2024-W46,config_templates,2
2024-W46,example_dags,1
2024-W46,metrics,1
2024-W46,models,2
2024-W46,utils,3
2024-W46,www,1
2024-W47,api_connexion,1
2024-W47,configuration.py,1
2024-W47,executors,1
2024-W47,jobs,1
2024-W47,utils,1
2024-W47,www,2
2024-W48,decorators,1
2024-W48,metrics,1
2024-W48,models,1
2024-W48,www,2
2024-W49,__init__.py,1
2024-W49,api_connexion,1
2024-W49,decorators,1
2024-W49,reproducible_build.yaml,1
2024-W49,utils,1
2024-W49,www,1
2024-W50,datasets,1
2024-W50,jobs,1
2024-W50,models,1
2024-W50,www,2
2024-W51,api_connexion,1
2024-W51,cli,1
2024-W51,models,2
2024-W51,providers,1
2024-W51,ti_deps,2
2024-W51,utils,2
2024-W51,www,3
2024-W52,providers,1
2024-W52,sensors,1
2025-W01,www,1
2025-W02,api,1
2025-W02,api_connexion,1
2025-W02,executors,1
2025-W02,models,1
2025-W02,providers,2
2025-W02,providers_manager.py,1
2025-W02,reproducible_build.yaml,1
2025-W02,serialization,1
2025-W03,utils,1
2025-W03,www,2
2025-W04,cli,1
2025-W04,config_templates,1
2025-W04,reproducible_build.yaml,1
2025-W04,settings.py,1
2025-W04,utils,1
2025-W05,__init__.py,1
2025-W05,api_connexion,1
2025-W05,config_templates,1
2025-W05,executors,1
2025-W05,models,1
2025-W05,plugins_manager.py,1
2025-W05,reproducible_build.yaml,1
2025-W05,utils,1
2025-W05,www,1
2025-W06,api_connexion,1
2025-W06,www,2
2025-W07,cli,2
2025-W07,utils,1
2025-W07,www,1
2025-W08,models,2
2025-W08,serialization,1
2025-W08,www,1
2025-W09,config_templates,1
2025-W09,providers,1
2025-W09,timetables,1
2025-W11,serialization,1
2025-W12,models,1
2025-W12,serialization,1
2025-W12,www,1
2025-W14,models,1
2025-W15,models,1
2025-W15,providers,1
2025-W15,timetables,1
2025-W15,utils,1
2025-W18,__init__.py,1
2025-W18,api_internal,1
2025-W18,configuration.py,1
2025-W18,utils,1
2025-W18,www,1
2025-W19,cli,1
2025-W19,config_templates,1
2025-W19,configuration.py,1
2025-W19,dag_processing,1
2025-W19,models,1
2025-W20,reproducible_build.yaml,1
2025-W20,serialization,1
2025-W21,api,1
2025-W21,migrations,1
2025-W22,www,2
2025-W24,www,1
2025-W25,providers,1
2025-W25,utils,1
2025-W26,decorators,1
2025-W26,utils,1
2025-W27,jobs,1
2025-W27,utils,1
2025-W28,www,1
2025-W38,api_connexion,1
2025-W44,migrations,1
2026-W06,__init__.py,1
2026-W06,api_internal,1
2026-W06,cli,1
2026-W06,example_dags,1
2026-W06,kubernetes,1
2026-W06,migrations,1
2026-W06,models,1
2026-W06,operators,1
2026-W06,providers,3
2026-W06,reproducible_build.yaml,1
2026-W06,utils,1
2026-W06,www,1
2026-W07,api_connexion,1
2026-W07,cli,1
2026-W07,config_templates,1
2026-W07,datasets,1
2026-W07,jobs,2
2026-W07,models,3
2026-W07,providers,4
2026-W07,reproducible_build.yaml,1
2026-W07,settings.py,1
2026-W07,utils,3
2026-W07,www,1
