bucket,module,count
2002-W15,arm,1
2002-W15,bonding,1
2002-W15,iseries_veth.c,1
2002-W15,macb.c,1
2002-W15,smc911x.c,1
2002-W15,smc91x.c,1
2002-W15,wireless,1
2003-W08,forcedeth.c,1
2005-W11,b44.c,1
2005-W11,ne2k-pci.c,1
2005-W12,ppp_generic.c,1
2005-W12,wan,1
2005-W12,wireless,2
2005-W13,Kconfig,1
2005-W13,Makefile,2
2005-W13,arm,1
2005-W13,chelsio,1
2005-W13,pcmcia,1
2005-W13,skge.c,2
2005-W14,ns83820.c,1
2005-W14,pcmcia,1
2005-W14,sis900.c,1
2005-W14,wireless,1
2005-W15,3c501.c,1
2005-W15,3c501.h,1
2005-W15,3c503.c,1
2005-W15,3c503.h,1
2005-W15,3c505.c,1
2005-W15,3c505.h,1
2005-W15,3c507.c,1
2005-W15,3c509.c,1
2005-W15,3c515.c,1
2005-W15,3c523.c,1
2005-W15,3c523.h,1
2005-W15,3c527.c,1
2005-W15,3c527.h,1
2005-W15,3c59x.c,1
2005-W15,7990.c,1
2005-W15,7990.h,1
2005-W15,8139cp.c,2
2005-W15,8139too.c,1
2005-W15,82596.c,1
2005-W15,8390.c,1
2005-W15,8390.h,1
2005-W15,Kconfig,2
2005-W15,LICENSE.SRC,1
2005-W15,Makefile,1
2005-W15,Space.c,1
2005-W15,a2065.c,1
2005-W15,a2065.h,1
2005-W15,ac3200.c,1
2005-W15,acenic.c,1
2005-W15,acenic.h,1
2005-W15,acenic_firmware.h,1
2005-W15,amd8111e.c,1
2005-W15,amd8111e.h,1
2005-W15,apne.c,1
2005-W15,appletalk,1
2005-W15,arcnet,1
2005-W15,ariadne.c,1
2005-W15,ariadne.h,1
2005-W15,arm,1
2005-W15,at1700.c,1
2005-W15,atari_bionet.c,1
2005-W15,atari_pamsnet.c,1
2005-W15,atarilance.c,1
2005-W15,atp.c,1
2005-W15,atp.h,1
2005-W15,au1000_eth.c,1
2005-W15,au1000_eth.h,1
2005-W15,b44.c,1
2005-W15,b44.h,1
2005-W15,bmac.c,2
2005-W15,bmac.h,1
2005-W15,bonding,1
2005-W15,bsd_comp.c,1
2005-W15,cris,1
2005-W15,cs89x0.c,1
2005-W15,cs89x0.h,1
2005-W15,de600.c,1
2005-W15,de600.h,1
2005-W15,de620.c,1
2005-W15,de620.h,1
2005-W15,declance.c,1
2005-W15,defxx.c,1
2005-W15,defxx.h,1
2005-W15,depca.c,1
2005-W15,depca.h,1
2005-W15,dgrs.c,1
2005-W15,dgrs.h,1
2005-W15,dgrs_asstruct.h,1
2005-W15,dgrs_bcomm.h,1
2005-W15,dgrs_es4h.h,1
2005-W15,dgrs_ether.h,1
2005-W15,dgrs_firmware.c,1
2005-W15,dgrs_i82596.h,1
2005-W15,dgrs_plx9060.h,1
2005-W15,dl2k.c,1
2005-W15,dl2k.h,1
2005-W15,dummy.c,1
2005-W15,e100.c,1
2005-W15,e1000,1
2005-W15,e2100.c,1
2005-W15,eepro.c,1
2005-W15,eepro100.c,1
2005-W15,eexpress.c,1
2005-W15,eexpress.h,1
2005-W15,epic100.c,1
2005-W15,eql.c,1
2005-W15,es3210.c,1
2005-W15,eth16i.c,1
2005-W15,ewrk3.c,1
2005-W15,ewrk3.h,1
2005-W15,fealnx.c,1
2005-W15,fec.c,1
2005-W15,fec.h,1
2005-W15,fec_8xx,1
2005-W15,fmv18x.c,1
2005-W15,forcedeth.c,1
2005-W15,gianfar.c,1
2005-W15,gianfar.h,1
2005-W15,gianfar_ethtool.c,1
2005-W15,gianfar_phy.c,1
2005-W15,gianfar_phy.h,1
2005-W15,gt64240eth.h,1
2005-W15,gt96100eth.c,1
2005-W15,gt96100eth.h,1
2005-W15,hamachi.c,1
2005-W15,hamradio,1
2005-W15,hp-plus.c,1
2005-W15,hp.c,1
2005-W15,hp100.c,1
2005-W15,hp100.h,1
2005-W15,hplance.c,1
2005-W15,hplance.h,1
2005-W15,hydra.c,1
2005-W15,hydra.h,1
2005-W15,ibm_emac,2
2005-W15,ibmlana.c,1
2005-W15,ibmlana.h,1
2005-W15,ibmveth.c,1
2005-W15,ibmveth.h,1
2005-W15,ioc3-eth.c,1
2005-W15,irda,3
2005-W15,isa-skeleton.c,1
2005-W15,iseries_veth.c,1
2005-W15,iseries_veth.h,1
2005-W15,ixgb,1
2005-W15,jazzsonic.c,1
2005-W15,lance.c,1
2005-W15,lasi_82596.c,1
2005-W15,lne390.c,1
2005-W15,loopback.c,1
2005-W15,lp486e.c,1
2005-W15,mac8390.c,1
2005-W15,mac89x0.c,1
2005-W15,mace.c,1
2005-W15,mace.h,1
2005-W15,macmace.c,1
2005-W15,macsonic.c,1
2005-W15,meth.c,1
2005-W15,meth.h,1
2005-W15,mii.c,1
2005-W15,mv643xx_eth.c,2
2005-W15,mv643xx_eth.h,1
2005-W15,mvme147.c,1
2005-W15,myri_code.h,1
2005-W15,myri_sbus.c,1
2005-W15,myri_sbus.h,1
2005-W15,natsemi.c,2
2005-W15,ne-h8300.c,1
2005-W15,ne.c,1
2005-W15,ne2.c,1
2005-W15,ne2k-pci.c,1
2005-W15,ne3210.c,1
2005-W15,netconsole.c,1
2005-W15,ni5010.c,1
2005-W15,ni5010.h,1
2005-W15,ni52.c,1
2005-W15,ni52.h,1
2005-W15,ni65.c,1
2005-W15,ni65.h,1
2005-W15,ns83820.c,1
2005-W15,oaknet.c,1
2005-W15,pci-skeleton.c,2
2005-W15,pcmcia,2
2005-W15,pcnet32.c,1
2005-W15,plip.c,1
2005-W15,ppp_async.c,1
2005-W15,ppp_deflate.c,1
2005-W15,ppp_generic.c,1
2005-W15,ppp_synctty.c,1
2005-W15,pppoe.c,1
2005-W15,pppox.c,1
2005-W15,r8169.c,2
2005-W15,rrunner.c,1
2005-W15,rrunner.h,1
2005-W15,s2io-regs.h,1
2005-W15,s2io.c,1
2005-W15,s2io.h,1
2005-W15,saa9730.c,1
2005-W15,saa9730.h,1
2005-W15,sb1000.c,1
2005-W15,sb1250-mac.c,1
2005-W15,seeq8005.c,1
2005-W15,seeq8005.h,1
2005-W15,sgiseeq.c,1
2005-W15,sgiseeq.h,1
2005-W15,shaper.c,1
2005-W15,sis900.c,1
2005-W15,sis900.h,1
2005-W15,sk98lin,1
2005-W15,sk_g16.c,1
2005-W15,sk_g16.h,1
2005-W15,sk_mca.c,1
2005-W15,sk_mca.h,1
2005-W15,skfp,1
2005-W15,slhc.c,1
2005-W15,slip.c,1
2005-W15,slip.h,1
2005-W15,smc-mca.c,1
2005-W15,smc-mca.h,1
2005-W15,smc-ultra.c,1
2005-W15,smc-ultra32.c,1
2005-W15,smc9194.c,1
2005-W15,smc9194.h,1
2005-W15,smc91x.c,4
2005-W15,smc91x.h,2
2005-W15,sonic.c,1
2005-W15,sonic.h,1
2005-W15,starfire.c,1
2005-W15,starfire_firmware.pl,1
2005-W15,stnic.c,1
2005-W15,sun3_82586.c,1
2005-W15,sun3_82586.h,1
2005-W15,sun3lance.c,1
2005-W15,sunbmac.c,1
2005-W15,sunbmac.h,1
2005-W15,sundance.c,1
2005-W15,sungem.c,1
2005-W15,sungem.h,1
2005-W15,sungem_phy.c,1
2005-W15,sungem_phy.h,1
2005-W15,sunhme.c,1
2005-W15,sunhme.h,1
2005-W15,sunlance.c,1
2005-W15,sunqe.c,1
2005-W15,sunqe.h,1
2005-W15,tc35815.c,1
2005-W15,tg3.c,1
2005-W15,tg3.h,1
2005-W15,tlan.c,1
2005-W15,tlan.h,1
2005-W15,tokenring,1
2005-W15,tulip,2
2005-W15,tun.c,1
2005-W15,typhoon-firmware.h,1
2005-W15,typhoon.c,2
2005-W15,typhoon.h,1
2005-W15,via-rhine.c,1
2005-W15,via-velocity.c,1
2005-W15,via-velocity.h,1
2005-W15,wan,1
2005-W15,wd.c,1
2005-W15,wireless,2
2005-W15,yellowfin.c,1
2005-W15,znet.c,1
2005-W15,zorro8390.c,1
2005-W16,forcedeth.c,1
2005-W16,hamradio,1
2005-W16,irda,1
2005-W16,slip.c,1
2005-W16,sunbmac.c,1
2005-W16,sunhme.c,1
2005-W16,sunlance.c,1
2005-W16,sunqe.c,1
2005-W16,tg3.c,22
2005-W16,tg3.h,9
2005-W16,wan,1
2005-W17,Kconfig,1
2005-W17,e100.c,6
2005-W17,e1000,16
2005-W17,gt96100eth.h,1
2005-W17,hp100.c,1
2005-W17,ixgb,11
2005-W17,mv643xx_eth.c,1
2005-W17,pcnet32.c,1
2005-W17,r8169.c,1
2005-W17,slip.c,1
2005-W17,tg3.c,4
2005-W17,tulip,1
2005-W17,wan,1
2005-W18,3c59x.c,1
2005-W18,Kconfig,2
2005-W18,Makefile,1
2005-W18,Space.c,1
2005-W18,appletalk,3
2005-W18,arcnet,1
2005-W18,dm9000.c,1
2005-W18,dm9000.h,1
2005-W18,ewrk3.c,1
2005-W18,hamradio,1
2005-W18,irda,1
2005-W18,loopback.c,1
2005-W18,pcmcia,2
2005-W18,ppp_deflate.c,1
2005-W18,ppp_generic.c,1
2005-W18,skfp,2
2005-W18,tg3.c,3
2005-W18,tlan.c,2
2005-W18,tokenring,1
2005-W18,wan,2
2005-W18,wireless,2
2005-W19,3c503.c,1
2005-W19,3c505.c,1
2005-W19,3c515.c,1
2005-W19,3c523.c,1
2005-W19,8139cp.c,6
2005-W19,8139too.c,1
2005-W19,Kconfig,2
2005-W19,Makefile,2
2005-W19,Space.c,1
2005-W19,ac3200.c,1
2005-W19,amd8111e.c,1
2005-W19,au1000_eth.c,1
2005-W19,bmac.c,1
2005-W19,cs89x0.c,1
2005-W19,e2100.c,1
2005-W19,eepro.c,1
2005-W19,eexpress.c,1
2005-W19,es3210.c,1
2005-W19,eth16i.c,1
2005-W19,fmv18x.c,1
2005-W19,forcedeth.c,1
2005-W19,hp-plus.c,1
2005-W19,hp.c,1
2005-W19,hp100.c,1
2005-W19,isa-skeleton.c,1
2005-W19,iseries_veth.c,4
2005-W19,ixgb,1
2005-W19,lance.c,1
2005-W19,lne390.c,1
2005-W19,myri_code.h,1
2005-W19,ne-h8300.c,1
2005-W19,ne.c,1
2005-W19,ne2.c,1
2005-W19,ppp_generic.c,1
2005-W19,r8169.c,1
2005-W19,sis900.c,1
2005-W19,sk98lin,1
2005-W19,sk_g16.c,1
2005-W19,sk_g16.h,1
2005-W19,skge.c,1
2005-W19,skge.h,1
2005-W19,smc-mca.c,1
2005-W19,smc-mca.h,1
2005-W19,smc-ultra.c,1
2005-W19,smc91x.c,1
2005-W19,smc91x.h,1
2005-W19,starfire.c,1
2005-W19,starfire_firmware.h,1
2005-W19,tlan.c,1
2005-W19,tokenring,1
2005-W19,tulip,3
2005-W19,wan,1
2005-W19,wd.c,1
2005-W19,wireless,13
2005-W20,3c509.c,1
2005-W20,Kconfig,1
2005-W20,amd8111e.c,1
2005-W20,smc91x.c,1
2005-W20,smc91x.h,1
2005-W20,tg3.c,4
2005-W20,tg3.h,2
2005-W20,tulip,1
2005-W21,Kconfig,1
2005-W21,Makefile,1
2005-W21,bnx2.c,1
2005-W21,bnx2.h,1
2005-W21,bnx2_fw.h,1
2005-W21,bonding,1
2005-W21,r8169.c,8
2005-W21,tg3.c,13
2005-W21,wireless,2
2005-W22,forcedeth.c,1
2005-W22,hamradio,1
2005-W22,shaper.c,1
2005-W22,wireless,1
2005-W23,b44.c,1
2005-W23,irda,1
2005-W23,iseries_veth.c,1
2005-W23,tg3.c,5
2005-W23,wireless,1
2005-W24,3c523.c,1
2005-W24,e100.c,3
2005-W24,e1000,12
2005-W24,forcedeth.c,1
2005-W24,r8169.c,1
2005-W24,smc91x.c,1
2005-W24,via-rhine.c,1
2005-W24,wireless,7
2005-W25,3c59x.c,1
2005-W25,8139cp.c,1
2005-W25,8139too.c,1
2005-W25,8390.c,1
2005-W25,Kconfig,1
2005-W25,acenic.c,1
2005-W25,appletalk,1
2005-W25,bonding,2
2005-W25,chelsio,1
2005-W25,cs89x0.c,1
2005-W25,cs89x0.h,1
2005-W25,defxx.c,1
2005-W25,dm9000.c,1
2005-W25,e100.c,2
2005-W25,e1000,1
2005-W25,fealnx.c,1
2005-W25,forcedeth.c,1
2005-W25,gianfar.c,1
2005-W25,gianfar.h,1
2005-W25,gianfar_ethtool.c,1
2005-W25,gianfar_phy.c,1
2005-W25,hamradio,1
2005-W25,hp100.c,1
2005-W25,irda,2
2005-W25,ns83820.c,1
2005-W25,pcnet32.c,1
2005-W25,ppp_async.c,1
2005-W25,ppp_generic.c,3
2005-W25,ppp_synctty.c,1
2005-W25,s2io.c,1
2005-W25,sb1000.c,1
2005-W25,sk98lin,1
2005-W25,skfp,1
2005-W25,slip.c,2
2005-W25,sungem.c,1
2005-W25,tg3.c,4
2005-W25,tg3.h,1
2005-W25,tlan.c,1
2005-W25,tokenring,2
2005-W25,tulip,3
2005-W25,tun.c,1
2005-W25,via-rhine.c,2
2005-W25,wan,8
2005-W25,wireless,13
2005-W26,3c515.c,1
2005-W26,3c59x.c,1
2005-W26,8139cp.c,1
2005-W26,82596.c,1
2005-W26,arm,1
2005-W26,at1700.c,1
2005-W26,dl2k.c,1
2005-W26,eepro100.c,1
2005-W26,epic100.c,1
2005-W26,fealnx.c,1
2005-W26,hamachi.c,1
2005-W26,lance.c,1
2005-W26,lasi_82596.c,1
2005-W26,loopback.c,3
2005-W26,natsemi.c,1
2005-W26,ns83820.c,1
2005-W26,pci-skeleton.c,1
2005-W26,pcmcia,12
2005-W26,pcnet32.c,1
2005-W26,r8169.c,1
2005-W26,s2io.c,1
2005-W26,sb1250-mac.c,1
2005-W26,sis900.c,1
2005-W26,sk98lin,1
2005-W26,skge.c,15
2005-W26,skge.h,8
2005-W26,slip.c,1
2005-W26,smc91x.h,1
2005-W26,starfire.c,1
2005-W26,sundance.c,1
2005-W26,tulip,2
2005-W26,typhoon.c,1
2005-W26,via-rhine.c,1
2005-W26,via-velocity.c,1
2005-W26,wan,2
2005-W26,wireless,9
2005-W26,yellowfin.c,1
2005-W27,8139cp.c,1
2005-W27,bmac.c,1
2005-W27,hamradio,2
2005-W27,mace.c,1
2005-W27,pcmcia,2
2005-W27,ppp_async.c,1
2005-W27,ppp_generic.c,1
2005-W27,ppp_synctty.c,1
2005-W27,shaper.c,1
2005-W27,skge.c,1
2005-W27,skge.h,1
2005-W27,sungem.c,1
2005-W27,sungem_phy.c,1
2005-W27,sungem_phy.h,1
2005-W27,tg3.c,2
2005-W27,tg3.h,1
2005-W27,tun.c,1
2005-W27,typhoon.c,1
2005-W27,wireless,5
2005-W28,Kconfig,1
2005-W28,appletalk,1
2005-W28,hamradio,1
2005-W28,irda,1
2005-W28,myri_sbus.c,1
2005-W28,pcmcia,1
2005-W28,plip.c,1
2005-W28,wan,2
2005-W28,wireless,9
2005-W29,Kconfig,2
2005-W29,dm9000.c,2
2005-W29,eql.c,1
2005-W29,sk98lin,1
2005-W29,skge.c,10
2005-W29,skge.h,4
2005-W30,3c505.c,1
2005-W30,8139too.c,1
2005-W30,Kconfig,4
2005-W30,Makefile,2
2005-W30,Space.c,1
2005-W30,amd8111e.c,1
2005-W30,bonding,1
2005-W30,cs89x0.c,2
2005-W30,cs89x0.h,1
2005-W30,e1000,2
2005-W30,forcedeth.c,6
2005-W30,irda,1
2005-W30,ne.c,1
2005-W30,pcmcia,1
2005-W30,phy,1
2005-W30,plip.c,1
2005-W30,r8169.c,1
2005-W30,sis190.c,14
2005-W30,sk98lin,2
2005-W30,tg3.c,7
2005-W30,tg3.h,5
2005-W30,tokenring,1
2005-W30,tulip,1
2005-W30,via-velocity.h,1
2005-W30,wireless,20
2005-W31,forcedeth.c,1
2005-W31,ioc3-eth.c,1
2005-W31,pcmcia,1
2005-W31,s2io-regs.h,4
2005-W31,s2io.c,13
2005-W31,s2io.h,9
2005-W31,tg3.c,1
2005-W31,wireless,8
2005-W32,Kconfig,1
2005-W32,bnx2.c,1
2005-W32,bonding,1
2005-W32,e1000,1
2005-W32,hamradio,2
2005-W32,ixgb,9
2005-W32,phy,2
2005-W32,ppp_generic.c,1
2005-W32,pppoe.c,1
2005-W32,rrunner.c,1
2005-W32,s2io.c,1
2005-W32,shaper.c,1
2005-W32,tg3.c,6
2005-W32,tg3.h,3
2005-W32,tulip,1
2005-W32,wan,2
2005-W32,wireless,13
2005-W33,Kconfig,1
2005-W33,Makefile,1
2005-W33,Space.c,2
2005-W33,eepro100.c,1
2005-W33,ibmveth.c,1
2005-W33,iseries_veth.c,1
2005-W33,jazzsonic.c,1
2005-W33,loopback.c,1
2005-W33,macsonic.c,1
2005-W33,skge.c,4
2005-W33,skge.h,2
2005-W33,sky2.c,1
2005-W33,sky2.h,1
2005-W33,sonic.c,1
2005-W33,sonic.h,1
2005-W33,tg3.c,2
2005-W33,tokenring,1
2005-W33,tulip,1
2005-W33,wireless,3
2005-W34,Kconfig,2
2005-W34,atarilance.c,1
2005-W34,bnx2.c,5
2005-W34,bnx2.h,3
2005-W34,bonding,1
2005-W34,e100.c,6
2005-W34,hamradio,3
2005-W34,ibm_emac,2
2005-W34,mii.c,1
2005-W34,mv643xx_eth.c,1
2005-W34,mv643xx_eth.h,1
2005-W34,phy,1
2005-W34,r8169.c,1
2005-W34,s2io.h,1
2005-W34,sis190.c,1
2005-W34,skge.c,1
2005-W34,smc-ultra.c,1
2005-W34,sun3lance.c,1
2005-W34,tg3.c,1
2005-W34,tokenring,1
2005-W34,wireless,29
2005-W35,Kconfig,2
2005-W35,bnx2.c,1
2005-W35,e1000,1
2005-W35,irda,2
2005-W35,iseries_veth.c,18
2005-W35,iseries_veth.h,1
2005-W35,mv643xx_eth.c,5
2005-W35,mv643xx_eth.h,1
2005-W35,ne3210.c,1
2005-W35,phy,3
2005-W35,s2io.c,1
2005-W35,sis190.c,5
2005-W35,sungem.c,1
2005-W35,sungem.h,1
2005-W35,tg3.c,2
2005-W35,tulip,2
2005-W35,tun.c,1
2005-W35,wireless,22
2005-W36,3c59x.c,2
2005-W36,8139cp.c,1
2005-W36,Kconfig,4
2005-W36,Makefile,2
2005-W36,ac3200.c,1
2005-W36,arcnet,1
2005-W36,atari_bionet.c,1
2005-W36,atari_pamsnet.c,1
2005-W36,bnx2.c,1
2005-W36,bnx2.h,1
2005-W36,bsd_comp.c,1
2005-W36,chelsio,1
2005-W36,cris,1
2005-W36,cs89x0.c,1
2005-W36,dm9000.c,1
2005-W36,e1000,1
2005-W36,forcedeth.c,1
2005-W36,hamachi.c,1
2005-W36,hamradio,1
2005-W36,hp100.c,1
2005-W36,irda,10
2005-W36,iseries_veth.c,1
2005-W36,ixgb,1
2005-W36,lne390.c,1
2005-W36,mv643xx_eth.c,1
2005-W36,ns83820.c,1
2005-W36,ppp_generic.c,1
2005-W36,rionet.c,1
2005-W36,s2io-regs.h,1
2005-W36,s2io.c,2
2005-W36,s2io.h,1
2005-W36,skge.c,1
2005-W36,skge.h,1
2005-W36,smc91x.h,1
2005-W36,spider_net.c,3
2005-W36,spider_net.h,1
2005-W36,spider_net_ethtool.c,2
2005-W36,sungem.c,1
2005-W36,sunhme.c,1
2005-W36,tg3.c,6
2005-W36,tokenring,1
2005-W36,tulip,2
2005-W36,typhoon.c,1
2005-W36,wan,4
2005-W36,wireless,11
2005-W37,8139cp.c,2
2005-W37,8139too.c,1
2005-W37,Kconfig,1
2005-W37,arcnet,1
2005-W37,b44.c,1
2005-W37,bnx2.c,1
2005-W37,bonding,2
2005-W37,e100.c,2
2005-W37,e1000,2
2005-W37,fec.c,1
2005-W37,fec.h,1
2005-W37,forcedeth.c,1
2005-W37,hamradio,2
2005-W37,ixgb,2
2005-W37,ne2k-pci.c,1
2005-W37,pcnet32.c,3
2005-W37,r8169.c,1
2005-W37,s2io.c,1
2005-W37,sk98lin,1
2005-W37,skge.c,1
2005-W37,sky2.c,1
2005-W37,sky2.h,1
2005-W37,spider_net.c,1
2005-W37,sundance.c,1
2005-W37,tg3.c,5
2005-W37,tulip,1
2005-W37,via-rhine.c,1
2005-W37,wireless,14
2005-W38,8390.c,1
2005-W38,Kconfig,2
2005-W38,Makefile,1
2005-W38,bonding,1
2005-W38,forcedeth.c,1
2005-W38,gianfar.c,1
2005-W38,gianfar.h,1
2005-W38,gianfar_ethtool.c,1
2005-W38,gianfar_mii.c,1
2005-W38,gianfar_mii.h,1
2005-W38,gianfar_phy.c,1
2005-W38,gianfar_phy.h,1
2005-W38,phy,1
2005-W38,r8169.c,1
2005-W38,skge.c,3
2005-W38,skge.h,1
2005-W38,sky2.c,3
2005-W38,sky2.h,1
2005-W38,tulip,1
2005-W38,wan,1
2005-W38,wireless,23
2005-W39,Kconfig,1
2005-W39,Makefile,1
2005-W39,arm,2
2005-W39,bmac.c,1
2005-W39,bonding,2
2005-W39,cassini.c,3
2005-W39,cassini.h,1
2005-W39,cs89x0.c,1
2005-W39,ibmveth.c,1
2005-W39,irda,1
2005-W39,ns83820.c,1
2005-W39,pppoe.c,1
2005-W39,r8169.c,1
2005-W39,s2io.c,1
2005-W39,sk98lin,1
2005-W39,sky2.c,7
2005-W39,sky2.h,2
2005-W39,tg3.c,3
2005-W39,tg3.h,1
2005-W39,wireless,5
2005-W40,b44.c,1
2005-W40,bonding,3
2005-W40,cassini.c,1
2005-W40,e1000,8
2005-W40,hamradio,2
2005-W40,ibm_emac,1
2005-W40,ns83820.c,2
2005-W40,pcmcia,1
2005-W40,s2io.c,2
2005-W40,s2io.h,1
2005-W40,sis190.c,1
2005-W40,skge.c,1
2005-W40,smc91x.c,1
2005-W40,starfire.c,2
2005-W40,sungem.h,2
2005-W40,tg3.c,2
2005-W40,tokenring,1
2005-W40,wan,1
2005-W40,wireless,6
2005-W41,Kconfig,2
2005-W41,Makefile,1
2005-W41,au1000_eth.c,1
2005-W41,declance.c,4
2005-W41,e100.c,1
2005-W41,e1000,2
2005-W41,hamradio,2
2005-W41,ibm_emac,1
2005-W41,iseries_veth.c,1
2005-W41,mipsnet.c,1
2005-W41,mipsnet.h,1
2005-W41,ne.c,1
2005-W41,s2io.c,1
2005-W41,sb1250-mac.c,2
2005-W41,sgiseeq.c,2
2005-W41,sis900.c,1
2005-W41,sis900.h,1
2005-W41,tulip,1
2005-W41,wireless,2
2005-W42,8139too.c,1
2005-W42,Kconfig,2
2005-W42,b44.c,1
2005-W42,b44.h,1
2005-W42,bonding,1
2005-W42,cassini.c,1
2005-W42,e1000,1
2005-W42,epic100.c,1
2005-W42,hamradio,2
2005-W42,lance.c,1
2005-W42,lasi_82596.c,3
2005-W42,myri_sbus.c,1
2005-W42,myri_sbus.h,1
2005-W42,s2io-regs.h,1
2005-W42,s2io.c,1
2005-W42,sb1250-mac.c,3
2005-W42,sunbmac.c,1
2005-W42,sunbmac.h,1
2005-W42,sundance.c,3
2005-W42,via-rhine.c,1
2005-W42,wireless,5
2005-W43,Kconfig,3
2005-W43,Makefile,1
2005-W43,acenic.c,1
2005-W43,amd8111e.c,1
2005-W43,amd8111e.h,1
2005-W43,arm,1
2005-W43,au1000_eth.c,1
2005-W43,b44.c,3
2005-W43,bmac.c,2
2005-W43,bnx2.c,1
2005-W43,cs89x0.c,1
2005-W43,cs89x0.h,1
2005-W43,depca.c,1
2005-W43,dm9000.c,2
2005-W43,e1000,5
2005-W43,eepro.c,2
2005-W43,fec_8xx,2
2005-W43,forcedeth.c,1
2005-W43,fs_enet,2
2005-W43,gianfar.c,1
2005-W43,gianfar_mii.c,1
2005-W43,hamradio,1
2005-W43,ibm_emac,3
2005-W43,ibmveth.c,9
2005-W43,ibmveth.h,3
2005-W43,irda,6
2005-W43,iseries_veth.c,2
2005-W43,ixgb,1
2005-W43,jazzsonic.c,1
2005-W43,mace.c,2
2005-W43,macsonic.c,1
2005-W43,mipsnet.c,1
2005-W43,mv643xx_eth.c,2
2005-W43,ne2k-pci.c,1
2005-W43,ni65.c,1
2005-W43,pcmcia,1
2005-W43,phy,1
2005-W43,ppp_generic.c,1
2005-W43,rrunner.c,1
2005-W43,s2io.c,3
2005-W43,saa9730.c,1
2005-W43,sis900.c,1
2005-W43,skfp,1
2005-W43,sky2.c,4
2005-W43,sky2.h,2
2005-W43,smc91x.c,2
2005-W43,smc91x.h,1
2005-W43,sundance.c,1
2005-W43,tg3.c,5
2005-W43,tg3.h,2
2005-W43,tokenring,1
2005-W43,tulip,1
2005-W43,via-velocity.c,1
2005-W43,wan,1
2005-W43,wireless,7
2005-W44,8139too.c,3
2005-W44,Kconfig,2
2005-W44,arm,1
2005-W44,bnx2.c,5
2005-W44,bnx2.h,4
2005-W44,bnx2_fw.h,1
2005-W44,bonding,1
2005-W44,cs89x0.c,1
2005-W44,cs89x0.h,1
2005-W44,depca.c,1
2005-W44,dgrs.c,1
2005-W44,fec_8xx,1
2005-W44,hamradio,1
2005-W44,ibmveth.c,1
2005-W44,iseries_veth.c,4
2005-W44,jazzsonic.c,1
2005-W44,macsonic.c,1
2005-W44,ns83820.c,1
2005-W44,pcnet32.c,3
2005-W44,phy,2
2005-W44,s2io.c,3
2005-W44,s2io.h,1
2005-W44,spider_net.c,1
2005-W44,wireless,3
2005-W45,3c509.c,1
2005-W45,3c59x.c,10
2005-W45,8139too.c,1
2005-W45,Kconfig,4
2005-W45,Makefile,3
2005-W45,b44.c,9
2005-W45,b44.h,2
2005-W45,bnx2.c,3
2005-W45,bonding,16
2005-W45,cassini.c,1
2005-W45,cris,1
2005-W45,depca.c,1
2005-W45,dm9000.c,2
2005-W45,e100.c,2
2005-W45,e1000,2
2005-W45,fec.c,1
2005-W45,fec.h,1
2005-W45,fec_8xx,1
2005-W45,forcedeth.c,3
2005-W45,fs_enet,2
2005-W45,gianfar.c,4
2005-W45,gianfar.h,3
2005-W45,gianfar_ethtool.c,3
2005-W45,gianfar_mii.c,3
2005-W45,gianfar_mii.h,2
2005-W45,gianfar_sysfs.c,1
2005-W45,gt96100eth.c,1
2005-W45,hp100.c,1
2005-W45,ibmveth.c,2
2005-W45,ioc3-eth.c,2
2005-W45,irda,3
2005-W45,iseries_veth.c,1
2005-W45,ixp2000,1
2005-W45,jazzsonic.c,1
2005-W45,mac8390.c,1
2005-W45,macsonic.c,1
2005-W45,mv643xx_eth.c,1
2005-W45,mv643xx_eth.h,1
2005-W45,ppp_async.c,1
2005-W45,ppp_generic.c,1
2005-W45,ppp_mppe.c,1
2005-W45,ppp_mppe.h,1
2005-W45,s2io.c,1
2005-W45,saa9730.c,2
2005-W45,sk98lin,3
2005-W45,sk_mca.c,1
2005-W45,sk_mca.h,1
2005-W45,skge.c,7
2005-W45,skge.h,1
2005-W45,sky2.c,1
2005-W45,smc91x.c,1
2005-W45,smc91x.h,2
2005-W45,starfire.c,1
2005-W45,sungem.c,1
2005-W45,tokenring,1
2005-W45,via-velocity.c,1
2005-W45,wan,2
2005-W45,wireless,12
2005-W46,au1000_eth.c,1
2005-W46,e100.c,1
2005-W46,pcmcia,4
2005-W46,r8169.c,2
2005-W46,s2io.c,1
2005-W46,s2io.h,1
2005-W46,saa9730.h,1
2005-W46,smc91x.c,2
2005-W46,wan,1
2005-W46,wireless,9
2005-W47,dgrs.c,1
2005-W47,ibm_emac,1
2005-W47,irda,1
2005-W47,ixp2000,15
2005-W47,jazzsonic.c,2
2005-W47,mipsnet.h,1
2005-W47,sk98lin,6
2005-W48,7990.c,1
2005-W48,82596.c,1
2005-W48,Kconfig,1
2005-W48,arcnet,1
2005-W48,b44.c,3
2005-W48,bonding,1
2005-W48,e1000,1
2005-W48,ibm_emac,1
2005-W48,ixp2000,1
2005-W48,macsonic.c,1
2005-W48,pcmcia,1
2005-W48,skge.c,2
2005-W48,sky2.c,13
2005-W48,sky2.h,3
2005-W48,wan,1
2005-W48,wireless,4
2005-W49,appletalk,1
2005-W49,pcnet32.c,1
2005-W49,sk98lin,1
2005-W49,skge.c,1
2005-W49,sky2.c,19
2005-W49,sky2.h,4
2005-W49,tg3.c,1
2005-W49,tulip,1
2005-W49,via-velocity.c,1
2005-W49,wan,1
2005-W50,Kconfig,1
2005-W50,chelsio,1
2005-W50,e1000,1
2005-W50,hamradio,1
2005-W50,phy,1
2005-W50,s2io.c,2
2005-W50,skge.c,7
2005-W50,skge.h,1
2005-W50,tg3.c,4
2005-W50,tg3.h,1
2005-W50,wireless,2
2005-W51,chelsio,1
2005-W51,forcedeth.c,1
2005-W51,hp100.c,1
2005-W51,sky2.c,4
2005-W51,sungem.c,1
2005-W51,tg3.c,5
2005-W51,tg3.h,1
2005-W52,ibm_emac,1
2005-W52,ns83820.c,1
2005-W52,ppp_generic.c,1
2005-W52,pppoe.c,2
2005-W52,pppox.c,1
2005-W52,sk98lin,1
2005-W52,skge.c,1
2005-W52,tg3.c,2
2005-W52,wan,1
2005-W52,wireless,1
2006-W01,3c503.c,1
2006-W01,3c527.h,1
2006-W01,Kconfig,4
2006-W01,Makefile,1
2006-W01,ac3200.c,1
2006-W01,arm,1
2006-W01,bonding,1
2006-W01,cs89x0.c,7
2006-W01,cs89x0.h,1
2006-W01,e1000,1
2006-W01,e2100.c,1
2006-W01,es3210.c,1
2006-W01,forcedeth.c,1
2006-W01,gianfar.h,1
2006-W01,hamradio,2
2006-W01,hp-plus.c,1
2006-W01,hp.c,1
2006-W01,ifb.c,1
2006-W01,irda,1
2006-W01,lance.c,1
2006-W01,lne390.c,1
2006-W01,mv643xx_eth.c,1
2006-W01,ne.c,1
2006-W01,ne2.c,1
2006-W01,phy,1
2006-W01,plip.c,1
2006-W01,sk98lin,6
2006-W01,skge.c,1
2006-W01,smc-ultra.c,1
2006-W01,smc91x.c,1
2006-W01,smc91x.h,1
2006-W01,tg3.c,1
2006-W01,tlan.c,1
2006-W01,tulip,1
2006-W01,wan,1
2006-W01,wd.c,1
2006-W01,wireless,2
2006-W02,3c523.c,1
2006-W02,3c59x.c,1
2006-W02,8139too.c,1
2006-W02,Kconfig,4
2006-W02,apne.c,1
2006-W02,arcnet,2
2006-W02,arm,3
2006-W02,bonding,1
2006-W02,cs89x0.c,5
2006-W02,e100.c,2
2006-W02,e1000,33
2006-W02,eth16i.c,1
2006-W02,gianfar.c,2
2006-W02,gianfar_mii.c,1
2006-W02,gianfar_sysfs.c,1
2006-W02,hamradio,2
2006-W02,hp100.c,2
2006-W02,hplance.c,1
2006-W02,irda,4
2006-W02,iseries_veth.c,1
2006-W02,mac8390.c,1
2006-W02,ne-h8300.c,1
2006-W02,ne.c,1
2006-W02,ne2.c,1
2006-W02,ns83820.c,1
2006-W02,oaknet.c,1
2006-W02,pci-skeleton.c,1
2006-W02,pcmcia,6
2006-W02,phy,1
2006-W02,ppp_async.c,2
2006-W02,ppp_synctty.c,1
2006-W02,r8169.c,1
2006-W02,s2io.c,1
2006-W02,s2io.h,1
2006-W02,sb1000.c,1
2006-W02,seeq8005.c,1
2006-W02,shaper.c,1
2006-W02,sis190.c,1
2006-W02,sk98lin,2
2006-W02,slip.c,1
2006-W02,spider_net.c,5
2006-W02,spider_net.h,2
2006-W02,spider_net_ethtool.c,1
2006-W02,sun3lance.c,1
2006-W02,tokenring,1
2006-W02,tulip,2
2006-W02,wan,2
2006-W02,wireless,15
2006-W02,zorro8390.c,1
2006-W03,Kconfig,3
2006-W03,acenic.c,1
2006-W03,arm,1
2006-W03,b44.c,2
2006-W03,bonding,1
2006-W03,cassini.c,2
2006-W03,cs89x0.c,1
2006-W03,e100.c,3
2006-W03,e1000,8
2006-W03,fs_enet,1
2006-W03,gianfar.c,1
2006-W03,mv643xx_eth.c,13
2006-W03,s2io.c,1
2006-W03,sky2.c,12
2006-W03,smc91x.c,1
2006-W03,starfire.c,1
2006-W03,tg3.c,1
2006-W03,tg3.h,1
2006-W03,wireless,8
2006-W04,8139cp.c,3
2006-W04,bnx2.c,9
2006-W04,bnx2.h,6
2006-W04,bnx2_fw.h,2
2006-W04,mv643xx_eth.c,10
2006-W04,mv643xx_eth.h,5
2006-W04,r8169.c,1
2006-W04,s2io.c,1
2006-W04,s2io.h,1
2006-W04,sis900.h,1
2006-W04,sundance.c,1
2006-W04,sungem.c,1
2006-W04,tulip,3
2006-W04,wireless,29
2006-W05,3c59x.c,1
2006-W05,8139too.c,1
2006-W05,Kconfig,1
2006-W05,bonding,2
2006-W05,forcedeth.c,3
2006-W05,gianfar.c,1
2006-W05,gianfar.h,1
2006-W05,gianfar_ethtool.c,1
2006-W05,gianfar_mii.c,1
2006-W05,lp486e.c,1
2006-W05,natsemi.c,2
2006-W05,ppp_generic.c,1
2006-W05,r8169.c,1
2006-W05,s2io.c,2
2006-W05,sky2.c,8
2006-W05,sky2.h,2
2006-W05,sungem.c,1
2006-W05,tg3.c,2
2006-W05,tg3.h,1
2006-W05,tlan.c,1
2006-W05,tulip,1
2006-W05,wan,2
2006-W05,wireless,18
2006-W06,Kconfig,1
2006-W06,arcnet,1
2006-W06,bonding,1
2006-W06,e100.c,1
2006-W06,irda,1
2006-W06,sb1250-mac.c,1
2006-W06,sky2.c,1
2006-W06,tokenring,1
2006-W06,wan,1
2006-W06,wireless,13
2006-W07,Kconfig,2
2006-W07,appletalk,1
2006-W07,irda,1
2006-W07,sis190.c,1
2006-W07,skge.c,1
2006-W07,wireless,16
2006-W08,bonding,1
2006-W08,ifb.c,1
2006-W08,pcmcia,1
2006-W08,r8169.c,2
2006-W08,sis900.c,1
2006-W08,skge.c,3
2006-W08,skge.h,1
2006-W08,sky2.c,6
2006-W08,sky2.h,3
2006-W08,wireless,11
2006-W09,3c59x.c,1
2006-W09,8139cp.c,2
2006-W09,8139too.c,1
2006-W09,Kconfig,2
2006-W09,bnx2.c,1
2006-W09,bnx2_fw.h,1
2006-W09,bonding,1
2006-W09,chelsio,2
2006-W09,dgrs.c,1
2006-W09,dgrs_firmware.c,1
2006-W09,dl2k.c,1
2006-W09,e100.c,1
2006-W09,e1000,20
2006-W09,eepro100.c,1
2006-W09,epic100.c,1
2006-W09,fealnx.c,1
2006-W09,hamachi.c,1
2006-W09,mv643xx_eth.c,8
2006-W09,mv643xx_eth.h,6
2006-W09,natsemi.c,1
2006-W09,ne2k-pci.c,1
2006-W09,ns83820.c,1
2006-W09,pcmcia,6
2006-W09,pcnet32.c,1
2006-W09,phy,1
2006-W09,plip.c,1
2006-W09,ppp_synctty.c,1
2006-W09,r8169.c,1
2006-W09,s2io.c,2
2006-W09,sb1000.c,1
2006-W09,sis190.c,1
2006-W09,sis900.c,1
2006-W09,skfp,1
2006-W09,sky2.c,1
2006-W09,sky2.h,1
2006-W09,starfire.c,1
2006-W09,sundance.c,1
2006-W09,sungem_phy.c,1
2006-W09,tg3.c,2
2006-W09,typhoon.c,1
2006-W09,via-velocity.c,1
2006-W09,wireless,13
2006-W09,yellowfin.c,1
2006-W10,3c509.c,2
2006-W10,Kconfig,2
2006-W10,chelsio,1
2006-W10,de620.c,1
2006-W10,dl2k.c,1
2006-W10,e1000,3
2006-W10,sgiseeq.c,1
2006-W10,sky2.c,3
2006-W10,tg3.c,2
2006-W10,tulip,2
2006-W10,tun.c,1
2006-W10,wireless,11
2006-W11,Kconfig,1
2006-W11,chelsio,1
2006-W11,e100.c,1
2006-W11,e1000,1
2006-W11,irda,1
2006-W11,skfp,1
2006-W11,tg3.c,2
2006-W11,tg3.h,1
2006-W11,wireless,20
2006-W12,3c59x.c,7
2006-W12,8139too.c,2
2006-W12,Kconfig,1
2006-W12,Makefile,1
2006-W12,a2065.c,1
2006-W12,ariadne.c,1
2006-W12,arm,1
2006-W12,atari_bionet.c,1
2006-W12,atari_pamsnet.c,1
2006-W12,atarilance.c,1
2006-W12,au1000_eth.c,1
2006-W12,bnx2.c,12
2006-W12,bnx2.h,6
2006-W12,cassini.c,2
2006-W12,cassini.h,1
2006-W12,chelsio,1
2006-W12,depca.c,1
2006-W12,dgrs.c,1
2006-W12,e1000,1
2006-W12,fec_8xx,1
2006-W12,fs_enet,1
2006-W12,gt96100eth.c,1
2006-W12,hamradio,1
2006-W12,hp-plus.c,1
2006-W12,hplance.c,1
2006-W12,hydra.c,1
2006-W12,irda,9
2006-W12,ixp2000,1
2006-W12,lance.c,1
2006-W12,lasi_82596.c,1
2006-W12,loopback.c,1
2006-W12,mac89x0.c,1
2006-W12,mace.c,1
2006-W12,meth.c,1
2006-W12,mv643xx_eth.h,1
2006-W12,ne-h8300.c,1
2006-W12,ne2k-pci.c,1
2006-W12,ni5010.c,1
2006-W12,pcmcia,1
2006-W12,pcnet32.c,3
2006-W12,ppp_generic.c,2
2006-W12,pppoe.c,1
2006-W12,sis900.c,2
2006-W12,sk98lin,1
2006-W12,skge.c,16
2006-W12,skge.h,2
2006-W12,sky2.c,13
2006-W12,sky2.h,7
2006-W12,smc91x.c,1
2006-W12,smc91x.h,1
2006-W12,sun3lance.c,1
2006-W12,sungem.c,1
2006-W12,sungem.h,1
2006-W12,tg3.c,24
2006-W12,tg3.h,7
2006-W12,tulip,1
2006-W12,wan,2
2006-W12,wireless,14
2006-W12,zorro8390.c,1
2006-W13,3c59x.c,2
2006-W13,8139cp.c,1
2006-W13,8390.h,1
2006-W13,Kconfig,1
2006-W13,acenic_firmware.h,1
2006-W13,arcnet,2
2006-W13,b44.c,3
2006-W13,bonding,2
2006-W13,chelsio,1
2006-W13,e1000,1
2006-W13,eql.c,1
2006-W13,forcedeth.c,1
2006-W13,ibmveth.c,1
2006-W13,ioc3-eth.c,1
2006-W13,irda,3
2006-W13,ixgb,1
2006-W13,ixp2000,1
2006-W13,loopback.c,1
2006-W13,natsemi.c,1
2006-W13,ne2k-pci.c,1
2006-W13,netconsole.c,1
2006-W13,ns83820.c,2
2006-W13,pcmcia,3
2006-W13,pcnet32.c,1
2006-W13,sis900.c,1
2006-W13,smc91x.h,1
2006-W13,spider_net.c,2
2006-W13,starfire.c,1
2006-W13,tg3.c,9
2006-W13,tokenring,2
2006-W13,tulip,2
2006-W13,typhoon.c,1
2006-W13,via-rhine.c,1
2006-W13,wan,2
2006-W13,wireless,9
2006-W13,yellowfin.c,1
2006-W14,chelsio,1
2006-W14,irda,2
2006-W14,netconsole.c,1
2006-W14,pcmcia,2
2006-W14,sky2.c,1
2006-W14,sky2.h,1
2006-W14,tg3.c,3
2006-W14,tg3.h,2
2006-W14,via-rhine.c,1
2006-W14,wireless,22
2006-W15,b44.c,3
2006-W15,bnx2.c,1
2006-W15,cassini.c,1
2006-W15,e1000,9
2006-W15,hydra.h,1
2006-W15,ibmveth.c,1
2006-W15,irda,2
2006-W15,mv643xx_eth.c,2
2006-W15,natsemi.c,1
2006-W15,ne.c,1
2006-W15,skge.c,1
2006-W15,sky2.c,1
2006-W15,starfire.c,1
2006-W15,typhoon.c,1
2006-W15,via-rhine.c,1
2006-W15,wan,1
2006-W15,wireless,26
2006-W16,Kconfig,1
2006-W16,Makefile,1
2006-W16,au1000_eth.c,1
2006-W16,e1000,2
2006-W16,gianfar.c,1
2006-W16,gianfar.h,1
2006-W16,gianfar_ethtool.c,1
2006-W16,gianfar_sysfs.c,1
2006-W16,s2io-regs.h,2
2006-W16,s2io.c,5
2006-W16,s2io.h,3
2006-W16,sis900.c,1
2006-W16,sis900.h,1
2006-W16,smc911x.c,2
2006-W16,smc911x.h,2
2006-W16,sungem_phy.c,2
2006-W16,wireless,3
2006-W17,e1000,1
2006-W17,forcedeth.c,1
2006-W17,ibmveth.c,1
2006-W17,ibmveth.h,1
2006-W17,mv643xx_eth.c,1
2006-W17,pcmcia,1
2006-W17,sky2.c,5
2006-W17,sky2.h,1
2006-W17,tg3.c,6
2006-W17,tg3.h,1
2006-W17,tulip,1
2006-W17,via-rhine.c,1
2006-W18,au1000_eth.c,1
2006-W18,forcedeth.c,1
2006-W18,hamradio,1
2006-W18,irda,1
2006-W18,phy,1
2006-W18,spider_net.c,2
2006-W18,spider_net.h,1
2006-W18,sungem_phy.c,1
2006-W18,sungem_phy.h,1
2006-W18,wireless,14
2006-W19,dl2k.c,1
2006-W19,irda,2
2006-W19,ne.c,1
2006-W19,phy,1
2006-W19,r8169.c,3
2006-W19,sis900.c,1
2006-W19,sky2.c,11
2006-W19,sky2.h,1
2006-W19,tg3.c,2
2006-W20,b44.c,2
2006-W20,dl2k.c,1
2006-W20,forcedeth.c,2
2006-W20,iseries_veth.c,1
2006-W20,ixp2000,1
2006-W20,s2io.c,1
2006-W20,skge.c,3
2006-W20,sky2.c,5
2006-W20,sky2.h,1
2006-W20,smc91x.h,1
2006-W20,via-rhine.c,1
2006-W20,wireless,1
2006-W21,8139cp.c,1
2006-W21,8139too.c,1
2006-W21,Kconfig,1
2006-W21,Makefile,1
2006-W21,bnx2.c,2
2006-W21,e1000,8
2006-W21,epic100.c,1
2006-W21,forcedeth.c,2
2006-W21,ibmlana.c,1
2006-W21,ibmlana.h,1
2006-W21,ibmveth.c,1
2006-W21,ibmveth.h,1
2006-W21,irda,4
2006-W21,ixgb,21
2006-W21,myri10ge,2
2006-W21,pcmcia,2
2006-W21,pcnet32.c,1
2006-W21,r8169.c,1
2006-W21,sky2.c,1
2006-W21,sungem_phy.c,1
2006-W21,tg3.c,3
2006-W21,tg3.h,1
2006-W21,tulip,1
2006-W21,via-velocity.h,1
2006-W21,wireless,4
2006-W22,Kconfig,1
2006-W22,au1000_eth.c,1
2006-W22,au1000_eth.h,1
2006-W22,forcedeth.c,1
2006-W22,mv643xx_eth.c,1
2006-W22,pcmcia,2
2006-W22,smc91x.h,1
2006-W22,wireless,4
2006-W23,3c501.c,1
2006-W23,3c503.c,1
2006-W23,3c505.c,1
2006-W23,3c507.c,1
2006-W23,3c523.c,1
2006-W23,3c527.c,1
2006-W23,Kconfig,1
2006-W23,bnx2.c,2
2006-W23,bonding,1
2006-W23,e100.c,1
2006-W23,e1000,5
2006-W23,forcedeth.c,13
2006-W23,hamradio,1
2006-W23,hp-plus.c,1
2006-W23,hp.c,1
2006-W23,ifb.c,1
2006-W23,irda,2
2006-W23,mv643xx_eth.c,1
2006-W23,myri10ge,1
2006-W23,natsemi.c,1
2006-W23,ne.c,1
2006-W23,ne2.c,1
2006-W23,netconsole.c,1
2006-W23,ppp_generic.c,1
2006-W23,pppoe.c,1
2006-W23,skge.c,5
2006-W23,skge.h,2
2006-W23,smc-ultra.c,1
2006-W23,smc-ultra32.c,1
2006-W23,smc9194.c,1
2006-W23,tg3.c,1
2006-W23,tg3.h,1
2006-W23,tulip,1
2006-W23,via-velocity.c,1
2006-W23,wireless,8
2006-W24,3c501.c,1
2006-W24,3c503.c,1
2006-W24,3c505.c,1
2006-W24,3c507.c,1
2006-W24,3c523.c,1
2006-W24,3c527.c,1
2006-W24,3c59x.c,1
2006-W24,8139cp.c,2
2006-W24,8139too.c,1
2006-W24,Kconfig,2
2006-W24,ac3200.c,1
2006-W24,apne.c,1
2006-W24,appletalk,1
2006-W24,arm,1
2006-W24,at1700.c,1
2006-W24,atarilance.c,1
2006-W24,bnx2.c,5
2006-W24,bnx2.h,3
2006-W24,bnx2_fw.h,1
2006-W24,bonding,1
2006-W24,cs89x0.c,1
2006-W24,dm9000.c,4
2006-W24,e100.c,1
2006-W24,e2100.c,1
2006-W24,eepro.c,1
2006-W24,eexpress.c,1
2006-W24,es3210.c,1
2006-W24,eth16i.c,1
2006-W24,hp-plus.c,1
2006-W24,hp.c,1
2006-W24,ioc3-eth.c,1
2006-W24,lance.c,1
2006-W24,lne390.c,1
2006-W24,mvme147.c,1
2006-W24,ne.c,1
2006-W24,ne2.c,1
2006-W24,ni52.c,1
2006-W24,ni65.c,1
2006-W24,phy,1
2006-W24,s2io.c,1
2006-W24,seeq8005.c,1
2006-W24,skge.c,1
2006-W24,sky2.c,8
2006-W24,smc-ultra.c,1
2006-W24,smc-ultra32.c,1
2006-W24,smc9194.c,1
2006-W24,sun3lance.c,1
2006-W24,sundance.c,1
2006-W24,tg3.c,3
2006-W24,tg3.h,1
2006-W24,tokenring,1
2006-W24,tulip,2
2006-W24,typhoon.c,1
2006-W24,wan,1
2006-W24,wd.c,1
2006-W24,wireless,4
2006-W25,3c527.c,1
2006-W25,3c59x.c,1
2006-W25,8139cp.c,3
2006-W25,82596.c,1
2006-W25,8390.c,1
2006-W25,Kconfig,3
2006-W25,Makefile,1
2006-W25,a2065.c,1
2006-W25,acenic.c,1
2006-W25,ariadne.c,1
2006-W25,arm,5
2006-W25,atarilance.c,1
2006-W25,b44.c,5
2006-W25,b44.h,2
2006-W25,bnx2.c,1
2006-W25,cassini.c,1
2006-W25,chelsio,1
2006-W25,declance.c,1
2006-W25,depca.c,1
2006-W25,e1000,1
2006-W25,eepro.c,1
2006-W25,eexpress.c,1
2006-W25,epic100.c,1
2006-W25,eth16i.c,1
2006-W25,forcedeth.c,3
2006-W25,hp100.c,1
2006-W25,irda,1
2006-W25,ixgb,1
2006-W25,lance.c,1
2006-W25,lasi_82596.c,1
2006-W25,loopback.c,1
2006-W25,lp486e.c,1
2006-W25,myri10ge,5
2006-W25,myri_sbus.c,1
2006-W25,myri_sbus.h,1
2006-W25,netx-eth.c,1
2006-W25,pcmcia,3
2006-W25,phy,1
2006-W25,r8169.c,2
2006-W25,s2io.c,1
2006-W25,seeq8005.c,1
2006-W25,sis190.c,1
2006-W25,sk98lin,1
2006-W25,skge.c,1
2006-W25,sky2.c,1
2006-W25,smc9194.c,1
2006-W25,sonic.c,1
2006-W25,starfire.c,1
2006-W25,sun3lance.c,1
2006-W25,sunbmac.c,1
2006-W25,sunbmac.h,1
2006-W25,sungem.c,1
2006-W25,sunhme.c,6
2006-W25,sunhme.h,1
2006-W25,sunlance.c,2
2006-W25,sunqe.c,1
2006-W25,tg3.c,2
2006-W25,tokenring,1
2006-W25,tulip,1
2006-W25,tun.c,1
2006-W25,typhoon.c,1
2006-W25,via-rhine.c,1
2006-W25,via-velocity.c,1
2006-W25,wan,3
2006-W25,wireless,4
2006-W25,yellowfin.c,1
2006-W25,znet.c,1
2006-W26,3c501.c,1
2006-W26,3c509.c,1
2006-W26,3c515.c,2
2006-W26,3c523.c,1
2006-W26,3c527.c,1
2006-W26,3c59x.c,3
2006-W26,8139cp.c,4
2006-W26,8139too.c,4
2006-W26,82596.c,1
2006-W26,8390.h,1
2006-W26,Space.c,1
2006-W26,a2065.c,2
2006-W26,acenic.c,2
2006-W26,acenic.h,1
2006-W26,acenic_firmware.h,1
2006-W26,amd8111e.c,2
2006-W26,apne.c,1
2006-W26,appletalk,1
2006-W26,arcnet,2
2006-W26,ariadne.c,1
2006-W26,arm,1
2006-W26,at1700.c,1
2006-W26,au1000_eth.c,1
2006-W26,b44.c,3
2006-W26,bmac.c,1
2006-W26,bnx2.c,7
2006-W26,bnx2.h,1
2006-W26,bonding,1
2006-W26,cassini.c,4
2006-W26,chelsio,2
2006-W26,cris,2
2006-W26,cs89x0.c,1
2006-W26,cs89x0.h,1
2006-W26,declance.c,2
2006-W26,defxx.c,1
2006-W26,depca.c,1
2006-W26,dgrs.c,1
2006-W26,dl2k.c,3
2006-W26,dl2k.h,1
2006-W26,dm9000.c,1
2006-W26,dummy.c,1
2006-W26,e100.c,2
2006-W26,e1000,22
2006-W26,eepro.c,1
2006-W26,eepro100.c,5
2006-W26,eexpress.c,1
2006-W26,epic100.c,6
2006-W26,fealnx.c,6
2006-W26,fec.c,5
2006-W26,fec.h,1
2006-W26,fec_8xx,1
2006-W26,forcedeth.c,1
2006-W26,fs_enet,3
2006-W26,gianfar.c,1
2006-W26,gianfar.h,1
2006-W26,gianfar_ethtool.c,1
2006-W26,gianfar_mii.c,1
2006-W26,gianfar_sysfs.c,1
2006-W26,gt96100eth.c,2
2006-W26,gt96100eth.h,2
2006-W26,hamachi.c,3
2006-W26,hamradio,3
2006-W26,hp100.c,1
2006-W26,hydra.c,1
2006-W26,ibm_emac,1
2006-W26,ibmlana.c,1
2006-W26,ibmveth.c,1
2006-W26,ifb.c,1
2006-W26,ioc3-eth.c,2
2006-W26,irda,6
2006-W26,iseries_veth.c,1
2006-W26,ixgb,2
2006-W26,ixp2000,2
2006-W26,jazzsonic.c,1
2006-W26,lp486e.c,1
2006-W26,mace.c,1
2006-W26,mipsnet.c,1
2006-W26,mv643xx_eth.c,1
2006-W26,mv643xx_eth.h,1
2006-W26,myri10ge,1
2006-W26,myri_sbus.c,2
2006-W26,natsemi.c,5
2006-W26,ne2k-pci.c,3
2006-W26,netx-eth.c,1
2006-W26,ni5010.c,1
2006-W26,ns83820.c,5
2006-W26,pci-skeleton.c,4
2006-W26,pcmcia,2
2006-W26,pcnet32.c,9
2006-W26,phy,3
2006-W26,ppp_generic.c,2
2006-W26,ppp_mppe.c,1
2006-W26,r8169.c,3
2006-W26,rrunner.c,2
2006-W26,rrunner.h,1
2006-W26,s2io.c,3
2006-W26,s2io.h,1
2006-W26,sb1250-mac.c,2
2006-W26,shaper.c,1
2006-W26,sis190.c,1
2006-W26,sis900.c,1
2006-W26,sk98lin,2
2006-W26,sk_mca.c,1
2006-W26,skfp,2
2006-W26,skge.c,2
2006-W26,sky2.c,2
2006-W26,slhc.c,1
2006-W26,slip.c,1
2006-W26,slip.h,1
2006-W26,smc-ultra.c,1
2006-W26,smc-ultra32.c,1
2006-W26,smc911x.c,1
2006-W26,smc91x.c,1
2006-W26,smc91x.h,1
2006-W26,sonic.h,1
2006-W26,spider_net.c,2
2006-W26,starfire.c,4
2006-W26,stnic.c,1
2006-W26,sun3lance.c,1
2006-W26,sunbmac.c,1
2006-W26,sundance.c,3
2006-W26,sungem.c,1
2006-W26,sungem_phy.c,1
2006-W26,sunhme.c,3
2006-W26,sunhme.h,1
2006-W26,sunlance.c,2
2006-W26,sunqe.c,1
2006-W26,tc35815.c,1
2006-W26,tg3.c,7
2006-W26,tg3.h,3
2006-W26,tlan.c,1
2006-W26,tokenring,2
2006-W26,tulip,5
2006-W26,tun.c,1
2006-W26,typhoon.c,1
2006-W26,via-rhine.c,3
2006-W26,via-velocity.c,6
2006-W26,via-velocity.h,1
2006-W26,wan,4
2006-W26,wireless,13
2006-W26,yellowfin.c,4
2006-W26,znet.c,1
2006-W26,zorro8390.c,1
2006-W27,3c59x.c,2
2006-W27,8139cp.c,1
2006-W27,8139too.c,1
2006-W27,8390.c,2
2006-W27,bnx2.c,1
2006-W27,chelsio,1
2006-W27,e1000,2
2006-W27,forcedeth.c,5
2006-W27,irda,2
2006-W27,ixgb,1
2006-W27,loopback.c,1
2006-W27,mace.c,1
2006-W27,myri10ge,6
2006-W27,s2io.c,1
2006-W27,s2io.h,1
2006-W27,sky2.c,1
2006-W27,tg3.c,2
2006-W27,typhoon.c,1
2006-W27,wireless,6
2006-W28,Kconfig,1
2006-W28,Makefile,1
2006-W28,bmac.c,1
2006-W28,e1000,4
2006-W28,hamradio,1
2006-W28,ixgb,1
2006-W28,mace.c,1
2006-W28,sk98lin,1
2006-W28,skge.h,1
2006-W28,sky2.c,4
2006-W28,sky2.h,1
2006-W28,slhc.c,3
2006-W28,smc91x.h,1
2006-W28,spider_net.c,3
2006-W28,spider_net.h,1
2006-W28,sungem.c,1
2006-W28,wan,1
2006-W28,wireless,7
2006-W29,dummy.c,1
2006-W29,ibmveth.c,1
2006-W29,ibmveth.h,2
2006-W29,ifb.c,1
2006-W29,myri10ge,1
2006-W29,pcmcia,1
2006-W29,skge.c,1
2006-W29,sky2.c,2
2006-W29,sunhme.c,1
2006-W29,via-velocity.c,1
2006-W29,wan,2
2006-W29,wireless,1
2006-W30,Kconfig,1
2006-W30,Makefile,1
2006-W30,appletalk,1
2006-W30,forcedeth.c,2
2006-W30,myri10ge,2
2006-W30,phy,1
2006-W30,qla3xxx.c,1
2006-W30,qla3xxx.h,1
2006-W30,r8169.c,2
2006-W30,s2io.c,2
2006-W30,s2io.h,2
2006-W30,sky2.c,1
2006-W30,sunlance.c,1
2006-W30,tg3.c,3
2006-W30,tulip,1
2006-W30,wireless,2
2006-W31,Kconfig,1
2006-W31,e1000,1
2006-W31,forcedeth.c,3
2006-W31,sky2.c,1
2006-W31,sundance.c,1
2006-W31,tg3.c,1
2006-W31,wireless,8
2006-W32,3c501.c,1
2006-W32,hp100.c,1
2006-W32,irda,1
2006-W32,myri10ge,1
2006-W32,netx-eth.c,1
2006-W32,phy,1
2006-W32,s2io.h,1
2006-W32,sis900.c,1
2006-W32,sky2.c,1
2006-W32,smc911x.c,1
2006-W32,smc91x.h,1
2006-W32,tg3.c,2
2006-W32,tg3.h,1
2006-W32,wan,1
2006-W32,wireless,12
2006-W33,3c515.c,1
2006-W33,3c59x.c,1
2006-W33,8139cp.c,5
2006-W33,8139too.c,1
2006-W33,82596.c,1
2006-W33,Kconfig,2
2006-W33,Makefile,1
2006-W33,ac3200.c,1
2006-W33,acenic.c,1
2006-W33,amd8111e.c,1
2006-W33,appletalk,1
2006-W33,arcnet,2
2006-W33,at1700.c,1
2006-W33,b44.c,1
2006-W33,bnx2.c,3
2006-W33,bnx2.h,1
2006-W33,cassini.c,1
2006-W33,chelsio,1
2006-W33,cs89x0.c,1
2006-W33,defxx.c,1
2006-W33,dl2k.c,1
2006-W33,dm9000.c,1
2006-W33,e100.c,3
2006-W33,e1000,10
2006-W33,e2100.c,1
2006-W33,eepro.c,1
2006-W33,eepro100.c,1
2006-W33,eexpress.c,1
2006-W33,epic100.c,1
2006-W33,es3210.c,1
2006-W33,eth16i.c,1
2006-W33,fealnx.c,2
2006-W33,forcedeth.c,1
2006-W33,fs_enet,1
2006-W33,irda,1
2006-W33,ixgb,4
2006-W33,lance.c,1
2006-W33,lne390.c,1
2006-W33,myri10ge,2
2006-W33,natsemi.c,1
2006-W33,ne2k-pci.c,1
2006-W33,ni52.c,1
2006-W33,ni65.c,1
2006-W33,ns83820.c,1
2006-W33,pci-skeleton.c,1
2006-W33,pcmcia,2
2006-W33,pcnet32.c,1
2006-W33,phy,1
2006-W33,ppp_generic.c,1
2006-W33,r8169.c,6
2006-W33,rrunner.c,1
2006-W33,s2io.c,2
2006-W33,saa9730.c,1
2006-W33,seeq8005.c,1
2006-W33,sis190.c,1
2006-W33,sis900.c,1
2006-W33,sk98lin,1
2006-W33,skfp,1
2006-W33,skge.c,2
2006-W33,smc911x.c,1
2006-W33,smc91x.c,1
2006-W33,smc91x.h,2
2006-W33,spider_net.c,1
2006-W33,spider_net.h,1
2006-W33,spider_net_ethtool.c,1
2006-W33,starfire.c,1
2006-W33,sundance.c,2
2006-W33,sungem.c,1
2006-W33,tc35815.c,1
2006-W33,tg3.c,2
2006-W33,tokenring,3
2006-W33,tulip,3
2006-W33,typhoon.c,1
2006-W33,ucc_geth.c,1
2006-W33,ucc_geth.h,1
2006-W33,ucc_geth_phy.c,1
2006-W33,ucc_geth_phy.h,1
2006-W33,via-rhine.c,4
2006-W33,via-velocity.c,1
2006-W33,via-velocity.h,1
2006-W33,wan,2
2006-W33,wd.c,1
2006-W33,wireless,10
2006-W33,yellowfin.c,1
2006-W34,forcedeth.c,2
2006-W34,myri10ge,2
2006-W34,pcnet32.c,1
2006-W34,ppp_mppe.c,3
2006-W34,tg3.c,1
2006-W34,wireless,19
2006-W35,3c59x.c,1
2006-W35,8139cp.c,1
2006-W35,acenic.c,1
2006-W35,bnx2.c,1
2006-W35,cassini.c,1
2006-W35,chelsio,1
2006-W35,dl2k.c,1
2006-W35,e100.c,5
2006-W35,e1000,12
2006-W35,forcedeth.c,1
2006-W35,gianfar.c,1
2006-W35,hamachi.c,1
2006-W35,ibm_emac,1
2006-W35,ioc3-eth.c,1
2006-W35,ixgb,10
2006-W35,mv643xx_eth.c,1
2006-W35,myri10ge,2
2006-W35,ns83820.c,1
2006-W35,r8169.c,2
2006-W35,s2io.c,1
2006-W35,sk98lin,1
2006-W35,skge.c,10
2006-W35,skge.h,1
2006-W35,sky2.c,11
2006-W35,sky2.h,2
2006-W35,starfire.c,1
2006-W35,sungem.c,1
2006-W35,sunhme.c,1
2006-W35,sunlance.c,1
2006-W35,tg3.c,1
2006-W35,typhoon.c,1
2006-W35,via-rhine.c,1
2006-W35,via-velocity.c,1
2006-W35,wireless,19
2006-W36,8139cp.c,1
2006-W36,Kconfig,1
2006-W36,dm9000.c,1
2006-W36,e1000,1
2006-W36,forcedeth.c,1
2006-W36,skge.c,1
2006-W36,sky2.c,3
2006-W36,sky2.h,3
2006-W36,tulip,8
2006-W36,wireless,4
2006-W37,3c501.c,2
2006-W37,3c501.h,2
2006-W37,3c503.c,2
2006-W37,3c503.h,1
2006-W37,3c505.c,2
2006-W37,3c505.h,1
2006-W37,3c507.c,2
2006-W37,3c509.c,2
2006-W37,3c515.c,2
2006-W37,3c523.c,2
2006-W37,3c523.h,1
2006-W37,3c527.c,2
2006-W37,3c527.h,1
2006-W37,3c59x.c,3
2006-W37,7990.c,1
2006-W37,7990.h,1
2006-W37,8139cp.c,2
2006-W37,8139too.c,2
2006-W37,82596.c,1
2006-W37,8390.c,1
2006-W37,8390.h,1
2006-W37,Kconfig,2
2006-W37,Makefile,1
2006-W37,Space.c,1
2006-W37,a2065.c,1
2006-W37,a2065.h,1
2006-W37,ac3200.c,1
2006-W37,acenic.c,2
2006-W37,acenic.h,1
2006-W37,acenic_firmware.h,1
2006-W37,amd8111e.c,3
2006-W37,amd8111e.h,1
2006-W37,apne.c,1
2006-W37,ariadne.c,1
2006-W37,arm,1
2006-W37,at1700.c,2
2006-W37,atari_bionet.c,1
2006-W37,atari_pamsnet.c,1
2006-W37,atarilance.c,2
2006-W37,atp.c,1
2006-W37,au1000_eth.c,3
2006-W37,au1000_eth.h,1
2006-W37,b44.c,1
2006-W37,bmac.c,1
2006-W37,bmac.h,1
2006-W37,bnx2.c,2
2006-W37,bnx2.h,1
2006-W37,bonding,1
2006-W37,bsd_comp.c,1
2006-W37,cassini.c,2
2006-W37,cassini.h,1
2006-W37,chelsio,1
2006-W37,cris,1
2006-W37,cs89x0.c,1
2006-W37,cs89x0.h,1
2006-W37,de600.c,1
2006-W37,de620.c,1
2006-W37,declance.c,1
2006-W37,defxx.c,1
2006-W37,defxx.h,1
2006-W37,depca.c,1
2006-W37,depca.h,1
2006-W37,dgrs.c,1
2006-W37,dgrs.h,1
2006-W37,dgrs_asstruct.h,1
2006-W37,dgrs_bcomm.h,1
2006-W37,dgrs_ether.h,1
2006-W37,dgrs_i82596.h,1
2006-W37,dl2k.c,2
2006-W37,dl2k.h,1
2006-W37,dummy.c,1
2006-W37,e100.c,1
2006-W37,e1000,3
2006-W37,e2100.c,1
2006-W37,eepro.c,2
2006-W37,eepro100.c,2
2006-W37,eexpress.c,1
2006-W37,eexpress.h,1
2006-W37,ehea,4
2006-W37,epic100.c,2
2006-W37,eql.c,1
2006-W37,eth16i.c,1
2006-W37,ewrk3.c,2
2006-W37,ewrk3.h,1
2006-W37,fealnx.c,3
2006-W37,fec.c,2
2006-W37,fec_8xx,1
2006-W37,forcedeth.c,1
2006-W37,fs_enet,1
2006-W37,gianfar.c,3
2006-W37,gianfar.h,1
2006-W37,gianfar_ethtool.c,2
2006-W37,gianfar_mii.c,1
2006-W37,gianfar_mii.h,1
2006-W37,gianfar_sysfs.c,1
2006-W37,gt64240eth.h,1
2006-W37,gt96100eth.c,2
2006-W37,gt96100eth.h,1
2006-W37,hamachi.c,3
2006-W37,hp-plus.c,1
2006-W37,hp.c,1
2006-W37,hp100.c,1
2006-W37,hp100.h,1
2006-W37,hplance.c,1
2006-W37,ibm_emac,1
2006-W37,ibmveth.c,1
2006-W37,ifb.c,1
2006-W37,ioc3-eth.c,2
2006-W37,isa-skeleton.c,1
2006-W37,iseries_veth.c,1
2006-W37,ixgb,1
2006-W37,jazzsonic.c,1
2006-W37,lance.c,2
2006-W37,lasi_82596.c,1
2006-W37,lne390.c,1
2006-W37,loopback.c,2
2006-W37,lp486e.c,1
2006-W37,mac8390.c,1
2006-W37,mac89x0.c,1
2006-W37,mace.c,1
2006-W37,macmace.c,1
2006-W37,macsonic.c,1
2006-W37,meth.c,1
2006-W37,mii.c,1
2006-W37,mv643xx_eth.c,3
2006-W37,myri10ge,1
2006-W37,myri_code.h,1
2006-W37,myri_sbus.c,1
2006-W37,natsemi.c,3
2006-W37,ne-h8300.c,1
2006-W37,ne.c,1
2006-W37,ne2.c,1
2006-W37,ne2k-pci.c,2
2006-W37,ne3210.c,1
2006-W37,ni5010.c,1
2006-W37,ni52.c,1
2006-W37,ni52.h,1
2006-W37,ni65.c,1
2006-W37,ni65.h,1
2006-W37,ns83820.c,2
2006-W37,oaknet.c,1
2006-W37,pci-skeleton.c,2
2006-W37,pcmcia,2
2006-W37,pcnet32.c,6
2006-W37,phy,1
2006-W37,plip.c,1
2006-W37,ppp_async.c,1
2006-W37,ppp_deflate.c,1
2006-W37,ppp_generic.c,2
2006-W37,ppp_synctty.c,1
2006-W37,pppoe.c,1
2006-W37,qla3xxx.c,1
2006-W37,r8169.c,2
2006-W37,rionet.c,1
2006-W37,rrunner.c,1
2006-W37,rrunner.h,1
2006-W37,s2io-regs.h,1
2006-W37,s2io.c,3
2006-W37,s2io.h,2
2006-W37,saa9730.h,1
2006-W37,sb1000.c,1
2006-W37,sb1250-mac.c,1
2006-W37,seeq8005.c,1
2006-W37,seeq8005.h,1
2006-W37,sgiseeq.h,1
2006-W37,shaper.c,1
2006-W37,sis190.c,2
2006-W37,sis900.c,2
2006-W37,sis900.h,1
2006-W37,sk98lin,1
2006-W37,sk_mca.c,1
2006-W37,sk_mca.h,1
2006-W37,skge.c,1
2006-W37,sky2.c,1
2006-W37,slhc.c,1
2006-W37,slip.c,1
2006-W37,slip.h,1
2006-W37,smc-mca.c,1
2006-W37,smc-ultra.c,1
2006-W37,smc-ultra32.c,1
2006-W37,smc911x.c,1
2006-W37,smc9194.c,1
2006-W37,smc9194.h,1
2006-W37,smc91x.c,2
2006-W37,sonic.c,1
2006-W37,sonic.h,1
2006-W37,spider_net.h,1
2006-W37,spider_net_ethtool.c,1
2006-W37,starfire.c,2
2006-W37,stnic.c,1
2006-W37,sun3_82586.c,1
2006-W37,sun3_82586.h,1
2006-W37,sun3lance.c,2
2006-W37,sunbmac.c,1
2006-W37,sundance.c,3
2006-W37,sungem.c,2
2006-W37,sungem.h,1
2006-W37,sungem_phy.c,1
2006-W37,sungem_phy.h,1
2006-W37,sunhme.c,2
2006-W37,sunlance.c,2
2006-W37,sunqe.c,2
2006-W37,tc35815.c,1
2006-W37,tg3.c,2
2006-W37,tlan.c,1
2006-W37,tlan.h,1
2006-W37,tulip,3
2006-W37,tun.c,2
2006-W37,typhoon-firmware.h,1
2006-W37,typhoon.c,3
2006-W37,typhoon.h,1
2006-W37,ucc_geth.c,2
2006-W37,via-rhine.c,2
2006-W37,via-velocity.c,3
2006-W37,via-velocity.h,2
2006-W37,wd.c,1
2006-W37,wireless,10
2006-W37,yellowfin.c,3
2006-W37,znet.c,1
2006-W38,3c509.c,1
2006-W38,Kconfig,2
2006-W38,Makefile,1
2006-W38,arm,1
2006-W38,bonding,10
2006-W38,e1000,3
2006-W38,forcedeth.c,1
2006-W38,fs_enet,2
2006-W38,gt96100eth.c,1
2006-W38,gt96100eth.h,1
2006-W38,irda,1
2006-W38,ixgb,1
2006-W38,lp486e.c,1
2006-W38,mv643xx_eth.c,1
2006-W38,r8169.c,1
2006-W38,s2io.c,2
2006-W38,skge.c,1
2006-W38,skge.h,1
2006-W38,spider_net.c,1
2006-W38,spider_net.h,1
2006-W38,spider_net_ethtool.c,1
2006-W38,wireless,1
2006-W39,3c509.c,1
2006-W39,3c59x.c,1
2006-W39,8390.c,1
2006-W39,Kconfig,1
2006-W39,acenic.c,1
2006-W39,appletalk,1
2006-W39,arm,1
2006-W39,bnx2.c,1
2006-W39,bonding,3
2006-W39,dgrs.c,1
2006-W39,e100.c,5
2006-W39,e1000,21
2006-W39,fec_8xx,1
2006-W39,forcedeth.c,1
2006-W39,fs_enet,1
2006-W39,gt64240eth.h,1
2006-W39,hp100.c,1
2006-W39,irda,6
2006-W39,ixgb,5
2006-W39,loopback.c,1
2006-W39,ne3210.c,1
2006-W39,phy,2
2006-W39,pppoe.c,1
2006-W39,qla3xxx.c,2
2006-W39,qla3xxx.h,1
2006-W39,sky2.c,8
2006-W39,sky2.h,4
2006-W39,smc91x.h,2
2006-W39,spider_net.c,1
2006-W39,stnic.c,1
2006-W39,sunlance.c,1
2006-W39,tg3.c,9
2006-W39,tg3.h,6
2006-W39,tokenring,2
2006-W39,tulip,1
2006-W39,tun.c,1
2006-W39,typhoon.c,1
2006-W39,wan,5
2006-W39,wireless,10
2006-W40,3c501.c,1
2006-W40,3c501.h,1
2006-W40,3c505.c,1
2006-W40,3c507.c,1
2006-W40,3c509.c,2
2006-W40,3c515.c,1
2006-W40,3c523.c,2
2006-W40,3c527.c,2
2006-W40,3c59x.c,1
2006-W40,7990.c,2
2006-W40,8139cp.c,1
2006-W40,8139too.c,1
2006-W40,82596.c,1
2006-W40,8390.c,2
2006-W40,8390.h,1
2006-W40,Kconfig,1
2006-W40,Space.c,1
2006-W40,a2065.c,1
2006-W40,acenic.c,1
2006-W40,acenic.h,1
2006-W40,amd8111e.c,1
2006-W40,apne.c,1
2006-W40,appletalk,1
2006-W40,arcnet,1
2006-W40,ariadne.c,1
2006-W40,arm,3
2006-W40,at1700.c,1
2006-W40,atari_bionet.c,1
2006-W40,atari_pamsnet.c,1
2006-W40,atarilance.c,1
2006-W40,atp.c,2
2006-W40,au1000_eth.c,1
2006-W40,b44.c,2
2006-W40,bmac.c,1
2006-W40,bnx2.c,1
2006-W40,cassini.c,1
2006-W40,chelsio,1
2006-W40,cris,1
2006-W40,cs89x0.c,1
2006-W40,de600.c,2
2006-W40,de600.h,1
2006-W40,de620.c,1
2006-W40,declance.c,2
2006-W40,defxx.c,1
2006-W40,depca.c,1
2006-W40,dgrs.c,2
2006-W40,dl2k.c,1
2006-W40,dm9000.c,2
2006-W40,e100.c,1
2006-W40,e1000,1
2006-W40,eepro.c,3
2006-W40,eepro100.c,1
2006-W40,eexpress.c,2
2006-W40,ehea,3
2006-W40,epic100.c,1
2006-W40,eth16i.c,1
2006-W40,ewrk3.c,1
2006-W40,fealnx.c,1
2006-W40,fec.c,1
2006-W40,fec_8xx,1
2006-W40,forcedeth.c,1
2006-W40,fs_enet,2
2006-W40,gianfar.c,1
2006-W40,gianfar.h,1
2006-W40,hamachi.c,1
2006-W40,hamradio,1
2006-W40,hp100.c,2
2006-W40,ibm_emac,2
2006-W40,ibmlana.c,1
2006-W40,ibmveth.c,6
2006-W40,ifb.c,1
2006-W40,ioc3-eth.c,1
2006-W40,irda,2
2006-W40,isa-skeleton.c,1
2006-W40,iseries_veth.c,1
2006-W40,ixgb,1
2006-W40,ixp2000,1
2006-W40,lance.c,2
2006-W40,lasi_82596.c,2
2006-W40,lp486e.c,1
2006-W40,mac89x0.c,1
2006-W40,mace.c,1
2006-W40,macmace.c,1
2006-W40,meth.c,1
2006-W40,mipsnet.c,1
2006-W40,mv643xx_eth.c,3
2006-W40,myri10ge,1
2006-W40,myri_sbus.c,1
2006-W40,natsemi.c,1
2006-W40,netx-eth.c,1
2006-W40,ni5010.c,1
2006-W40,ni52.c,1
2006-W40,ni65.c,1
2006-W40,ns83820.c,1
2006-W40,pci-skeleton.c,1
2006-W40,pcmcia,2
2006-W40,pcnet32.c,3
2006-W40,phy,4
2006-W40,plip.c,2
2006-W40,qla3xxx.c,1
2006-W40,r8169.c,1
2006-W40,rrunner.c,1
2006-W40,rrunner.h,1
2006-W40,s2io.c,1
2006-W40,s2io.h,1
2006-W40,saa9730.c,2
2006-W40,sb1000.c,2
2006-W40,sb1250-mac.c,1
2006-W40,seeq8005.c,1
2006-W40,sgiseeq.c,1
2006-W40,sis190.c,1
2006-W40,sis900.c,1
2006-W40,sk98lin,3
2006-W40,sk_mca.c,1
2006-W40,skfp,2
2006-W40,skge.c,5
2006-W40,skge.h,2
2006-W40,sky2.c,2
2006-W40,smc-ultra.c,1
2006-W40,smc911x.c,1
2006-W40,smc9194.c,1
2006-W40,smc91x.c,2
2006-W40,smc91x.h,1
2006-W40,sonic.c,2
2006-W40,sonic.h,1
2006-W40,spider_net.c,1
2006-W40,starfire.c,1
2006-W40,sun3_82586.c,1
2006-W40,sun3lance.c,1
2006-W40,sunbmac.c,1
2006-W40,sundance.c,1
2006-W40,sungem.c,1
2006-W40,sunhme.c,2
2006-W40,sunlance.c,2
2006-W40,sunqe.c,2
2006-W40,tc35815.c,1
2006-W40,tg3.c,1
2006-W40,tlan.c,1
2006-W40,tokenring,3
2006-W40,tulip,3
2006-W40,tun.c,1
2006-W40,typhoon.c,1
2006-W40,ucc_geth.c,1
2006-W40,ucc_geth_phy.c,1
2006-W40,via-rhine.c,1
2006-W40,via-velocity.c,1
2006-W40,wan,2
2006-W40,wireless,10
2006-W40,yellowfin.c,2
2006-W40,znet.c,2
2006-W41,8390.c,1
2006-W41,8390.h,3
2006-W41,Makefile,3
2006-W41,arm,2
2006-W41,b44.c,1
2006-W41,depca.c,1
2006-W41,eth16i.c,1
2006-W41,forcedeth.c,1
2006-W41,hydra.c,1
2006-W41,ibmveth.c,2
2006-W41,irda,1
2006-W41,lasi_82596.c,1
2006-W41,lib8390.c,1
2006-W41,mac8390.c,1
2006-W41,ne-h8300.c,1
2006-W41,pcmcia,1
2006-W41,r8169.c,2
2006-W41,sky2.c,2
2006-W41,sky2.h,1
2006-W41,smc91x.h,1
2006-W41,spider_net.c,18
2006-W41,spider_net.h,6
2006-W41,spider_net_ethtool.c,2
2006-W41,sun3_82586.c,1
2006-W41,sun3lance.c,1
2006-W41,tokenring,1
2006-W41,wireless,8
2006-W41,zorro8390.c,1
2006-W42,Kconfig,2
2006-W42,Makefile,1
2006-W42,e100.c,1
2006-W42,e1000,1
2006-W42,ibmveth.c,1
2006-W42,ioc3-eth.c,1
2006-W42,irda,1
2006-W42,loopback.c,2
2006-W42,mv643xx_eth.c,2
2006-W42,myri_code.h,1
2006-W42,myri_sbus.c,1
2006-W42,netxen,1
2006-W42,phy,2
2006-W42,sb1250-mac.c,1
2006-W42,skge.c,1
2006-W42,sky2.c,13
2006-W42,sky2.h,3
2006-W42,smc91x.h,1
2006-W42,sun3lance.c,1
2006-W42,sunbmac.c,1
2006-W42,sundance.c,3
2006-W42,tg3.c,3
2006-W42,ucc_geth.c,1
2006-W42,ucc_geth.h,1
2006-W42,ucc_geth_phy.c,1
2006-W42,ucc_geth_phy.h,1
2006-W42,wan,1
2006-W42,wireless,3
2006-W43,Kconfig,2
2006-W43,defxx.c,1
2006-W43,defxx.h,1
2006-W43,e100.c,1
2006-W43,e1000,7
2006-W43,ehea,1
2006-W43,myri10ge,1
2006-W43,netconsole.c,2
2006-W43,pcmcia,2
2006-W43,r8169.c,1
2006-W43,tokenring,1
2006-W43,tulip,1
2006-W43,wan,2
2006-W43,wireless,6
2006-W44,Kconfig,1
2006-W44,arm,3
2006-W44,au1000_eth.c,1
2006-W44,e1000,17
2006-W44,ehea,3
2006-W44,forcedeth.c,2
2006-W44,r8169.c,3
2006-W44,s2io.c,1
2006-W44,tg3.c,1
2006-W44,tulip,1
2006-W44,wireless,2
2006-W45,Kconfig,3
2006-W45,Makefile,2
2006-W45,arcnet,1
2006-W45,b44.c,1
2006-W45,bonding,1
2006-W45,cris,1
2006-W45,e1000,1
2006-W45,forcedeth.c,1
2006-W45,gianfar.c,1
2006-W45,ibm_emac,1
2006-W45,ibmveth.c,1
2006-W45,ibmveth.h,1
2006-W45,irda,1
2006-W45,macb.c,1
2006-W45,macb.h,1
2006-W45,netxen,1
2006-W45,phy,1
2006-W45,spider_net.c,1
2006-W45,sundance.c,1
2006-W45,tg3.c,1
2006-W45,tsi108_eth.c,1
2006-W45,tsi108_eth.h,1
2006-W45,wireless,5
2006-W46,Kconfig,2
2006-W46,Space.c,1
2006-W46,bnx2.c,11
2006-W46,bnx2.h,5
2006-W46,bnx2_fw.h,2
2006-W46,bnx2_fw2.h,4
2006-W46,bonding,1
2006-W46,chelsio,6
2006-W46,cs89x0.c,1
2006-W46,e1000,1
2006-W46,ioc3-eth.c,1
2006-W46,meth.c,1
2006-W46,myri_sbus.c,1
2006-W46,phy,1
2006-W46,pppoe.c,1
2006-W46,r8169.c,1
2006-W46,spider_net.c,2
2006-W46,spider_net.h,2
2006-W46,tg3.c,2
2006-W46,typhoon.c,1
2006-W46,ucc_geth.c,1
2006-W46,wan,1
2006-W46,wireless,3
2006-W47,8139too.c,1
2006-W47,bnx2.c,1
2006-W47,cassini.c,2
2006-W47,chelsio,1
2006-W47,e100.c,1
2006-W47,e1000,2
2006-W47,ehea,1
2006-W47,hamradio,2
2006-W47,irda,1
2006-W47,iseries_veth.c,1
2006-W47,ixgb,2
2006-W47,myri10ge,3
2006-W47,ns83820.c,2
2006-W47,pcmcia,1
2006-W47,phy,1
2006-W47,plip.c,1
2006-W47,qla3xxx.c,1
2006-W47,qla3xxx.h,1
2006-W47,r8169.c,2
2006-W47,s2io.c,1
2006-W47,s2io.h,1
2006-W47,sis190.c,1
2006-W47,sk98lin,1
2006-W47,skge.c,2
2006-W47,skge.h,1
2006-W47,sky2.c,1
2006-W47,spider_net.c,1
2006-W47,sungem.c,2
2006-W47,sunhme.c,1
2006-W47,tg3.c,2
2006-W47,tlan.c,1
2006-W47,tlan.h,1
2006-W47,tulip,1
2006-W47,wan,1
2006-W47,wireless,9
2006-W48,Kconfig,5
2006-W48,amd8111e.c,1
2006-W48,amd8111e.h,1
2006-W48,au1000_eth.c,1
2006-W48,chelsio,10
2006-W48,e100.c,1
2006-W48,e1000,1
2006-W48,ehea,1
2006-W48,fs_enet,1
2006-W48,gianfar.c,1
2006-W48,gianfar.h,1
2006-W48,lance.c,1
2006-W48,ne3210.c,1
2006-W48,netxen,3
2006-W48,pcmcia,1
2006-W48,phy,2
2006-W48,r8169.c,1
2006-W48,sk98lin,2
2006-W48,skge.c,2
2006-W48,sky2.c,5
2006-W48,sky2.h,2
2006-W48,starfire.c,1
2006-W48,sundance.c,1
2006-W48,sungem.c,1
2006-W48,sunhme.c,2
2006-W48,tulip,1
2006-W48,typhoon.c,1
2006-W48,wireless,8
2006-W49,7990.c,1
2006-W49,Kconfig,1
2006-W49,apne.c,1
2006-W49,arm,4
2006-W49,bnx2.c,1
2006-W49,bonding,1
2006-W49,chelsio,5
2006-W49,de600.c,1
2006-W49,declance.c,2
2006-W49,hamradio,3
2006-W49,hplance.c,1
2006-W49,irda,3
2006-W49,lasi_82596.c,1
2006-W49,macb.c,2
2006-W49,macb.h,2
2006-W49,mv643xx_eth.c,1
2006-W49,myri10ge,1
2006-W49,netxen,4
2006-W49,pcmcia,1
2006-W49,phy,1
2006-W49,sk98lin,1
2006-W49,skge.h,1
2006-W49,sky2.c,5
2006-W49,sky2.h,2
2006-W49,smc91x.c,1
2006-W49,smc91x.h,2
2006-W49,tg3.c,7
2006-W49,tg3.h,1
2006-W49,tokenring,1
2006-W49,ucc_geth.c,2
2006-W49,via-velocity.c,1
2006-W49,wan,2
2006-W49,wireless,10
2006-W50,8139cp.c,1
2006-W50,8139too.c,1
2006-W50,appletalk,1
2006-W50,b44.c,1
2006-W50,bnx2.c,4
2006-W50,bonding,1
2006-W50,bsd_comp.c,1
2006-W50,chelsio,4
2006-W50,e100.c,1
2006-W50,e1000,18
2006-W50,forcedeth.c,2
2006-W50,irda,1
2006-W50,iseries_veth.c,1
2006-W50,ixgb,2
2006-W50,lp486e.c,1
2006-W50,myri10ge,8
2006-W50,netxen,1
2006-W50,pcmcia,4
2006-W50,phy,1
2006-W50,ppp_deflate.c,1
2006-W50,ppp_mppe.c,1
2006-W50,s2io.c,1
2006-W50,skge.c,2
2006-W50,slip.c,1
2006-W50,smc91x.h,1
2006-W50,spider_net.c,13
2006-W50,spider_net.h,3
2006-W50,spider_net_ethtool.c,1
2006-W50,tg3.c,6
2006-W50,tg3.h,1
2006-W50,wan,1
2006-W50,wireless,8
2006-W51,Kconfig,3
2006-W51,Makefile,2
2006-W51,Space.c,1
2006-W51,arm,1
2006-W51,bmac.c,1
2006-W51,forcedeth.c,1
2006-W51,ibm_emac,1
2006-W51,mace.c,1
2006-W51,macmace.c,1
2006-W51,macsonic.c,1
2006-W51,myri10ge,5
2006-W51,netxen,8
2006-W51,r8169.c,2
2006-W51,sc92031.c,1
2006-W51,sk_mca.c,1
2006-W51,sk_mca.h,1
2006-W51,skfp,1
2006-W51,sky2.c,4
2006-W51,sky2.h,1
2006-W51,smc911x.c,2
2006-W51,via-velocity.c,1
2006-W51,wireless,1
2006-W52,wireless,2
2007-W01,Kconfig,1
2007-W01,Makefile,1
2007-W01,Space.c,1
2007-W01,e1000,1
2007-W01,ifb.c,1
2007-W01,ixgb,3
2007-W01,loopback.c,1
2007-W01,netxen,1
2007-W01,oaknet.c,1
2007-W01,qla3xxx.c,3
2007-W01,qla3xxx.h,1
2007-W01,sungem.c,1
2007-W01,sungem_phy.c,1
2007-W01,sungem_phy.h,1
2007-W01,wireless,1
2007-W02,bnx2.c,4
2007-W02,chelsio,3
2007-W02,forcedeth.c,4
2007-W02,myri10ge,3
2007-W02,tg3.c,1
2007-W02,tg3.h,1
2007-W02,ucc_geth.c,1
2007-W02,wan,1
2007-W02,wireless,2
2007-W03,8139cp.c,1
2007-W03,Kconfig,1
2007-W03,Makefile,1
2007-W03,bonding,4
2007-W03,cxgb3,1
2007-W03,e1000,8
2007-W03,forcedeth.c,5
2007-W03,irda,2
2007-W03,phy,1
2007-W03,sis190.c,1
2007-W03,ucc_geth_phy.c,1
2007-W03,wireless,2
2007-W04,82596.c,1
2007-W04,b44.c,2
2007-W04,bnx2.c,3
2007-W04,ehea,7
2007-W04,forcedeth.c,3
2007-W04,fs_enet,1
2007-W04,ifb.c,1
2007-W04,irda,2
2007-W04,mv643xx_eth.c,1
2007-W04,netxen,2
2007-W04,phy,1
2007-W04,s2io.c,2
2007-W04,skge.c,1
2007-W04,sky2.c,4
2007-W04,ucc_geth.c,1
2007-W04,wireless,3
2007-W05,Kconfig,1
2007-W05,Makefile,1
2007-W05,b44.c,3
2007-W05,b44.h,1
2007-W05,bnx2.c,1
2007-W05,bnx2.h,1
2007-W05,bonding,1
2007-W05,chelsio,1
2007-W05,cxgb3,9
2007-W05,e100.c,2
2007-W05,ehea,2
2007-W05,fs_enet,1
2007-W05,gianfar_ethtool.c,1
2007-W05,hamradio,1
2007-W05,ifb.c,1
2007-W05,pasemi_mac.c,1
2007-W05,pasemi_mac.h,1
2007-W05,r8169.c,1
2007-W05,s2io-regs.h,2
2007-W05,s2io.c,5
2007-W05,s2io.h,3
2007-W05,skge.c,4
2007-W05,skge.h,1
2007-W05,sky2.c,1
2007-W05,smc911x.c,1
2007-W05,spider_net.c,1
2007-W05,wan,1
2007-W05,wireless,7
2007-W06,3c503.c,1
2007-W06,3c59x.c,1
2007-W06,Kconfig,4
2007-W06,Makefile,1
2007-W06,ac3200.c,1
2007-W06,amd8111e.c,1
2007-W06,atl1,1
2007-W06,bonding,1
2007-W06,cxgb3,2
2007-W06,declance.c,1
2007-W06,defxx.c,1
2007-W06,defxx.h,1
2007-W06,e2100.c,1
2007-W06,ehea,1
2007-W06,es3210.c,1
2007-W06,hp100.c,1
2007-W06,macb.c,1
2007-W06,macb.h,1
2007-W06,macsonic.c,1
2007-W06,mv643xx_eth.c,1
2007-W06,netxen,4
2007-W06,pcmcia,1
2007-W06,phy,2
2007-W06,ppp_generic.c,1
2007-W06,r8169.c,1
2007-W06,s2io.c,1
2007-W06,s2io.h,1
2007-W06,sky2.c,7
2007-W06,sky2.h,2
2007-W06,slip.c,1
2007-W06,smc-mca.c,1
2007-W06,smc-ultra.c,1
2007-W06,smc-ultra32.c,1
2007-W06,spider_net.c,2
2007-W06,tg3.c,1
2007-W06,ucc_geth.c,2
2007-W06,ucc_geth_phy.c,1
2007-W06,wan,3
2007-W06,wd.c,1
2007-W06,wireless,9
2007-W07,7990.c,1
2007-W07,8139too.c,1
2007-W07,Kconfig,2
2007-W07,arcnet,2
2007-W07,arm,1
2007-W07,atl1,5
2007-W07,au1000_eth.c,1
2007-W07,b44.c,2
2007-W07,bonding,2
2007-W07,cris,1
2007-W07,cxgb3,2
2007-W07,e1000,4
2007-W07,eexpress.c,1
2007-W07,ehea,1
2007-W07,fec_8xx,1
2007-W07,fs_enet,1
2007-W07,gianfar.c,2
2007-W07,gianfar_ethtool.c,1
2007-W07,gianfar_mii.c,1
2007-W07,gianfar_sysfs.c,2
2007-W07,hamradio,3
2007-W07,ibm_emac,1
2007-W07,ibmveth.c,1
2007-W07,ioc3-eth.c,1
2007-W07,irda,2
2007-W07,macb.c,2
2007-W07,meth.c,2
2007-W07,mipsnet.c,1
2007-W07,netxen,2
2007-W07,phy,1
2007-W07,ppp_generic.c,1
2007-W07,pppoe.c,1
2007-W07,qla3xxx.c,1
2007-W07,r8169.c,2
2007-W07,s2io.c,2
2007-W07,sc92031.c,1
2007-W07,sis190.c,1
2007-W07,sk98lin,1
2007-W07,skge.c,1
2007-W07,sky2.c,5
2007-W07,sky2.h,2
2007-W07,sungem_phy.c,1
2007-W07,tg3.c,8
2007-W07,tg3.h,1
2007-W07,tsi108_eth.c,1
2007-W07,tun.c,1
2007-W07,ucc_geth.c,1
2007-W07,ucc_geth_phy.c,1
2007-W07,wan,4
2007-W07,wireless,12
2007-W08,Kconfig,2
2007-W08,chelsio,3
2007-W08,cxgb3,6
2007-W08,de600.c,1
2007-W08,e1000,1
2007-W08,forcedeth.c,3
2007-W08,myri10ge,1
2007-W08,natsemi.c,3
2007-W08,netxen,2
2007-W08,ni52.c,1
2007-W08,r8169.c,7
2007-W08,s2io-regs.h,1
2007-W08,s2io.c,6
2007-W08,s2io.h,2
2007-W08,skfp,1
2007-W08,skge.c,2
2007-W08,skge.h,1
2007-W08,spider_net.c,10
2007-W08,spider_net.h,5
2007-W08,sun3_82586.c,1
2007-W08,sungem_phy.c,1
2007-W08,sungem_phy.h,1
2007-W08,tc35815.c,1
2007-W08,tg3.c,1
2007-W08,tg3.h,1
2007-W08,ucc_geth.c,1
2007-W08,wan,1
2007-W08,wireless,1
2007-W09,8139cp.c,1
2007-W09,Kconfig,1
2007-W09,acenic.c,1
2007-W09,amd8111e.c,1
2007-W09,atl1,1
2007-W09,bnx2.c,1
2007-W09,bonding,4
2007-W09,chelsio,2
2007-W09,cxgb3,2
2007-W09,e1000,1
2007-W09,ehea,3
2007-W09,gianfar.c,1
2007-W09,ixgb,1
2007-W09,mv643xx_eth.c,3
2007-W09,mv643xx_eth.h,2
2007-W09,myri10ge,1
2007-W09,netxen,3
2007-W09,ns83820.c,1
2007-W09,pppoe.c,2
2007-W09,qla3xxx.c,13
2007-W09,qla3xxx.h,3
2007-W09,r8169.c,2
2007-W09,s2io.c,1
2007-W09,sgiseeq.c,2
2007-W09,sky2.c,1
2007-W09,starfire.c,1
2007-W09,sungem.c,1
2007-W09,sunhme.c,1
2007-W09,tc35815.c,2
2007-W09,tg3.c,1
2007-W09,tulip,1
2007-W09,typhoon.c,1
2007-W09,wan,1
2007-W09,wireless,7
2007-W10,3c59x.c,2
2007-W10,atl1,2
2007-W10,au1000_eth.c,1
2007-W10,bonding,2
2007-W10,chelsio,1
2007-W10,cxgb3,1
2007-W10,defxx.c,1
2007-W10,e1000,7
2007-W10,fec_8xx,1
2007-W10,fs_enet,1
2007-W10,gianfar.c,2
2007-W10,ibm_emac,1
2007-W10,ixgb,3
2007-W10,lasi_82596.c,1
2007-W10,loopback.c,1
2007-W10,mv643xx_eth.c,1
2007-W10,myri10ge,4
2007-W10,myri_sbus.c,1
2007-W10,natsemi.c,1
2007-W10,netxen,2
2007-W10,pcnet32.c,3
2007-W10,phy,2
2007-W10,pppoe.c,1
2007-W10,qla3xxx.c,1
2007-W10,r8169.c,2
2007-W10,rrunner.c,1
2007-W10,s2io-regs.h,1
2007-W10,s2io.c,3
2007-W10,s2io.h,1
2007-W10,sis900.c,1
2007-W10,sk98lin,1
2007-W10,skfp,1
2007-W10,sky2.c,1
2007-W10,tokenring,2
2007-W10,tulip,8
2007-W10,ucc_geth.c,2
2007-W10,via-rhine.c,1
2007-W10,wan,2
2007-W10,wireless,6
2007-W11,Kconfig,4
2007-W11,appletalk,1
2007-W11,atl1,2
2007-W11,bnx2.c,2
2007-W11,bonding,1
2007-W11,chelsio,1
2007-W11,cxgb3,5
2007-W11,e1000,1
2007-W11,ehea,2
2007-W11,gianfar.c,2
2007-W11,ioc3-eth.c,1
2007-W11,irda,3
2007-W11,ixgb,1
2007-W11,mipsnet.c,1
2007-W11,mv643xx_eth.c,1
2007-W11,myri10ge,1
2007-W11,natsemi.c,3
2007-W11,netxen,4
2007-W11,pasemi_mac.c,1
2007-W11,pci-skeleton.c,1
2007-W11,pcmcia,1
2007-W11,skge.c,6
2007-W11,skge.h,3
2007-W11,sky2.c,2
2007-W11,tc35815.c,2
2007-W11,tg3.c,2
2007-W11,tokenring,1
2007-W11,tulip,5
2007-W11,wireless,7
2007-W12,Kconfig,1
2007-W12,appletalk,1
2007-W12,arcnet,2
2007-W12,bonding,1
2007-W12,cxgb3,1
2007-W12,ehea,3
2007-W12,ewrk3.c,1
2007-W12,forcedeth.c,3
2007-W12,irda,1
2007-W12,mv643xx_eth.c,3
2007-W12,mv643xx_eth.h,1
2007-W12,myri10ge,4
2007-W12,myri_sbus.c,1
2007-W12,netxen,1
2007-W12,plip.c,1
2007-W12,ppp_generic.c,2
2007-W12,saa9730.c,1
2007-W12,sb1000.c,1
2007-W12,sb1250-mac.c,2
2007-W12,slip.c,1
2007-W12,tg3.c,3
2007-W12,tg3.h,2
2007-W12,tokenring,2
2007-W12,tun.c,1
2007-W12,ucc_geth.c,1
2007-W12,wan,4
2007-W12,wireless,5
2007-W13,3c505.c,1
2007-W13,3c523.c,2
2007-W13,7990.c,1
2007-W13,8139too.c,1
2007-W13,a2065.c,1
2007-W13,appletalk,1
2007-W13,arcnet,1
2007-W13,atari_bionet.c,2
2007-W13,atari_pamsnet.c,2
2007-W13,atl1,2
2007-W13,au1000_eth.c,1
2007-W13,b44.c,2
2007-W13,bnx2.c,3
2007-W13,bonding,1
2007-W13,cassini.c,1
2007-W13,chelsio,2
2007-W13,cxgb3,6
2007-W13,defxx.c,1
2007-W13,dgrs.c,1
2007-W13,e100.c,1
2007-W13,e1000,1
2007-W13,eepro100.c,1
2007-W13,eexpress.c,1
2007-W13,ehea,3
2007-W13,fec_8xx,1
2007-W13,fs_enet,1
2007-W13,hamradio,2
2007-W13,ifb.c,1
2007-W13,ioc3-eth.c,1
2007-W13,irda,3
2007-W13,ixgb,1
2007-W13,lance.c,1
2007-W13,loopback.c,1
2007-W13,macb.c,1
2007-W13,macmace.c,1
2007-W13,meth.c,1
2007-W13,myri10ge,2
2007-W13,myri_sbus.c,1
2007-W13,netxen,1
2007-W13,ni52.c,2
2007-W13,ni65.c,1
2007-W13,pci-skeleton.c,1
2007-W13,pcmcia,1
2007-W13,ppp_synctty.c,1
2007-W13,pppoe.c,1
2007-W13,qla3xxx.c,9
2007-W13,qla3xxx.h,2
2007-W13,rrunner.c,1
2007-W13,s2io.c,1
2007-W13,sgiseeq.c,1
2007-W13,sis190.c,1
2007-W13,sk98lin,1
2007-W13,skfp,2
2007-W13,skge.c,1
2007-W13,sky2.c,1
2007-W13,sun3_82586.c,1
2007-W13,sun3lance.c,3
2007-W13,sungem.c,4
2007-W13,sungem.h,1
2007-W13,sunhme.c,2
2007-W13,sunlance.c,1
2007-W13,sunqe.c,1
2007-W13,tg3.c,4
2007-W13,tlan.c,1
2007-W13,tokenring,2
2007-W13,tulip,4
2007-W13,tun.c,1
2007-W13,via-velocity.c,1
2007-W13,wan,3
2007-W13,wireless,7
2007-W14,bmac.c,1
2007-W14,ehea,2
2007-W14,irda,1
2007-W14,mace.c,1
2007-W14,mii.c,1
2007-W14,pasemi_mac.c,1
2007-W14,r8169.c,2
2007-W14,skge.c,1
2007-W14,sky2.c,3
2007-W14,spider_net.c,1
2007-W14,sungem.c,1
2007-W14,sungem_phy.c,1
2007-W14,tg3.c,1
2007-W14,ucc_geth.c,1
2007-W14,wireless,7
2007-W15,Kconfig,3
2007-W15,Makefile,1
2007-W15,arcnet,1
2007-W15,atl1,1
2007-W15,bnx2.c,1
2007-W15,bonding,2
2007-W15,chelsio,1
2007-W15,cxgb3,5
2007-W15,e1000,1
2007-W15,hamradio,1
2007-W15,ioc3-eth.c,1
2007-W15,ixgb,1
2007-W15,loopback.c,3
2007-W15,mv643xx_eth.c,1
2007-W15,myri10ge,3
2007-W15,pasemi_mac.c,1
2007-W15,phy,1
2007-W15,pppoe.c,1
2007-W15,sc92031.c,1
2007-W15,skge.c,1
2007-W15,sky2.c,6
2007-W15,sky2.h,2
2007-W15,tg3.c,1
2007-W15,ucc_geth.c,6
2007-W15,ucc_geth.h,3
2007-W15,ucc_geth_mii.c,1
2007-W15,ucc_geth_mii.h,1
2007-W15,ucc_geth_phy.c,1
2007-W15,ucc_geth_phy.h,1
2007-W15,wan,1
2007-W15,wireless,2
2007-W16,8139cp.c,1
2007-W16,atl1,1
2007-W16,bnx2.c,1
2007-W16,bonding,1
2007-W16,chelsio,1
2007-W16,cris,2
2007-W16,cxgb3,4
2007-W16,e1000,3
2007-W16,ehea,1
2007-W16,forcedeth.c,1
2007-W16,gianfar.c,1
2007-W16,ibm_emac,1
2007-W16,ibmveth.c,1
2007-W16,ioc3-eth.c,1
2007-W16,irda,1
2007-W16,ixgb,1
2007-W16,loopback.c,1
2007-W16,macb.c,2
2007-W16,mv643xx_eth.c,1
2007-W16,netxen,8
2007-W16,ns83820.c,1
2007-W16,pasemi_mac.c,1
2007-W16,pcmcia,1
2007-W16,ppp_async.c,1
2007-W16,pppoe.c,3
2007-W16,pppox.c,1
2007-W16,r8169.c,1
2007-W16,s2io.c,1
2007-W16,sis900.c,1
2007-W16,sky2.c,1
2007-W16,spider_net.c,2
2007-W16,sunhme.c,1
2007-W16,sunlance.c,1
2007-W16,sunqe.c,1
2007-W16,tg3.c,1
2007-W16,tulip,1
2007-W16,via-velocity.c,1
2007-W16,wan,2
2007-W16,wireless,3
2007-W17,3c501.c,1
2007-W17,3c505.c,1
2007-W17,3c507.c,1
2007-W17,3c509.c,2
2007-W17,3c515.c,1
2007-W17,3c523.c,1
2007-W17,3c527.c,1
2007-W17,3c59x.c,1
2007-W17,7990.c,1
2007-W17,8139cp.c,1
2007-W17,8139too.c,1
2007-W17,82596.c,1
2007-W17,Kconfig,1
2007-W17,Makefile,1
2007-W17,a2065.c,1
2007-W17,acenic.c,1
2007-W17,amd8111e.c,1
2007-W17,appletalk,1
2007-W17,ariadne.c,1
2007-W17,arm,1
2007-W17,at1700.c,1
2007-W17,atari_bionet.c,1
2007-W17,atarilance.c,1
2007-W17,atl1,5
2007-W17,atp.c,1
2007-W17,au1000_eth.c,1
2007-W17,b44.c,1
2007-W17,bmac.c,2
2007-W17,bnx2.c,1
2007-W17,bnx2.h,1
2007-W17,bonding,2
2007-W17,cassini.c,2
2007-W17,chelsio,1
2007-W17,cris,1
2007-W17,cs89x0.c,1
2007-W17,cxgb3,4
2007-W17,de600.c,1
2007-W17,de620.c,1
2007-W17,declance.c,1
2007-W17,depca.c,2
2007-W17,dgrs.c,1
2007-W17,dl2k.c,1
2007-W17,dm9000.c,1
2007-W17,e100.c,2
2007-W17,e1000,4
2007-W17,eepro.c,1
2007-W17,eepro100.c,1
2007-W17,eexpress.c,2
2007-W17,ehea,4
2007-W17,epic100.c,1
2007-W17,eth16i.c,1
2007-W17,ewrk3.c,1
2007-W17,fealnx.c,1
2007-W17,fec.c,1
2007-W17,fec_8xx,1
2007-W17,forcedeth.c,1
2007-W17,fs_enet,1
2007-W17,gianfar.c,1
2007-W17,hamachi.c,1
2007-W17,hamradio,2
2007-W17,hp100.c,1
2007-W17,ibm_emac,1
2007-W17,ibmlana.c,1
2007-W17,ibmveth.c,1
2007-W17,ioc3-eth.c,1
2007-W17,iseries_veth.c,1
2007-W17,ixgb,2
2007-W17,ixp2000,1
2007-W17,lance.c,1
2007-W17,lasi_82596.c,1
2007-W17,lib8390.c,1
2007-W17,loopback.c,1
2007-W17,lp486e.c,1
2007-W17,mac89x0.c,1
2007-W17,macb.c,1
2007-W17,mace.c,2
2007-W17,macmace.c,1
2007-W17,meth.c,1
2007-W17,mipsnet.c,1
2007-W17,mv643xx_eth.c,1
2007-W17,myri10ge,2
2007-W17,natsemi.c,1
2007-W17,netx-eth.c,1
2007-W17,netxen,2
2007-W17,ni5010.c,1
2007-W17,ni52.c,1
2007-W17,ni65.c,1
2007-W17,ns83820.c,1
2007-W17,pasemi_mac.c,3
2007-W17,pci-skeleton.c,1
2007-W17,pcmcia,1
2007-W17,pcnet32.c,1
2007-W17,ppp_generic.c,1
2007-W17,qla3xxx.c,1
2007-W17,r8169.c,1
2007-W17,rionet.c,1
2007-W17,saa9730.c,1
2007-W17,sb1250-mac.c,2
2007-W17,sc92031.c,1
2007-W17,seeq8005.c,1
2007-W17,sgiseeq.c,1
2007-W17,sis190.c,1
2007-W17,sis900.c,2
2007-W17,sk98lin,3
2007-W17,skge.c,2
2007-W17,sky2.c,1
2007-W17,smc911x.c,2
2007-W17,smc9194.c,1
2007-W17,smc91x.c,1
2007-W17,sonic.c,1
2007-W17,spider_net.c,2
2007-W17,starfire.c,1
2007-W17,sun3_82586.c,1
2007-W17,sun3lance.c,1
2007-W17,sunbmac.c,1
2007-W17,sundance.c,1
2007-W17,sungem.c,3
2007-W17,sungem_phy.c,1
2007-W17,sunhme.c,2
2007-W17,sunlance.c,1
2007-W17,sunqe.c,1
2007-W17,tc35815.c,1
2007-W17,tlan.c,1
2007-W17,tsi108_eth.c,1
2007-W17,tulip,1
2007-W17,tun.c,2
2007-W17,typhoon.c,1
2007-W17,ucc_geth.c,1
2007-W17,usb,1
2007-W17,via-rhine.c,1
2007-W17,via-velocity.c,1
2007-W17,wan,2
2007-W17,wireless,4
2007-W17,yellowfin.c,1
2007-W17,znet.c,1
2007-W18,7990.c,1
2007-W18,Kconfig,4
2007-W18,Space.c,1
2007-W18,a2065.c,2
2007-W18,ariadne.c,1
2007-W18,arm,2
2007-W18,bmac.c,1
2007-W18,bnx2.c,15
2007-W18,bnx2.h,8
2007-W18,bnx2_fw.h,1
2007-W18,bnx2_fw2.h,1
2007-W18,dm9000.c,1
2007-W18,ehea,3
2007-W18,jazzsonic.c,2
2007-W18,mac8390.c,1
2007-W18,mac89x0.c,1
2007-W18,mace.c,1
2007-W18,macmace.c,1
2007-W18,macsonic.c,3
2007-W18,natsemi.c,2
2007-W18,ne.c,4
2007-W18,pasemi_mac.c,1
2007-W18,pcmcia,1
2007-W18,pppox.c,1
2007-W18,sky2.c,1
2007-W18,smc91x.h,2
2007-W18,sonic.c,2
2007-W18,spider_net.c,1
2007-W18,sun3_82586.c,1
2007-W18,sungem.c,1
2007-W18,sungem_phy.c,1
2007-W18,tg3.c,8
2007-W18,tg3.h,4
2007-W18,ucc_geth.c,1
2007-W18,ucc_geth_mii.c,1
2007-W18,usb,1
2007-W18,wireless,5
2007-W19,3c509.c,1
2007-W19,3c59x.c,1
2007-W19,Kconfig,6
2007-W19,Makefile,2
2007-W19,arm,2
2007-W19,atl1,2
2007-W19,atp.c,1
2007-W19,bonding,1
2007-W19,dm9000.c,1
2007-W19,e1000,2
2007-W19,eepro.c,1
2007-W19,eepro100.c,1
2007-W19,epic100.c,1
2007-W19,fs_enet,1
2007-W19,gianfar.c,1
2007-W19,gianfar.h,1
2007-W19,gianfar_mii.c,1
2007-W19,hamradio,1
2007-W19,irda,5
2007-W19,ixgb,1
2007-W19,meth.h,1
2007-W19,mlx4,3
2007-W19,myri10ge,5
2007-W19,natsemi.c,1
2007-W19,ne2k-pci.c,1
2007-W19,netxen,1
2007-W19,ns83820.c,1
2007-W19,pasemi_mac.c,12
2007-W19,pasemi_mac.h,6
2007-W19,pcmcia,2
2007-W19,phy,7
2007-W19,ppp_generic.c,1
2007-W19,s2io.c,3
2007-W19,s2io.h,3
2007-W19,sgiseeq.c,1
2007-W19,skge.c,3
2007-W19,sky2.c,3
2007-W19,smc911x.c,1
2007-W19,spider_net.c,1
2007-W19,sundance.c,1
2007-W19,tc35815.c,1
2007-W19,tg3.c,5
2007-W19,tg3.h,2
2007-W19,tsi108_eth.c,1
2007-W19,tsi108_eth.h,1
2007-W19,tulip,1
2007-W19,typhoon.c,2
2007-W19,ucc_geth.c,2
2007-W19,ucc_geth_mii.c,1
2007-W19,ucc_geth_mii.h,1
2007-W19,usb,1
2007-W19,wan,2
2007-W19,wireless,25
2007-W19,yellowfin.c,1
2007-W20,8139cp.c,1
2007-W20,cxgb3,1
2007-W20,e1000,1
2007-W20,gianfar.c,1
2007-W20,ibm_emac,3
2007-W20,ixgb,1
2007-W20,mlx4,2
2007-W20,netxen,1
2007-W20,s2io.c,2
2007-W20,s2io.h,2
2007-W20,sky2.c,6
2007-W20,spider_net.c,1
2007-W20,tulip,1
2007-W20,wireless,3
2007-W21,Kconfig,2
2007-W21,arcnet,1
2007-W21,cassini.c,2
2007-W21,chelsio,1
2007-W21,declance.c,1
2007-W21,e1000,1
2007-W21,forcedeth.c,1
2007-W21,lasi_82596.c,1
2007-W21,meth.c,1
2007-W21,pcmcia,1
2007-W21,phy,1
2007-W21,r8169.c,1
2007-W21,sky2.c,3
2007-W21,sky2.h,2
2007-W21,spider_net.c,1
2007-W21,tokenring,1
2007-W21,ucc_geth.c,1
2007-W21,ucc_geth_mii.c,1
2007-W21,usb,2
2007-W21,wireless,75
2007-W22,8139cp.c,1
2007-W22,Kconfig,1
2007-W22,acenic.c,1
2007-W22,acenic.h,1
2007-W22,amd8111e.c,2
2007-W22,amd8111e.h,1
2007-W22,atl1,1
2007-W22,bnx2.c,1
2007-W22,chelsio,1
2007-W22,cxgb3,9
2007-W22,defxx.c,1
2007-W22,e1000,2
2007-W22,ehea,1
2007-W22,fec_8xx,1
2007-W22,forcedeth.c,1
2007-W22,gianfar.c,1
2007-W22,hp100.c,1
2007-W22,mlx4,5
2007-W22,myri10ge,1
2007-W22,netxen,2
2007-W22,ns83820.c,1
2007-W22,qla3xxx.c,2
2007-W22,r8169.c,2
2007-W22,s2io.c,1
2007-W22,skfp,1
2007-W22,sky2.c,1
2007-W22,smc91x.h,1
2007-W22,spider_net.c,1
2007-W22,tg3.c,2
2007-W22,tulip,1
2007-W22,typhoon.c,1
2007-W22,wireless,11
2007-W23,8139cp.c,1
2007-W23,8139too.c,1
2007-W23,acenic.c,1
2007-W23,atl1,1
2007-W23,b44.c,4
2007-W23,b44.h,1
2007-W23,bnx2.c,6
2007-W23,bnx2.h,1
2007-W23,cassini.c,1
2007-W23,dl2k.c,1
2007-W23,dl2k.h,1
2007-W23,e100.c,1
2007-W23,e1000,1
2007-W23,ehea,1
2007-W23,forcedeth.c,1
2007-W23,ibmveth.c,2
2007-W23,mlx4,3
2007-W23,netxen,3
2007-W23,pcmcia,1
2007-W23,phy,1
2007-W23,r8169.c,2
2007-W23,s2io.c,1
2007-W23,s2io.h,1
2007-W23,sky2.c,7
2007-W23,sky2.h,4
2007-W23,sundance.c,1
2007-W23,sunhme.c,1
2007-W23,tg3.c,1
2007-W23,tlan.c,1
2007-W23,tulip,1
2007-W23,usb,1
2007-W23,via-rhine.c,1
2007-W23,via-velocity.c,2
2007-W23,wan,1
2007-W23,wireless,3
2007-W24,Kconfig,2
2007-W24,arm,1
2007-W24,bonding,1
2007-W24,dummy.c,3
2007-W24,e100.c,1
2007-W24,fec_8xx,1
2007-W24,forcedeth.c,1
2007-W24,fs_enet,1
2007-W24,ibmveth.c,1
2007-W24,ifb.c,2
2007-W24,myri10ge,3
2007-W24,natsemi.c,1
2007-W24,netxen,1
2007-W24,ppp_mppe.c,1
2007-W24,r8169.c,7
2007-W24,smc91x.h,1
2007-W24,spider_net.c,12
2007-W24,spider_net.h,5
2007-W24,spider_net_ethtool.c,1
2007-W24,tulip,1
2007-W24,wireless,2
2007-W25,Kconfig,1
2007-W25,au1000_eth.c,1
2007-W25,bonding,1
2007-W25,mipsnet.c,1
2007-W25,mlx4,4
2007-W25,pasemi_mac.c,1
2007-W25,ppp_generic.c,1
2007-W25,ppp_mppe.c,1
2007-W25,s2io.c,1
2007-W25,starfire.c,1
2007-W25,wireless,5
2007-W26,Kconfig,3
2007-W26,Makefile,2
2007-W26,bnx2.c,1
2007-W26,cxgb3,1
2007-W26,gianfar.c,1
2007-W26,irda,3
2007-W26,lasi_82596.c,1
2007-W26,lib82596.c,1
2007-W26,mlx4,1
2007-W26,myri10ge,1
2007-W26,ns83820.c,1
2007-W26,pcmcia,1
2007-W26,phy,1
2007-W26,pppol2tp.c,2
2007-W26,sni_82596.c,1
2007-W26,tc35815.c,1
2007-W26,tg3.c,1
2007-W26,usb,4
2007-W26,wireless,10
2007-W27,8390.h,1
2007-W27,Kconfig,3
2007-W27,Makefile,2
2007-W27,arm,1
2007-W27,atl1,1
2007-W27,ax88796.c,1
2007-W27,bnx2.c,9
2007-W27,bnx2.h,3
2007-W27,ehea,2
2007-W27,irda,1
2007-W27,ixp2000,1
2007-W27,macmace.c,1
2007-W27,mlx4,1
2007-W27,netxen,4
2007-W27,pcmcia,1
2007-W27,phy,2
2007-W27,ps3_gelic_net.c,1
2007-W27,ps3_gelic_net.h,1
2007-W27,sb1250-mac.c,1
2007-W27,tun.c,1
2007-W27,usb,1
2007-W27,wireless,3
2007-W28,3c523.c,1
2007-W28,3c59x.c,1
2007-W28,7990.c,1
2007-W28,8139cp.c,1
2007-W28,8139too.c,1
2007-W28,Kconfig,10
2007-W28,Makefile,4
2007-W28,Space.c,1
2007-W28,a2065.c,1
2007-W28,ariadne.c,1
2007-W28,arm,4
2007-W28,atari_bionet.c,1
2007-W28,atari_pamsnet.c,2
2007-W28,atl1,5
2007-W28,au1000_eth.c,1
2007-W28,ax88796.c,1
2007-W28,bnx2.c,2
2007-W28,bonding,2
2007-W28,cassini.c,1
2007-W28,cxgb3,1
2007-W28,dl2k.c,1
2007-W28,dm9000.c,1
2007-W28,dummy.c,2
2007-W28,e100.c,1
2007-W28,eepro100.c,1
2007-W28,ehea,1
2007-W28,epic100.c,1
2007-W28,fealnx.c,1
2007-W28,fec.c,1
2007-W28,forcedeth.c,3
2007-W28,gianfar.c,1
2007-W28,gianfar_mii.c,1
2007-W28,hamachi.c,1
2007-W28,ifb.c,2
2007-W28,ioc3-eth.c,1
2007-W28,irda,1
2007-W28,ixp2000,1
2007-W28,lance.c,1
2007-W28,macb.c,2
2007-W28,macb.h,1
2007-W28,macvlan.c,1
2007-W28,mlx4,2
2007-W28,myri10ge,2
2007-W28,natsemi.c,1
2007-W28,ni52.c,1
2007-W28,ni65.c,1
2007-W28,pci-skeleton.c,1
2007-W28,pcmcia,1
2007-W28,pcnet32.c,1
2007-W28,phy,2
2007-W28,rrunner.c,1
2007-W28,s2io.c,2
2007-W28,saa9730.c,1
2007-W28,sgiseeq.c,1
2007-W28,sis190.c,1
2007-W28,sis900.c,1
2007-W28,sk98lin,1
2007-W28,sky2.c,11
2007-W28,sky2.h,1
2007-W28,spider_net.c,1
2007-W28,starfire.c,2
2007-W28,sun3_82586.c,1
2007-W28,sun3lance.c,1
2007-W28,sunbmac.c,1
2007-W28,sundance.c,1
2007-W28,sunhme.c,1
2007-W28,sunlance.c,1
2007-W28,sunqe.c,1
2007-W28,sunvnet.c,2
2007-W28,sunvnet.h,1
2007-W28,tg3.c,6
2007-W28,tg3.h,2
2007-W28,tokenring,1
2007-W28,tulip,3
2007-W28,typhoon.c,1
2007-W28,ucc_geth.c,1
2007-W28,usb,2
2007-W28,via-rhine.c,1
2007-W28,wan,1
2007-W28,wireless,11
2007-W28,yellowfin.c,1
2007-W29,82596.c,1
2007-W29,Kconfig,3
2007-W29,Makefile,4
2007-W29,arm,1
2007-W29,atl1,6
2007-W29,b44.c,1
2007-W29,bfin_mac.c,1
2007-W29,bfin_mac.h,1
2007-W29,bnx2.c,4
2007-W29,bnx2.h,1
2007-W29,bsd_comp.c,1
2007-W29,cxgb3,1
2007-W29,defxx.c,1
2007-W29,eepro100.c,1
2007-W29,ehea,1
2007-W29,forcedeth.c,2
2007-W29,hamradio,2
2007-W29,irda,3
2007-W29,iseries_veth.c,1
2007-W29,lance.c,1
2007-W29,lguest_net.c,1
2007-W29,mac89x0.c,1
2007-W29,mlx4,2
2007-W29,natsemi.c,1
2007-W29,ne2k-pci.c,1
2007-W29,netxen,1
2007-W29,ni5010.c,1
2007-W29,ns83820.c,1
2007-W29,pcmcia,1
2007-W29,phy,1
2007-W29,ppp_async.c,1
2007-W29,ppp_deflate.c,1
2007-W29,ppp_generic.c,1
2007-W29,ppp_mppe.c,1
2007-W29,ppp_synctty.c,1
2007-W29,pppol2tp.c,2
2007-W29,ps3_gelic_net.c,9
2007-W29,ps3_gelic_net.h,6
2007-W29,r8169.c,1
2007-W29,saa9730.c,1
2007-W29,shaper.c,1
2007-W29,sky2.c,1
2007-W29,sunvnet.c,4
2007-W29,sunvnet.h,2
2007-W29,tc35815.c,1
2007-W29,tg3.c,1
2007-W29,tg3.h,1
2007-W29,tokenring,1
2007-W29,ucc_geth.c,2
2007-W29,ucc_geth.h,1
2007-W29,ucc_geth_ethtool.c,1
2007-W29,ucc_geth_mii.c,1
2007-W29,wan,3
2007-W29,wireless,5
2007-W29,xen-netfront.c,1
2007-W30,Kconfig,1
2007-W30,acenic.c,1
2007-W30,atl1,1
2007-W30,ax88796.c,1
2007-W30,bfin_mac.c,1
2007-W30,cxgb3,1
2007-W30,ehea,1
2007-W30,forcedeth.c,1
2007-W30,gianfar_mii.c,1
2007-W30,gianfar_mii.h,1
2007-W30,ioc3-eth.c,1
2007-W30,lguest_net.c,2
2007-W30,lib8390.c,2
2007-W30,mlx4,1
2007-W30,netxen,3
2007-W30,pcmcia,2
2007-W30,pppol2tp.c,1
2007-W30,s2io-regs.h,1
2007-W30,s2io.c,6
2007-W30,s2io.h,3
2007-W30,skfp,1
2007-W30,tokenring,1
2007-W30,usb,1
2007-W30,wireless,2
2007-W31,3c59x.c,1
2007-W31,8139cp.c,1
2007-W31,8139too.c,1
2007-W31,Kconfig,1
2007-W31,Makefile,1
2007-W31,atl1,1
2007-W31,ax88796.c,1
2007-W31,b44.c,1
2007-W31,bnx2.c,2
2007-W31,bonding,1
2007-W31,cxgb3,1
2007-W31,e100.c,1
2007-W31,e1000,1
2007-W31,fec.c,5
2007-W31,forcedeth.c,1
2007-W31,hamradio,1
2007-W31,ibmveth.c,1
2007-W31,ibmveth.h,1
2007-W31,ixgb,1
2007-W31,loopback.c,1
2007-W31,mlx4,3
2007-W31,ne2k-pci.c,1
2007-W31,netxen,1
2007-W31,pcnet32.c,1
2007-W31,pppoe.c,3
2007-W31,pppox.c,1
2007-W31,qla3xxx.c,1
2007-W31,r8169.c,3
2007-W31,s2io.c,1
2007-W31,sb1250-mac.c,1
2007-W31,sc92031.c,1
2007-W31,sis190.c,1
2007-W31,skfp,2
2007-W31,skge.c,1
2007-W31,sky2.c,1
2007-W31,smc91x.h,1
2007-W31,sundance.c,1
2007-W31,sunlance.c,1
2007-W31,sunvnet.c,1
2007-W31,tc35815.c,1
2007-W31,tg3.c,2
2007-W31,tulip,1
2007-W31,ucc_geth_ethtool.c,1
2007-W31,ucc_geth_mii.c,1
2007-W31,usb,1
2007-W31,via-rhine.c,1
2007-W31,via-velocity.c,2
2007-W31,wireless,71
2007-W32,3c59x.c,1
2007-W32,8139cp.c,1
2007-W32,8139too.c,1
2007-W32,Kconfig,1
2007-W32,atl1,1
2007-W32,ax88796.c,1
2007-W32,bfin_mac.c,1
2007-W32,bonding,2
2007-W32,cxgb3,1
2007-W32,e1000,1
2007-W32,ehea,3
2007-W32,fs_enet,1
2007-W32,gianfar.h,1
2007-W32,gianfar_ethtool.c,1
2007-W32,ibmveth.c,1
2007-W32,irda,2
2007-W32,mipsnet.c,1
2007-W32,mlx4,2
2007-W32,myri10ge,1
2007-W32,natsemi.c,1
2007-W32,netconsole.c,8
2007-W32,netxen,1
2007-W32,phy,2
2007-W32,qla3xxx.c,1
2007-W32,s2io.c,2
2007-W32,s2io.h,1
2007-W32,tsi108_eth.c,1
2007-W32,tulip,1
2007-W32,via-rhine.c,1
2007-W32,wan,1
2007-W32,wireless,8
2007-W32,xen-netfront.c,1
2007-W33,3c505.c,1
2007-W33,3c59x.c,1
2007-W33,Kconfig,2
2007-W33,dl2k.c,1
2007-W33,dl2k.h,1
2007-W33,forcedeth.c,1
2007-W33,ibmveth.c,5
2007-W33,ibmveth.h,3
2007-W33,meth.c,1
2007-W33,mlx4,1
2007-W33,ns83820.c,1
2007-W33,phy,1
2007-W33,r8169.c,6
2007-W33,tokenring,2
2007-W33,tulip,1
2007-W33,xen-netfront.c,1
2007-W34,3c509.c,1
2007-W34,3c59x.c,1
2007-W34,8139cp.c,2
2007-W34,Kconfig,2
2007-W34,Makefile,1
2007-W34,amd8111e.c,2
2007-W34,amd8111e.h,1
2007-W34,appletalk,1
2007-W34,arcnet,1
2007-W34,bmac.c,1
2007-W34,bonding,1
2007-W34,bsd_comp.c,1
2007-W34,cxgb3,9
2007-W34,dm9000.c,1
2007-W34,ehea,3
2007-W34,eql.c,1
2007-W34,forcedeth.c,1
2007-W34,ibm_emac,1
2007-W34,ibm_newemac,1
2007-W34,ioc3-eth.c,1
2007-W34,irda,2
2007-W34,ixgb,1
2007-W34,myri10ge,2
2007-W34,pasemi_mac.c,6
2007-W34,pasemi_mac.h,2
2007-W34,pcnet32.c,2
2007-W34,ppp_generic.c,1
2007-W34,pppoe.c,1
2007-W34,r8169.c,2
2007-W34,sgiseeq.c,1
2007-W34,sky2.c,4
2007-W34,sky2.h,1
2007-W34,slip.c,1
2007-W34,smc911x.c,1
2007-W34,smc911x.h,1
2007-W34,spider_net.c,1
2007-W34,starfire.c,1
2007-W34,tokenring,1
2007-W34,tulip,1
2007-W34,typhoon.c,1
2007-W34,typhoon.h,1
2007-W34,ucc_geth_mii.c,1
2007-W34,via-rhine.c,1
2007-W34,via-velocity.c,2
2007-W34,via-velocity.h,2
2007-W34,wireless,9
2007-W35,apne.c,1
2007-W35,arm,1
2007-W35,atarilance.c,1
2007-W35,atl1,1
2007-W35,bnx2.c,3
2007-W35,cs89x0.c,1
2007-W35,cxgb3,2
2007-W35,e1000,2
2007-W35,fec_8xx,1
2007-W35,ibm_emac,1
2007-W35,irda,4
2007-W35,ixgb,1
2007-W35,lp486e.c,1
2007-W35,mv643xx_eth.c,1
2007-W35,ne-h8300.c,1
2007-W35,ne.c,1
2007-W35,ne2.c,1
2007-W35,ne2k-pci.c,1
2007-W35,netxen,3
2007-W35,pcmcia,1
2007-W35,phy,2
2007-W35,ps3_gelic_net.c,3
2007-W35,skfp,1
2007-W35,sky2.c,3
2007-W35,sky2.h,2
2007-W35,smc91x.c,1
2007-W35,smc91x.h,1
2007-W35,tulip,1
2007-W35,wireless,5
2007-W35,zorro8390.c,1
2007-W36,atl1,1
2007-W36,cxgb3,7
2007-W36,e100.c,1
2007-W36,ehea,2
2007-W36,jazzsonic.c,1
2007-W36,netxen,1
2007-W36,s2io-regs.h,1
2007-W36,s2io.c,2
2007-W36,s2io.h,2
2007-W36,sgiseeq.c,1
2007-W36,sky2.c,1
2007-W36,tg3.c,2
2007-W36,wireless,6
2007-W37,8139cp.c,1
2007-W37,8139too.c,1
2007-W37,Kconfig,4
2007-W37,Makefile,3
2007-W37,atl1,1
2007-W37,bnx2.c,1
2007-W37,bonding,3
2007-W37,chelsio,1
2007-W37,cxgb3,1
2007-W37,e1000,1
2007-W37,ehea,1
2007-W37,epic100.c,1
2007-W37,fealnx.c,1
2007-W37,fec_8xx,1
2007-W37,forcedeth.c,1
2007-W37,fs_enet,2
2007-W37,hamradio,2
2007-W37,ibm_emac,1
2007-W37,ibmveth.c,4
2007-W37,ibmveth.h,1
2007-W37,ixgb,1
2007-W37,ixgbe,1
2007-W37,loopback.c,3
2007-W37,macvlan.c,1
2007-W37,mv643xx_eth.c,2
2007-W37,myri10ge,3
2007-W37,ne2k-pci.c,1
2007-W37,netxen,2
2007-W37,pasemi_mac.c,4
2007-W37,pasemi_mac.h,1
2007-W37,pcmcia,1
2007-W37,pcnet32.c,1
2007-W37,ppp_generic.c,2
2007-W37,pppoe.c,6
2007-W37,pppol2tp.c,1
2007-W37,r8169.c,1
2007-W37,s2io-regs.h,1
2007-W37,s2io.c,7
2007-W37,s2io.h,4
2007-W37,sc92031.c,1
2007-W37,sk98lin,1
2007-W37,skge.c,1
2007-W37,sky2.c,1
2007-W37,spider_net_ethtool.c,1
2007-W37,sunlance.c,1
2007-W37,tg3.c,1
2007-W37,tokenring,1
2007-W37,tulip,1
2007-W37,tun.c,1
2007-W37,typhoon.c,1
2007-W37,ucc_geth.c,1
2007-W37,ucc_geth_ethtool.c,1
2007-W37,usb,1
2007-W37,via-rhine.c,1
2007-W37,wan,1
2007-W37,wireless,4
2007-W37,xen-netfront.c,1
2007-W38,3c501.c,1
2007-W38,3c503.c,1
2007-W38,3c505.c,1
2007-W38,3c507.c,1
2007-W38,3c509.c,1
2007-W38,3c515.c,1
2007-W38,3c523.c,1
2007-W38,3c527.c,1
2007-W38,3c59x.c,1
2007-W38,8139cp.c,1
2007-W38,8139too.c,1
2007-W38,82596.c,1
2007-W38,Kconfig,7
2007-W38,Makefile,3
2007-W38,a2065.c,1
2007-W38,ac3200.c,1
2007-W38,acenic.c,1
2007-W38,amd8111e.c,1
2007-W38,apne.c,1
2007-W38,appletalk,1
2007-W38,arcnet,1
2007-W38,ariadne.c,1
2007-W38,arm,1
2007-W38,at1700.c,1
2007-W38,atarilance.c,1
2007-W38,atl1,2
2007-W38,atp.c,1
2007-W38,b44.c,2
2007-W38,b44.h,1
2007-W38,bfin_mac.c,4
2007-W38,bfin_mac.h,1
2007-W38,bmac.c,1
2007-W38,bnx2.c,2
2007-W38,bonding,3
2007-W38,cassini.c,1
2007-W38,chelsio,1
2007-W38,cs89x0.c,1
2007-W38,cxgb3,1
2007-W38,de600.c,1
2007-W38,de620.c,1
2007-W38,defxx.c,1
2007-W38,dgrs.c,1
2007-W38,dl2k.c,1
2007-W38,dm9000.c,1
2007-W38,dummy.c,1
2007-W38,e100.c,1
2007-W38,e1000,1
2007-W38,e1000e,3
2007-W38,e2100.c,1
2007-W38,eepro.c,1
2007-W38,eepro100.c,1
2007-W38,eexpress.c,1
2007-W38,ehea,1
2007-W38,epic100.c,1
2007-W38,eql.c,2
2007-W38,es3210.c,1
2007-W38,eth16i.c,1
2007-W38,ewrk3.c,1
2007-W38,fealnx.c,1
2007-W38,fec_8xx,1
2007-W38,forcedeth.c,1
2007-W38,fs_enet,3
2007-W38,gianfar.c,1
2007-W38,hamachi.c,1
2007-W38,hamradio,2
2007-W38,hp-plus.c,1
2007-W38,hp.c,1
2007-W38,hp100.c,1
2007-W38,hydra.c,1
2007-W38,ibm_emac,1
2007-W38,ibmlana.c,1
2007-W38,ibmveth.c,1
2007-W38,ifb.c,2
2007-W38,ioc3-eth.c,1
2007-W38,ipg.c,1
2007-W38,ipg.h,1
2007-W38,irda,1
2007-W38,isa-skeleton.c,1
2007-W38,ixgb,1
2007-W38,ixgbe,1
2007-W38,ixp2000,1
2007-W38,jazzsonic.c,1
2007-W38,lance.c,1
2007-W38,lguest_net.c,1
2007-W38,lne390.c,1
2007-W38,mac8390.c,1
2007-W38,mac89x0.c,1
2007-W38,macb.c,1
2007-W38,mace.c,1
2007-W38,macmace.c,1
2007-W38,macsonic.c,1
2007-W38,macvlan.c,1
2007-W38,mlx4,1
2007-W38,mv643xx_eth.c,1
2007-W38,mvme147.c,1
2007-W38,myri10ge,1
2007-W38,myri_sbus.c,1
2007-W38,natsemi.c,1
2007-W38,ne-h8300.c,1
2007-W38,ne.c,1
2007-W38,ne2.c,1
2007-W38,ne2k-pci.c,1
2007-W38,ne3210.c,1
2007-W38,netx-eth.c,1
2007-W38,netxen,1
2007-W38,ni5010.c,1
2007-W38,ni52.c,1
2007-W38,ni65.c,1
2007-W38,ns83820.c,1
2007-W38,pasemi_mac.c,1
2007-W38,pci-skeleton.c,1
2007-W38,pcmcia,1
2007-W38,pcnet32.c,1
2007-W38,phy,1
2007-W38,plip.c,1
2007-W38,pppoe.c,3
2007-W38,pppol2tp.c,3
2007-W38,ps3_gelic_net.c,1
2007-W38,qla3xxx.c,1
2007-W38,r8169.c,1
2007-W38,rionet.c,1
2007-W38,rrunner.c,1
2007-W38,s2io.c,3
2007-W38,s2io.h,2
2007-W38,sb1000.c,1
2007-W38,sb1250-mac.c,2
2007-W38,shaper.c,2
2007-W38,sis190.c,1
2007-W38,sis900.c,1
2007-W38,sk98lin,1
2007-W38,skfp,1
2007-W38,skge.c,1
2007-W38,sky2.c,8
2007-W38,sky2.h,5
2007-W38,slip.c,1
2007-W38,smc-mca.c,1
2007-W38,smc-ultra.c,1
2007-W38,smc-ultra32.c,1
2007-W38,smc911x.c,1
2007-W38,smc9194.c,1
2007-W38,smc91x.c,1
2007-W38,smc91x.h,1
2007-W38,spider_net.c,1
2007-W38,starfire.c,1
2007-W38,stnic.c,1
2007-W38,sun3_82586.c,1
2007-W38,sun3lance.c,1
2007-W38,sunbmac.c,1
2007-W38,sundance.c,1
2007-W38,sungem.c,1
2007-W38,sunhme.c,1
2007-W38,sunlance.c,1
2007-W38,sunqe.c,1
2007-W38,tc35815.c,1
2007-W38,tehuti.c,1
2007-W38,tehuti.h,1
2007-W38,tehuti_fw.h,1
2007-W38,tg3.c,1
2007-W38,tlan.c,1
2007-W38,tokenring,1
2007-W38,tsi108_eth.c,1
2007-W38,tulip,1
2007-W38,tun.c,2
2007-W38,typhoon.c,1
2007-W38,ucc_geth.c,1
2007-W38,usb,1
2007-W38,veth.c,1
2007-W38,via-rhine.c,1
2007-W38,via-velocity.c,1
2007-W38,wan,3
2007-W38,wd.c,1
2007-W38,wireless,12
2007-W38,xen-netfront.c,1
2007-W38,yellowfin.c,1
2007-W38,znet.c,1
2007-W38,zorro8390.c,1
2007-W39,Kconfig,4
2007-W39,Makefile,2
2007-W39,ax88796.c,1
2007-W39,bnx2.c,2
2007-W39,bnx2.h,1
2007-W39,bnx2_fw.h,1
2007-W39,bnx2_fw2.h,1
2007-W39,cxgb3,1
2007-W39,dgrs.c,1
2007-W39,dgrs.h,1
2007-W39,dgrs_asstruct.h,1
2007-W39,dgrs_bcomm.h,1
2007-W39,dgrs_es4h.h,1
2007-W39,dgrs_ether.h,1
2007-W39,dgrs_firmware.c,1
2007-W39,dgrs_i82596.h,1
2007-W39,dgrs_plx9060.h,1
2007-W39,e1000,1
2007-W39,ehea,2
2007-W39,forcedeth.c,1
2007-W39,irda,1
2007-W39,loopback.c,7
2007-W39,mv643xx_eth.c,2
2007-W39,mv643xx_eth.h,1
2007-W39,pasemi_mac.c,5
2007-W39,pcmcia,2
2007-W39,phy,3
2007-W39,ppp_mppe.c,1
2007-W39,skge.h,1
2007-W39,sky2.c,5
2007-W39,sky2.h,1
2007-W39,spider_net_ethtool.c,1
2007-W39,sundance.c,1
2007-W39,tokenring,1
2007-W39,tulip,2
2007-W39,veth.c,1
2007-W39,wan,1
2007-W39,wireless,47
2007-W40,3c501.c,1
2007-W40,3c501.h,1
2007-W40,3c503.c,1
2007-W40,3c505.c,1
2007-W40,3c507.c,2
2007-W40,3c509.c,1
2007-W40,3c515.c,1
2007-W40,3c523.c,1
2007-W40,3c527.c,1
2007-W40,3c59x.c,2
2007-W40,7990.c,1
2007-W40,7990.h,1
2007-W40,8139cp.c,3
2007-W40,8139too.c,3
2007-W40,82596.c,2
2007-W40,a2065.c,2
2007-W40,ac3200.c,1
2007-W40,acenic.c,2
2007-W40,amd8111e.c,2
2007-W40,amd8111e.h,1
2007-W40,apne.c,1
2007-W40,ariadne.c,1
2007-W40,arm,2
2007-W40,at1700.c,2
2007-W40,atarilance.c,2
2007-W40,atl1,2
2007-W40,atp.c,2
2007-W40,au1000_eth.c,1
2007-W40,au1000_eth.h,1
2007-W40,b44.c,3
2007-W40,b44.h,1
2007-W40,bfin_mac.c,1
2007-W40,bfin_mac.h,1
2007-W40,bmac.c,2
2007-W40,bnx2.c,5
2007-W40,bnx2.h,2
2007-W40,bnx2_fw.h,1
2007-W40,bnx2_fw2.h,1
2007-W40,bonding,1
2007-W40,cassini.c,3
2007-W40,cassini.h,1
2007-W40,chelsio,2
2007-W40,cris,1
2007-W40,cs89x0.c,1
2007-W40,cxgb3,2
2007-W40,de600.c,2
2007-W40,de600.h,1
2007-W40,de620.c,2
2007-W40,declance.c,2
2007-W40,depca.c,2
2007-W40,dgrs.c,2
2007-W40,dl2k.c,2
2007-W40,dm9000.c,2
2007-W40,e100.c,5
2007-W40,e1000,4
2007-W40,e1000e,5
2007-W40,eepro.c,2
2007-W40,eepro100.c,1
2007-W40,eexpress.c,1
2007-W40,ehea,3
2007-W40,epic100.c,2
2007-W40,eql.c,1
2007-W40,es3210.c,1
2007-W40,eth16i.c,1
2007-W40,ewrk3.c,2
2007-W40,fealnx.c,1
2007-W40,fec.c,2
2007-W40,fec_8xx,1
2007-W40,forcedeth.c,3
2007-W40,fs_enet,7
2007-W40,gianfar.c,3
2007-W40,gianfar.h,1
2007-W40,gianfar_ethtool.c,1
2007-W40,hamachi.c,2
2007-W40,hamradio,1
2007-W40,hp-plus.c,1
2007-W40,hp.c,1
2007-W40,hp100.c,1
2007-W40,hplance.c,1
2007-W40,hydra.c,1
2007-W40,ibm_emac,2
2007-W40,ibm_newemac,1
2007-W40,ibmlana.c,2
2007-W40,ibmlana.h,1
2007-W40,ibmveth.c,4
2007-W40,ibmveth.h,1
2007-W40,ifb.c,1
2007-W40,ioc3-eth.c,1
2007-W40,ipg.c,1
2007-W40,isa-skeleton.c,1
2007-W40,iseries_veth.c,1
2007-W40,ixgb,2
2007-W40,ixgbe,1
2007-W40,ixp2000,1
2007-W40,jazzsonic.c,1
2007-W40,lance.c,1
2007-W40,lguest_net.c,1
2007-W40,lib82596.c,2
2007-W40,lne390.c,1
2007-W40,lp486e.c,1
2007-W40,mac89x0.c,1
2007-W40,macb.c,2
2007-W40,macb.h,1
2007-W40,mace.c,2
2007-W40,macmace.c,2
2007-W40,macsonic.c,1
2007-W40,meth.c,2
2007-W40,mipsnet.c,1
2007-W40,mlx4,1
2007-W40,mv643xx_eth.c,5
2007-W40,mv643xx_eth.h,1
2007-W40,mvme147.c,1
2007-W40,myri10ge,3
2007-W40,myri_sbus.c,2
2007-W40,myri_sbus.h,1
2007-W40,natsemi.c,3
2007-W40,ne-h8300.c,1
2007-W40,ne.c,1
2007-W40,ne2.c,1
2007-W40,ne2k-pci.c,1
2007-W40,ne3210.c,1
2007-W40,netconsole.c,1
2007-W40,netx-eth.c,1
2007-W40,netxen,3
2007-W40,ni5010.c,2
2007-W40,ns83820.c,1
2007-W40,pasemi_mac.c,14
2007-W40,pasemi_mac.h,7
2007-W40,pci-skeleton.c,2
2007-W40,pcmcia,1
2007-W40,pcnet32.c,2
2007-W40,phy,1
2007-W40,plip.c,1
2007-W40,pppoe.c,1
2007-W40,ps3_gelic_net.c,2
2007-W40,ps3_gelic_net.h,1
2007-W40,qla3xxx.c,7
2007-W40,qla3xxx.h,3
2007-W40,r8169.c,5
2007-W40,rionet.c,2
2007-W40,rrunner.c,2
2007-W40,rrunner.h,1
2007-W40,s2io.c,4
2007-W40,s2io.h,1
2007-W40,saa9730.c,1
2007-W40,saa9730.h,1
2007-W40,sb1000.c,1
2007-W40,sb1250-mac.c,3
2007-W40,sc92031.c,1
2007-W40,seeq8005.c,2
2007-W40,sgiseeq.c,2
2007-W40,shaper.c,1
2007-W40,sis190.c,3
2007-W40,sis900.c,2
2007-W40,skge.c,3
2007-W40,skge.h,1
2007-W40,sky2.c,4
2007-W40,sky2.h,1
2007-W40,smc-mca.c,1
2007-W40,smc-ultra.c,1
2007-W40,smc-ultra32.c,1
2007-W40,smc911x.c,1
2007-W40,smc9194.c,2
2007-W40,smc91x.c,2
2007-W40,spider_net.c,2
2007-W40,spider_net.h,2
2007-W40,spider_net_ethtool.c,1
2007-W40,starfire.c,2
2007-W40,sun3lance.c,2
2007-W40,sunbmac.c,1
2007-W40,sundance.c,1
2007-W40,sungem.c,2
2007-W40,sungem.h,1
2007-W40,sunhme.c,1
2007-W40,sunlance.c,2
2007-W40,sunqe.c,1
2007-W40,sunqe.h,1
2007-W40,tc35815.c,2
2007-W40,tehuti.c,1
2007-W40,tg3.c,6
2007-W40,tg3.h,4
2007-W40,tokenring,1
2007-W40,tsi108_eth.c,2
2007-W40,tulip,2
2007-W40,tun.c,2
2007-W40,typhoon.c,2
2007-W40,ucc_geth.c,3
2007-W40,ucc_geth.h,3
2007-W40,ucc_geth_ethtool.c,1
2007-W40,usb,2
2007-W40,veth.c,1
2007-W40,via-rhine.c,2
2007-W40,wd.c,1
2007-W40,wireless,28
2007-W40,xen-netfront.c,2
2007-W40,yellowfin.c,2
2007-W40,znet.c,2
2007-W40,zorro8390.c,1
2007-W41,Kconfig,2
2007-W41,Makefile,2
2007-W41,appletalk,1
2007-W41,arcnet,1
2007-W41,atarilance.c,1
2007-W41,bnx2.c,5
2007-W41,bnx2.h,1
2007-W41,bonding,7
2007-W41,chelsio,1
2007-W41,cpmac.c,1
2007-W41,cxgb3,1
2007-W41,ehea,1
2007-W41,gianfar.c,2
2007-W41,hamradio,3
2007-W41,ibm_emac,1
2007-W41,ibm_newemac,5
2007-W41,ipg.c,1
2007-W41,ipg.h,1
2007-W41,irda,1
2007-W41,loopback.c,2
2007-W41,macmace.c,1
2007-W41,macvlan.c,3
2007-W41,mipsnet.c,1
2007-W41,mipsnet.h,1
2007-W41,mlx4,8
2007-W41,mv643xx_eth.c,1
2007-W41,mvme147.c,1
2007-W41,myri10ge,4
2007-W41,myri_sbus.c,1
2007-W41,natsemi.c,3
2007-W41,ni65.c,1
2007-W41,niu.c,1
2007-W41,niu.h,1
2007-W41,plip.c,1
2007-W41,pppoe.c,2
2007-W41,pppol2tp.c,1
2007-W41,pppox.c,1
2007-W41,r8169.c,1
2007-W41,saa9730.c,1
2007-W41,shaper.c,1
2007-W41,skfp,1
2007-W41,sky2.c,8
2007-W41,sky2.h,1
2007-W41,tc35815.c,1
2007-W41,tehuti.c,1
2007-W41,tg3.c,9
2007-W41,tg3.h,4
2007-W41,tokenring,1
2007-W41,tulip,2
2007-W41,wan,3
2007-W41,wireless,36
2007-W42,3c59x.c,2
2007-W42,8139too.c,1
2007-W42,Kconfig,7
2007-W42,amd8111e.c,1
2007-W42,ariadne.c,1
2007-W42,ariadne.h,1
2007-W42,au1000_eth.c,3
2007-W42,ax88796.c,1
2007-W42,bnx2.c,4
2007-W42,bnx2_fw2.h,1
2007-W42,bonding,9
2007-W42,cassini.c,2
2007-W42,cpmac.c,1
2007-W42,cris,1
2007-W42,cxgb3,2
2007-W42,dm9000.c,1
2007-W42,e100.c,2
2007-W42,e1000,2
2007-W42,e1000e,5
2007-W42,ehea,1
2007-W42,eth16i.c,1
2007-W42,fealnx.c,1
2007-W42,forcedeth.c,6
2007-W42,fs_enet,1
2007-W42,gianfar.c,3
2007-W42,gianfar.h,1
2007-W42,hamradio,4
2007-W42,hp100.c,1
2007-W42,ibm_emac,2
2007-W42,ibm_newemac,5
2007-W42,irda,3
2007-W42,ixgbe,1
2007-W42,jazzsonic.c,1
2007-W42,lib82596.c,1
2007-W42,loopback.c,1
2007-W42,mac89x0.c,1
2007-W42,meth.h,1
2007-W42,mlx4,1
2007-W42,mv643xx_eth.c,6
2007-W42,mv643xx_eth.h,7
2007-W42,myri10ge,2
2007-W42,natsemi.c,1
2007-W42,ne-h8300.c,1
2007-W42,netxen,3
2007-W42,niu.c,3
2007-W42,pasemi_mac.c,1
2007-W42,pcnet32.c,4
2007-W42,phy,1
2007-W42,plip.c,1
2007-W42,r8169.c,5
2007-W42,s2io-regs.h,1
2007-W42,s2io.c,2
2007-W42,s2io.h,1
2007-W42,sk98lin,1
2007-W42,skge.c,7
2007-W42,skge.h,4
2007-W42,sky2.c,2
2007-W42,smc911x.c,1
2007-W42,spider_net.c,2
2007-W42,spider_net.h,1
2007-W42,tc35815.c,1
2007-W42,tehuti.c,2
2007-W42,tg3.c,6
2007-W42,tg3.h,2
2007-W42,tsi108_eth.c,1
2007-W42,tulip,5
2007-W42,typhoon.c,1
2007-W42,ucc_geth.c,3
2007-W42,usb,2
2007-W42,via-velocity.c,1
2007-W42,wan,2
2007-W42,wireless,19
2007-W42,xen-netfront.c,2
2007-W43,Kconfig,2
2007-W43,Makefile,3
2007-W43,bonding,2
2007-W43,cpmac.c,4
2007-W43,defxx.c,1
2007-W43,e1000e,4
2007-W43,eexpress.c,1
2007-W43,ehea,2
2007-W43,fec.c,2
2007-W43,fec_mpc52xx.c,1
2007-W43,fec_mpc52xx.h,1
2007-W43,fec_mpc52xx_phy.c,1
2007-W43,forcedeth.c,1
2007-W43,ipg.c,1
2007-W43,ipg.h,1
2007-W43,lguest_net.c,2
2007-W43,loopback.c,1
2007-W43,mipsnet.c,1
2007-W43,mlx4,2
2007-W43,natsemi.c,1
2007-W43,ni5010.c,1
2007-W43,pcmcia,1
2007-W43,ppp_mppe.c,2
2007-W43,r8169.c,2
2007-W43,rrunner.c,1
2007-W43,sky2.c,1
2007-W43,tg3.c,1
2007-W43,usb,1
2007-W43,virtio_net.c,1
2007-W43,wireless,52
2007-W44,82596.c,1
2007-W44,Kconfig,1
2007-W44,bfin_mac.c,1
2007-W44,cpmac.c,1
2007-W44,declance.c,1
2007-W44,e1000,2
2007-W44,e1000e,5
2007-W44,eexpress.c,1
2007-W44,fec_mpc52xx.c,1
2007-W44,hamradio,1
2007-W44,ibmlana.c,3
2007-W44,irda,2
2007-W44,ixgb,2
2007-W44,ixgbe,3
2007-W44,lp486e.c,1
2007-W44,meth.c,1
2007-W44,myri10ge,1
2007-W44,pcmcia,1
2007-W44,phy,2
2007-W44,pppoe.c,1
2007-W44,pppol2tp.c,1
2007-W44,r8169.c,1
2007-W44,smc91x.h,1
2007-W44,sundance.c,1
2007-W44,sunhme.c,1
2007-W44,ucc_geth.c,1
2007-W44,usb,1
2007-W44,wan,3
2007-W44,wireless,9
2007-W45,Kconfig,3
2007-W45,b44.c,1
2007-W45,bonding,2
2007-W45,e100.c,1
2007-W45,hamradio,1
2007-W45,irda,1
2007-W45,netxen,1
2007-W45,pasemi_mac.c,2
2007-W45,pcmcia,1
2007-W45,ppp_async.c,1
2007-W45,ppp_synctty.c,1
2007-W45,pppol2tp.c,1
2007-W45,qla3xxx.c,2
2007-W45,qla3xxx.h,1
2007-W45,r8169.c,4
2007-W45,rrunner.c,1
2007-W45,sky2.c,9
2007-W45,sky2.h,1
2007-W45,slip.c,1
2007-W45,usb,1
2007-W45,virtio_net.c,1
2007-W45,wan,1
2007-W45,wireless,21
2007-W46,Kconfig,3
2007-W46,Makefile,3
2007-W46,arcnet,1
2007-W46,arm,1
2007-W46,bfin_mac.c,1
2007-W46,bfin_mac.h,1
2007-W46,bnx2x.c,1
2007-W46,bnx2x.h,1
2007-W46,bnx2x_fw_defs.h,1
2007-W46,bnx2x_hsi.h,1
2007-W46,bnx2x_init.h,1
2007-W46,bnx2x_init_values.h,1
2007-W46,bnx2x_reg.h,1
2007-W46,bonding,1
2007-W46,can,1
2007-W46,chelsio,1
2007-W46,cris,3
2007-W46,cxgb3,9
2007-W46,e1000,5
2007-W46,e1000e,2
2007-W46,fs_enet,1
2007-W46,loopback.c,1
2007-W46,mlx4,2
2007-W46,myri_sbus.c,1
2007-W46,netx-eth.c,1
2007-W46,ppp_async.c,1
2007-W46,ppp_generic.c,1
2007-W46,ppp_synctty.c,1
2007-W46,r6040.c,1
2007-W46,s2io.c,1
2007-W46,sis190.c,4
2007-W46,skge.c,1
2007-W46,sungem.c,1
2007-W46,sunhme.c,1
2007-W46,tehuti.c,1
2007-W46,tg3.c,13
2007-W46,tg3.h,6
2007-W46,tulip,1
2007-W46,usb,2
2007-W46,via-velocity.c,1
2007-W46,wireless,12
2007-W47,3c501.c,1
2007-W47,3c507.c,2
2007-W47,Kconfig,1
2007-W47,amd8111e.c,2
2007-W47,at1700.c,2
2007-W47,bfin_mac.c,1
2007-W47,bnx2x.c,1
2007-W47,chelsio,2
2007-W47,cxgb3,2
2007-W47,e1000,1
2007-W47,eexpress.c,1
2007-W47,ehea,2
2007-W47,forcedeth.c,2
2007-W47,fs_enet,1
2007-W47,ibm_newemac,1
2007-W47,ixgbe,1
2007-W47,lp486e.c,1
2007-W47,macvlan.c,2
2007-W47,mlx4,1
2007-W47,netconsole.c,1
2007-W47,netxen,2
2007-W47,plip.c,2
2007-W47,pppol2tp.c,1
2007-W47,qla3xxx.c,1
2007-W47,r6040.c,1
2007-W47,rrunner.c,1
2007-W47,s2io.c,1
2007-W47,sgiseeq.c,1
2007-W47,sis190.c,1
2007-W47,sis900.c,1
2007-W47,sk98lin,1
2007-W47,sky2.c,1
2007-W47,slip.c,1
2007-W47,smc911x.c,2
2007-W47,smc911x.h,1
2007-W47,smc9194.c,1
2007-W47,smc91x.h,1
2007-W47,tulip,3
2007-W47,tun.c,1
2007-W47,via-rhine.c,1
2007-W47,virtio_net.c,2
2007-W47,wan,1
2007-W47,wireless,22
2007-W48,Kconfig,2
2007-W48,chelsio,4
2007-W48,e1000,1
2007-W48,fec_mpc52xx.c,1
2007-W48,fs_enet,1
2007-W48,gianfar.c,1
2007-W48,gianfar_sysfs.c,1
2007-W48,ipg.c,5
2007-W48,ipg.h,7
2007-W48,lib82596.c,1
2007-W48,pasemi_mac.c,11
2007-W48,pasemi_mac.h,5
2007-W48,phy,2
2007-W48,r6040.c,4
2007-W48,s2io.c,1
2007-W48,skge.c,8
2007-W48,sky2.c,5
2007-W48,sky2.h,1
2007-W48,sungem.c,1
2007-W48,ucc_geth.c,1
2007-W48,via-velocity.c,1
2007-W48,wireless,69
2007-W49,Kconfig,1
2007-W49,bonding,8
2007-W49,cxgb3,1
2007-W49,e100.c,1
2007-W49,e1000,1
2007-W49,e1000e,1
2007-W49,fec_mpc52xx.c,1
2007-W49,forcedeth.c,1
2007-W49,ibm_newemac,11
2007-W49,myri10ge,1
2007-W49,niu.c,1
2007-W49,pasemi_mac.c,2
2007-W49,phy,2
2007-W49,s2io-regs.h,1
2007-W49,s2io.c,1
2007-W49,sis190.c,1
2007-W49,sky2.c,2
2007-W49,smc911x.c,1
2007-W49,starfire.c,1
2007-W49,sundance.c,1
2007-W49,ucc_geth.c,1
2007-W49,virtio_net.c,1
2007-W49,wireless,49
2007-W50,Kconfig,2
2007-W50,bnx2.c,11
2007-W50,bnx2.h,5
2007-W50,bnx2_fw.h,1
2007-W50,bnx2_fw2.h,1
2007-W50,e100.c,2
2007-W50,e1000,2
2007-W50,e1000e,1
2007-W50,hamachi.c,1
2007-W50,ibm_newemac,1
2007-W50,ipg.c,1
2007-W50,irda,3
2007-W50,ixgb,3
2007-W50,ixgbe,1
2007-W50,loopback.c,1
2007-W50,mlx4,1
2007-W50,ns83820.c,2
2007-W50,pcmcia,1
2007-W50,plip.c,1
2007-W50,ppp_synctty.c,1
2007-W50,r6040.c,4
2007-W50,s2io.c,1
2007-W50,sis190.c,2
2007-W50,smc911x.h,1
2007-W50,sunhme.c,1
2007-W50,sunhme.h,1
2007-W50,tokenring,1
2007-W50,ucc_geth.c,1
2007-W50,virtio_net.c,1
2007-W50,wan,1
2007-W50,wireless,81
2007-W51,Kconfig,1
2007-W51,bnx2.c,11
2007-W51,bnx2.h,8
2007-W51,chelsio,1
2007-W51,cxgb3,3
2007-W51,dl2k.c,1
2007-W51,dl2k.h,1
2007-W51,e1000,1
2007-W51,eepro100.c,1
2007-W51,fec_mpc52xx.c,1
2007-W51,fs_enet,1
2007-W51,ibmveth.c,2
2007-W51,iseries_veth.c,4
2007-W51,macb.c,1
2007-W51,myri10ge,1
2007-W51,netxen,1
2007-W51,niu.c,1
2007-W51,ns83820.c,1
2007-W51,pcmcia,2
2007-W51,qla3xxx.c,1
2007-W51,qla3xxx.h,1
2007-W51,r8169.c,1
2007-W51,rrunner.c,1
2007-W51,rrunner.h,1
2007-W51,s2io.c,1
2007-W51,sgiseeq.c,1
2007-W51,slhc.c,1
2007-W51,sungem.c,1
2007-W51,sungem.h,1
2007-W51,sunvnet.c,1
2007-W51,tg3.c,11
2007-W51,tg3.h,2
2007-W51,tokenring,1
2007-W51,tulip,3
2007-W51,tun.c,1
2007-W51,typhoon.c,6
2007-W51,typhoon.h,2
2007-W51,ucc_geth_mii.h,1
2007-W51,usb,1
2007-W51,wan,2
2007-W51,wireless,52
2007-W51,yellowfin.c,1
2007-W52,3c509.c,1
2007-W52,loopback.c,1
2007-W52,netxen,3
2007-W52,r8169.c,1
2007-W52,tun.c,1
2007-W52,veth.c,1
2007-W52,wireless,18
2008-W01,Kconfig,1
2008-W01,b44.c,1
2008-W01,cassini.c,6
2008-W01,cassini.h,1
2008-W01,meth.c,1
2008-W01,netx-eth.c,1
2008-W01,netxen,1
2008-W01,niu.c,4
2008-W01,r8169.c,1
2008-W01,wireless,18
2008-W02,3c515.c,1
2008-W02,cpmac.c,1
2008-W02,dl2k.c,5
2008-W02,dl2k.h,5
2008-W02,e100.c,2
2008-W02,e1000,2
2008-W02,e1000e,2
2008-W02,epic100.c,1
2008-W02,fec_8xx,1
2008-W02,forcedeth.c,6
2008-W02,fs_enet,2
2008-W02,ibm_newemac,1
2008-W02,ipg.c,4
2008-W02,ixgb,2
2008-W02,ixgbe,2
2008-W02,ixp2000,1
2008-W02,macvlan.c,1
2008-W02,mipsnet.c,1
2008-W02,mipsnet.h,1
2008-W02,myri10ge,1
2008-W02,natsemi.c,1
2008-W02,netxen,1
2008-W02,niu.c,1
2008-W02,niu.h,1
2008-W02,pcmcia,1
2008-W02,pcnet32.c,1
2008-W02,qla3xxx.c,1
2008-W02,r8169.c,1
2008-W02,s2io.c,1
2008-W02,sgiseeq.c,1
2008-W02,sky2.c,5
2008-W02,sky2.h,2
2008-W02,smc91x.h,1
2008-W02,tulip,2
2008-W02,usb,3
2008-W02,wan,3
2008-W02,wireless,21
2008-W02,xen-netfront.c,1
2008-W03,Kconfig,3
2008-W03,Makefile,1
2008-W03,atl1,1
2008-W03,bonding,7
2008-W03,e1000,2
2008-W03,e1000e,2
2008-W03,enc28j60.c,1
2008-W03,enc28j60_hw.h,1
2008-W03,ibm_newemac,1
2008-W03,irda,2
2008-W03,ixgb,1
2008-W03,ixgbe,2
2008-W03,niu.c,1
2008-W03,ps3_gelic_net.c,1
2008-W03,s2io.c,1
2008-W03,sky2.c,1
2008-W03,smc91x.c,1
2008-W03,smc91x.h,1
2008-W03,tc35815.c,1
2008-W03,veth.c,1
2008-W03,wireless,27
2008-W04,3c515.c,1
2008-W04,7990.c,1
2008-W04,Kconfig,4
2008-W04,Makefile,2
2008-W04,a2065.c,1
2008-W04,bnx2.c,7
2008-W04,bnx2.h,4
2008-W04,bonding,1
2008-W04,cassini.c,1
2008-W04,cpmac.c,1
2008-W04,cxgb3,1
2008-W04,dm9000.c,1
2008-W04,eepro100.c,1
2008-W04,fec_8xx,1
2008-W04,fec_mpc52xx.c,1
2008-W04,fec_mpc52xx_phy.c,1
2008-W04,fs_enet,1
2008-W04,hamradio,1
2008-W04,hp100.c,1
2008-W04,igb,1
2008-W04,ipg.c,1
2008-W04,ipg.h,1
2008-W04,mac89x0.c,1
2008-W04,mace.c,1
2008-W04,macvlan.c,1
2008-W04,mlx4,1
2008-W04,natsemi.c,1
2008-W04,netxen,1
2008-W04,pasemi_mac.c,3
2008-W04,pasemi_mac.h,2
2008-W04,pci-skeleton.c,1
2008-W04,phy,1
2008-W04,ppp_deflate.c,1
2008-W04,ppp_generic.c,1
2008-W04,ppp_synctty.c,1
2008-W04,pppoe.c,1
2008-W04,s2io-regs.h,1
2008-W04,s2io.c,2
2008-W04,s2io.h,2
2008-W04,shaper.c,1
2008-W04,skfp,1
2008-W04,sky2.c,2
2008-W04,slhc.c,1
2008-W04,sungem.c,1
2008-W04,sunhme.c,1
2008-W04,tg3.c,1
2008-W04,tokenring,1
2008-W04,tulip,1
2008-W04,ucc_geth_mii.c,1
2008-W04,usb,13
2008-W04,wan,1
2008-W04,wireless,35
2008-W04,xen-netfront.c,1
2008-W05,Kconfig,6
2008-W05,Makefile,2
2008-W05,arm,1
2008-W05,atlx,10
2008-W05,ax88796.c,1
2008-W05,bfin_mac.c,8
2008-W05,bfin_mac.h,1
2008-W05,bnx2.c,7
2008-W05,bnx2.h,5
2008-W05,bnx2_fw.h,1
2008-W05,bnx2_fw2.h,1
2008-W05,bonding,6
2008-W05,cxgb3,2
2008-W05,dl2k.h,1
2008-W05,e100.c,2
2008-W05,e1000,3
2008-W05,e1000e,3
2008-W05,eexpress.c,1
2008-W05,ehea,6
2008-W05,forcedeth.c,1
2008-W05,ibmlana.c,2
2008-W05,igb,1
2008-W05,irda,1
2008-W05,ixgbe,8
2008-W05,lib8390.c,1
2008-W05,macb.c,1
2008-W05,macvlan.c,1
2008-W05,mlx4,1
2008-W05,phy,4
2008-W05,s2io.c,1
2008-W05,s2io.h,1
2008-W05,sis190.c,1
2008-W05,sk98lin,1
2008-W05,skfp,1
2008-W05,sunbmac.c,1
2008-W05,sunqe.c,1
2008-W05,sunvnet.c,1
2008-W05,tokenring,2
2008-W05,tulip,1
2008-W05,ucc_geth.c,2
2008-W05,usb,1
2008-W05,via-rhine.c,1
2008-W05,via-velocity.c,1
2008-W05,via-velocity.h,1
2008-W05,wan,4
2008-W05,wireless,49
2008-W06,8139too.c,1
2008-W06,Kconfig,4
2008-W06,Makefile,1
2008-W06,bnx2.c,1
2008-W06,bnx2x.c,1
2008-W06,cris,1
2008-W06,cxgb3,2
2008-W06,dm9000.c,24
2008-W06,forcedeth.c,5
2008-W06,gianfar_mii.c,1
2008-W06,hamradio,1
2008-W06,ibm_newemac,1
2008-W06,iseries_veth.c,1
2008-W06,mlx4,4
2008-W06,mv643xx_eth.c,1
2008-W06,natsemi.c,1
2008-W06,ni52.c,1
2008-W06,ni52.h,1
2008-W06,pcmcia,6
2008-W06,pcnet32.c,2
2008-W06,pppol2tp.c,2
2008-W06,ps3_gelic_net.c,7
2008-W06,ps3_gelic_net.h,5
2008-W06,ps3_gelic_wireless.c,1
2008-W06,ps3_gelic_wireless.h,1
2008-W06,sis190.c,1
2008-W06,sky2.c,1
2008-W06,sky2.h,1
2008-W06,smc91x.h,1
2008-W06,starfire.c,1
2008-W06,tlan.c,1
2008-W06,tulip,1
2008-W06,tun.c,1
2008-W06,typhoon.c,1
2008-W06,ucc_geth_mii.c,1
2008-W06,via-velocity.c,1
2008-W06,virtio_net.c,10
2008-W06,wan,2
2008-W06,wireless,45
2008-W07,cs89x0.c,1
2008-W07,e1000,2
2008-W07,e1000e,3
2008-W07,ehea,1
2008-W07,fs_enet,1
2008-W07,gianfar.c,1
2008-W07,gianfar_mii.c,1
2008-W07,hamradio,1
2008-W07,igb,3
2008-W07,ixgb,1
2008-W07,ixgbe,4
2008-W07,mlx4,1
2008-W07,netconsole.c,1
2008-W07,pcmcia,1
2008-W07,tsi108_eth.c,5
2008-W07,tulip,1
2008-W07,wireless,32
2008-W08,Kconfig,1
2008-W08,Makefile,1
2008-W08,bnx2.c,3
2008-W08,bnx2.h,1
2008-W08,e1000e,6
2008-W08,gianfar.c,1
2008-W08,ibmveth.c,1
2008-W08,igb,1
2008-W08,ixgb,1
2008-W08,macb.c,1
2008-W08,niu.c,3
2008-W08,niu.h,1
2008-W08,pasemi_mac.c,2
2008-W08,pasemi_mac.h,1
2008-W08,pasemi_mac_ethtool.c,1
2008-W08,pcmcia,1
2008-W08,phy,1
2008-W08,ps3_gelic_wireless.c,1
2008-W08,s2io.c,4
2008-W08,s2io.h,3
2008-W08,sis190.c,1
2008-W08,sky2.c,1
2008-W08,sky2.h,1
2008-W08,smc91x.c,2
2008-W08,smc91x.h,4
2008-W08,tg3.c,1
2008-W08,tlan.c,1
2008-W08,veth.c,1
2008-W08,via-rhine.c,1
2008-W08,virtio_net.c,1
2008-W08,wireless,14
2008-W09,8390.c,1
2008-W09,Kconfig,1
2008-W09,appletalk,1
2008-W09,arcnet,1
2008-W09,at1700.c,1
2008-W09,atarilance.c,1
2008-W09,bnx2x.c,10
2008-W09,bnx2x.h,7
2008-W09,bnx2x_fw_defs.h,1
2008-W09,bnx2x_hsi.h,1
2008-W09,bnx2x_init.h,1
2008-W09,bnx2x_reg.h,1
2008-W09,bonding,1
2008-W09,mv643xx_eth.c,1
2008-W09,niu.c,1
2008-W09,niu.h,1
2008-W09,pcmcia,1
2008-W09,phy,2
2008-W09,tulip,1
2008-W09,tun.c,1
2008-W09,via-velocity.c,2
2008-W09,virtio_net.c,1
2008-W09,wireless,23
2008-W10,Kconfig,2
2008-W10,ac3200.c,1
2008-W10,apne.c,1
2008-W10,appletalk,1
2008-W10,arcnet,1
2008-W10,atarilance.c,1
2008-W10,bonding,1
2008-W10,cxgb3,1
2008-W10,e100.c,1
2008-W10,enc28j60.c,1
2008-W10,fec.c,1
2008-W10,igb,1
2008-W10,ioc3-eth.c,1
2008-W10,irda,1
2008-W10,ixgbe,6
2008-W10,macb.c,1
2008-W10,mv643xx_eth.c,1
2008-W10,pasemi_mac.c,2
2008-W10,pasemi_mac.h,1
2008-W10,phy,1
2008-W10,pppol2tp.c,4
2008-W10,qla3xxx.c,1
2008-W10,s2io.c,1
2008-W10,tulip,1
2008-W10,ucc_geth.c,1
2008-W10,usb,1
2008-W10,wan,2
2008-W10,wireless,66
2008-W11,3c501.c,1
2008-W11,8139too.c,1
2008-W11,atl1,1
2008-W11,atp.c,1
2008-W11,cxgb3,2
2008-W11,defxx.c,1
2008-W11,e100.c,1
2008-W11,epic100.c,1
2008-W11,forcedeth.c,1
2008-W11,ibm_newemac,2
2008-W11,igb,2
2008-W11,ipg.c,2
2008-W11,natsemi.c,1
2008-W11,ne2k-pci.c,1
2008-W11,ps3_gelic_wireless.c,2
2008-W11,r6040.c,1
2008-W11,s2io.c,1
2008-W11,skfp,1
2008-W11,usb,3
2008-W11,virtio_net.c,1
2008-W11,wan,1
2008-W11,wireless,30
2008-W12,8390.c,1
2008-W12,Kconfig,1
2008-W12,Makefile,1
2008-W12,bnx2x.c,1
2008-W12,bonding,4
2008-W12,cassini.c,1
2008-W12,cxgb3,1
2008-W12,dm9000.c,1
2008-W12,e1000,2
2008-W12,e1000e,2
2008-W12,ehea,1
2008-W12,fec_mpc52xx_phy.c,1
2008-W12,forcedeth.c,1
2008-W12,ifb.c,1
2008-W12,ixgb,5
2008-W12,korina.c,1
2008-W12,mv643xx_eth.c,7
2008-W12,netxen,4
2008-W12,ni52.c,7
2008-W12,ni52.h,1
2008-W12,pasemi_mac.c,1
2008-W12,phy,1
2008-W12,skge.c,1
2008-W12,smc91x.h,1
2008-W12,sungem.c,1
2008-W12,tg3.c,1
2008-W12,tokenring,1
2008-W12,tulip,1
2008-W12,usb,3
2008-W12,wireless,23
2008-W13,3c509.c,1
2008-W13,Kconfig,2
2008-W13,arcnet,1
2008-W13,b44.c,1
2008-W13,bfin_mac.c,1
2008-W13,bonding,2
2008-W13,dm9000.c,1
2008-W13,e1000e,3
2008-W13,ehea,5
2008-W13,forcedeth.c,2
2008-W13,gianfar.c,3
2008-W13,gianfar.h,3
2008-W13,hamradio,1
2008-W13,ibm_newemac,1
2008-W13,ixgbe,1
2008-W13,loopback.c,1
2008-W13,macvlan.c,1
2008-W13,netxen,1
2008-W13,pasemi_mac.c,1
2008-W13,phy,1
2008-W13,pppoe.c,1
2008-W13,ps3_gelic_net.c,1
2008-W13,ps3_gelic_net.h,1
2008-W13,ps3_gelic_wireless.c,1
2008-W13,s2io.c,2
2008-W13,skge.c,1
2008-W13,tokenring,1
2008-W13,tulip,1
2008-W13,usb,3
2008-W13,veth.c,1
2008-W13,via-velocity.c,1
2008-W13,wan,5
2008-W13,wireless,34
2008-W13,yellowfin.c,1
2008-W14,e1000,1
2008-W14,e1000e,4
2008-W14,ehea,1
2008-W14,fec_mpc52xx.c,1
2008-W14,fec_mpc52xx_phy.c,1
2008-W14,ixgb,1
2008-W14,netxen,2
2008-W14,phy,1
2008-W14,plip.c,1
2008-W14,sb1000.c,2
2008-W14,sc92031.c,3
2008-W14,sky2.c,1
2008-W14,tg3.c,1
2008-W14,tg3.h,1
2008-W14,tokenring,1
2008-W14,wireless,34
2008-W14,xen-netfront.c,2
2008-W15,Kconfig,2
2008-W15,au1000_eth.c,1
2008-W15,b44.c,1
2008-W15,bfin_mac.c,1
2008-W15,bnx2x.c,1
2008-W15,bonding,1
2008-W15,cpmac.c,1
2008-W15,cxgb3,1
2008-W15,fec_mpc52xx.c,1
2008-W15,fec_mpc52xx_phy.c,1
2008-W15,forcedeth.c,1
2008-W15,fs_enet,2
2008-W15,gianfar.c,1
2008-W15,gianfar.h,1
2008-W15,gianfar_mii.c,1
2008-W15,irda,1
2008-W15,iseries_veth.c,1
2008-W15,macb.c,3
2008-W15,natsemi.c,1
2008-W15,pasemi_mac.c,1
2008-W15,phy,1
2008-W15,sb1250-mac.c,1
2008-W15,sc92031.c,1
2008-W15,sky2.c,1
2008-W15,smc91x.c,1
2008-W15,smc91x.h,1
2008-W15,spider_net.c,3
2008-W15,spider_net.h,2
2008-W15,starfire.c,1
2008-W15,tc35815.c,7
2008-W15,tg3.c,1
2008-W15,tokenring,1
2008-W15,tun.c,2
2008-W15,ucc_geth.c,3
2008-W15,ucc_geth.h,1
2008-W15,ucc_geth_mii.c,2
2008-W15,virtio_net.c,2
2008-W15,wan,1
2008-W15,wireless,12
2008-W16,3c527.c,1
2008-W16,appletalk,1
2008-W16,arm,4
2008-W16,atlx,3
2008-W16,ax88796.c,1
2008-W16,bfin_mac.c,1
2008-W16,cpmac.c,1
2008-W16,cxgb3,1
2008-W16,dl2k.c,1
2008-W16,dm9000.c,1
2008-W16,ehea,1
2008-W16,fec_mpc52xx.c,1
2008-W16,forcedeth.c,1
2008-W16,gianfar.c,2
2008-W16,gianfar.h,1
2008-W16,gianfar_mii.c,1
2008-W16,gianfar_mii.h,1
2008-W16,hamachi.c,1
2008-W16,hamradio,1
2008-W16,ibmveth.c,1
2008-W16,irda,1
2008-W16,ixp2000,1
2008-W16,jazzsonic.c,1
2008-W16,korina.c,2
2008-W16,macb.c,1
2008-W16,meth.c,1
2008-W16,mlx4,9
2008-W16,mv643xx_eth.c,1
2008-W16,netconsole.c,1
2008-W16,netx-eth.c,1
2008-W16,netxen,1
2008-W16,ns83820.c,1
2008-W16,pcmcia,1
2008-W16,phy,3
2008-W16,ps3_gelic_wireless.c,1
2008-W16,r8169.c,2
2008-W16,rionet.c,1
2008-W16,sgiseeq.c,1
2008-W16,smc911x.c,2
2008-W16,smc91x.c,1
2008-W16,sni_82596.c,1
2008-W16,tehuti.c,1
2008-W16,tg3.c,2
2008-W16,tg3.h,1
2008-W16,tsi108_eth.c,2
2008-W16,tulip,1
2008-W16,tun.c,3
2008-W16,typhoon.c,1
2008-W16,usb,1
2008-W16,via-velocity.c,2
2008-W16,virtio_net.c,2
2008-W16,wan,2
2008-W16,wireless,43
2008-W17,Kconfig,3
2008-W17,Makefile,1
2008-W17,arm,2
2008-W17,bfin_mac.c,2
2008-W17,bfin_mac.h,1
2008-W17,e1000e,6
2008-W17,eepro.c,1
2008-W17,forcedeth.c,1
2008-W17,gianfar.c,1
2008-W17,hamradio,1
2008-W17,ibm_newemac,7
2008-W17,igb,1
2008-W17,ixgbe,1
2008-W17,mlx4,4
2008-W17,mv643xx_eth.c,4
2008-W17,netxen,1
2008-W17,niu.c,2
2008-W17,niu.h,2
2008-W17,ppp_generic.c,1
2008-W17,s2io.c,4
2008-W17,s2io.h,2
2008-W17,sfc,1
2008-W17,sis190.c,4
2008-W17,tehuti.c,1
2008-W17,tg3.c,1
2008-W17,tun.c,2
2008-W17,ucc_geth.c,1
2008-W17,via-velocity.c,1
2008-W17,wireless,71
2008-W18,3c505.c,1
2008-W18,3c505.h,1
2008-W18,3c509.c,1
2008-W18,3c515.c,1
2008-W18,3c523.c,1
2008-W18,3c527.c,1
2008-W18,8390.c,1
2008-W18,Kconfig,3
2008-W18,Makefile,1
2008-W18,acenic.c,1
2008-W18,acenic.h,1
2008-W18,bnx2.c,7
2008-W18,bnx2_fw2.h,1
2008-W18,bonding,5
2008-W18,cxgb3,2
2008-W18,e100.c,1
2008-W18,e1000e,3
2008-W18,eexpress.c,1
2008-W18,fec.c,6
2008-W18,fec.h,1
2008-W18,fec_8xx,1
2008-W18,fec_mpc52xx.c,1
2008-W18,fec_mpc52xx.h,1
2008-W18,fs_enet,1
2008-W18,gianfar.c,1
2008-W18,gianfar.h,1
2008-W18,gianfar_sysfs.c,1
2008-W18,hamachi.c,1
2008-W18,hamradio,3
2008-W18,ibmveth.c,1
2008-W18,irda,3
2008-W18,mlx4,2
2008-W18,myri10ge,1
2008-W18,niu.c,1
2008-W18,pcmcia,2
2008-W18,pcnet32.c,1
2008-W18,phy,4
2008-W18,ppp_async.c,2
2008-W18,ppp_synctty.c,2
2008-W18,pppoe.c,1
2008-W18,pppol2tp.c,1
2008-W18,s2io.c,2
2008-W18,s2io.h,1
2008-W18,slip.c,1
2008-W18,tehuti.c,1
2008-W18,tg3.c,6
2008-W18,tg3.h,3
2008-W18,tokenring,1
2008-W18,tulip,3
2008-W18,ucc_geth.c,2
2008-W18,ucc_geth.h,1
2008-W18,ucc_geth_ethtool.c,1
2008-W18,ucc_geth_mii.c,1
2008-W18,virtio_net.c,5
2008-W18,wan,3
2008-W18,wireless,18
2008-W18,xen-netfront.c,1
2008-W18,yellowfin.c,1
2008-W19,3c59x.c,2
2008-W19,8139cp.c,1
2008-W19,8139too.c,1
2008-W19,8390.h,1
2008-W19,Kconfig,3
2008-W19,Makefile,1
2008-W19,appletalk,1
2008-W19,atlx,4
2008-W19,cxgb3,2
2008-W19,dm9000.c,3
2008-W19,ehea,1
2008-W19,gianfar.c,1
2008-W19,irda,2
2008-W19,lib8390.c,1
2008-W19,macvlan.c,1
2008-W19,mlx4,1
2008-W19,myri10ge,14
2008-W19,pcmcia,2
2008-W19,qla3xxx.c,1
2008-W19,r8169.c,1
2008-W19,sb1250-mac.c,1
2008-W19,sfc,9
2008-W19,sky2.h,1
2008-W19,usb,1
2008-W19,wan,1
2008-W19,wireless,51
2008-W19,xtsonic.c,1
2008-W20,3c515.c,1
2008-W20,82596.c,1
2008-W20,Makefile,1
2008-W20,apne.c,1
2008-W20,au1000_eth.c,1
2008-W20,bfin_mac.c,1
2008-W20,bnx2.c,6
2008-W20,bnx2.h,2
2008-W20,bnx2_fw.h,1
2008-W20,bonding,9
2008-W20,cpmac.c,2
2008-W20,dm9000.c,2
2008-W20,ehea,2
2008-W20,forcedeth.c,4
2008-W20,fs_enet,1
2008-W20,gianfar.c,1
2008-W20,hamradio,1
2008-W20,lib8390.c,1
2008-W20,mac89x0.c,1
2008-W20,macmace.c,1
2008-W20,macvlan.c,1
2008-W20,natsemi.c,1
2008-W20,niu.c,1
2008-W20,niu.h,2
2008-W20,pcnet32.c,2
2008-W20,phy,3
2008-W20,ppp_generic.c,3
2008-W20,pppol2tp.c,1
2008-W20,ps3_gelic_wireless.c,1
2008-W20,qla3xxx.c,1
2008-W20,r6040.c,1
2008-W20,s2io-regs.h,1
2008-W20,s2io.c,6
2008-W20,s2io.h,3
2008-W20,sb1250-mac.c,2
2008-W20,sc92031.c,1
2008-W20,sfc,16
2008-W20,sis190.c,1
2008-W20,sis900.c,1
2008-W20,sky2.c,5
2008-W20,sky2.h,2
2008-W20,spider_net.c,1
2008-W20,sun3lance.c,1
2008-W20,tokenring,2
2008-W20,tsi108_eth.c,1
2008-W20,tulip,2
2008-W20,ucc_geth.c,1
2008-W20,ucc_geth_ethtool.c,1
2008-W20,usb,4
2008-W20,wan,2
2008-W20,wireless,51
2008-W21,3c509.c,3
2008-W21,Kconfig,2
2008-W21,atlx,3
2008-W21,cassini.c,1
2008-W21,cxgb3,4
2008-W21,fs_enet,1
2008-W21,ibm_newemac,1
2008-W21,irda,2
2008-W21,myri10ge,2
2008-W21,phy,1
2008-W21,ppp_generic.c,2
2008-W21,pppol2tp.c,1
2008-W21,ps3_gelic_net.c,2
2008-W21,ps3_gelic_net.h,2
2008-W21,ps3_gelic_wireless.c,4
2008-W21,ps3_gelic_wireless.h,4
2008-W21,tg3.c,7
2008-W21,tg3.h,5
2008-W21,tun.c,1
2008-W21,ucc_geth.c,1
2008-W21,ucc_geth_ethtool.c,2
2008-W21,ucc_geth_mii.c,1
2008-W21,usb,2
2008-W21,virtio_net.c,1
2008-W21,wan,3
2008-W21,wireless,30
2008-W21,xen-netfront.c,1
2008-W22,Kconfig,4
2008-W22,arm,1
2008-W22,atlx,1
2008-W22,cs89x0.c,1
2008-W22,forcedeth.c,1
2008-W22,fs_enet,1
2008-W22,lib8390.c,1
2008-W22,mv643xx_eth.c,28
2008-W22,myri10ge,1
2008-W22,phy,1
2008-W22,ps3_gelic_wireless.c,4
2008-W22,ps3_gelic_wireless.h,1
2008-W22,r8169.c,4
2008-W22,sc92031.c,1
2008-W22,sfc,3
2008-W22,sky2.c,1
2008-W22,tg3.c,1
2008-W22,tg3.h,1
2008-W22,tlan.c,6
2008-W22,tlan.h,3
2008-W22,tokenring,1
2008-W22,tulip,1
2008-W22,usb,1
2008-W22,virtio_net.c,3
2008-W22,wireless,52
2008-W23,Kconfig,1
2008-W23,e1000e,1
2008-W23,fec.c,1
2008-W23,igb,1
2008-W23,ixgbe,1
2008-W23,mv643xx_eth.c,10
2008-W23,pcmcia,1
2008-W23,pppol2tp.c,2
2008-W23,ps3_gelic_wireless.c,1
2008-W23,s2io.c,2
2008-W23,smc91x.c,1
2008-W23,sunhme.c,1
2008-W23,tulip,1
2008-W23,virtio_net.c,3
2008-W23,wireless,34
2008-W24,7990.c,1
2008-W24,8139too.c,1
2008-W24,Kconfig,2
2008-W24,Makefile,1
2008-W24,a2065.c,1
2008-W24,atarilance.c,1
2008-W24,atlx,1
2008-W24,bnx2.c,1
2008-W24,bnx2.h,1
2008-W24,bnx2x.c,1
2008-W24,bnx2x.h,1
2008-W24,bnx2x_init.h,1
2008-W24,bonding,4
2008-W24,declance.c,1
2008-W24,ehea,2
2008-W24,enc28j60.c,2
2008-W24,fec_mpc52xx.c,1
2008-W24,forcedeth.c,1
2008-W24,fs_enet,1
2008-W24,hamradio,1
2008-W24,hplance.c,1
2008-W24,ipg.c,1
2008-W24,irda,2
2008-W24,ixgbe,1
2008-W24,mac8390.c,1
2008-W24,macb.c,1
2008-W24,macsonic.c,1
2008-W24,netconsole.c,1
2008-W24,netxen,4
2008-W24,pppoe.c,2
2008-W24,pppol2tp.c,1
2008-W24,sfc,1
2008-W24,sh_eth.c,1
2008-W24,sh_eth.h,1
2008-W24,sky2.c,1
2008-W24,smc911x.c,3
2008-W24,smc911x.h,5
2008-W24,smc91x.c,1
2008-W24,smc91x.h,1
2008-W24,sunlance.c,1
2008-W24,tg3.c,4
2008-W24,tulip,1
2008-W24,usb,1
2008-W24,wireless,54
2008-W25,Kconfig,3
2008-W25,Makefile,1
2008-W25,b44.c,1
2008-W25,bnx2.c,7
2008-W25,bnx2.h,4
2008-W25,bnx2_fw2.h,1
2008-W25,e100.c,1
2008-W25,e1000,3
2008-W25,e1000e,1
2008-W25,ibm_emac,1
2008-W25,ibm_newemac,1
2008-W25,igb,1
2008-W25,ixgbe,1
2008-W25,pppoe.c,1
2008-W25,ps3_gelic_wireless.c,1
2008-W25,s2io.c,1
2008-W25,s2io.h,1
2008-W25,sh_eth.c,1
2008-W25,sh_eth.h,1
2008-W25,sky2.c,5
2008-W25,sky2.h,1
2008-W25,smc91x.c,2
2008-W25,smc91x.h,1
2008-W25,tun.c,2
2008-W25,usb,1
2008-W25,wireless,23
2008-W25,xen-netfront.c,1
2008-W26,3c59x.c,1
2008-W26,8139cp.c,1
2008-W26,8139too.c,1
2008-W26,Kconfig,3
2008-W26,Makefile,2
2008-W26,bnx2x.h,5
2008-W26,bnx2x_fw_defs.h,1
2008-W26,bnx2x_hsi.h,3
2008-W26,bnx2x_init.h,3
2008-W26,bnx2x_init_values.h,5
2008-W26,bnx2x_link.c,2
2008-W26,bnx2x_link.h,1
2008-W26,bnx2x_main.c,10
2008-W26,bnx2x_reg.h,2
2008-W26,cxgb3,1
2008-W26,dl2k.c,1
2008-W26,dm9000.c,9
2008-W26,dm9000.h,1
2008-W26,e1000e,1
2008-W26,fealnx.c,1
2008-W26,fs_enet,1
2008-W26,hamradio,1
2008-W26,igb,8
2008-W26,ipg.c,8
2008-W26,ipg.h,6
2008-W26,ixgbe,1
2008-W26,netxen,1
2008-W26,pci-skeleton.c,1
2008-W26,r6040.c,1
2008-W26,r8169.c,7
2008-W26,smc91x.c,2
2008-W26,smc91x.h,6
2008-W26,tc35815.c,2
2008-W26,tsi108_eth.c,1
2008-W26,typhoon.c,1
2008-W26,wan,1
2008-W26,wireless,20
2008-W27,3c503.c,1
2008-W27,3c59x.c,1
2008-W27,8390.h,1
2008-W27,8390p.c,1
2008-W27,Kconfig,4
2008-W27,Makefile,1
2008-W27,amd8111e.c,1
2008-W27,bonding,2
2008-W27,e1000,1
2008-W27,e1000e,1
2008-W27,ehea,4
2008-W27,forcedeth.c,1
2008-W27,hp.c,1
2008-W27,ibm_newemac,2
2008-W27,igb,1
2008-W27,irda,2
2008-W27,ixgb,1
2008-W27,ne.c,1
2008-W27,ne2.c,1
2008-W27,niu.c,1
2008-W27,pasemi_mac.c,1
2008-W27,r8169.c,1
2008-W27,sh_eth.c,1
2008-W27,sh_eth.h,1
2008-W27,starfire.c,2
2008-W27,tehuti.c,1
2008-W27,tehuti.h,1
2008-W27,tun.c,3
2008-W27,wan,14
2008-W27,wireless,49
2008-W28,Kconfig,10
2008-W28,Makefile,1
2008-W28,arm,1
2008-W28,bonding,1
2008-W28,chelsio,1
2008-W28,cpmac.c,1
2008-W28,cxgb3,2
2008-W28,e1000,9
2008-W28,gianfar.c,2
2008-W28,gianfar.h,2
2008-W28,gianfar_ethtool.c,1
2008-W28,hamradio,1
2008-W28,ibm_newemac,2
2008-W28,ifb.c,2
2008-W28,igb,12
2008-W28,irda,4
2008-W28,ixgb,24
2008-W28,ixgbe,2
2008-W28,macvlan.c,1
2008-W28,meth.c,1
2008-W28,mv643xx_eth.c,4
2008-W28,phy,1
2008-W28,ppp_generic.c,1
2008-W28,pppox.c,1
2008-W28,r6040.c,10
2008-W28,r8169.c,1
2008-W28,s2io.c,4
2008-W28,s2io.h,1
2008-W28,saa9730.c,1
2008-W28,saa9730.h,1
2008-W28,tun.c,1
2008-W28,ucc_geth.c,1
2008-W28,via-rhine.c,1
2008-W28,via-velocity.c,4
2008-W28,via-velocity.h,1
2008-W28,virtio_net.c,1
2008-W28,wan,10
2008-W28,wd.c,1
2008-W28,wireless,34
2008-W28,xen-netfront.c,1
2008-W29,8139too.c,4
2008-W29,Kconfig,2
2008-W29,Makefile,1
2008-W29,ariadne.c,1
2008-W29,arm,1
2008-W29,atl1e,1
2008-W29,au1000_eth.c,1
2008-W29,bfin_mac.c,1
2008-W29,bnx2.c,9
2008-W29,bnx2.h,3
2008-W29,bnx2_fw2.h,1
2008-W29,bonding,4
2008-W29,cpmac.c,2
2008-W29,cxgb3,2
2008-W29,dm9000.c,1
2008-W29,e1000,3
2008-W29,e1000e,3
2008-W29,fec_mpc52xx.c,1
2008-W29,forcedeth.c,1
2008-W29,fs_enet,1
2008-W29,gianfar.c,1
2008-W29,hamradio,3
2008-W29,ibm_newemac,1
2008-W29,ifb.c,2
2008-W29,igb,7
2008-W29,irda,1
2008-W29,ixgb,2
2008-W29,ixgbe,5
2008-W29,loopback.c,1
2008-W29,macb.c,1
2008-W29,macvlan.c,2
2008-W29,mlx4,2
2008-W29,mv643xx_eth.c,7
2008-W29,netconsole.c,2
2008-W29,niu.c,1
2008-W29,phy,2
2008-W29,ppp_async.c,1
2008-W29,ppp_synctty.c,1
2008-W29,r8169.c,3
2008-W29,s2io.c,2
2008-W29,sfc,5
2008-W29,sh_eth.c,1
2008-W29,slip.c,1
2008-W29,tc35815.c,1
2008-W29,tun.c,2
2008-W29,ucc_geth.c,1
2008-W29,usb,1
2008-W29,wan,2
2008-W29,wireless,50
2008-W30,3c523.c,1
2008-W30,3c527.c,1
2008-W30,3c59x.c,1
2008-W30,arm,1
2008-W30,atl1e,1
2008-W30,atlx,1
2008-W30,atp.c,1
2008-W30,au1000_eth.c,2
2008-W30,bfin_mac.c,5
2008-W30,bnx2x_main.c,2
2008-W30,bonding,1
2008-W30,cassini.c,1
2008-W30,cpmac.c,1
2008-W30,cxgb3,2
2008-W30,de620.c,1
2008-W30,dm9000.c,1
2008-W30,e100.c,1
2008-W30,e1000e,2
2008-W30,eepro.c,1
2008-W30,ehea,1
2008-W30,enc28j60.c,1
2008-W30,eth16i.c,1
2008-W30,fec_mpc52xx.c,1
2008-W30,forcedeth.c,1
2008-W30,fs_enet,1
2008-W30,gianfar.c,1
2008-W30,hamradio,2
2008-W30,hp-plus.c,1
2008-W30,hp.c,1
2008-W30,ibmveth.c,3
2008-W30,ibmveth.h,1
2008-W30,iseries_veth.c,1
2008-W30,lp486e.c,1
2008-W30,macb.c,1
2008-W30,macvlan.c,1
2008-W30,mlx4,8
2008-W30,mv643xx_eth.c,2
2008-W30,myri10ge,2
2008-W30,ne.c,1
2008-W30,ne2.c,1
2008-W30,netxen,12
2008-W30,ni5010.c,1
2008-W30,ni52.c,1
2008-W30,pasemi_mac.c,1
2008-W30,ppp_generic.c,2
2008-W30,qla3xxx.c,1
2008-W30,r6040.c,1
2008-W30,r8169.c,1
2008-W30,s2io.c,2
2008-W30,sfc,1
2008-W30,sh_eth.c,1
2008-W30,sky2.c,1
2008-W30,smc91x.h,1
2008-W30,spider_net.c,1
2008-W30,sun3_82586.c,1
2008-W30,sunhme.c,1
2008-W30,tc35815.c,2
2008-W30,tulip,1
2008-W30,ucc_geth.c,1
2008-W30,usb,1
2008-W30,virtio_net.c,1
2008-W30,wan,1
2008-W30,wireless,27
2008-W31,8390.c,1
2008-W31,8390p.c,2
2008-W31,hamradio,1
2008-W31,ibmveth.c,1
2008-W31,ifb.c,1
2008-W31,irda,2
2008-W31,ixp2000,1
2008-W31,meth.c,1
2008-W31,ne.c,1
2008-W31,netconsole.c,1
2008-W31,netxen,6
2008-W31,niu.c,1
2008-W31,pcmcia,6
2008-W31,ps3_gelic_wireless.c,1
2008-W31,qla3xxx.c,4
2008-W31,qla3xxx.h,2
2008-W31,r8169.c,3
2008-W31,skfp,1
2008-W31,stnic.c,1
2008-W31,tg3.c,1
2008-W31,tokenring,1
2008-W31,usb,1
2008-W31,via-velocity.c,2
2008-W31,via-velocity.h,1
2008-W31,wireless,25
2008-W31,xen-netfront.c,1
2008-W32,Kconfig,2
2008-W32,arm,2
2008-W32,atl1e,3
2008-W32,atlx,1
2008-W32,au1000_eth.c,1
2008-W32,ax88796.c,1
2008-W32,bnx2x_main.c,1
2008-W32,cs89x0.c,1
2008-W32,e100.c,1
2008-W32,e1000e,11
2008-W32,forcedeth.c,4
2008-W32,fs_enet,1
2008-W32,gianfar.c,1
2008-W32,igb,7
2008-W32,irda,2
2008-W32,ixgbe,1
2008-W32,ixp2000,2
2008-W32,macb.c,1
2008-W32,myri10ge,2
2008-W32,ne.c,1
2008-W32,netx-eth.c,2
2008-W32,netxen,6
2008-W32,sh_eth.c,1
2008-W32,sh_eth.h,1
2008-W32,sky2.c,2
2008-W32,sky2.h,1
2008-W32,smc911x.h,1
2008-W32,smc91x.h,1
2008-W32,tg3.c,1
2008-W32,tlan.c,1
2008-W32,usb,5
2008-W32,wireless,36
2008-W33,acenic.c,1
2008-W33,arm,1
2008-W33,atl1e,1
2008-W33,bnx2.c,5
2008-W33,bnx2x.h,9
2008-W33,bnx2x_fw_defs.h,2
2008-W33,bnx2x_hsi.h,1
2008-W33,bnx2x_init.h,2
2008-W33,bnx2x_init_values.h,1
2008-W33,bnx2x_link.c,8
2008-W33,bnx2x_link.h,3
2008-W33,bnx2x_main.c,24
2008-W33,bnx2x_reg.h,8
2008-W33,cpmac.c,1
2008-W33,e100.c,1
2008-W33,gianfar.c,1
2008-W33,gianfar_sysfs.c,1
2008-W33,ipg.h,1
2008-W33,irda,1
2008-W33,loopback.c,3
2008-W33,myri10ge,3
2008-W33,netxen,2
2008-W33,ppp_mppe.c,1
2008-W33,pppol2tp.c,1
2008-W33,r6040.c,1
2008-W33,sh_eth.c,1
2008-W33,sky2.c,1
2008-W33,tehuti.h,1
2008-W33,tg3.c,7
2008-W33,tg3.h,3
2008-W33,tokenring,2
2008-W33,tun.c,2
2008-W33,typhoon.c,1
2008-W33,usb,1
2008-W33,wan,2
2008-W33,wireless,35
2008-W34,3c505.c,1
2008-W34,3c59x.c,1
2008-W34,arcnet,1
2008-W34,atl1e,1
2008-W34,atlx,1
2008-W34,ax88796.c,1
2008-W34,bfin_mac.c,1
2008-W34,bonding,1
2008-W34,cxgb3,1
2008-W34,e100.c,1
2008-W34,enc28j60.c,1
2008-W34,forcedeth.c,1
2008-W34,gianfar.c,1
2008-W34,gianfar.h,1
2008-W34,hamradio,1
2008-W34,ibm_newemac,2
2008-W34,ibmveth.c,1
2008-W34,irda,1
2008-W34,ixgb,1
2008-W34,ixgbe,1
2008-W34,meth.c,1
2008-W34,mipsnet.c,1
2008-W34,mv643xx_eth.c,15
2008-W34,netx-eth.c,1
2008-W34,netxen,2
2008-W34,pci-skeleton.c,1
2008-W34,r8169.c,1
2008-W34,s2io.c,2
2008-W34,skfp,1
2008-W34,smc911x.c,1
2008-W34,smc91x.c,1
2008-W34,smc91x.h,1
2008-W34,sundance.c,1
2008-W34,tehuti.h,1
2008-W34,tsi108_eth.c,1
2008-W34,ucc_geth.c,1
2008-W34,usb,6
2008-W34,via-velocity.h,1
2008-W34,wan,2
2008-W34,wd.c,1
2008-W34,wireless,35
2008-W34,xen-netfront.c,1
2008-W35,8139cp.c,1
2008-W35,8139too.c,1
2008-W35,Kconfig,2
2008-W35,bnx2x.h,1
2008-W35,bnx2x_main.c,9
2008-W35,bonding,1
2008-W35,cs89x0.c,1
2008-W35,e1000,1
2008-W35,e1000e,3
2008-W35,fs_enet,1
2008-W35,ibm_newemac,1
2008-W35,igb,5
2008-W35,ixgbe,16
2008-W35,mv643xx_eth.c,11
2008-W35,myri10ge,1
2008-W35,myri_sbus.c,5
2008-W35,myri_sbus.h,1
2008-W35,netxen,1
2008-W35,niu.c,1
2008-W35,pcmcia,3
2008-W35,phy,1
2008-W35,r8169.c,1
2008-W35,sky2.c,2
2008-W35,smc91x.c,1
2008-W35,sunbmac.c,4
2008-W35,sunbmac.h,1
2008-W35,sunhme.c,5
2008-W35,sunhme.h,2
2008-W35,sunlance.c,6
2008-W35,sunqe.c,5
2008-W35,sunqe.h,1
2008-W35,usb,1
2008-W35,via-rhine.c,1
2008-W35,wan,1
2008-W35,wireless,30
2008-W36,Makefile,1
2008-W36,bnx2x.h,1
2008-W36,bnx2x_main.c,1
2008-W36,bonding,1
2008-W36,cxgb3,1
2008-W36,e1000,1
2008-W36,ehea,2
2008-W36,forcedeth.c,1
2008-W36,ibm_newemac,3
2008-W36,mlx4,2
2008-W36,mv643xx_eth.c,1
2008-W36,r6040.c,1
2008-W36,r8169.c,1
2008-W36,s2io.c,1
2008-W36,s2io.h,1
2008-W36,sfc,53
2008-W36,skfp,1
2008-W36,smc91x.c,1
2008-W36,smc91x.h,1
2008-W36,sunvnet.c,1
2008-W36,usb,2
2008-W36,wan,1
2008-W36,wireless,58
2008-W37,Kconfig,4
2008-W37,Makefile,1
2008-W37,atlx,1
2008-W37,bnx2x_main.c,1
2008-W37,bonding,2
2008-W37,ehea,2
2008-W37,forcedeth.c,1
2008-W37,irda,1
2008-W37,ixgbe,27
2008-W37,mv643xx_eth.c,3
2008-W37,myri10ge,3
2008-W37,ne.c,1
2008-W37,netxen,1
2008-W37,niu.c,1
2008-W37,r8169.c,2
2008-W37,sh_eth.c,1
2008-W37,smc911x.c,1
2008-W37,smc91x.c,1
2008-W37,smc91x.h,1
2008-W37,tg3.c,2
2008-W37,tg3.h,1
2008-W37,tulip,1
2008-W37,wireless,31
2008-W38,Kconfig,4
2008-W38,Makefile,3
2008-W38,atlx,2
2008-W38,bnx2.c,4
2008-W38,bnx2.h,3
2008-W38,cassini.c,1
2008-W38,e1000,1
2008-W38,enic,1
2008-W38,hp-plus.c,1
2008-W38,ibm_newemac,1
2008-W38,jme.c,1
2008-W38,jme.h,1
2008-W38,mlx4,1
2008-W38,mv643xx_eth.c,3
2008-W38,phy,1
2008-W38,ppp_generic.c,1
2008-W38,pppol2tp.c,1
2008-W38,qlge,3
2008-W38,sb1250-mac.c,1
2008-W38,wireless,15
2008-W39,Kconfig,3
2008-W39,atl1e,1
2008-W39,atlx,4
2008-W39,cassini.c,1
2008-W39,cassini.h,1
2008-W39,cs89x0.c,1
2008-W39,cxgb3,2
2008-W39,e1000e,2
2008-W39,ehea,1
2008-W39,enic,4
2008-W39,forcedeth.c,1
2008-W39,fs_enet,1
2008-W39,gianfar_mii.c,2
2008-W39,ibm_newemac,1
2008-W39,irda,1
2008-W39,myri10ge,1
2008-W39,ne.c,1
2008-W39,phy,1
2008-W39,ppp_generic.c,1
2008-W39,r6040.c,1
2008-W39,r8169.c,1
2008-W39,skge.c,2
2008-W39,tulip,1
2008-W39,usb,1
2008-W39,wan,1
2008-W39,wireless,17
2008-W40,e1000e,9
2008-W40,fealnx.c,1
2008-W40,fec_mpc52xx_phy.c,1
2008-W40,fs_enet,1
2008-W40,gianfar.c,1
2008-W40,gianfar_mii.c,1
2008-W40,ibm_newemac,1
2008-W40,ixgb,1
2008-W40,lib8390.c,1
2008-W40,macb.c,1
2008-W40,mv643xx_eth.c,3
2008-W40,myri_sbus.c,1
2008-W40,natsemi.c,1
2008-W40,pcmcia,1
2008-W40,phy,2
2008-W40,sb1250-mac.c,1
2008-W40,sh_eth.c,1
2008-W40,sunbmac.c,1
2008-W40,tc35815.c,1
2008-W40,tg3.c,1
2008-W40,ucc_geth_mii.c,1
2008-W40,usb,2
2008-W40,wireless,17
2008-W41,8139too.c,1
2008-W41,au1000_eth.c,2
2008-W41,au1000_eth.h,1
2008-W41,bfin_mac.c,2
2008-W41,bfin_mac.h,1
2008-W41,bnx2.c,5
2008-W41,bnx2.h,1
2008-W41,bnx2_fw.h,1
2008-W41,cpmac.c,1
2008-W41,cxgb3,8
2008-W41,e1000,2
2008-W41,e1000e,1
2008-W41,enic,1
2008-W41,fec_mpc52xx_phy.c,1
2008-W41,fs_enet,1
2008-W41,gianfar_mii.c,1
2008-W41,jme.c,4
2008-W41,jme.h,2
2008-W41,macb.c,1
2008-W41,macb.h,1
2008-W41,mlx4,1
2008-W41,mv643xx_eth.c,1
2008-W41,myri10ge,2
2008-W41,phy,4
2008-W41,ppp_generic.c,1
2008-W41,qlge,1
2008-W41,r8169.c,4
2008-W41,sb1250-mac.c,1
2008-W41,sh_eth.c,1
2008-W41,sky2.c,1
2008-W41,smc911x.c,2
2008-W41,smc911x.h,1
2008-W41,tc35815.c,2
2008-W41,tg3.c,1
2008-W41,tg3.h,1
2008-W41,ucc_geth_mii.c,1
2008-W41,usb,1
2008-W41,via-velocity.c,1
2008-W41,wireless,27
2008-W42,3c501.c,1
2008-W42,3c509.c,1
2008-W42,3c515.c,1
2008-W42,Kconfig,3
2008-W42,appletalk,1
2008-W42,bnx2x_link.c,1
2008-W42,cs89x0.c,1
2008-W42,cxgb3,3
2008-W42,dm9000.c,1
2008-W42,e1000,1
2008-W42,eexpress.c,1
2008-W42,ehea,1
2008-W42,enic,1
2008-W42,fec_mpc52xx.c,1
2008-W42,fec_mpc52xx_phy.c,1
2008-W42,ibm_newemac,1
2008-W42,ibmlana.c,1
2008-W42,igb,2
2008-W42,ixgbe,1
2008-W42,jme.c,1
2008-W42,macmace.c,1
2008-W42,myri10ge,1
2008-W42,pcmcia,2
2008-W42,phy,2
2008-W42,qlge,2
2008-W42,r8169.c,2
2008-W42,slip.h,1
2008-W42,tehuti.c,1
2008-W42,tlan.c,1
2008-W42,tokenring,2
2008-W42,tulip,2
2008-W42,via-velocity.c,1
2008-W42,wan,3
2008-W42,wireless,41
2008-W42,xen-netfront.c,2
2008-W43,8139cp.c,1
2008-W43,8139too.c,1
2008-W43,Kconfig,3
2008-W43,ax88796.c,1
2008-W43,bnx2x_main.c,1
2008-W43,bonding,1
2008-W43,cris,1
2008-W43,e1000,1
2008-W43,e1000e,1
2008-W43,epic100.c,1
2008-W43,gianfar.c,1
2008-W43,ibm_newemac,1
2008-W43,ixgb,1
2008-W43,mlx4,8
2008-W43,myri10ge,1
2008-W43,qla3xxx.c,1
2008-W43,qlge,1
2008-W43,r8169.c,1
2008-W43,s2io.c,1
2008-W43,sis190.c,1
2008-W43,smc911x.c,3
2008-W43,smc911x.h,1
2008-W43,tulip,1
2008-W43,usb,2
2008-W43,via-velocity.c,1
2008-W43,wan,1
2008-W43,wireless,29
2008-W44,3c503.c,1
2008-W44,3c505.c,1
2008-W44,3c507.c,1
2008-W44,3c509.c,3
2008-W44,3c515.c,1
2008-W44,3c523.c,1
2008-W44,3c527.c,1
2008-W44,3c59x.c,1
2008-W44,8139cp.c,1
2008-W44,8139too.c,1
2008-W44,82596.c,1
2008-W44,Kconfig,2
2008-W44,Makefile,1
2008-W44,a2065.c,1
2008-W44,ac3200.c,1
2008-W44,acenic.c,1
2008-W44,amd8111e.c,3
2008-W44,apne.c,1
2008-W44,ariadne.c,1
2008-W44,arm,2
2008-W44,at1700.c,1
2008-W44,atarilance.c,1
2008-W44,atlx,3
2008-W44,atp.c,1
2008-W44,ax88796.c,1
2008-W44,b44.c,1
2008-W44,bmac.c,1
2008-W44,bnx2.c,1
2008-W44,bnx2x_main.c,2
2008-W44,bonding,6
2008-W44,cassini.c,1
2008-W44,cpmac.c,1
2008-W44,cris,1
2008-W44,cs89x0.c,2
2008-W44,cxgb3,1
2008-W44,de600.c,1
2008-W44,de620.c,2
2008-W44,declance.c,1
2008-W44,depca.c,1
2008-W44,dl2k.c,1
2008-W44,dm9000.c,1
2008-W44,e100.c,2
2008-W44,e1000,1
2008-W44,e1000e,1
2008-W44,eepro.c,1
2008-W44,eepro100.c,2
2008-W44,ehea,1
2008-W44,enc28j60.c,1
2008-W44,enic,1
2008-W44,epic100.c,1
2008-W44,es3210.c,1
2008-W44,ewrk3.c,1
2008-W44,fealnx.c,1
2008-W44,fec.c,1
2008-W44,forcedeth.c,2
2008-W44,fs_enet,2
2008-W44,gianfar.c,3
2008-W44,gianfar_mii.c,1
2008-W44,gianfar_mii.h,1
2008-W44,hamachi.c,1
2008-W44,hamradio,1
2008-W44,hp-plus.c,1
2008-W44,hp.c,1
2008-W44,hp100.c,1
2008-W44,hydra.c,1
2008-W44,ibm_newemac,1
2008-W44,ibmlana.c,1
2008-W44,ibmveth.c,1
2008-W44,igb,1
2008-W44,ioc3-eth.c,2
2008-W44,irda,1
2008-W44,isa-skeleton.c,1
2008-W44,ixgbe,2
2008-W44,jazzsonic.c,1
2008-W44,jme.c,1
2008-W44,lance.c,1
2008-W44,lib82596.c,1
2008-W44,lne390.c,1
2008-W44,loopback.c,1
2008-W44,mac89x0.c,1
2008-W44,macb.c,1
2008-W44,mace.c,1
2008-W44,macmace.c,1
2008-W44,macsonic.c,1
2008-W44,macvlan.c,1
2008-W44,meth.c,1
2008-W44,mlx4,2
2008-W44,mv643xx_eth.c,2
2008-W44,mvme147.c,1
2008-W44,myri10ge,2
2008-W44,myri_sbus.c,1
2008-W44,natsemi.c,1
2008-W44,ne-h8300.c,1
2008-W44,ne.c,1
2008-W44,ne2.c,1
2008-W44,ne2k-pci.c,1
2008-W44,ne3210.c,1
2008-W44,netconsole.c,1
2008-W44,netxen,1
2008-W44,ni5010.c,1
2008-W44,niu.c,1
2008-W44,ns83820.c,1
2008-W44,pasemi_mac.c,1
2008-W44,pci-skeleton.c,1
2008-W44,pcmcia,1
2008-W44,pcnet32.c,1
2008-W44,pppoe.c,2
2008-W44,ps3_gelic_net.c,1
2008-W44,ps3_gelic_wireless.c,3
2008-W44,ps3_gelic_wireless.h,1
2008-W44,qla3xxx.c,1
2008-W44,qlge,1
2008-W44,rionet.c,1
2008-W44,rrunner.c,1
2008-W44,s2io.c,1
2008-W44,sb1250-mac.c,1
2008-W44,seeq8005.c,1
2008-W44,sfc,1
2008-W44,sgiseeq.c,1
2008-W44,sis190.c,1
2008-W44,sis900.c,1
2008-W44,skge.c,2
2008-W44,sky2.c,1
2008-W44,smc-mca.c,1
2008-W44,smc-ultra.c,1
2008-W44,smc-ultra32.c,1
2008-W44,smc911x.c,1
2008-W44,smc9194.c,1
2008-W44,smc91x.c,3
2008-W44,starfire.c,1
2008-W44,sun3lance.c,1
2008-W44,sunbmac.c,1
2008-W44,sundance.c,1
2008-W44,sungem.c,1
2008-W44,sunhme.c,1
2008-W44,sunlance.c,1
2008-W44,sunvnet.c,1
2008-W44,tc35815.c,2
2008-W44,tg3.c,1
2008-W44,tokenring,1
2008-W44,tsi108_eth.c,1
2008-W44,tulip,1
2008-W44,tun.c,2
2008-W44,typhoon.c,1
2008-W44,usb,2
2008-W44,veth.c,2
2008-W44,via-rhine.c,1
2008-W44,virtio_net.c,1
2008-W44,wan,2
2008-W44,wd.c,1
2008-W44,wireless,81
2008-W44,xtsonic.c,1
2008-W44,yellowfin.c,1
2008-W44,znet.c,1
2008-W44,zorro8390.c,1
2008-W45,3c501.c,1
2008-W45,3c505.c,1
2008-W45,3c507.c,1
2008-W45,3c509.c,1
2008-W45,3c515.c,1
2008-W45,3c523.c,1
2008-W45,3c527.c,1
2008-W45,3c59x.c,1
2008-W45,7990.c,1
2008-W45,8139cp.c,1
2008-W45,8139too.c,1
2008-W45,82596.c,1
2008-W45,Kconfig,2
2008-W45,Makefile,1
2008-W45,a2065.c,1
2008-W45,acenic.c,1
2008-W45,amd8111e.c,1
2008-W45,appletalk,1
2008-W45,arcnet,1
2008-W45,ariadne.c,1
2008-W45,arm,1
2008-W45,at1700.c,1
2008-W45,atarilance.c,1
2008-W45,atl1e,2
2008-W45,atlx,2
2008-W45,au1000_eth.c,1
2008-W45,b44.c,1
2008-W45,bfin_mac.c,1
2008-W45,bmac.c,1
2008-W45,bnx2.c,1
2008-W45,bnx2x_init.h,1
2008-W45,bnx2x_main.c,4
2008-W45,bonding,4
2008-W45,cassini.c,1
2008-W45,chelsio,1
2008-W45,cs89x0.c,1
2008-W45,cxgb3,4
2008-W45,de600.c,1
2008-W45,de620.c,1
2008-W45,declance.c,1
2008-W45,defxx.c,1
2008-W45,depca.c,1
2008-W45,dl2k.c,1
2008-W45,e100.c,1
2008-W45,e1000,2
2008-W45,e1000e,1
2008-W45,eepro.c,1
2008-W45,eexpress.c,1
2008-W45,ehea,2
2008-W45,enc28j60.c,1
2008-W45,enic,1
2008-W45,epic100.c,1
2008-W45,eth16i.c,1
2008-W45,ewrk3.c,1
2008-W45,fealnx.c,1
2008-W45,fec_mpc52xx.c,1
2008-W45,forcedeth.c,1
2008-W45,gianfar.c,1
2008-W45,hamachi.c,1
2008-W45,hamradio,1
2008-W45,hp100.c,1
2008-W45,ibmlana.c,1
2008-W45,ibmveth.c,1
2008-W45,igb,2
2008-W45,ioc3-eth.c,1
2008-W45,ipg.c,1
2008-W45,irda,1
2008-W45,isa-skeleton.c,1
2008-W45,ixgb,1
2008-W45,ixgbe,2
2008-W45,ixp2000,1
2008-W45,jme.c,1
2008-W45,korina.c,1
2008-W45,lance.c,1
2008-W45,lib82596.c,1
2008-W45,lib8390.c,1
2008-W45,loopback.c,4
2008-W45,lp486e.c,1
2008-W45,mac89x0.c,1
2008-W45,macb.c,1
2008-W45,mace.c,1
2008-W45,macmace.c,1
2008-W45,macvlan.c,1
2008-W45,meth.c,1
2008-W45,mlx4,4
2008-W45,mv643xx_eth.c,1
2008-W45,myri10ge,1
2008-W45,myri_sbus.c,1
2008-W45,natsemi.c,1
2008-W45,netx-eth.c,1
2008-W45,netxen,1
2008-W45,ni5010.c,1
2008-W45,ni52.c,1
2008-W45,ni65.c,1
2008-W45,niu.c,2
2008-W45,pci-skeleton.c,1
2008-W45,pcmcia,2
2008-W45,pcnet32.c,1
2008-W45,phy,6
2008-W45,plip.c,1
2008-W45,ppp_generic.c,1
2008-W45,qla3xxx.c,1
2008-W45,qlge,1
2008-W45,r6040.c,1
2008-W45,r8169.c,1
2008-W45,rrunner.c,1
2008-W45,s2io.c,1
2008-W45,sb1000.c,1
2008-W45,sc92031.c,1
2008-W45,seeq8005.c,1
2008-W45,sfc,7
2008-W45,sgiseeq.c,1
2008-W45,sh_eth.c,1
2008-W45,sis190.c,1
2008-W45,sis900.c,1
2008-W45,skfp,1
2008-W45,skge.c,1
2008-W45,slip.c,1
2008-W45,smc911x.c,2
2008-W45,smc9194.c,1
2008-W45,smc91x.c,2
2008-W45,smsc911x.c,2
2008-W45,smsc911x.h,2
2008-W45,sonic.c,1
2008-W45,starfire.c,1
2008-W45,sun3lance.c,1
2008-W45,sunbmac.c,1
2008-W45,sundance.c,1
2008-W45,sungem.c,1
2008-W45,sunhme.c,1
2008-W45,sunlance.c,1
2008-W45,sunqe.c,1
2008-W45,tc35815.c,1
2008-W45,tehuti.c,1
2008-W45,tg3.c,13
2008-W45,tg3.h,5
2008-W45,tlan.c,1
2008-W45,tokenring,1
2008-W45,tsi108_eth.c,1
2008-W45,tulip,1
2008-W45,tun.c,1
2008-W45,typhoon.c,1
2008-W45,ucc_geth.c,1
2008-W45,ucc_geth_ethtool.c,1
2008-W45,usb,3
2008-W45,via-rhine.c,1
2008-W45,via-velocity.c,1
2008-W45,wan,1
2008-W45,wireless,32
2008-W45,xen-netfront.c,1
2008-W45,yellowfin.c,1
2008-W45,znet.c,1
2008-W46,3c501.c,1
2008-W46,3c505.c,1
2008-W46,3c523.c,1
2008-W46,3c59x.c,2
2008-W46,Kconfig,1
2008-W46,acenic.c,1
2008-W46,appletalk,1
2008-W46,arcnet,1
2008-W46,atarilance.c,1
2008-W46,atl1e,2
2008-W46,atp.c,1
2008-W46,au1000_eth.c,1
2008-W46,bnx2.c,6
2008-W46,bnx2.h,2
2008-W46,bonding,1
2008-W46,chelsio,1
2008-W46,cxgb3,1
2008-W46,declance.c,1
2008-W46,defxx.c,1
2008-W46,depca.c,1
2008-W46,dm9000.c,2
2008-W46,e100.c,1
2008-W46,e1000,1
2008-W46,e1000e,5
2008-W46,eepro.c,1
2008-W46,enc28j60.c,1
2008-W46,epic100.c,1
2008-W46,eth16i.c,1
2008-W46,fec.c,1
2008-W46,fec_mpc52xx.c,1
2008-W46,gianfar.c,2
2008-W46,ibmveth.c,1
2008-W46,igb,2
2008-W46,irda,1
2008-W46,iseries_veth.c,1
2008-W46,ixgbe,1
2008-W46,lp486e.c,1
2008-W46,mace.c,1
2008-W46,mlx4,1
2008-W46,mvme147.c,1
2008-W46,myri10ge,1
2008-W46,myri_sbus.c,1
2008-W46,ne2k-pci.c,1
2008-W46,netxen,1
2008-W46,ni5010.c,1
2008-W46,ni52.c,1
2008-W46,niu.c,3
2008-W46,niu.h,1
2008-W46,pasemi_mac.c,1
2008-W46,pasemi_mac_ethtool.c,1
2008-W46,pcmcia,1
2008-W46,phy,4
2008-W46,plip.c,1
2008-W46,qla3xxx.c,1
2008-W46,rionet.c,1
2008-W46,s2io.c,1
2008-W46,sgiseeq.c,1
2008-W46,sh_eth.c,1
2008-W46,sis900.c,1
2008-W46,smc9194.c,1
2008-W46,sonic.h,1
2008-W46,spider_net_ethtool.c,1
2008-W46,sun3_82586.c,1
2008-W46,sunbmac.c,1
2008-W46,sungem.c,1
2008-W46,sunhme.c,1
2008-W46,sunqe.c,1
2008-W46,tehuti.c,1
2008-W46,tg3.c,1
2008-W46,tokenring,1
2008-W46,tulip,2
2008-W46,tun.c,2
2008-W46,typhoon.c,1
2008-W46,ucc_geth.c,1
2008-W46,ucc_geth_ethtool.c,1
2008-W46,usb,3
2008-W46,via-velocity.c,1
2008-W46,virtio_net.c,4
2008-W46,wan,1
2008-W46,wireless,45
2008-W46,znet.c,1
2008-W47,8139cp.c,2
2008-W47,8139too.c,2
2008-W47,82596.c,1
2008-W47,8390.h,1
2008-W47,Kconfig,2
2008-W47,Makefile,1
2008-W47,a2065.c,1
2008-W47,acenic.c,2
2008-W47,ariadne.c,1
2008-W47,atl1e,2
2008-W47,atlx,3
2008-W47,bnx2.c,1
2008-W47,bnx2x_main.c,1
2008-W47,bonding,3
2008-W47,chelsio,3
2008-W47,cxgb3,2
2008-W47,defxx.c,1
2008-W47,dl2k.c,1
2008-W47,dummy.c,1
2008-W47,e100.c,2
2008-W47,e1000,2
2008-W47,e1000e,15
2008-W47,enic,7
2008-W47,eql.c,1
2008-W47,forcedeth.c,2
2008-W47,hamachi.c,1
2008-W47,hamradio,1
2008-W47,hydra.c,1
2008-W47,ifb.c,2
2008-W47,igb,6
2008-W47,ipg.c,1
2008-W47,ixgb,2
2008-W47,ixgbe,12
2008-W47,jme.c,2
2008-W47,lance.c,1
2008-W47,lib8390.c,1
2008-W47,loopback.c,2
2008-W47,macvlan.c,2
2008-W47,mlx4,1
2008-W47,mv643xx_eth.c,8
2008-W47,myri10ge,5
2008-W47,ne2k-pci.c,1
2008-W47,netxen,1
2008-W47,ni65.c,1
2008-W47,niu.c,2
2008-W47,ns83820.c,1
2008-W47,pcmcia,4
2008-W47,phy,3
2008-W47,ppp_generic.c,3
2008-W47,qla3xxx.c,1
2008-W47,qlge,2
2008-W47,r6040.c,1
2008-W47,r8169.c,2
2008-W47,rrunner.c,1
2008-W47,s2io.c,1
2008-W47,sc92031.c,1
2008-W47,sfc,3
2008-W47,sh_eth.c,1
2008-W47,sis900.c,2
2008-W47,skfp,1
2008-W47,skge.c,2
2008-W47,sky2.c,2
2008-W47,smc911x.c,2
2008-W47,smc91x.c,1
2008-W47,smc91x.h,1
2008-W47,spider_net.c,1
2008-W47,tehuti.c,1
2008-W47,tg3.c,11
2008-W47,tg3.h,4
2008-W47,tun.c,2
2008-W47,usb,2
2008-W47,veth.c,2
2008-W47,via-rhine.c,1
2008-W47,via-velocity.c,2
2008-W47,wan,5
2008-W47,wireless,40
2008-W47,xen-netfront.c,1
2008-W47,yellowfin.c,1
2008-W47,zorro8390.c,1
2008-W48,3c503.c,1
2008-W48,3c523.c,1
2008-W48,8139too.c,1
2008-W48,8390.c,1
2008-W48,8390.h,1
2008-W48,8390p.c,1
2008-W48,Kconfig,1
2008-W48,apne.c,1
2008-W48,arm,1
2008-W48,atlx,1
2008-W48,bnx2.c,1
2008-W48,bnx2.h,1
2008-W48,cassini.c,1
2008-W48,cxgb3,4
2008-W48,depca.c,1
2008-W48,e100.c,1
2008-W48,e1000,1
2008-W48,e2100.c,1
2008-W48,es3210.c,1
2008-W48,hp-plus.c,2
2008-W48,hp.c,1
2008-W48,igb,4
2008-W48,irda,4
2008-W48,ixgb,1
2008-W48,ixgbe,4
2008-W48,lib8390.c,1
2008-W48,lne390.c,1
2008-W48,macvlan.c,1
2008-W48,mlx4,3
2008-W48,ne.c,1
2008-W48,ne2.c,2
2008-W48,ne3210.c,1
2008-W48,niu.c,4
2008-W48,niu.h,2
2008-W48,phy,5
2008-W48,pppol2tp.c,1
2008-W48,qla3xxx.c,1
2008-W48,s2io.c,1
2008-W48,sis900.c,1
2008-W48,smc-mca.c,2
2008-W48,smc-ultra.c,1
2008-W48,smc91x.h,2
2008-W48,stnic.c,1
2008-W48,sungem.c,1
2008-W48,tokenring,3
2008-W48,usb,9
2008-W48,virtio_net.c,1
2008-W48,wan,3
2008-W48,wd.c,1
2008-W48,wireless,26
2008-W49,3c507.c,1
2008-W49,3c515.c,1
2008-W49,82596.c,1
2008-W49,Makefile,4
2008-W49,acenic.c,1
2008-W49,appletalk,1
2008-W49,arm,1
2008-W49,at1700.c,1
2008-W49,bnx2.c,1
2008-W49,bnx2.h,1
2008-W49,bonding,1
2008-W49,de620.c,1
2008-W49,defxx.c,1
2008-W49,e1000,1
2008-W49,e1000e,1
2008-W49,enc28j60.c,1
2008-W49,eth16i.c,1
2008-W49,ewrk3.c,1
2008-W49,forcedeth.c,1
2008-W49,hp100.c,1
2008-W49,hydra.c,1
2008-W49,igb,1
2008-W49,irda,2
2008-W49,isa-skeleton.c,1
2008-W49,ixgbe,1
2008-W49,jme.c,2
2008-W49,jme.h,1
2008-W49,mac8390.c,1
2008-W49,mac89x0.c,1
2008-W49,ne-h8300.c,1
2008-W49,netx-eth.c,1
2008-W49,ni5010.c,1
2008-W49,ni52.c,1
2008-W49,ni65.c,1
2008-W49,plip.c,1
2008-W49,rrunner.c,1
2008-W49,seeq8005.c,1
2008-W49,slip.c,1
2008-W49,smc911x.c,1
2008-W49,smc911x.h,1
2008-W49,smc91x.c,1
2008-W49,smc91x.h,1
2008-W49,spider_net.c,1
2008-W49,wan,2
2008-W49,wireless,53
2008-W49,yellowfin.c,1
2008-W49,zorro8390.c,1
2008-W50,3c501.h,1
2008-W50,Kconfig,1
2008-W50,Makefile,1
2008-W50,arm,1
2008-W50,atp.c,1
2008-W50,bonding,7
2008-W50,e1000e,1
2008-W50,eexpress.c,1
2008-W50,forcedeth.c,1
2008-W50,hydra.c,1
2008-W50,igb,3
2008-W50,ixgbe,1
2008-W50,lance.c,1
2008-W50,myri10ge,1
2008-W50,myri_sbus.c,1
2008-W50,pci-skeleton.c,1
2008-W50,phy,1
2008-W50,sfc,30
2008-W50,smsc911x.c,1
2008-W50,smsc9420.c,3
2008-W50,smsc9420.h,2
2008-W50,sun3_82586.c,1
2008-W50,sunbmac.c,1
2008-W50,sungem.c,2
2008-W50,tc35815.c,1
2008-W50,tokenring,1
2008-W50,via-rhine.c,1
2008-W50,wireless,47
2008-W51,8390.c,1
2008-W51,8390p.c,1
2008-W51,Kconfig,1
2008-W51,arm,4
2008-W51,bnx2.c,3
2008-W51,bnx2.h,2
2008-W51,bnx2x_link.c,1
2008-W51,bnx2x_link.h,1
2008-W51,bnx2x_main.c,1
2008-W51,bonding,9
2008-W51,can,2
2008-W51,cxgb3,3
2008-W51,e1000e,1
2008-W51,enc28j60.c,2
2008-W51,fec_mpc52xx_phy.c,1
2008-W51,gianfar.c,14
2008-W51,gianfar.h,8
2008-W51,gianfar_ethtool.c,4
2008-W51,gianfar_mii.c,1
2008-W51,gianfar_mii.h,1
2008-W51,hamradio,1
2008-W51,hp100.c,1
2008-W51,ixgbe,4
2008-W51,jme.h,1
2008-W51,lib8390.c,1
2008-W51,niu.c,3
2008-W51,phy,2
2008-W51,ppp_generic.c,3
2008-W51,pppol2tp.c,1
2008-W51,smsc911x.c,1
2008-W51,smsc911x.h,1
2008-W51,smsc9420.c,2
2008-W51,smsc9420.h,1
2008-W51,starfire.c,1
2008-W51,tg3.c,7
2008-W51,tg3.h,4
2008-W51,tlan.c,3
2008-W51,ucc_geth.c,6
2008-W51,ucc_geth.h,1
2008-W51,usb,4
2008-W51,wan,2
2008-W51,wimax,15
2008-W51,wireless,93
2008-W52,3c523.c,1
2008-W52,8139cp.c,1
2008-W52,8139too.c,1
2008-W52,Kconfig,2
2008-W52,Makefile,1
2008-W52,amd8111e.c,1
2008-W52,arcnet,1
2008-W52,arm,3
2008-W52,atl1e,2
2008-W52,atlx,1
2008-W52,atp.c,1
2008-W52,au1000_eth.c,1
2008-W52,b44.c,2
2008-W52,bnx2.c,1
2008-W52,bnx2x_main.c,2
2008-W52,bonding,8
2008-W52,cassini.c,1
2008-W52,chelsio,2
2008-W52,cpmac.c,1
2008-W52,cs89x0.c,1
2008-W52,cxgb3,2
2008-W52,e100.c,1
2008-W52,e1000,1
2008-W52,e1000e,2
2008-W52,eepro.c,1
2008-W52,ehea,3
2008-W52,enic,2
2008-W52,epic100.c,1
2008-W52,forcedeth.c,2
2008-W52,fs_enet,1
2008-W52,gianfar.c,1
2008-W52,ibmveth.c,1
2008-W52,igb,5
2008-W52,irda,1
2008-W52,ixgb,2
2008-W52,ixgbe,4
2008-W52,ixp2000,1
2008-W52,jme.c,1
2008-W52,jme.h,1
2008-W52,korina.c,1
2008-W52,macb.c,1
2008-W52,mlx4,8
2008-W52,myri10ge,4
2008-W52,natsemi.c,1
2008-W52,ne.c,1
2008-W52,netxen,2
2008-W52,niu.c,2
2008-W52,pasemi_mac.c,2
2008-W52,pcnet32.c,1
2008-W52,phy,1
2008-W52,plip.c,2
2008-W52,ppp_async.c,1
2008-W52,ppp_synctty.c,1
2008-W52,qla3xxx.c,2
2008-W52,qlge,4
2008-W52,r6040.c,4
2008-W52,r8169.c,1
2008-W52,s2io.c,3
2008-W52,sb1250-mac.c,1
2008-W52,sfc,11
2008-W52,skfp,1
2008-W52,skge.c,1
2008-W52,smc9194.c,1
2008-W52,smsc911x.c,6
2008-W52,smsc9420.c,1
2008-W52,spider_net.c,2
2008-W52,starfire.c,2
2008-W52,sungem.c,1
2008-W52,tc35815.c,1
2008-W52,tehuti.c,1
2008-W52,tg3.c,1
2008-W52,tokenring,2
2008-W52,tsi108_eth.c,1
2008-W52,tulip,2
2008-W52,typhoon.c,1
2008-W52,ucc_geth.c,2
2008-W52,via-rhine.c,1
2008-W52,virtio_net.c,1
2008-W52,wan,6
2008-W52,wimax,1
2008-W52,wireless,41
2008-W52,xen-netfront.c,1
2009-W01,Kconfig,1
2009-W01,acenic.c,1
2009-W01,acenic.h,1
2009-W01,arm,2
2009-W01,e100.c,1
2009-W01,eexpress.h,1
2009-W01,ehea,1
2009-W01,enc28j60.c,1
2009-W01,ibmveth.c,1
2009-W01,mlx4,3
2009-W01,qlge,5
2009-W01,smsc911x.c,1
2009-W01,starfire.c,1
2009-W01,starfire_firmware.h,1
2009-W01,starfire_firmware.pl,1
2009-W01,tg3.c,1
2009-W01,tg3.h,1
2009-W01,tun.c,2
2009-W01,usb,6
2009-W01,wan,1
2009-W01,wireless,20
2009-W02,3c501.c,1
2009-W02,3c503.c,1
2009-W02,3c505.c,1
2009-W02,3c507.c,1
2009-W02,3c509.c,1
2009-W02,3c515.c,1
2009-W02,3c523.c,1
2009-W02,3c527.c,1
2009-W02,3c59x.c,2
2009-W02,8139cp.c,1
2009-W02,8139too.c,1
2009-W02,82596.c,1
2009-W02,8390.c,1
2009-W02,8390p.c,1
2009-W02,Kconfig,2
2009-W02,acenic.c,1
2009-W02,acenic_firmware.h,1
2009-W02,amd8111e.c,1
2009-W02,appletalk,1
2009-W02,arcnet,3
2009-W02,arm,2
2009-W02,atp.c,1
2009-W02,b44.c,2
2009-W02,bnx2x_main.c,1
2009-W02,bonding,1
2009-W02,cassini.c,1
2009-W02,cxgb3,1
2009-W02,de600.c,1
2009-W02,de620.c,1
2009-W02,e100.c,1
2009-W02,e1000e,1
2009-W02,e2100.c,1
2009-W02,ehea,3
2009-W02,enc28j60.c,1
2009-W02,enic,1
2009-W02,epic100.c,1
2009-W02,fealnx.c,1
2009-W02,forcedeth.c,4
2009-W02,gianfar.c,3
2009-W02,hamachi.c,1
2009-W02,hamradio,15
2009-W02,hp-plus.c,1
2009-W02,hp100.c,1
2009-W02,hydra.c,1
2009-W02,ibmveth.c,2
2009-W02,ibmveth.h,1
2009-W02,igb,1
2009-W02,ipg.c,1
2009-W02,irda,2
2009-W02,iseries_veth.c,1
2009-W02,mac8390.c,1
2009-W02,mlx4,4
2009-W02,myri10ge,1
2009-W02,natsemi.c,1
2009-W02,ne-h8300.c,1
2009-W02,ne2k-pci.c,1
2009-W02,ns83820.c,2
2009-W02,pasemi_mac.c,1
2009-W02,pcnet32.c,2
2009-W02,plip.c,1
2009-W02,qlge,11
2009-W02,r6040.c,8
2009-W02,sb1000.c,1
2009-W02,sc92031.c,1
2009-W02,sfc,3
2009-W02,sis190.c,1
2009-W02,sis900.c,1
2009-W02,slip.c,1
2009-W02,smc-mca.c,1
2009-W02,smc-ultra.c,1
2009-W02,smsc911x.c,3
2009-W02,smsc9420.c,1
2009-W02,starfire.c,1
2009-W02,sundance.c,1
2009-W02,sungem.c,1
2009-W02,sunhme.c,1
2009-W02,sunvnet.c,1
2009-W02,tlan.c,1
2009-W02,tokenring,8
2009-W02,tulip,7
2009-W02,typhoon.c,1
2009-W02,ucc_geth.c,1
2009-W02,ucc_geth.h,1
2009-W02,usb,6
2009-W02,via-rhine.c,1
2009-W02,via-velocity.c,1
2009-W02,virtio_net.c,1
2009-W02,wan,3
2009-W02,wd.c,1
2009-W02,wimax,2
2009-W02,wireless,43
2009-W02,xen-netfront.c,1
2009-W02,yellowfin.c,1
2009-W02,znet.c,1
2009-W02,zorro8390.c,1
2009-W03,Kconfig,2
2009-W03,arm,1
2009-W03,ax88796.c,1
2009-W03,b44.c,1
2009-W03,b44.h,1
2009-W03,bnx2x.h,6
2009-W03,bnx2x_link.c,5
2009-W03,bnx2x_main.c,22
2009-W03,bnx2x_reg.h,1
2009-W03,bonding,1
2009-W03,cxgb3,2
2009-W03,e1000e,1
2009-W03,fec.c,1
2009-W03,fs_enet,1
2009-W03,gianfar.c,1
2009-W03,hamradio,1
2009-W03,ibm_newemac,1
2009-W03,irda,1
2009-W03,ixgbe,1
2009-W03,korina.c,12
2009-W03,macb.c,1
2009-W03,mlx4,1
2009-W03,myri10ge,1
2009-W03,netxen,9
2009-W03,phy,1
2009-W03,ppp_generic.c,1
2009-W03,pppoe.c,1
2009-W03,pppol2tp.c,1
2009-W03,ps3_gelic_net.c,1
2009-W03,ps3_gelic_wireless.c,2
2009-W03,sc92031.c,5
2009-W03,sfc,1
2009-W03,sis900.c,1
2009-W03,skfp,1
2009-W03,smc91x.c,1
2009-W03,smc91x.h,1
2009-W03,typhoon.c,1
2009-W03,typhoon.h,1
2009-W03,usb,4
2009-W03,via-velocity.c,1
2009-W03,wan,2
2009-W03,wireless,45
2009-W04,8139cp.c,1
2009-W04,8139too.c,1
2009-W04,Kconfig,2
2009-W04,amd8111e.c,1
2009-W04,arcnet,1
2009-W04,arm,2
2009-W04,atl1e,1
2009-W04,au1000_eth.c,1
2009-W04,b44.c,1
2009-W04,bnx2.c,2
2009-W04,bnx2x_main.c,9
2009-W04,cassini.c,1
2009-W04,chelsio,1
2009-W04,cpmac.c,1
2009-W04,cxgb3,1
2009-W04,e100.c,1
2009-W04,e1000,2
2009-W04,e1000e,2
2009-W04,ehea,4
2009-W04,enic,1
2009-W04,epic100.c,1
2009-W04,forcedeth.c,1
2009-W04,fs_enet,1
2009-W04,gianfar.c,1
2009-W04,ibmveth.c,1
2009-W04,igb,4
2009-W04,irda,1
2009-W04,ixgb,1
2009-W04,ixgbe,4
2009-W04,ixp2000,1
2009-W04,jme.h,1
2009-W04,korina.c,1
2009-W04,macb.c,1
2009-W04,mlx4,1
2009-W04,mv643xx_eth.c,3
2009-W04,myri10ge,1
2009-W04,natsemi.c,1
2009-W04,netxen,1
2009-W04,niu.c,1
2009-W04,pasemi_mac.c,1
2009-W04,pcnet32.c,1
2009-W04,phy,3
2009-W04,ppp_generic.c,1
2009-W04,pppoe.c,4
2009-W04,pppol2tp.c,2
2009-W04,pppox.c,2
2009-W04,qla3xxx.c,1
2009-W04,qlge,1
2009-W04,r6040.c,1
2009-W04,r8169.c,1
2009-W04,s2io.c,1
2009-W04,sb1250-mac.c,1
2009-W04,sfc,1
2009-W04,skge.c,1
2009-W04,smc911x.h,1
2009-W04,smc91x.h,1
2009-W04,smsc911x.c,1
2009-W04,smsc9420.c,1
2009-W04,spider_net.c,1
2009-W04,starfire.c,1
2009-W04,sungem.c,1
2009-W04,tc35815.c,1
2009-W04,tehuti.c,1
2009-W04,tg3.c,3
2009-W04,tg3.h,1
2009-W04,tsi108_eth.c,1
2009-W04,tulip,1
2009-W04,tun.c,10
2009-W04,typhoon.c,1
2009-W04,ucc_geth.c,1
2009-W04,usb,3
2009-W04,via-rhine.c,1
2009-W04,virtio_net.c,3
2009-W04,wan,1
2009-W04,wimax,1
2009-W04,wireless,87
2009-W04,xen-netfront.c,1
2009-W05,Kconfig,1
2009-W05,arcnet,1
2009-W05,arm,2
2009-W05,au1000_eth.c,1
2009-W05,bfin_mac.c,1
2009-W05,bmac.c,1
2009-W05,bnx2.c,1
2009-W05,bnx2x_main.c,2
2009-W05,bonding,1
2009-W05,cpmac.c,1
2009-W05,cxgb3,2
2009-W05,declance.c,1
2009-W05,depca.c,1
2009-W05,e1000,2
2009-W05,e1000e,2
2009-W05,ehea,1
2009-W05,enic,1
2009-W05,fec.c,9
2009-W05,fec.h,1
2009-W05,gianfar.c,3
2009-W05,gianfar.h,1
2009-W05,gianfar_ethtool.c,1
2009-W05,gianfar_mii.c,2
2009-W05,gianfar_sysfs.c,1
2009-W05,hamachi.c,1
2009-W05,hamradio,1
2009-W05,igb,5
2009-W05,ixgbe,7
2009-W05,jazzsonic.c,1
2009-W05,macb.c,1
2009-W05,macsonic.c,1
2009-W05,mlx4,1
2009-W05,mv643xx_eth.c,1
2009-W05,myri10ge,1
2009-W05,myri_sbus.c,1
2009-W05,netxen,5
2009-W05,niu.c,2
2009-W05,phy,1
2009-W05,pppoe.c,2
2009-W05,pppol2tp.c,1
2009-W05,ps3_gelic_net.c,1
2009-W05,qlge,1
2009-W05,r6040.c,1
2009-W05,s2io.c,1
2009-W05,sb1250-mac.c,2
2009-W05,sfc,13
2009-W05,skfp,1
2009-W05,sky2.c,1
2009-W05,smc911x.c,1
2009-W05,smc91x.c,2
2009-W05,smsc911x.c,7
2009-W05,smsc9420.c,2
2009-W05,tc35815.c,1
2009-W05,tg3.c,1
2009-W05,tulip,1
2009-W05,tun.c,1
2009-W05,ucc_geth.c,1
2009-W05,ucc_geth.h,1
2009-W05,ucc_geth_mii.c,1
2009-W05,ucc_geth_mii.h,1
2009-W05,usb,1
2009-W05,via-velocity.h,1
2009-W05,virtio_net.c,1
2009-W05,wan,2
2009-W05,wimax,2
2009-W05,wireless,49
2009-W05,xtsonic.c,1
2009-W06,3c509.c,1
2009-W06,Kconfig,1
2009-W06,Makefile,1
2009-W06,cassini.c,1
2009-W06,cxgb3,1
2009-W06,e1000,1
2009-W06,e1000e,1
2009-W06,fec_mpc52xx.c,1
2009-W06,forcedeth.c,10
2009-W06,fsl_pq_mdio.c,1
2009-W06,fsl_pq_mdio.h,1
2009-W06,gianfar.c,4
2009-W06,gianfar.h,3
2009-W06,gianfar_mii.h,1
2009-W06,gianfar_sysfs.c,1
2009-W06,ibm_newemac,1
2009-W06,igb,26
2009-W06,ixgbe,6
2009-W06,mipsnet.c,1
2009-W06,netxen,1
2009-W06,pcmcia,1
2009-W06,phy,1
2009-W06,qlge,3
2009-W06,r8169.c,1
2009-W06,s2io.c,1
2009-W06,sky2.c,4
2009-W06,smc911x.c,1
2009-W06,smsc9420.c,1
2009-W06,sungem.c,2
2009-W06,sungem_phy.c,1
2009-W06,sunhme.c,1
2009-W06,sunqe.c,1
2009-W06,tsi108_eth.c,1
2009-W06,tulip,2
2009-W06,tun.c,3
2009-W06,ucc_geth.c,1
2009-W06,ucc_geth.h,1
2009-W06,ucc_geth_ethtool.c,1
2009-W06,ucc_geth_mii.c,1
2009-W06,ucc_geth_mii.h,1
2009-W06,usb,1
2009-W06,virtio_net.c,5
2009-W06,wireless,32
2009-W07,3c505.c,1
2009-W07,Kconfig,1
2009-W07,arcnet,1
2009-W07,at1700.c,1
2009-W07,atl1e,1
2009-W07,atlx,1
2009-W07,b44.c,1
2009-W07,bnx2.c,2
2009-W07,bnx2.h,1
2009-W07,bnx2_fw.h,1
2009-W07,bnx2_fw2.h,1
2009-W07,bnx2x.h,19
2009-W07,bnx2x_fw_defs.h,7
2009-W07,bnx2x_hsi.h,15
2009-W07,bnx2x_init.h,5
2009-W07,bnx2x_init_values.h,1
2009-W07,bnx2x_link.c,12
2009-W07,bnx2x_link.h,4
2009-W07,bnx2x_main.c,31
2009-W07,bnx2x_reg.h,11
2009-W07,bonding,2
2009-W07,cxgb3,2
2009-W07,defxx.c,1
2009-W07,e1000e,6
2009-W07,e2100.c,1
2009-W07,ehea,1
2009-W07,enic,4
2009-W07,gianfar.c,1
2009-W07,hamradio,3
2009-W07,igb,8
2009-W07,irda,2
2009-W07,ixgbe,2
2009-W07,lance.c,1
2009-W07,mv643xx_eth.c,7
2009-W07,ne3210.c,1
2009-W07,netxen,2
2009-W07,ni65.c,2
2009-W07,niu.c,1
2009-W07,ns83820.c,1
2009-W07,pcmcia,1
2009-W07,ppp_generic.c,2
2009-W07,pppoe.c,2
2009-W07,pppol2tp.c,2
2009-W07,qlge,7
2009-W07,r6040.c,1
2009-W07,s2io.c,1
2009-W07,sfc,2
2009-W07,skfp,1
2009-W07,smsc9420.c,1
2009-W07,smsc9420.h,1
2009-W07,sun3lance.c,1
2009-W07,sunhme.c,1
2009-W07,tg3.c,1
2009-W07,tokenring,3
2009-W07,tulip,2
2009-W07,tun.c,1
2009-W07,usb,2
2009-W07,wan,2
2009-W07,wireless,73
2009-W08,Kconfig,2
2009-W08,Makefile,1
2009-W08,arm,3
2009-W08,atl1c,1
2009-W08,cxgb3,1
2009-W08,e1000,1
2009-W08,e1000e,1
2009-W08,ehea,1
2009-W08,forcedeth.c,1
2009-W08,igb,8
2009-W08,ixgbe,1
2009-W08,mv643xx_eth.c,1
2009-W08,netxen,3
2009-W08,niu.c,3
2009-W08,niu.h,2
2009-W08,sfc,1
2009-W08,smc91x.h,1
2009-W08,smsc911x.c,1
2009-W08,smsc9420.c,1
2009-W08,sundance.c,1
2009-W08,sungem.c,1
2009-W08,sunlance.c,1
2009-W08,tg3.c,1
2009-W08,veth.c,1
2009-W08,wimax,1
2009-W08,wireless,54
2009-W09,3c59x.c,1
2009-W09,Kconfig,1
2009-W09,acenic.c,1
2009-W09,b44.c,2
2009-W09,chelsio,1
2009-W09,fealnx.c,1
2009-W09,fec.c,1
2009-W09,forcedeth.c,1
2009-W09,gianfar.c,1
2009-W09,hamachi.c,1
2009-W09,hp-plus.c,1
2009-W09,irda,1
2009-W09,ixgbe,6
2009-W09,jme.c,4
2009-W09,mlx4,1
2009-W09,mv643xx_eth.c,4
2009-W09,natsemi.c,1
2009-W09,ne2k-pci.c,1
2009-W09,netxen,7
2009-W09,ns83820.c,1
2009-W09,phy,1
2009-W09,ppp_async.c,1
2009-W09,ppp_generic.c,2
2009-W09,ppp_synctty.c,1
2009-W09,qlge,10
2009-W09,r8169.c,1
2009-W09,rionet.c,1
2009-W09,sfc,9
2009-W09,sis900.c,1
2009-W09,starfire.c,1
2009-W09,sundance.c,1
2009-W09,tehuti.c,1
2009-W09,tehuti.h,1
2009-W09,tehuti_fw.h,1
2009-W09,tg3.c,14
2009-W09,tg3.h,3
2009-W09,tulip,1
2009-W09,typhoon-firmware.h,1
2009-W09,typhoon.c,2
2009-W09,usb,6
2009-W09,veth.c,1
2009-W09,via-rhine.c,1
2009-W09,wan,2
2009-W09,wimax,9
2009-W09,wireless,26
2009-W09,xen-netfront.c,1
2009-W09,yellowfin.c,1
2009-W10,arm,1
2009-W10,bnx2x_dump.h,1
2009-W10,bnx2x_init.h,2
2009-W10,bnx2x_link.c,5
2009-W10,bnx2x_main.c,12
2009-W10,bnx2x_reg.h,2
2009-W10,bonding,1
2009-W10,e1000,1
2009-W10,e1000e,1
2009-W10,forcedeth.c,13
2009-W10,igb,1
2009-W10,jme.c,1
2009-W10,jme.h,1
2009-W10,netxen,3
2009-W10,pcmcia,1
2009-W10,qlge,11
2009-W10,sfc,7
2009-W10,smc911x.h,1
2009-W10,smsc911x.c,2
2009-W10,sungem.c,1
2009-W10,sunhme.c,1
2009-W10,tokenring,1
2009-W10,typhoon.c,2
2009-W10,ucc_geth_mii.c,1
2009-W10,usb,1
2009-W10,veth.c,1
2009-W10,wireless,70
2009-W11,8139cp.c,1
2009-W11,8139too.c,1
2009-W11,Kconfig,2
2009-W11,Makefile,2
2009-W11,arm,1
2009-W11,benet,1
2009-W11,bmac.c,1
2009-W11,bnx2x.h,1
2009-W11,bnx2x_init.h,1
2009-W11,bnx2x_main.c,2
2009-W11,cxgb3,10
2009-W11,dnet.c,3
2009-W11,dnet.h,1
2009-W11,ehea,1
2009-W11,gianfar.c,1
2009-W11,gianfar_mii.c,1
2009-W11,hamradio,1
2009-W11,ibm_newemac,1
2009-W11,igb,9
2009-W11,ixgbe,11
2009-W11,macvlan.c,2
2009-W11,mlx4,1
2009-W11,mv643xx_eth.c,1
2009-W11,netxen,11
2009-W11,phy,1
2009-W11,ppp_async.c,1
2009-W11,ppp_generic.c,1
2009-W11,ppp_synctty.c,1
2009-W11,pppoe.c,1
2009-W11,qlge,16
2009-W11,r8169.c,2
2009-W11,tulip,1
2009-W11,via-velocity.c,1
2009-W11,wan,1
2009-W11,wimax,1
2009-W11,wireless,44
2009-W12,Kconfig,2
2009-W12,a2065.c,1
2009-W12,benet,2
2009-W12,bnx2.c,1
2009-W12,bnx2x_init_values.h,1
2009-W12,bonding,1
2009-W12,dm9000.c,1
2009-W12,dnet.c,2
2009-W12,e100.c,1
2009-W12,e1000e,4
2009-W12,eql.c,1
2009-W12,fsl_pq_mdio.c,2
2009-W12,gianfar.c,2
2009-W12,gianfar.h,1
2009-W12,ibm_newemac,1
2009-W12,igb,5
2009-W12,irda,13
2009-W12,ixgb,1
2009-W12,ixgbe,4
2009-W12,mlx4,1
2009-W12,netxen,1
2009-W12,pcmcia,11
2009-W12,sfc,5
2009-W12,sh_eth.c,1
2009-W12,sh_eth.h,1
2009-W12,smsc911x.c,4
2009-W12,smsc911x.h,1
2009-W12,smsc9420.c,1
2009-W12,spider_net.c,1
2009-W12,sungem.c,1
2009-W12,sunvnet.c,1
2009-W12,tulip,1
2009-W12,ucc_geth.c,2
2009-W12,ucc_geth.h,1
2009-W12,usb,12
2009-W12,virtio_net.c,1
2009-W12,wan,9
2009-W12,wireless,53
2009-W13,3c503.c,1
2009-W13,Kconfig,2
2009-W13,Makefile,1
2009-W13,ac3200.c,1
2009-W13,appletalk,4
2009-W13,arm,2
2009-W13,at1700.c,1
2009-W13,atl1c,1
2009-W13,au1000_eth.c,1
2009-W13,ax88796.c,2
2009-W13,benet,2
2009-W13,bfin_mac.c,1
2009-W13,bmac.c,1
2009-W13,bonding,2
2009-W13,cpmac.c,1
2009-W13,cs89x0.c,1
2009-W13,cxgb3,5
2009-W13,declance.c,1
2009-W13,depca.c,2
2009-W13,dnet.c,1
2009-W13,e1000,3
2009-W13,e1000e,5
2009-W13,eepro.c,1
2009-W13,eexpress.c,1
2009-W13,ehea,1
2009-W13,eth16i.c,1
2009-W13,ethoc.c,1
2009-W13,ewrk3.c,1
2009-W13,gianfar.c,5
2009-W13,hamradio,1
2009-W13,ibmlana.c,1
2009-W13,irda,2
2009-W13,ixgbe,1
2009-W13,jazzsonic.c,1
2009-W13,lance.c,1
2009-W13,lp486e.c,1
2009-W13,macb.c,2
2009-W13,macsonic.c,1
2009-W13,mv643xx_eth.c,1
2009-W13,myri10ge,1
2009-W13,myri_sbus.c,2
2009-W13,netconsole.c,1
2009-W13,ni5010.c,1
2009-W13,ni52.c,1
2009-W13,ni65.c,1
2009-W13,niu.c,1
2009-W13,phy,1
2009-W13,r6040.c,2
2009-W13,sb1250-mac.c,1
2009-W13,seeq8005.c,1
2009-W13,smc-ultra.c,2
2009-W13,smc-ultra32.c,1
2009-W13,smc911x.c,1
2009-W13,smc9194.c,1
2009-W13,smc91x.c,1
2009-W13,smc91x.h,1
2009-W13,smsc911x.c,2
2009-W13,smsc9420.c,1
2009-W13,spider_net.c,2
2009-W13,sunbmac.c,2
2009-W13,sunlance.c,2
2009-W13,sunqe.c,2
2009-W13,tc35815.c,1
2009-W13,tg3.c,1
2009-W13,tokenring,2
2009-W13,tulip,1
2009-W13,ucc_geth.c,4
2009-W13,wan,1
2009-W13,wimax,1
2009-W13,wireless,46
2009-W13,xtsonic.c,1
2009-W14,Kconfig,3
2009-W14,Makefile,1
2009-W14,b44.c,1
2009-W14,bnx2.c,1
2009-W14,bnx2.h,1
2009-W14,bnx2_fw.h,1
2009-W14,bnx2_fw2.h,1
2009-W14,dm9000.c,1
2009-W14,dnet.c,1
2009-W14,e1000,1
2009-W14,fec_mpc52xx.c,3
2009-W14,fsl_pq_mdio.c,2
2009-W14,gianfar.h,1
2009-W14,hamradio,1
2009-W14,igb,5
2009-W14,ixgbe,9
2009-W14,meth.c,1
2009-W14,mlx4,2
2009-W14,myri_code.h,1
2009-W14,myri_sbus.c,1
2009-W14,pcmcia,2
2009-W14,phy,1
2009-W14,ps3_gelic_wireless.c,1
2009-W14,qlge,1
2009-W14,r8169.c,2
2009-W14,sfc,1
2009-W14,smsc911x.c,1
2009-W14,tc35815.c,1
2009-W14,tokenring,1
2009-W14,ucc_geth.c,2
2009-W14,ucc_geth.h,2
2009-W14,ucc_geth_ethtool.c,1
2009-W14,usb,5
2009-W14,virtio_net.c,1
2009-W14,vxge,8
2009-W14,wimax,1
2009-W14,wireless,41
2009-W15,8139cp.c,2
2009-W15,Kconfig,2
2009-W15,Makefile,1
2009-W15,acenic.c,2
2009-W15,amd8111e.c,1
2009-W15,ariadne.c,1
2009-W15,arm,5
2009-W15,atl1e,2
2009-W15,atlx,2
2009-W15,b44.c,2
2009-W15,bnx2.c,4
2009-W15,bnx2x_main.c,2
2009-W15,cassini.c,2
2009-W15,chelsio,3
2009-W15,cris,1
2009-W15,cxgb3,2
2009-W15,dl2k.c,1
2009-W15,e100.c,1
2009-W15,e1000,2
2009-W15,e1000e,2
2009-W15,enic,2
2009-W15,eql.c,1
2009-W15,fec.c,1
2009-W15,forcedeth.c,3
2009-W15,fs_enet,2
2009-W15,hp100.c,1
2009-W15,ibm_newemac,2
2009-W15,igb,5
2009-W15,igbvf,2
2009-W15,ioc3-eth.c,3
2009-W15,ipg.c,2
2009-W15,isa-skeleton.c,1
2009-W15,ixgb,3
2009-W15,ixgbe,14
2009-W15,jme.c,1
2009-W15,mac89x0.c,1
2009-W15,macb.c,1
2009-W15,macsonic.c,1
2009-W15,mlx4,2
2009-W15,mv643xx_eth.c,1
2009-W15,myri10ge,2
2009-W15,netxen,12
2009-W15,niu.c,3
2009-W15,ns83820.c,2
2009-W15,phy,4
2009-W15,pppol2tp.c,1
2009-W15,qla3xxx.c,2
2009-W15,qlge,2
2009-W15,r6040.c,2
2009-W15,r8169.c,2
2009-W15,s2io.c,2
2009-W15,sc92031.c,1
2009-W15,sfc,1
2009-W15,sh_eth.c,1
2009-W15,sis190.c,1
2009-W15,sis900.c,1
2009-W15,skge.c,2
2009-W15,sky2.c,2
2009-W15,smc91x.h,1
2009-W15,smsc911x.c,1
2009-W15,smsc9420.c,1
2009-W15,sun3_82586.c,1
2009-W15,sungem.c,2
2009-W15,tc35815.c,1
2009-W15,tehuti.c,2
2009-W15,tehuti.h,2
2009-W15,tg3.c,3
2009-W15,tlan.c,1
2009-W15,tokenring,1
2009-W15,tsi108_eth.c,1
2009-W15,tulip,2
2009-W15,typhoon.c,1
2009-W15,usb,2
2009-W15,via-rhine.c,1
2009-W15,via-velocity.c,1
2009-W15,virtio_net.c,1
2009-W15,wan,2
2009-W15,wireless,45
2009-W15,xtsonic.c,1
2009-W16,8390.c,1
2009-W16,8390p.c,1
2009-W16,Kconfig,1
2009-W16,a2065.c,1
2009-W16,arm,1
2009-W16,atarilance.c,1
2009-W16,atl1c,1
2009-W16,au1000_eth.c,1
2009-W16,b44.h,1
2009-W16,benet,3
2009-W16,bfin_mac.c,1
2009-W16,bmac.c,1
2009-W16,bonding,2
2009-W16,cpmac.c,1
2009-W16,cxgb3,5
2009-W16,declance.c,1
2009-W16,dm9000.c,1
2009-W16,e100.c,1
2009-W16,e1000,4
2009-W16,e1000e,4
2009-W16,ehea,1
2009-W16,fec.c,11
2009-W16,fec.h,2
2009-W16,gianfar.c,1
2009-W16,hplance.c,1
2009-W16,ibmveth.c,1
2009-W16,igb,1
2009-W16,irda,4
2009-W16,iseries_veth.c,2
2009-W16,ixgb,1
2009-W16,ixgbe,7
2009-W16,ixp2000,1
2009-W16,jazzsonic.c,1
2009-W16,jme.c,1
2009-W16,korina.c,1
2009-W16,lib82596.c,1
2009-W16,loopback.c,1
2009-W16,macb.c,2
2009-W16,mace.c,1
2009-W16,macmace.c,1
2009-W16,macvlan.c,1
2009-W16,meth.c,1
2009-W16,mipsnet.c,1
2009-W16,mvme147.c,1
2009-W16,myri10ge,6
2009-W16,netx-eth.c,1
2009-W16,niu.h,1
2009-W16,pasemi_mac.c,1
2009-W16,pci-skeleton.c,1
2009-W16,pcmcia,1
2009-W16,phy,1
2009-W16,rionet.c,1
2009-W16,sb1250-mac.c,1
2009-W16,sfc,3
2009-W16,sgiseeq.c,1
2009-W16,skge.c,1
2009-W16,smc911x.c,1
2009-W16,sun3lance.c,1
2009-W16,tg3.c,1
2009-W16,tun.c,3
2009-W16,ucc_geth.c,1
2009-W16,ucc_geth.h,1
2009-W16,usb,4
2009-W16,wan,1
2009-W16,wimax,1
2009-W16,wireless,33
2009-W17,8139too.c,2
2009-W17,8390p.c,2
2009-W17,Kconfig,1
2009-W17,Makefile,1
2009-W17,appletalk,1
2009-W17,bonding,3
2009-W17,e1000,1
2009-W17,e1000e,2
2009-W17,ehea,1
2009-W17,fec_mpc52xx.c,1
2009-W17,fec_mpc52xx_phy.c,1
2009-W17,forcedeth.c,1
2009-W17,fs_enet,1
2009-W17,fsl_pq_mdio.c,2
2009-W17,gianfar.c,1
2009-W17,gianfar.h,1
2009-W17,igb,2
2009-W17,igbvf,1
2009-W17,ipg.h,1
2009-W17,irda,1
2009-W17,ixgb,1
2009-W17,ixgbe,2
2009-W17,ll_temac.h,1
2009-W17,ll_temac_main.c,1
2009-W17,ll_temac_mdio.c,1
2009-W17,macvlan.c,1
2009-W17,mlx4,10
2009-W17,pasemi_mac.c,2
2009-W17,pasemi_mac.h,1
2009-W17,phy,2
2009-W17,qlge,1
2009-W17,skfp,1
2009-W17,tg3.c,8
2009-W17,tg3.h,4
2009-W17,tokenring,1
2009-W17,tun.c,2
2009-W17,ucc_geth.c,2
2009-W17,ucc_geth.h,1
2009-W17,ucc_geth_ethtool.c,1
2009-W17,vxge,2
2009-W17,wimax,2
2009-W17,wireless,45
2009-W18,3c509.c,1
2009-W18,Kconfig,5
2009-W18,Makefile,1
2009-W18,arm,1
2009-W18,atl1c,1
2009-W18,bnx2x.h,1
2009-W18,bnx2x_fw_file_hdr.h,1
2009-W18,bnx2x_init.h,1
2009-W18,bnx2x_init_ops.h,1
2009-W18,bnx2x_init_values.h,1
2009-W18,bnx2x_main.c,2
2009-W18,bonding,1
2009-W18,chelsio,1
2009-W18,cxgb3,2
2009-W18,depca.c,1
2009-W18,e100.c,1
2009-W18,forcedeth.c,1
2009-W18,fs_enet,1
2009-W18,gianfar.c,1
2009-W18,hp100.c,1
2009-W18,igb,4
2009-W18,ixgb,1
2009-W18,ixgbe,7
2009-W18,mdio.c,4
2009-W18,mii.c,1
2009-W18,mv643xx_eth.c,2
2009-W18,ne2k-pci.c,2
2009-W18,ne3210.c,1
2009-W18,netconsole.c,1
2009-W18,netxen,3
2009-W18,pcmcia,1
2009-W18,pcnet32.c,2
2009-W18,s2io-regs.h,1
2009-W18,s2io.c,1
2009-W18,sfc,2
2009-W18,smc-mca.c,1
2009-W18,smsc911x.c,1
2009-W18,tulip,1
2009-W18,tun.c,2
2009-W18,ucc_geth.c,3
2009-W18,ucc_geth.h,1
2009-W18,usb,3
2009-W18,veth.c,1
2009-W18,virtio_net.c,2
2009-W18,vxge,1
2009-W18,wan,1
2009-W18,wimax,2
2009-W18,wireless,28
2009-W19,arm,1
2009-W19,bnx2.c,1
2009-W19,bnx2x_main.c,2
2009-W19,bonding,4
2009-W19,e1000,2
2009-W19,e1000e,1
2009-W19,ehea,2
2009-W19,ibmveth.c,1
2009-W19,igb,3
2009-W19,igbvf,1
2009-W19,ixgb,1
2009-W19,ixgbe,10
2009-W19,lasi_82596.c,1
2009-W19,macb.c,1
2009-W19,mv643xx_eth.c,5
2009-W19,netxen,7
2009-W19,r6040.c,2
2009-W19,sb1250-mac.c,1
2009-W19,smsc911x.c,2
2009-W19,tun.c,1
2009-W19,usb,1
2009-W19,wimax,8
2009-W19,wireless,26
2009-W19,xen-netfront.c,1
2009-W20,82596.c,1
2009-W20,Kconfig,1
2009-W20,bnx2.c,1
2009-W20,bnx2.h,1
2009-W20,bonding,4
2009-W20,can,5
2009-W20,de600.c,1
2009-W20,de620.c,2
2009-W20,ibmveth.c,2
2009-W20,irda,1
2009-W20,ixgbe,20
2009-W20,mac89x0.c,1
2009-W20,meth.c,1
2009-W20,mlx4,2
2009-W20,mv643xx_eth.c,1
2009-W20,r8169.c,1
2009-W20,sfc,2
2009-W20,skfp,1
2009-W20,smc91x.h,1
2009-W20,tc35815.c,1
2009-W20,usb,2
2009-W20,vxge,1
2009-W20,wimax,2
2009-W20,wireless,16
2009-W21,Kconfig,2
2009-W21,Makefile,1
2009-W21,appletalk,1
2009-W21,arm,2
2009-W21,benet,1
2009-W21,bnx2.c,1
2009-W21,bonding,1
2009-W21,chelsio,2
2009-W21,cxgb3,2
2009-W21,davinci_emac.c,1
2009-W21,e1000,1
2009-W21,eql.c,1
2009-W21,ifb.c,1
2009-W21,igb,1
2009-W21,ixgbe,5
2009-W21,loopback.c,1
2009-W21,macvlan.c,2
2009-W21,mlx4,2
2009-W21,mv643xx_eth.c,1
2009-W21,myri10ge,5
2009-W21,netxen,1
2009-W21,niu.c,1
2009-W21,ppp_generic.c,1
2009-W21,r8169.c,2
2009-W21,sfc,1
2009-W21,sh_eth.c,5
2009-W21,sh_eth.h,2
2009-W21,virtio_net.c,1
2009-W21,wan,2
2009-W21,wimax,6
2009-W21,wireless,65
2009-W22,3c501.c,1
2009-W22,3c503.c,1
2009-W22,3c505.c,1
2009-W22,3c507.c,1
2009-W22,3c509.c,1
2009-W22,3c515.c,1
2009-W22,3c523.c,1
2009-W22,3c527.c,1
2009-W22,3c59x.c,1
2009-W22,8139cp.c,1
2009-W22,8139too.c,1
2009-W22,Kconfig,3
2009-W22,Makefile,1
2009-W22,acenic.c,1
2009-W22,appletalk,1
2009-W22,arm,3
2009-W22,atl1c,2
2009-W22,atl1e,3
2009-W22,atlx,2
2009-W22,b44.c,1
2009-W22,b44.h,1
2009-W22,benet,1
2009-W22,bfin_mac.c,5
2009-W22,bnx2.c,1
2009-W22,bnx2x_main.c,1
2009-W22,bonding,1
2009-W22,can,3
2009-W22,chelsio,1
2009-W22,cpmac.c,3
2009-W22,cxgb3,6
2009-W22,dl2k.c,1
2009-W22,e1000,1
2009-W22,e1000e,2
2009-W22,enic,1
2009-W22,gianfar.c,1
2009-W22,gianfar.h,1
2009-W22,hamachi.c,1
2009-W22,igb,5
2009-W22,igbvf,1
2009-W22,irda,1
2009-W22,ixgb,1
2009-W22,ixgbe,4
2009-W22,jme.c,1
2009-W22,korina.c,1
2009-W22,mac8390.c,3
2009-W22,mlx4,4
2009-W22,myri10ge,1
2009-W22,netxen,1
2009-W22,niu.c,2
2009-W22,ns83820.c,1
2009-W22,qla3xxx.c,1
2009-W22,qlge,1
2009-W22,r6040.c,1
2009-W22,r8169.c,2
2009-W22,s2io.c,1
2009-W22,sfc,1
2009-W22,sh_eth.c,1
2009-W22,sis190.c,1
2009-W22,skge.c,1
2009-W22,sky2.c,1
2009-W22,sundance.c,1
2009-W22,tehuti.c,1
2009-W22,tg3.c,1
2009-W22,ucc_geth.c,1
2009-W22,usb,1
2009-W22,veth.c,1
2009-W22,via-rhine.c,1
2009-W22,via-velocity.c,1
2009-W22,via-velocity.h,1
2009-W22,vxge,1
2009-W22,wan,2
2009-W22,wimax,1
2009-W22,wireless,21
2009-W22,yellowfin.c,1
2009-W23,3c509.c,1
2009-W23,Kconfig,4
2009-W23,Makefile,1
2009-W23,appletalk,1
2009-W23,bnx2.c,1
2009-W23,cxgb3,2
2009-W23,davinci_emac.c,1
2009-W23,e1000,2
2009-W23,e1000e,8
2009-W23,forcedeth.c,3
2009-W23,fsl_pq_mdio.c,1
2009-W23,igb,1
2009-W23,igbvf,1
2009-W23,irda,1
2009-W23,ixgb,1
2009-W23,ixgbe,17
2009-W23,ks8842.c,1
2009-W23,mlx4,8
2009-W23,phy,1
2009-W23,pppol2tp.c,1
2009-W23,qlge,6
2009-W23,s2io.c,1
2009-W23,s2io.h,1
2009-W23,sis190.c,4
2009-W23,smsc911x.c,1
2009-W23,tg3.c,1
2009-W23,tun.c,1
2009-W23,ucc_geth.c,1
2009-W23,ucc_geth.h,1
2009-W23,usb,3
2009-W23,virtio_net.c,1
2009-W23,wimax,4
2009-W23,wireless,31
2009-W24,3c505.c,1
2009-W24,3c515.c,1
2009-W24,3c527.c,1
2009-W24,3c59x.c,1
2009-W24,7990.c,1
2009-W24,8139cp.c,1
2009-W24,Kconfig,4
2009-W24,Makefile,2
2009-W24,a2065.c,1
2009-W24,arm,1
2009-W24,atl1c,1
2009-W24,atl1e,1
2009-W24,atlx,1
2009-W24,au1000_eth.c,1
2009-W24,benet,6
2009-W24,bnx2.c,2
2009-W24,bnx2.h,1
2009-W24,bonding,10
2009-W24,can,1
2009-W24,cassini.c,1
2009-W24,cnic.c,5
2009-W24,cnic.h,1
2009-W24,cnic_defs.h,1
2009-W24,cnic_if.h,2
2009-W24,cs89x0.c,1
2009-W24,cxgb3,1
2009-W24,de600.c,1
2009-W24,de620.c,1
2009-W24,declance.c,1
2009-W24,defxx.c,1
2009-W24,depca.c,1
2009-W24,dm9000.c,1
2009-W24,e100.c,4
2009-W24,e1000e,3
2009-W24,ethoc.c,1
2009-W24,ewrk3.c,1
2009-W24,fec.c,1
2009-W24,hamachi.c,1
2009-W24,hamradio,2
2009-W24,ibm_newemac,1
2009-W24,ibmlana.c,1
2009-W24,ioc3-eth.c,1
2009-W24,irda,2
2009-W24,ixgbe,1
2009-W24,lib8390.c,1
2009-W24,mac89x0.c,1
2009-W24,macb.c,1
2009-W24,mace.c,1
2009-W24,macvlan.c,1
2009-W24,mdio.c,1
2009-W24,mlx4,2
2009-W24,myri10ge,1
2009-W24,myri_sbus.c,1
2009-W24,netxen,1
2009-W24,ni65.c,1
2009-W24,ns83820.c,1
2009-W24,pcmcia,1
2009-W24,plip.c,1
2009-W24,ps3_gelic_net.c,2
2009-W24,ps3_gelic_wireless.c,1
2009-W24,qlge,10
2009-W24,r8169.c,2
2009-W24,rrunner.c,1
2009-W24,s6gmac.c,1
2009-W24,sb1250-mac.c,1
2009-W24,sfc,1
2009-W24,sh_eth.c,1
2009-W24,sis900.c,1
2009-W24,skfp,1
2009-W24,sky2.c,1
2009-W24,smc9194.c,1
2009-W24,sonic.c,1
2009-W24,starfire.c,1
2009-W24,sun3_82586.c,1
2009-W24,sun3lance.c,1
2009-W24,sunhme.c,1
2009-W24,tehuti.c,1
2009-W24,tlan.c,1
2009-W24,tokenring,1
2009-W24,tulip,2
2009-W24,tun.c,3
2009-W24,usb,1
2009-W24,virtio_net.c,3
2009-W24,vxge,1
2009-W24,wan,2
2009-W24,wimax,3
2009-W24,wireless,60
2009-W25,benet,4
2009-W25,bnx2.c,1
2009-W25,davinci_emac.c,1
2009-W25,e1000,1
2009-W25,e1000e,1
2009-W25,fec_mpc52xx.c,1
2009-W25,fec_mpc52xx_phy.c,1
2009-W25,forcedeth.c,1
2009-W25,hamradio,1
2009-W25,hp100.c,1
2009-W25,igbvf,1
2009-W25,ixgbe,2
2009-W25,mlx4,6
2009-W25,mv643xx_eth.c,2
2009-W25,netxen,2
2009-W25,niu.c,1
2009-W25,phy,1
2009-W25,qla3xxx.c,1
2009-W25,r8169.c,2
2009-W25,rionet.c,1
2009-W25,sfc,1
2009-W25,sis190.c,1
2009-W25,sky2.c,9
2009-W25,sky2.h,1
2009-W25,sonic.c,1
2009-W25,ucc_geth.c,2
2009-W25,ucc_geth.h,2
2009-W25,usb,4
2009-W25,via-velocity.c,2
2009-W25,virtio_net.c,1
2009-W25,vxge,1
2009-W25,wan,2
2009-W25,wireless,61
2009-W26,3c505.c,1
2009-W26,3c507.c,1
2009-W26,3c509.c,1
2009-W26,3c515.c,1
2009-W26,3c523.c,1
2009-W26,3c527.c,1
2009-W26,3c59x.c,1
2009-W26,8139cp.c,1
2009-W26,8139too.c,1
2009-W26,82596.c,1
2009-W26,Kconfig,2
2009-W26,amd8111e.c,1
2009-W26,appletalk,1
2009-W26,ariadne.c,1
2009-W26,arm,1
2009-W26,at1700.c,1
2009-W26,atarilance.c,1
2009-W26,atl1c,1
2009-W26,atl1e,1
2009-W26,atp.c,1
2009-W26,au1000_eth.c,1
2009-W26,benet,1
2009-W26,bfin_mac.c,1
2009-W26,bmac.c,1
2009-W26,bnx2.c,1
2009-W26,can,2
2009-W26,cassini.c,1
2009-W26,cpmac.c,1
2009-W26,cris,1
2009-W26,cs89x0.c,1
2009-W26,de600.c,1
2009-W26,de620.c,1
2009-W26,declance.c,1
2009-W26,dm9000.c,1
2009-W26,dnet.c,1
2009-W26,dummy.c,1
2009-W26,e100.c,1
2009-W26,eepro.c,1
2009-W26,eexpress.c,1
2009-W26,enc28j60.c,1
2009-W26,epic100.c,1
2009-W26,eql.c,1
2009-W26,eth16i.c,1
2009-W26,ewrk3.c,1
2009-W26,fealnx.c,1
2009-W26,fec.c,1
2009-W26,fsl_pq_mdio.c,1
2009-W26,hamachi.c,1
2009-W26,hamradio,1
2009-W26,hp100.c,1
2009-W26,ibmveth.c,1
2009-W26,ioc3-eth.c,1
2009-W26,irda,1
2009-W26,isa-skeleton.c,1
2009-W26,iseries_veth.c,1
2009-W26,ixgb,1
2009-W26,ixp2000,1
2009-W26,lance.c,1
2009-W26,lib82596.c,1
2009-W26,ll_temac_main.c,1
2009-W26,loopback.c,1
2009-W26,lp486e.c,1
2009-W26,mac89x0.c,1
2009-W26,macb.c,1
2009-W26,mace.c,1
2009-W26,mdio.c,1
2009-W26,meth.c,1
2009-W26,mipsnet.c,1
2009-W26,mlx4,1
2009-W26,myri10ge,1
2009-W26,myri_sbus.c,1
2009-W26,natsemi.c,1
2009-W26,netx-eth.c,1
2009-W26,netxen,2
2009-W26,ni5010.c,1
2009-W26,ni65.c,1
2009-W26,pci-skeleton.c,1
2009-W26,pcmcia,1
2009-W26,pcnet32.c,1
2009-W26,plip.c,1
2009-W26,ppp_async.c,1
2009-W26,ppp_generic.c,1
2009-W26,ppp_synctty.c,1
2009-W26,qla3xxx.c,2
2009-W26,r6040.c,1
2009-W26,rionet.c,1
2009-W26,rrunner.c,1
2009-W26,s2io.c,1
2009-W26,sb1000.c,1
2009-W26,sb1250-mac.c,1
2009-W26,seeq8005.c,1
2009-W26,sgiseeq.c,1
2009-W26,sh_eth.c,2
2009-W26,sis900.c,1
2009-W26,skfp,1
2009-W26,sky2.c,1
2009-W26,slip.c,1
2009-W26,smc911x.c,1
2009-W26,smc9194.c,1
2009-W26,smc91x.c,1
2009-W26,starfire.c,1
2009-W26,sun3_82586.c,1
2009-W26,sun3lance.c,1
2009-W26,sunbmac.c,1
2009-W26,sundance.c,1
2009-W26,sunhme.c,1
2009-W26,sunlance.c,1
2009-W26,sunqe.c,1
2009-W26,tc35815.c,1
2009-W26,tlan.c,1
2009-W26,tokenring,1
2009-W26,tulip,1
2009-W26,tun.c,1
2009-W26,typhoon.c,1
2009-W26,ucc_geth.c,1
2009-W26,usb,1
2009-W26,veth.c,2
2009-W26,via-rhine.c,1
2009-W26,via-velocity.c,1
2009-W26,vxge,1
2009-W26,wan,1
2009-W26,wireless,27
2009-W26,xen-netfront.c,1
2009-W26,yellowfin.c,1
2009-W26,znet.c,1
2009-W27,3c501.c,1
2009-W27,7990.c,1
2009-W27,a2065.c,1
2009-W27,benet,1
2009-W27,bnx2x.h,1
2009-W27,bnx2x_main.c,3
2009-W27,bonding,1
2009-W27,defxx.c,1
2009-W27,depca.c,1
2009-W27,e1000,2
2009-W27,e1000e,7
2009-W27,forcedeth.c,1
2009-W27,ibm_newemac,1
2009-W27,ifb.c,1
2009-W27,igb,2
2009-W27,irda,2
2009-W27,ixgbe,8
2009-W27,lib8390.c,1
2009-W27,mlx4,1
2009-W27,myri10ge,1
2009-W27,netxen,2
2009-W27,ni52.c,1
2009-W27,pcmcia,1
2009-W27,phy,2
2009-W27,qlge,8
2009-W27,skfp,1
2009-W27,smsc911x.c,1
2009-W27,sonic.c,1
2009-W27,tokenring,1
2009-W27,tulip,1
2009-W27,tun.c,2
2009-W27,usb,6
2009-W27,vxge,9
2009-W27,wan,1
2009-W27,wireless,15
2009-W28,8139too.c,1
2009-W28,a2065.c,1
2009-W28,arcnet,1
2009-W28,arm,2
2009-W28,atl1c,2
2009-W28,atlx,1
2009-W28,bmac.c,2
2009-W28,bnx2x_main.c,1
2009-W28,bnx2x_reg.h,1
2009-W28,bonding,1
2009-W28,cs89x0.c,2
2009-W28,cxgb3,9
2009-W28,davinci_emac.c,1
2009-W28,dl2k.c,1
2009-W28,dm9000.c,1
2009-W28,dm9000.h,1
2009-W28,e1000,3
2009-W28,ehea,2
2009-W28,epic100.c,1
2009-W28,fealnx.c,2
2009-W28,fec.c,2
2009-W28,fec.h,2
2009-W28,gianfar.c,1
2009-W28,hamachi.c,1
2009-W28,hamradio,2
2009-W28,igb,1
2009-W28,irda,1
2009-W28,isa-skeleton.c,1
2009-W28,ixgbe,1
2009-W28,jme.c,5
2009-W28,jme.h,4
2009-W28,macsonic.c,1
2009-W28,mlx4,2
2009-W28,natsemi.c,1
2009-W28,ne.c,1
2009-W28,pci-skeleton.c,1
2009-W28,pcmcia,1
2009-W28,pcnet32.c,1
2009-W28,plip.c,2
2009-W28,ppp_async.c,1
2009-W28,ppp_synctty.c,1
2009-W28,ps3_gelic_net.c,1
2009-W28,ps3_gelic_wireless.c,1
2009-W28,r6040.c,2
2009-W28,rionet.c,1
2009-W28,smc91x.c,1
2009-W28,smsc911x.c,1
2009-W28,starfire.c,1
2009-W28,sundance.c,1
2009-W28,sunvnet.c,2
2009-W28,tsi108_eth.c,1
2009-W28,tulip,1
2009-W28,tun.c,1
2009-W28,ucc_geth.c,1
2009-W28,ucc_geth.h,1
2009-W28,usb,2
2009-W28,via-rhine.c,1
2009-W28,wan,1
2009-W28,wireless,25
2009-W28,yellowfin.c,1
2009-W29,Kconfig,1
2009-W29,Makefile,1
2009-W29,arm,1
2009-W29,b44.c,1
2009-W29,bnx2x_link.c,1
2009-W29,bonding,2
2009-W29,e100.c,1
2009-W29,e1000,1
2009-W29,fs_enet,2
2009-W29,gianfar.c,2
2009-W29,hamradio,2
2009-W29,ibm_newemac,1
2009-W29,igb,1
2009-W29,irda,1
2009-W29,ixgbe,6
2009-W29,ks8851.c,1
2009-W29,ks8851.h,1
2009-W29,mlx4,1
2009-W29,netxen,3
2009-W29,pcmcia,1
2009-W29,phy,1
2009-W29,ppp_async.c,2
2009-W29,ppp_synctty.c,2
2009-W29,sc92031.c,1
2009-W29,sky2.c,1
2009-W29,tun.c,1
2009-W29,ucc_geth.c,1
2009-W29,usb,1
2009-W29,virtio_net.c,1
2009-W29,wimax,2
2009-W29,wireless,96
2009-W30,Kconfig,1
2009-W30,arm,1
2009-W30,at1700.c,1
2009-W30,benet,2
2009-W30,bnx2.c,1
2009-W30,bnx2x.h,2
2009-W30,bnx2x_hsi.h,2
2009-W30,bnx2x_link.c,2
2009-W30,bnx2x_link.h,1
2009-W30,bnx2x_main.c,9
2009-W30,bnx2x_reg.h,2
2009-W30,can,4
2009-W30,dm9000.c,1
2009-W30,eepro.c,1
2009-W30,fealnx.c,1
2009-W30,igb,12
2009-W30,igbvf,1
2009-W30,ixgbe,4
2009-W30,jazzsonic.c,2
2009-W30,macb.c,1
2009-W30,macsonic.c,2
2009-W30,meth.c,1
2009-W30,netxen,11
2009-W30,phy,1
2009-W30,r8169.c,1
2009-W30,sb1250-mac.c,1
2009-W30,sgiseeq.c,1
2009-W30,skge.c,1
2009-W30,sky2.c,2
2009-W30,smc91x.h,1
2009-W30,tokenring,1
2009-W30,usb,1
2009-W30,veth.c,1
2009-W30,via-velocity.c,3
2009-W30,via-velocity.h,1
2009-W30,wimax,2
2009-W30,wireless,42
2009-W30,xtsonic.c,1
2009-W31,3c515.c,1
2009-W31,atl1c,1
2009-W31,atl1e,1
2009-W31,b44.c,1
2009-W31,benet,5
2009-W31,bnx2.c,1
2009-W31,bnx2x_main.c,5
2009-W31,bnx2x_reg.h,1
2009-W31,can,1
2009-W31,cnic.c,1
2009-W31,cxgb3,2
2009-W31,eexpress.c,1
2009-W31,ethoc.c,1
2009-W31,gianfar_ethtool.c,1
2009-W31,igbvf,1
2009-W31,ixgb,1
2009-W31,ixgbe,3
2009-W31,mlx4,1
2009-W31,netxen,4
2009-W31,pcnet32.c,2
2009-W31,ppp_generic.c,1
2009-W31,pppoe.c,1
2009-W31,pppol2tp.c,1
2009-W31,qlge,1
2009-W31,s2io.c,1
2009-W31,s6gmac.c,1
2009-W31,sky2.c,1
2009-W31,sky2.h,1
2009-W31,tulip,1
2009-W31,usb,3
2009-W31,virtio_net.c,1
2009-W31,vxge,1
2009-W31,wireless,63
2009-W32,3c59x.c,2
2009-W32,Kconfig,1
2009-W32,arm,1
2009-W32,atl1c,1
2009-W32,atlx,1
2009-W32,benet,1
2009-W32,cpmac.c,4
2009-W32,cs89x0.c,1
2009-W32,cxgb3,1
2009-W32,e1000e,2
2009-W32,ehea,1
2009-W32,fec.c,1
2009-W32,gianfar.c,1
2009-W32,igbvf,1
2009-W32,irda,1
2009-W32,ixgbe,4
2009-W32,jazzsonic.c,1
2009-W32,mlx4,4
2009-W32,myri10ge,1
2009-W32,netxen,4
2009-W32,niu.c,1
2009-W32,pcmcia,1
2009-W32,pcnet32.c,1
2009-W32,smc911x.h,1
2009-W32,smsc911x.c,1
2009-W32,tc35815.c,5
2009-W32,tokenring,1
2009-W32,tun.c,1
2009-W32,vxge,6
2009-W32,wireless,123
2009-W32,zorro8390.c,1
2009-W33,8139cp.c,1
2009-W33,Kconfig,1
2009-W33,b44.c,1
2009-W33,benet,4
2009-W33,bnx2.c,1
2009-W33,bnx2.h,1
2009-W33,bnx2x.h,9
2009-W33,bnx2x_dump.h,1
2009-W33,bnx2x_fw_defs.h,1
2009-W33,bnx2x_hsi.h,2
2009-W33,bnx2x_init.h,1
2009-W33,bnx2x_init_ops.h,1
2009-W33,bnx2x_link.c,12
2009-W33,bnx2x_link.h,4
2009-W33,bnx2x_main.c,23
2009-W33,bnx2x_reg.h,6
2009-W33,bonding,1
2009-W33,can,1
2009-W33,cnic.c,4
2009-W33,cnic.h,1
2009-W33,cnic_if.h,1
2009-W33,e1000e,2
2009-W33,ixgbe,5
2009-W33,korina.c,2
2009-W33,netxen,2
2009-W33,pppoe.c,1
2009-W33,r8169.c,6
2009-W33,sky2.c,10
2009-W33,sky2.h,2
2009-W33,tulip,1
2009-W33,ucc_geth.c,1
2009-W33,usb,3
2009-W33,via-rhine.c,1
2009-W33,via-velocity.c,1
2009-W33,wan,1
2009-W33,wimax,4
2009-W33,wireless,66
2009-W34,Kconfig,4
2009-W34,Makefile,2
2009-W34,arcnet,1
2009-W34,arm,1
2009-W34,bcm63xx_enet.c,1
2009-W34,bcm63xx_enet.h,1
2009-W34,benet,3
2009-W34,bnx2.c,8
2009-W34,bnx2.h,2
2009-W34,davinci_emac.c,1
2009-W34,e100.c,1
2009-W34,fec_mpc52xx.c,1
2009-W34,gianfar_ethtool.c,1
2009-W34,ibm_newemac,2
2009-W34,igb,1
2009-W34,irda,1
2009-W34,ixp2000,1
2009-W34,ll_temac_main.c,1
2009-W34,macb.c,1
2009-W34,mlx4,1
2009-W34,netxen,5
2009-W34,ni52.c,1
2009-W34,ppp_generic.c,1
2009-W34,qlge,1
2009-W34,r6040.c,3
2009-W34,skfp,1
2009-W34,skge.c,1
2009-W34,sky2.c,8
2009-W34,sky2.h,4
2009-W34,smc91x.c,1
2009-W34,vxge,1
2009-W34,wan,2
2009-W34,wimax,6
2009-W34,wireless,57
2009-W34,xilinx_emaclite.c,1
2009-W34,yellowfin.c,1
2009-W35,Kconfig,1
2009-W35,au1000_eth.c,1
2009-W35,bnx2.c,1
2009-W35,bonding,4
2009-W35,cnic.c,2
2009-W35,e1000,1
2009-W35,gianfar.c,1
2009-W35,igb,1
2009-W35,irda,2
2009-W35,ixgbe,3
2009-W35,mdio.c,1
2009-W35,netxen,4
2009-W35,phy,3
2009-W35,qlge,3
2009-W35,s2io.c,10
2009-W35,s2io.h,1
2009-W35,sfc,5
2009-W35,sh_eth.c,1
2009-W35,sh_eth.h,1
2009-W35,smc91x.c,1
2009-W35,tg3.c,26
2009-W35,tg3.h,15
2009-W35,tun.c,2
2009-W35,ucc_geth.c,3
2009-W35,ucc_geth.h,1
2009-W35,ucc_geth_ethtool.c,2
2009-W35,virtio_net.c,2
2009-W35,wimax,1
2009-W35,wireless,73
2009-W36,3c501.c,1
2009-W36,3c501.h,1
2009-W36,3c503.c,2
2009-W36,3c505.c,1
2009-W36,3c507.c,1
2009-W36,3c509.c,1
2009-W36,3c515.c,1
2009-W36,3c523.c,1
2009-W36,3c527.c,1
2009-W36,3c59x.c,1
2009-W36,8139cp.c,1
2009-W36,8139too.c,1
2009-W36,82596.c,1
2009-W36,8390.c,1
2009-W36,8390.h,1
2009-W36,8390p.c,1
2009-W36,a2065.c,1
2009-W36,acenic.c,1
2009-W36,acenic.h,1
2009-W36,amd8111e.c,2
2009-W36,appletalk,1
2009-W36,arcnet,1
2009-W36,ariadne.c,1
2009-W36,arm,2
2009-W36,at1700.c,1
2009-W36,atl1c,4
2009-W36,atl1e,3
2009-W36,atlx,3
2009-W36,atp.c,1
2009-W36,au1000_eth.c,1
2009-W36,b44.c,1
2009-W36,benet,5
2009-W36,bfin_mac.c,1
2009-W36,bnx2.c,2
2009-W36,bnx2x_main.c,2
2009-W36,bonding,3
2009-W36,can,6
2009-W36,cassini.c,2
2009-W36,chelsio,1
2009-W36,cris,1
2009-W36,cs89x0.c,1
2009-W36,cxgb3,2
2009-W36,davinci_emac.c,1
2009-W36,defxx.c,1
2009-W36,depca.c,1
2009-W36,dl2k.c,1
2009-W36,dnet.c,1
2009-W36,dummy.c,1
2009-W36,e100.c,1
2009-W36,e1000,3
2009-W36,e1000e,2
2009-W36,eepro.c,1
2009-W36,eexpress.c,1
2009-W36,enc28j60.c,1
2009-W36,enic,13
2009-W36,epic100.c,1
2009-W36,eql.c,1
2009-W36,eth16i.c,1
2009-W36,ethoc.c,2
2009-W36,ewrk3.c,1
2009-W36,fealnx.c,1
2009-W36,fec.c,2
2009-W36,forcedeth.c,1
2009-W36,gianfar.c,1
2009-W36,hamachi.c,1
2009-W36,hamradio,2
2009-W36,hp100.c,1
2009-W36,hydra.c,1
2009-W36,ibm_newemac,3
2009-W36,ibmlana.c,1
2009-W36,ibmveth.c,1
2009-W36,ifb.c,1
2009-W36,igb,6
2009-W36,igbvf,2
2009-W36,ipg.c,2
2009-W36,irda,1
2009-W36,ixgb,1
2009-W36,ixgbe,9
2009-W36,jme.c,1
2009-W36,korina.c,1
2009-W36,ks8842.c,2
2009-W36,ks8851.c,1
2009-W36,lance.c,1
2009-W36,lib8390.c,1
2009-W36,loopback.c,1
2009-W36,lp486e.c,1
2009-W36,macb.c,1
2009-W36,macvlan.c,3
2009-W36,mdio.c,1
2009-W36,mii.c,1
2009-W36,mlx4,6
2009-W36,mv643xx_eth.c,1
2009-W36,myri10ge,1
2009-W36,natsemi.c,3
2009-W36,netxen,11
2009-W36,ni52.c,1
2009-W36,ni65.c,1
2009-W36,niu.c,1
2009-W36,ns83820.c,1
2009-W36,pci-skeleton.c,1
2009-W36,pcmcia,3
2009-W36,pcnet32.c,1
2009-W36,phy,1
2009-W36,ppp_generic.c,1
2009-W36,ps3_gelic_net.c,1
2009-W36,ps3_gelic_wireless.c,1
2009-W36,qla3xxx.c,1
2009-W36,qlge,1
2009-W36,r6040.c,1
2009-W36,r8169.c,2
2009-W36,rrunner.c,1
2009-W36,rrunner.h,1
2009-W36,s2io.c,1
2009-W36,sb1000.c,1
2009-W36,sc92031.c,1
2009-W36,seeq8005.c,1
2009-W36,sfc,2
2009-W36,sis190.c,1
2009-W36,sis900.c,2
2009-W36,skfp,1
2009-W36,skge.c,2
2009-W36,sky2.c,6
2009-W36,sky2.h,2
2009-W36,slip.c,1
2009-W36,smc9194.c,1
2009-W36,smsc911x.c,1
2009-W36,smsc9420.c,2
2009-W36,starfire.c,1
2009-W36,sundance.c,1
2009-W36,sungem.c,2
2009-W36,sunhme.c,1
2009-W36,tehuti.c,2
2009-W36,tg3.c,20
2009-W36,tg3.h,11
2009-W36,tlan.c,2
2009-W36,tokenring,1
2009-W36,tulip,2
2009-W36,tun.c,1
2009-W36,typhoon.c,1
2009-W36,usb,3
2009-W36,veth.c,2
2009-W36,via-rhine.c,1
2009-W36,via-velocity.c,2
2009-W36,virtio_net.c,2
2009-W36,vxge,2
2009-W36,wan,5
2009-W36,wimax,14
2009-W36,wireless,39
2009-W36,xen-netfront.c,1
2009-W36,xilinx_emaclite.c,2
2009-W36,yellowfin.c,2
2009-W36,znet.c,1
2009-W37,appletalk,1
2009-W37,b44.c,1
2009-W37,dm9000.c,2
2009-W37,netxen,8
2009-W37,niu.c,1
2009-W37,pcmcia,1
2009-W37,phy,2
2009-W37,r8169.c,1
2009-W37,tg3.c,1
2009-W37,ucc_geth.c,2
2009-W37,usb,1
2009-W37,wan,1
2009-W37,wimax,1
2009-W37,wireless,89
2009-W38,atl1c,1
2009-W38,atl1e,1
2009-W38,b44.c,1
2009-W38,benet,1
2009-W38,bonding,2
2009-W38,can,2
2009-W38,cpmac.c,1
2009-W38,ehea,1
2009-W38,igb,3
2009-W38,ixgbe,6
2009-W38,mlx4,1
2009-W38,netxen,2
2009-W38,pcmcia,1
2009-W38,pppol2tp.c,1
2009-W38,sky2.c,2
2009-W38,slip.c,1
2009-W38,smc91x.c,1
2009-W38,smc91x.h,2
2009-W38,sunvnet.c,1
2009-W38,tun.c,2
2009-W38,usb,2
2009-W38,wimax,13
2009-W38,wireless,52
2009-W39,3c59x.c,1
2009-W39,8139cp.c,1
2009-W39,Kconfig,2
2009-W39,Makefile,1
2009-W39,bcm63xx_enet.c,1
2009-W39,bonding,1
2009-W39,can,3
2009-W39,cnic.c,1
2009-W39,davinci_emac.c,1
2009-W39,e1000,13
2009-W39,ehea,1
2009-W39,enc28j60.c,1
2009-W39,irda,1
2009-W39,ks8851.c,1
2009-W39,ks8851_mll.c,1
2009-W39,mlx4,1
2009-W39,niu.c,1
2009-W39,skge.c,1
2009-W39,sky2.c,1
2009-W39,usb,2
2009-W39,virtio_net.c,6
2009-W39,wireless,22
2009-W39,xilinx_emaclite.c,1
2009-W40,3c59x.c,1
2009-W40,benet,2
2009-W40,bnx2x_main.c,1
2009-W40,chelsio,1
2009-W40,cnic.c,1
2009-W40,cnic_if.h,1
2009-W40,davinci_emac.c,2
2009-W40,e1000e,2
2009-W40,ethoc.c,4
2009-W40,hamradio,1
2009-W40,ibm_newemac,1
2009-W40,igb,1
2009-W40,igbvf,1
2009-W40,irda,1
2009-W40,iseries_veth.c,1
2009-W40,ixgbe,9
2009-W40,loopback.c,1
2009-W40,meth.c,1
2009-W40,niu.c,1
2009-W40,ppp_async.c,1
2009-W40,ppp_synctty.c,1
2009-W40,pppol2tp.c,1
2009-W40,qlge,5
2009-W40,sgiseeq.c,1
2009-W40,skge.c,1
2009-W40,skge.h,1
2009-W40,sky2.c,1
2009-W40,sky2.h,1
2009-W40,tehuti.c,1
2009-W40,tg3.h,1
2009-W40,tokenring,2
2009-W40,usb,2
2009-W40,veth.c,1
2009-W40,virtio_net.c,2
2009-W40,wimax,4
2009-W40,wireless,24
2009-W41,Makefile,1
2009-W41,au1000_eth.c,1
2009-W41,benet,5
2009-W41,bnx2x.h,3
2009-W41,bnx2x_hsi.h,1
2009-W41,bnx2x_main.c,4
2009-W41,bonding,3
2009-W41,can,2
2009-W41,cnic.c,3
2009-W41,cnic.h,1
2009-W41,cnic_defs.h,1
2009-W41,cnic_if.h,1
2009-W41,cxgb3,1
2009-W41,davinci_emac.c,1
2009-W41,depca.c,1
2009-W41,e100.c,1
2009-W41,e1000,1
2009-W41,e1000e,1
2009-W41,eql.c,1
2009-W41,ethoc.c,4
2009-W41,ewrk3.c,1
2009-W41,forcedeth.c,1
2009-W41,hamachi.c,1
2009-W41,hamradio,2
2009-W41,hp100.c,1
2009-W41,ibm_newemac,1
2009-W41,igb,17
2009-W41,irda,1
2009-W41,ixgb,1
2009-W41,ixgbe,4
2009-W41,mlx4,1
2009-W41,myri10ge,1
2009-W41,netxen,2
2009-W41,ns83820.c,1
2009-W41,pasemi_mac_ethtool.c,1
2009-W41,pcmcia,1
2009-W41,pcnet32.c,1
2009-W41,pppox.c,1
2009-W41,ps3_gelic_wireless.h,1
2009-W41,qla3xxx.c,1
2009-W41,qlge,19
2009-W41,r8169.c,1
2009-W41,sb1000.c,1
2009-W41,sb1250-mac.c,1
2009-W41,sh_eth.c,2
2009-W41,sh_eth.h,1
2009-W41,sis900.c,1
2009-W41,skfp,1
2009-W41,skge.c,1
2009-W41,slip.c,1
2009-W41,sungem.c,1
2009-W41,tg3.c,1
2009-W41,tg3.h,1
2009-W41,tokenring,1
2009-W41,typhoon.c,1
2009-W41,usb,1
2009-W41,vxge,8
2009-W41,wan,2
2009-W41,wimax,9
2009-W41,wireless,79
2009-W41,xen-netfront.c,1
2009-W41,znet.c,1
2009-W42,3c59x.c,1
2009-W42,8139cp.c,1
2009-W42,8139too.c,1
2009-W42,Kconfig,6
2009-W42,Makefile,3
2009-W42,acenic.c,1
2009-W42,arm,1
2009-W42,atl1e,1
2009-W42,atlx,1
2009-W42,au1000_eth.c,1
2009-W42,bcm63xx_enet.c,1
2009-W42,benet,5
2009-W42,bnx2x.h,2
2009-W42,bnx2x_hsi.h,1
2009-W42,bnx2x_main.c,6
2009-W42,bonding,2
2009-W42,can,1
2009-W42,cnic.c,1
2009-W42,cpmac.c,1
2009-W42,cxgb3,1
2009-W42,dl2k.c,1
2009-W42,e100.c,1
2009-W42,e1000,2
2009-W42,e1000e,2
2009-W42,ehea,1
2009-W42,enic,1
2009-W42,ethoc.c,2
2009-W42,fec_mpc52xx.c,1
2009-W42,fec_mpc52xx_phy.c,1
2009-W42,fs_enet,1
2009-W42,fsl_pq_mdio.c,1
2009-W42,gianfar.c,9
2009-W42,gianfar.h,1
2009-W42,hamachi.c,1
2009-W42,hamradio,1
2009-W42,ibm_newemac,1
2009-W42,igb,2
2009-W42,igbvf,1
2009-W42,ipg.c,1
2009-W42,irda,1
2009-W42,ixgb,2
2009-W42,ixgbe,2
2009-W42,ixp2000,2
2009-W42,korina.c,1
2009-W42,ks8842.c,1
2009-W42,lib82596.c,1
2009-W42,mdio.c,2
2009-W42,mlx4,1
2009-W42,netxen,13
2009-W42,octeon,1
2009-W42,pasemi_mac_ethtool.c,1
2009-W42,pcmcia,5
2009-W42,phy,2
2009-W42,pppol2tp.c,1
2009-W42,r8169.c,1
2009-W42,sc92031.c,1
2009-W42,sfc,1
2009-W42,sgiseeq.c,1
2009-W42,sis190.c,1
2009-W42,skge.c,1
2009-W42,sky2.c,1
2009-W42,smsc911x.c,1
2009-W42,stmmac,1
2009-W42,tlan.c,1
2009-W42,tsi108_eth.c,1
2009-W42,tun.c,1
2009-W42,usb,2
2009-W42,via-rhine.c,1
2009-W42,via-velocity.c,1
2009-W42,virtio_net.c,2
2009-W42,vmxnet3,3
2009-W42,wan,2
2009-W42,wimax,3
2009-W42,wireless,94
2009-W42,xen-netfront.c,1
2009-W43,bonding,2
2009-W43,can,1
2009-W43,cxgb3,1
2009-W43,dm9000.h,1
2009-W43,e1000e,1
2009-W43,ehea,1
2009-W43,fec.c,1
2009-W43,ifb.c,1
2009-W43,irda,1
2009-W43,ks8851.c,3
2009-W43,ks8851.h,1
2009-W43,myri10ge,1
2009-W43,netxen,8
2009-W43,niu.c,1
2009-W43,pcmcia,1
2009-W43,qlge,5
2009-W43,r8169.c,1
2009-W43,sfc,28
2009-W43,wimax,7
2009-W43,wireless,85
2009-W44,arm,2
2009-W44,atl1c,1
2009-W44,benet,2
2009-W44,bnx2.h,1
2009-W44,bonding,7
2009-W44,can,1
2009-W44,cnic.c,1
2009-W44,e100.c,2
2009-W44,e1000e,8
2009-W44,ifb.c,1
2009-W44,igb,45
2009-W44,igbvf,1
2009-W44,ixgbe,3
2009-W44,macvlan.c,1
2009-W44,netxen,2
2009-W44,pppoe.c,2
2009-W44,qlge,4
2009-W44,r8169.c,1
2009-W44,s2io.c,1
2009-W44,sfc,4
2009-W44,sh_eth.c,1
2009-W44,sky2.c,7
2009-W44,sky2.h,2
2009-W44,tc35815.c,2
2009-W44,usb,2
2009-W44,veth.c,2
2009-W44,via-velocity.c,1
2009-W44,via-velocity.h,1
2009-W44,virtio_net.c,1
2009-W44,vmxnet3,1
2009-W44,vxge,1
2009-W44,wimax,2
2009-W44,wireless,43
2009-W45,atl1c,1
2009-W45,benet,3
2009-W45,bnx2.c,1
2009-W45,bnx2x_hsi.h,1
2009-W45,bnx2x_link.c,9
2009-W45,bnx2x_link.h,1
2009-W45,bnx2x_main.c,3
2009-W45,bnx2x_reg.h,3
2009-W45,can,4
2009-W45,cassini.c,1
2009-W45,cnic.c,1
2009-W45,cxgb3,1
2009-W45,davinci_emac.c,2
2009-W45,fsl_pq_mdio.c,4
2009-W45,fsl_pq_mdio.h,1
2009-W45,gianfar.c,6
2009-W45,gianfar.h,7
2009-W45,gianfar_ethtool.c,5
2009-W45,gianfar_sysfs.c,4
2009-W45,hamradio,1
2009-W45,ixgbe,3
2009-W45,macmace.c,1
2009-W45,macsonic.c,2
2009-W45,macvlan.c,1
2009-W45,myri10ge,1
2009-W45,netx-eth.c,1
2009-W45,niu.c,1
2009-W45,pcmcia,4
2009-W45,phy,8
2009-W45,pppox.c,1
2009-W45,qlge,5
2009-W45,sfc,1
2009-W45,slip.c,1
2009-W45,spider_net.c,1
2009-W45,sungem.c,1
2009-W45,tc35815.c,2
2009-W45,tehuti.c,1
2009-W45,tehuti.h,1
2009-W45,tg3.c,17
2009-W45,tg3.h,8
2009-W45,tokenring,1
2009-W45,tun.c,1
2009-W45,usb,2
2009-W45,veth.c,1
2009-W45,virtio_net.c,1
2009-W45,wan,1
2009-W45,wireless,147
2009-W46,82596.c,1
2009-W46,amd8111e.c,1
2009-W46,appletalk,1
2009-W46,ariadne.h,1
2009-W46,arm,1
2009-W46,atl1c,1
2009-W46,au1000_eth.c,1
2009-W46,au1000_eth.h,1
2009-W46,benet,1
2009-W46,bnx2x.h,1
2009-W46,bnx2x_main.c,4
2009-W46,bnx2x_reg.h,1
2009-W46,bonding,1
2009-W46,can,3
2009-W46,cxgb3,1
2009-W46,davinci_emac.c,1
2009-W46,dm9000.c,1
2009-W46,dm9000.h,1
2009-W46,ehea,1
2009-W46,forcedeth.c,1
2009-W46,gianfar.c,4
2009-W46,gianfar_sysfs.c,1
2009-W46,hamradio,2
2009-W46,igb,7
2009-W46,iseries_veth.c,1
2009-W46,ixgbe,4
2009-W46,lasi_82596.c,1
2009-W46,lib82596.c,1
2009-W46,macvlan.c,1
2009-W46,mlx4,3
2009-W46,niu.c,1
2009-W46,ps3_gelic_net.c,1
2009-W46,qlge,4
2009-W46,r6040.c,1
2009-W46,r8169.c,1
2009-W46,s2io.c,1
2009-W46,sis900.c,1
2009-W46,skfp,1
2009-W46,smsc911x.c,2
2009-W46,smsc911x.h,1
2009-W46,spider_net.c,1
2009-W46,stmmac,1
2009-W46,tg3.c,20
2009-W46,tg3.h,10
2009-W46,tokenring,1
2009-W46,ucc_geth.c,1
2009-W46,ucc_geth.h,1
2009-W46,usb,1
2009-W46,wan,1
2009-W46,wimax,2
2009-W46,wireless,41
2009-W47,3c501.c,1
2009-W47,3c505.c,1
2009-W47,3c507.c,1
2009-W47,3c509.c,1
2009-W47,3c515.c,1
2009-W47,3c523.c,1
2009-W47,3c527.c,1
2009-W47,Kconfig,3
2009-W47,appletalk,1
2009-W47,arcnet,1
2009-W47,arm,2
2009-W47,at1700.c,1
2009-W47,atl1c,1
2009-W47,atl1e,1
2009-W47,atlx,1
2009-W47,atp.c,1
2009-W47,au1000_eth.c,2
2009-W47,benet,6
2009-W47,bnx2x.h,1
2009-W47,bnx2x_main.c,2
2009-W47,bonding,1
2009-W47,can,13
2009-W47,cnic.c,1
2009-W47,cs89x0.c,1
2009-W47,cxgb3,1
2009-W47,davinci_emac.c,3
2009-W47,declance.c,1
2009-W47,depca.c,1
2009-W47,dl2k.c,1
2009-W47,dm9000.c,1
2009-W47,e1000,1
2009-W47,e1000e,31
2009-W47,eepro.c,1
2009-W47,eexpress.c,1
2009-W47,epic100.c,1
2009-W47,ethoc.c,1
2009-W47,fealnx.c,1
2009-W47,fec_mpc52xx.c,1
2009-W47,forcedeth.c,1
2009-W47,hamachi.c,1
2009-W47,ibm_newemac,1
2009-W47,ibmveth.c,1
2009-W47,ifb.c,1
2009-W47,igb,4
2009-W47,igbvf,1
2009-W47,ipg.c,1
2009-W47,irda,2
2009-W47,isa-skeleton.c,1
2009-W47,ixgb,1
2009-W47,ixgbe,2
2009-W47,jazzsonic.c,1
2009-W47,jme.c,1
2009-W47,korina.c,1
2009-W47,ks8851_mll.c,1
2009-W47,lance.c,1
2009-W47,lib82596.c,1
2009-W47,lp486e.c,1
2009-W47,mac89x0.c,1
2009-W47,macsonic.c,1
2009-W47,macvlan.c,1
2009-W47,mipsnet.c,1
2009-W47,myri_sbus.c,1
2009-W47,natsemi.c,1
2009-W47,netx-eth.c,1
2009-W47,netxen,4
2009-W47,ni5010.c,1
2009-W47,ni52.c,1
2009-W47,ni65.c,1
2009-W47,pasemi_mac.c,1
2009-W47,pcmcia,1
2009-W47,pcnet32.c,1
2009-W47,phy,1
2009-W47,ppp_async.c,1
2009-W47,ppp_generic.c,2
2009-W47,pppoe.c,1
2009-W47,pppol2tp.c,2
2009-W47,qlge,1
2009-W47,r6040.c,1
2009-W47,s6gmac.c,1
2009-W47,sb1000.c,1
2009-W47,sb1250-mac.c,1
2009-W47,seeq8005.c,1
2009-W47,sh_eth.c,1
2009-W47,sis900.c,1
2009-W47,skge.c,1
2009-W47,smc911x.c,1
2009-W47,smc9194.c,1
2009-W47,smc91x.c,1
2009-W47,smsc9420.c,1
2009-W47,starfire.c,1
2009-W47,stmmac,3
2009-W47,sun3_82586.c,1
2009-W47,sunbmac.c,1
2009-W47,sundance.c,1
2009-W47,sungem.c,1
2009-W47,sunhme.c,1
2009-W47,sunlance.c,1
2009-W47,sunqe.c,1
2009-W47,tc35815.c,1
2009-W47,tehuti.c,1
2009-W47,tokenring,2
2009-W47,tulip,1
2009-W47,typhoon.c,1
2009-W47,veth.c,1
2009-W47,via-rhine.c,1
2009-W47,via-velocity.c,1
2009-W47,vmxnet3,2
2009-W47,wan,2
2009-W47,wimax,1
2009-W47,wireless,58
2009-W47,xilinx_emaclite.c,1
2009-W47,xtsonic.c,1
2009-W47,yellowfin.c,1
2009-W47,znet.c,2
2009-W48,arm,1
2009-W48,benet,6
2009-W48,bnx2.c,1
2009-W48,bonding,1
2009-W48,e100.c,1
2009-W48,hamradio,1
2009-W48,ixgbe,8
2009-W48,loopback.c,2
2009-W48,macvlan.c,4
2009-W48,mv643xx_eth.c,1
2009-W48,netxen,1
2009-W48,pcmcia,1
2009-W48,ppp_generic.c,1
2009-W48,pppoe.c,1
2009-W48,pppol2tp.c,1
2009-W48,r8169.c,2
2009-W48,sfc,68
2009-W48,smc91x.c,2
2009-W48,smsc9420.c,1
2009-W48,usb,2
2009-W48,veth.c,1
2009-W48,via-velocity.c,6
2009-W48,via-velocity.h,4
2009-W48,wan,5
2009-W48,wireless,53
2009-W49,3c501.c,1
2009-W49,3c503.c,1
2009-W49,3c507.c,1
2009-W49,3c509.c,1
2009-W49,3c515.c,1
2009-W49,3c527.c,1
2009-W49,3c59x.c,1
2009-W49,8139cp.c,1
2009-W49,8139too.c,1
2009-W49,appletalk,1
2009-W49,arcnet,1
2009-W49,at1700.c,1
2009-W49,atarilance.c,1
2009-W49,atl1c,2
2009-W49,atl1e,4
2009-W49,atlx,1
2009-W49,atp.c,1
2009-W49,b44.c,1
2009-W49,benet,6
2009-W49,bfin_mac.c,1
2009-W49,bmac.c,1
2009-W49,bnx2.c,7
2009-W49,bnx2.h,2
2009-W49,bnx2x_link.c,1
2009-W49,bonding,1
2009-W49,can,1
2009-W49,cnic.c,5
2009-W49,cxgb3,1
2009-W49,dl2k.c,1
2009-W49,dm9000.c,1
2009-W49,e1000,2
2009-W49,e1000e,14
2009-W49,e2100.c,1
2009-W49,ehea,1
2009-W49,epic100.c,1
2009-W49,fealnx.c,1
2009-W49,gianfar_sysfs.c,1
2009-W49,hamachi.c,1
2009-W49,hamradio,1
2009-W49,hp-plus.c,1
2009-W49,hp100.c,1
2009-W49,ibm_newemac,1
2009-W49,igb,2
2009-W49,igbvf,2
2009-W49,irda,1
2009-W49,isa-skeleton.c,1
2009-W49,iseries_veth.c,1
2009-W49,ixgb,1
2009-W49,ixgbe,6
2009-W49,jazzsonic.c,1
2009-W49,jme.c,1
2009-W49,ks8851.c,1
2009-W49,lance.c,1
2009-W49,lib8390.c,1
2009-W49,ll_temac_main.c,1
2009-W49,mac89x0.c,1
2009-W49,mace.c,1
2009-W49,macvlan.c,1
2009-W49,myri10ge,1
2009-W49,natsemi.c,1
2009-W49,netxen,6
2009-W49,ni52.c,1
2009-W49,ns83820.c,1
2009-W49,pci-skeleton.c,1
2009-W49,pcmcia,1
2009-W49,pcnet32.c,1
2009-W49,phy,1
2009-W49,plip.c,1
2009-W49,ppp_async.c,1
2009-W49,ppp_deflate.c,1
2009-W49,ppp_generic.c,1
2009-W49,ppp_mppe.c,1
2009-W49,ppp_synctty.c,1
2009-W49,pppoe.c,1
2009-W49,ps3_gelic_net.c,2
2009-W49,ps3_gelic_net.h,2
2009-W49,qla3xxx.c,1
2009-W49,qlge,1
2009-W49,r6040.c,1
2009-W49,r8169.c,1
2009-W49,s6gmac.c,1
2009-W49,sc92031.c,1
2009-W49,skge.c,1
2009-W49,sky2.c,3
2009-W49,slip.c,1
2009-W49,smc-mca.c,1
2009-W49,smc91x.h,1
2009-W49,smsc911x.c,1
2009-W49,starfire.c,1
2009-W49,stmmac,1
2009-W49,sundance.c,1
2009-W49,sungem.h,1
2009-W49,sunhme.c,2
2009-W49,tehuti.c,1
2009-W49,tg3.c,8
2009-W49,tg3.h,4
2009-W49,tlan.c,1
2009-W49,tokenring,1
2009-W49,tulip,1
2009-W49,typhoon.c,1
2009-W49,ucc_geth.c,1
2009-W49,usb,3
2009-W49,via-rhine.c,1
2009-W49,via-velocity.c,1
2009-W49,virtio_net.c,1
2009-W49,vmxnet3,1
2009-W49,vxge,1
2009-W49,wan,2
2009-W49,wireless,76
2009-W49,yellowfin.c,1
2009-W49,znet.c,1
2009-W50,Kconfig,1
2009-W50,b44.c,1
2009-W50,benet,1
2009-W50,bonding,1
2009-W50,can,3
2009-W50,cnic.c,2
2009-W50,cpmac.c,1
2009-W50,cs89x0.c,1
2009-W50,cxgb3,1
2009-W50,e1000e,3
2009-W50,fec_mpc52xx.c,1
2009-W50,gianfar.c,1
2009-W50,igb,1
2009-W50,igbvf,1
2009-W50,ixgbe,2
2009-W50,mlx4,1
2009-W50,mv643xx_eth.c,1
2009-W50,myri10ge,1
2009-W50,netxen,4
2009-W50,pcmcia,1
2009-W50,sfc,1
2009-W50,smc91x.c,2
2009-W50,smc91x.h,1
2009-W50,typhoon.c,1
2009-W50,usb,2
2009-W50,wan,1
2009-W50,wireless,51
2009-W51,3c59x.c,1
2009-W51,Kconfig,1
2009-W51,bcm63xx_enet.c,1
2009-W51,bnx2.c,3
2009-W51,bonding,1
2009-W51,can,1
2009-W51,cxgb3,1
2009-W51,davinci_emac.c,1
2009-W51,dm9000.c,1
2009-W51,e100.c,1
2009-W51,e1000e,1
2009-W51,gianfar.c,2
2009-W51,gianfar.h,3
2009-W51,ixgbe,3
2009-W51,mlx4,1
2009-W51,netxen,1
2009-W51,phy,1
2009-W51,r8169.c,1
2009-W51,sh_eth.c,1
2009-W51,sky2.c,2
2009-W51,smsc911x.c,1
2009-W51,via-velocity.c,1
2009-W51,vmxnet3,1
2009-W51,wireless,24
2009-W52,3c507.c,1
2009-W52,atarilance.c,1
2009-W52,benet,3
2009-W52,bnx2x_main.c,1
2009-W52,bonding,1
2009-W52,can,1
2009-W52,enic,6
2009-W52,gianfar.c,1
2009-W52,ibmlana.c,1
2009-W52,igb,4
2009-W52,igbvf,1
2009-W52,ixgbe,1
2009-W52,myri_sbus.c,1
2009-W52,niu.c,1
2009-W52,pcnet32.c,1
2009-W52,sfc,8
2009-W52,tun.c,1
2009-W52,ucc_geth.c,3
2009-W52,usb,1
2009-W52,via-rhine.c,1
2009-W52,vxge,1
2009-W52,wireless,32
2009-W53,arm,1
2009-W53,fsl_pq_mdio.c,1
2009-W53,hamradio,1
2009-W53,igbvf,1
2009-W53,lib82596.c,1
2009-W53,ll_temac_main.c,1
2009-W53,netxen,2
2009-W53,octeon,1
2009-W53,pcmcia,2
2009-W53,phy,3
2009-W53,qlge,3
2009-W53,r8169.c,1
2009-W53,rrunner.c,1
2009-W53,sh_eth.c,2
2009-W53,sky2.c,3
2009-W53,smc911x.c,1
2009-W53,sunvnet.c,1
2009-W53,ucc_geth.c,1
2009-W53,usb,2
2009-W53,via-velocity.c,1
2009-W53,wireless,14
2009-W53,xilinx_emaclite.c,1
2010-W01,3c59x.c,1
2010-W01,8139cp.c,1
2010-W01,8139too.c,2
2010-W01,Kconfig,1
2010-W01,Makefile,1
2010-W01,acenic.c,1
2010-W01,amd8111e.c,1
2010-W01,arcnet,1
2010-W01,arm,2
2010-W01,atl1c,2
2010-W01,atl1e,2
2010-W01,atlx,2
2010-W01,b44.c,1
2010-W01,benet,1
2010-W01,bnx2.c,1
2010-W01,bnx2x_main.c,1
2010-W01,bonding,1
2010-W01,can,3
2010-W01,cassini.c,1
2010-W01,chelsio,1
2010-W01,cs89x0.c,1
2010-W01,cxgb3,2
2010-W01,davinci_emac.c,2
2010-W01,defxx.c,2
2010-W01,dl2k.h,1
2010-W01,e100.c,1
2010-W01,e1000,1
2010-W01,e1000e,6
2010-W01,enic,1
2010-W01,epic100.c,1
2010-W01,fealnx.c,1
2010-W01,forcedeth.c,1
2010-W01,hamachi.c,1
2010-W01,hp100.c,1
2010-W01,igb,2
2010-W01,igbvf,1
2010-W01,ioc3-eth.c,1
2010-W01,ipg.c,1
2010-W01,irda,1
2010-W01,ixgb,1
2010-W01,ixgbe,10
2010-W01,ixgbevf,5
2010-W01,jme.c,1
2010-W01,mac8390.c,6
2010-W01,mlx4,2
2010-W01,mv643xx_eth.c,1
2010-W01,myri10ge,1
2010-W01,natsemi.c,1
2010-W01,ne2k-pci.c,1
2010-W01,netxen,5
2010-W01,niu.c,1
2010-W01,ns83820.c,1
2010-W01,pasemi_mac.c,1
2010-W01,pci-skeleton.c,2
2010-W01,pcmcia,2
2010-W01,pcnet32.c,1
2010-W01,phy,1
2010-W01,qla3xxx.c,1
2010-W01,qlge,2
2010-W01,r6040.c,1
2010-W01,r8169.c,1
2010-W01,rrunner.c,1
2010-W01,s2io.c,1
2010-W01,sc92031.c,1
2010-W01,sfc,1
2010-W01,sis190.c,1
2010-W01,sis900.c,1
2010-W01,skfp,2
2010-W01,skge.c,1
2010-W01,sky2.c,1
2010-W01,smsc9420.c,1
2010-W01,spider_net.c,1
2010-W01,starfire.c,1
2010-W01,stmmac,12
2010-W01,sundance.c,1
2010-W01,sungem.c,1
2010-W01,sunhme.c,1
2010-W01,tc35815.c,1
2010-W01,tehuti.c,1
2010-W01,tg3.c,1
2010-W01,tlan.c,1
2010-W01,tokenring,1
2010-W01,tulip,2
2010-W01,typhoon.c,1
2010-W01,ucc_geth.h,1
2010-W01,usb,6
2010-W01,via-rhine.c,1
2010-W01,via-velocity.c,1
2010-W01,vmxnet3,1
2010-W01,vxge,3
2010-W01,wan,1
2010-W01,wimax,2
2010-W01,wireless,50
2010-W01,yellowfin.c,1
2010-W02,Kconfig,1
2010-W02,Makefile,1
2010-W02,bnx2.c,2
2010-W02,bnx2.h,1
2010-W02,bonding,1
2010-W02,can,3
2010-W02,e1000e,5
2010-W02,ethernet,1
2010-W02,ethoc.c,1
2010-W02,ixgbe,2
2010-W02,macvlan.c,1
2010-W02,netxen,4
2010-W02,phy,1
2010-W02,qlcnic,1
2010-W02,qlge,8
2010-W02,sfc,2
2010-W02,tg3.c,5
2010-W02,tg3.h,2
2010-W02,tlan.c,1
2010-W02,tlan.h,1
2010-W02,tun.c,1
2010-W02,ucc_geth.c,1
2010-W02,wireless,80
2010-W03,benet,4
2010-W03,bfin_mac.c,1
2010-W03,e1000,3
2010-W03,e1000e,4
2010-W03,ibmveth.c,1
2010-W03,igb,2
2010-W03,igbvf,3
2010-W03,iseries_veth.c,1
2010-W03,ixgb,1
2010-W03,ixgbe,6
2010-W03,ixgbevf,4
2010-W03,ks8851.c,1
2010-W03,pcmcia,1
2010-W03,phy,1
2010-W03,ppp_generic.c,1
2010-W03,qla3xxx.c,1
2010-W03,s2io.c,1
2010-W03,sfc,1
2010-W03,sky2.c,2
2010-W03,tg3.c,10
2010-W03,tg3.h,4
2010-W03,tulip,1
2010-W03,ucc_geth.c,1
2010-W03,wimax,2
2010-W03,wireless,67
2010-W04,Kconfig,2
2010-W04,Makefile,1
2010-W04,amd8111e.c,1
2010-W04,ariadne.c,1
2010-W04,benet,2
2010-W04,bnx2.c,2
2010-W04,bnx2x_main.c,1
2010-W04,bonding,1
2010-W04,cassini.c,1
2010-W04,cpmac.c,1
2010-W04,cxgb3,1
2010-W04,e1000,1
2010-W04,igb,1
2010-W04,igbvf,1
2010-W04,ixgbe,3
2010-W04,ixgbevf,1
2010-W04,ks8851_mll.c,1
2010-W04,macvlan.c,2
2010-W04,macvtap.c,1
2010-W04,meth.c,1
2010-W04,mlx4,1
2010-W04,mv643xx_eth.c,1
2010-W04,niu.c,1
2010-W04,ps3_gelic_wireless.c,2
2010-W04,qlge,2
2010-W04,sfc,2
2010-W04,skfp,1
2010-W04,starfire.c,1
2010-W04,stmmac,1
2010-W04,tulip,13
2010-W04,usb,5
2010-W04,virtio_net.c,3
2010-W04,wimax,3
2010-W04,wireless,21
2010-W05,8139cp.c,1
2010-W05,8139too.c,1
2010-W05,Kconfig,1
2010-W05,atlx,1
2010-W05,benet,1
2010-W05,bonding,1
2010-W05,can,4
2010-W05,chelsio,1
2010-W05,cxgb3,1
2010-W05,davinci_emac.c,1
2010-W05,e1000,2
2010-W05,e1000e,3
2010-W05,fec.c,2
2010-W05,igb,2
2010-W05,irda,2
2010-W05,ixgbe,5
2010-W05,mace.c,1
2010-W05,mlx4,1
2010-W05,netxen,2
2010-W05,phy,1
2010-W05,ps3_gelic_wireless.c,2
2010-W05,qlcnic,7
2010-W05,qlge,6
2010-W05,sfc,11
2010-W05,sky2.c,6
2010-W05,sky2.h,1
2010-W05,smsc9420.c,1
2010-W05,spider_net.c,1
2010-W05,stmmac,1
2010-W05,sungem.c,1
2010-W05,tehuti.c,1
2010-W05,tokenring,1
2010-W05,tun.c,1
2010-W05,ucc_geth.c,1
2010-W05,usb,1
2010-W05,wimax,1
2010-W05,wireless,40
2010-W06,3c505.c,1
2010-W06,3c509.c,1
2010-W06,3c523.c,1
2010-W06,3c527.c,1
2010-W06,7990.c,1
2010-W06,82596.c,1
2010-W06,Kconfig,1
2010-W06,Makefile,1
2010-W06,a2065.c,1
2010-W06,acenic.c,1
2010-W06,amd8111e.c,1
2010-W06,ariadne.c,1
2010-W06,arm,2
2010-W06,at1700.c,1
2010-W06,atarilance.c,1
2010-W06,atl1e,1
2010-W06,atp.c,1
2010-W06,au1000_eth.c,1
2010-W06,ax88796.c,1
2010-W06,b44.c,2
2010-W06,bcm63xx_enet.c,1
2010-W06,benet,10
2010-W06,bfin_mac.c,1
2010-W06,bmac.c,1
2010-W06,bnx2.c,1
2010-W06,bnx2x_main.c,1
2010-W06,chelsio,1
2010-W06,cpmac.c,1
2010-W06,cris,1
2010-W06,cxgb3,3
2010-W06,davinci_emac.c,1
2010-W06,de620.c,1
2010-W06,declance.c,1
2010-W06,defxx.c,1
2010-W06,depca.c,1
2010-W06,dl2k.c,1
2010-W06,dm9000.c,1
2010-W06,e100.c,1
2010-W06,eepro.c,1
2010-W06,eexpress.c,1
2010-W06,ehea,1
2010-W06,enc28j60.c,1
2010-W06,enic,1
2010-W06,epic100.c,1
2010-W06,eth16i.c,1
2010-W06,ewrk3.c,1
2010-W06,fealnx.c,1
2010-W06,fec.c,1
2010-W06,fec_mpc52xx.c,1
2010-W06,fs_enet,1
2010-W06,gianfar.c,1
2010-W06,hamachi.c,1
2010-W06,hp100.c,1
2010-W06,ibm_newemac,1
2010-W06,ibmveth.c,1
2010-W06,igb,2
2010-W06,igbvf,1
2010-W06,ioc3-eth.c,1
2010-W06,ipg.c,2
2010-W06,isa-skeleton.c,1
2010-W06,iseries_veth.c,1
2010-W06,ixgb,1
2010-W06,ixgbe,6
2010-W06,ixgbevf,1
2010-W06,jme.c,2
2010-W06,jme.h,1
2010-W06,korina.c,1
2010-W06,ks8851.c,1
2010-W06,ks8851_mll.c,1
2010-W06,ksz884x.c,1
2010-W06,lance.c,1
2010-W06,lib82596.c,1
2010-W06,ll_temac_main.c,1
2010-W06,lp486e.c,1
2010-W06,macb.c,2
2010-W06,mace.c,1
2010-W06,macmace.c,1
2010-W06,macvtap.c,1
2010-W06,natsemi.c,1
2010-W06,netxen,1
2010-W06,ni52.c,1
2010-W06,ni65.c,1
2010-W06,niu.c,2
2010-W06,ns83820.c,1
2010-W06,octeon,1
2010-W06,pci-skeleton.c,1
2010-W06,pcmcia,1
2010-W06,pcnet32.c,1
2010-W06,ps3_gelic_net.c,1
2010-W06,qlcnic,1
2010-W06,qlge,2
2010-W06,r6040.c,1
2010-W06,r8169.c,2
2010-W06,s2io.c,1
2010-W06,sc92031.c,1
2010-W06,sfc,2
2010-W06,sgiseeq.c,1
2010-W06,sis190.c,1
2010-W06,sis900.c,1
2010-W06,skfp,1
2010-W06,skge.c,2
2010-W06,sky2.c,11
2010-W06,sky2.h,1
2010-W06,smc911x.c,1
2010-W06,smc911x.h,2
2010-W06,smc9194.c,1
2010-W06,smc91x.c,1
2010-W06,smsc911x.c,1
2010-W06,smsc9420.c,1
2010-W06,sonic.c,1
2010-W06,starfire.c,1
2010-W06,stmmac,1
2010-W06,sun3_82586.c,1
2010-W06,sun3lance.c,1
2010-W06,sunbmac.c,1
2010-W06,sundance.c,1
2010-W06,sungem.c,1
2010-W06,sunhme.c,1
2010-W06,sunlance.c,1
2010-W06,sunqe.c,1
2010-W06,tc35815.c,1
2010-W06,tehuti.c,1
2010-W06,tg3.c,10
2010-W06,tg3.h,5
2010-W06,tlan.c,1
2010-W06,tokenring,1
2010-W06,tsi108_eth.c,1
2010-W06,tulip,1
2010-W06,tun.c,1
2010-W06,typhoon.c,1
2010-W06,ucc_geth.c,1
2010-W06,usb,1
2010-W06,via-rhine.c,1
2010-W06,via-velocity.c,5
2010-W06,virtio_net.c,2
2010-W06,vmxnet3,1
2010-W06,vxge,1
2010-W06,wireless,23
2010-W06,yellowfin.c,1
2010-W07,3c501.c,1
2010-W07,3c505.c,1
2010-W07,3c515.c,1
2010-W07,3c523.c,1
2010-W07,3c527.c,1
2010-W07,3c59x.c,1
2010-W07,7990.c,1
2010-W07,8139cp.c,1
2010-W07,8139too.c,1
2010-W07,82596.c,1
2010-W07,Kconfig,4
2010-W07,Makefile,1
2010-W07,a2065.c,1
2010-W07,amd8111e.c,1
2010-W07,amd8111e.h,1
2010-W07,appletalk,1
2010-W07,arm,1
2010-W07,at1700.c,1
2010-W07,atl1c,2
2010-W07,atl1e,1
2010-W07,atlx,1
2010-W07,atp.c,1
2010-W07,au1000_eth.c,1
2010-W07,b44.c,4
2010-W07,bcm63xx_enet.c,1
2010-W07,benet,10
2010-W07,bfin_mac.c,1
2010-W07,bmac.c,1
2010-W07,bnx2.c,8
2010-W07,bnx2.h,1
2010-W07,bnx2x.h,2
2010-W07,bnx2x_fw_defs.h,1
2010-W07,bnx2x_hsi.h,1
2010-W07,bnx2x_init_ops.h,1
2010-W07,bnx2x_link.c,1
2010-W07,bnx2x_main.c,8
2010-W07,cassini.c,2
2010-W07,chelsio,2
2010-W07,cnic.c,1
2010-W07,cpmac.c,1
2010-W07,cris,1
2010-W07,cs89x0.c,1
2010-W07,cxgb3,1
2010-W07,declance.c,1
2010-W07,defxx.c,1
2010-W07,depca.c,2
2010-W07,dl2k.c,1
2010-W07,dm9000.c,1
2010-W07,e1000,1
2010-W07,eepro.c,1
2010-W07,greth.c,2
2010-W07,greth.h,1
2010-W07,igb,18
2010-W07,ixgb,1
2010-W07,ixgbe,1
2010-W07,ll_temac_main.c,2
2010-W07,loopback.c,1
2010-W07,macvtap.c,3
2010-W07,mv643xx_eth.c,1
2010-W07,niu.c,1
2010-W07,pci-skeleton.c,1
2010-W07,pcmcia,1
2010-W07,pcnet32.c,2
2010-W07,phy,1
2010-W07,qlge,3
2010-W07,r8169.c,1
2010-W07,s2io.c,1
2010-W07,sb1250-mac.c,1
2010-W07,sc92031.c,1
2010-W07,sfc,3
2010-W07,sis190.c,3
2010-W07,sis900.c,1
2010-W07,skfp,1
2010-W07,skge.c,3
2010-W07,sky2.c,3
2010-W07,smsc911x.c,2
2010-W07,smsc9420.c,1
2010-W07,sonic.c,1
2010-W07,spider_net.c,1
2010-W07,starfire.c,1
2010-W07,stmmac,1
2010-W07,sun3_82586.c,1
2010-W07,sunbmac.c,1
2010-W07,sundance.c,1
2010-W07,sungem.c,1
2010-W07,sunhme.c,1
2010-W07,sunlance.c,1
2010-W07,sunqe.c,1
2010-W07,sunvnet.c,1
2010-W07,tc35815.c,1
2010-W07,tehuti.c,4
2010-W07,tehuti.h,1
2010-W07,tg3.c,13
2010-W07,tg3.h,5
2010-W07,tokenring,1
2010-W07,tulip,1
2010-W07,typhoon.c,1
2010-W07,usb,4
2010-W07,veth.c,1
2010-W07,wireless,55
2010-W07,xilinx_emaclite.c,1
2010-W07,yellowfin.c,1
2010-W08,arm,1
2010-W08,bnx2.c,6
2010-W08,bnx2x_main.c,1
2010-W08,bonding,1
2010-W08,can,3
2010-W08,chelsio,1
2010-W08,cnic.c,6
2010-W08,cnic.h,3
2010-W08,cnic_defs.h,1
2010-W08,cnic_if.h,1
2010-W08,davinci_emac.c,1
2010-W08,e100.c,1
2010-W08,e1000,2
2010-W08,eepro.c,1
2010-W08,eexpress.c,1
2010-W08,ehea,1
2010-W08,enic,1
2010-W08,epic100.c,1
2010-W08,ethoc.c,1
2010-W08,ewrk3.c,1
2010-W08,fealnx.c,1
2010-W08,fec.c,1
2010-W08,fec_mpc52xx.c,1
2010-W08,forcedeth.c,1
2010-W08,fs_enet,4
2010-W08,gianfar.c,1
2010-W08,greth.c,2
2010-W08,hamachi.c,1
2010-W08,hp100.c,1
2010-W08,ibm_newemac,1
2010-W08,ibmlana.c,1
2010-W08,ibmveth.c,1
2010-W08,igb,1
2010-W08,igbvf,1
2010-W08,ioc3-eth.c,1
2010-W08,ipg.c,1
2010-W08,isa-skeleton.c,3
2010-W08,iseries_veth.c,1
2010-W08,ixgb,1
2010-W08,ixgbe,4
2010-W08,jme.c,1
2010-W08,korina.c,1
2010-W08,ks8842.c,1
2010-W08,ks8851.c,2
2010-W08,ks8851_mll.c,2
2010-W08,ksz884x.c,2
2010-W08,lib82596.c,1
2010-W08,lib8390.c,1
2010-W08,ll_temac_main.c,1
2010-W08,lp486e.c,1
2010-W08,mac89x0.c,1
2010-W08,macb.c,1
2010-W08,mace.c,1
2010-W08,macmace.c,1
2010-W08,mv643xx_eth.c,1
2010-W08,myri10ge,3
2010-W08,natsemi.c,1
2010-W08,netxen,1
2010-W08,ni5010.c,1
2010-W08,ni52.c,1
2010-W08,niu.c,1
2010-W08,octeon,1
2010-W08,pci-skeleton.c,1
2010-W08,pcmcia,1
2010-W08,pcnet32.c,1
2010-W08,ps3_gelic_net.c,1
2010-W08,qlcnic,1
2010-W08,qlge,1
2010-W08,r6040.c,1
2010-W08,r8169.c,1
2010-W08,sis190.c,1
2010-W08,smc911x.c,1
2010-W08,smc9194.c,1
2010-W08,smc91x.c,1
2010-W08,starfire.c,1
2010-W08,tc35815.c,2
2010-W08,tehuti.c,1
2010-W08,tg3.c,7
2010-W08,tlan.c,1
2010-W08,tsi108_eth.c,1
2010-W08,typhoon.c,1
2010-W08,ucc_geth.c,1
2010-W08,veth.c,1
2010-W08,via-rhine.c,1
2010-W08,via-velocity.c,1
2010-W08,virtio_net.c,1
2010-W08,vmxnet3,1
2010-W08,vxge,1
2010-W08,wireless,61
2010-W08,yellowfin.c,1
2010-W08,znet.c,1
2010-W09,arm,1
2010-W09,benet,4
2010-W09,can,1
2010-W09,cassini.c,1
2010-W09,cpmac.c,4
2010-W09,cxgb3,1
2010-W09,davinci_emac.c,1
2010-W09,e1000e,1
2010-W09,gianfar.c,2
2010-W09,irda,1
2010-W09,ixgbe,1
2010-W09,ixgbevf,1
2010-W09,mlx4,1
2010-W09,pcmcia,1
2010-W09,r8169.c,1
2010-W09,s2io.c,1
2010-W09,sis190.c,1
2010-W09,smc91x.h,1
2010-W09,typhoon.c,1
2010-W09,usb,1
2010-W09,virtio_net.c,1
2010-W09,wireless,22
2010-W10,Kconfig,1
2010-W10,benet,1
2010-W10,bnx2x_main.c,3
2010-W10,bonding,2
2010-W10,can,1
2010-W10,davinci_emac.c,2
2010-W10,e1000e,1
2010-W10,irda,1
2010-W10,macvlan.c,1
2010-W10,myri10ge,1
2010-W10,phy,1
2010-W10,qlcnic,6
2010-W10,r8169.c,1
2010-W10,s2io.c,1
2010-W10,sky2.c,1
2010-W10,smc91x.h,1
2010-W10,tg3.c,2
2010-W10,tulip,1
2010-W10,usb,2
2010-W10,wireless,30
2010-W11,Kconfig,2
2010-W11,arm,1
2010-W11,bonding,2
2010-W11,can,3
2010-W11,e100.c,2
2010-W11,e1000e,2
2010-W11,enic,5
2010-W11,igb,1
2010-W11,ixgbe,4
2010-W11,ixgbevf,3
2010-W11,jme.c,2
2010-W11,jme.h,1
2010-W11,ks8851.c,1
2010-W11,ksz884x.c,2
2010-W11,mlx4,1
2010-W11,ne.c,1
2010-W11,netxen,1
2010-W11,pcmcia,2
2010-W11,pppol2tp.c,2
2010-W11,ps3_gelic_wireless.c,1
2010-W11,smsc911x.c,1
2010-W11,tun.c,1
2010-W11,usb,3
2010-W11,wireless,69
2010-W12,3c501.c,1
2010-W12,3c505.c,1
2010-W12,3c507.c,1
2010-W12,3c509.c,1
2010-W12,3c515.c,1
2010-W12,3c523.c,1
2010-W12,3c59x.c,1
2010-W12,7990.c,1
2010-W12,8139cp.c,1
2010-W12,8139too.c,1
2010-W12,82596.c,1
2010-W12,a2065.c,1
2010-W12,acenic.c,1
2010-W12,amd8111e.c,1
2010-W12,appletalk,1
2010-W12,arcnet,1
2010-W12,ariadne.c,1
2010-W12,arm,1
2010-W12,at1700.c,1
2010-W12,atarilance.c,1
2010-W12,atl1c,1
2010-W12,atl1e,1
2010-W12,atlx,2
2010-W12,atp.c,1
2010-W12,ax88796.c,1
2010-W12,b44.c,1
2010-W12,bcm63xx_enet.c,1
2010-W12,benet,5
2010-W12,bmac.c,1
2010-W12,bnx2.c,2
2010-W12,bnx2x_link.c,1
2010-W12,bonding,2
2010-W12,can,1
2010-W12,chelsio,1
2010-W12,cris,1
2010-W12,cs89x0.c,1
2010-W12,cxgb3,1
2010-W12,dm9000.c,1
2010-W12,dnet.c,1
2010-W12,e1000,2
2010-W12,e1000e,4
2010-W12,eepro.c,2
2010-W12,eexpress.c,1
2010-W12,ehea,1
2010-W12,enc28j60.c,1
2010-W12,enic,1
2010-W12,epic100.c,1
2010-W12,eql.c,1
2010-W12,eth16i.c,1
2010-W12,ethoc.c,1
2010-W12,ewrk3.c,1
2010-W12,fealnx.c,1
2010-W12,fec_mpc52xx.c,1
2010-W12,fec_mpc52xx_phy.c,1
2010-W12,forcedeth.c,1
2010-W12,fs_enet,1
2010-W12,gianfar.c,1
2010-W12,gianfar.h,1
2010-W12,gianfar_ethtool.c,1
2010-W12,gianfar_sysfs.c,1
2010-W12,greth.c,1
2010-W12,hamachi.c,1
2010-W12,hamradio,2
2010-W12,hp100.c,1
2010-W12,hplance.c,1
2010-W12,hydra.c,1
2010-W12,ibm_newemac,1
2010-W12,ibmlana.c,1
2010-W12,ibmveth.c,1
2010-W12,igb,10
2010-W12,igbvf,2
2010-W12,ioc3-eth.c,1
2010-W12,ipg.c,2
2010-W12,ipg.h,1
2010-W12,irda,2
2010-W12,iseries_veth.c,1
2010-W12,ixgbe,10
2010-W12,ixgbevf,5
2010-W12,ixp2000,1
2010-W12,jazzsonic.c,1
2010-W12,jme.c,1
2010-W12,korina.c,1
2010-W12,ks8851_mll.c,1
2010-W12,ksz884x.c,2
2010-W12,lasi_82596.c,1
2010-W12,lib82596.c,1
2010-W12,ll_temac_main.c,1
2010-W12,ll_temac_mdio.c,1
2010-W12,mac8390.c,1
2010-W12,mac89x0.c,1
2010-W12,mace.c,1
2010-W12,macmace.c,1
2010-W12,macsonic.c,1
2010-W12,macvtap.c,1
2010-W12,mlx4,2
2010-W12,mv643xx_eth.c,1
2010-W12,mvme147.c,1
2010-W12,myri10ge,1
2010-W12,myri_sbus.c,1
2010-W12,ne2.c,1
2010-W12,netconsole.c,1
2010-W12,netxen,5
2010-W12,ni5010.c,1
2010-W12,ni52.c,1
2010-W12,niu.c,1
2010-W12,ns83820.c,1
2010-W12,octeon,1
2010-W12,pasemi_mac.c,1
2010-W12,pcmcia,2
2010-W12,phy,1
2010-W12,plip.c,1
2010-W12,ppp_async.c,1
2010-W12,ppp_generic.c,1
2010-W12,ppp_synctty.c,1
2010-W12,pppox.c,1
2010-W12,ps3_gelic_net.c,2
2010-W12,ps3_gelic_wireless.c,2
2010-W12,qla3xxx.c,1
2010-W12,qlcnic,1
2010-W12,qlge,2
2010-W12,r6040.c,1
2010-W12,r8169.c,2
2010-W12,rionet.c,1
2010-W12,rrunner.c,1
2010-W12,s2io.c,1
2010-W12,sb1000.c,1
2010-W12,seeq8005.c,1
2010-W12,sfc,1
2010-W12,sgiseeq.c,1
2010-W12,sh_eth.c,1
2010-W12,sis190.c,1
2010-W12,sis900.c,1
2010-W12,skfp,2
2010-W12,skge.c,2
2010-W12,sky2.c,1
2010-W12,slhc.c,1
2010-W12,slip.c,1
2010-W12,smc911x.c,2
2010-W12,smc9194.c,2
2010-W12,smc91x.c,2
2010-W12,smsc911x.c,1
2010-W12,smsc9420.c,1
2010-W12,sni_82596.c,1
2010-W12,spider_net.c,1
2010-W12,stmmac,3
2010-W12,sun3_82586.c,1
2010-W12,sun3lance.c,1
2010-W12,sunbmac.c,1
2010-W12,sundance.c,1
2010-W12,sungem.c,1
2010-W12,sunlance.c,1
2010-W12,tehuti.h,1
2010-W12,tlan.c,1
2010-W12,tokenring,2
2010-W12,tsi108_eth.c,2
2010-W12,tulip,3
2010-W12,typhoon.c,1
2010-W12,ucc_geth.c,1
2010-W12,ucc_geth_ethtool.c,1
2010-W12,usb,1
2010-W12,veth.c,1
2010-W12,via-rhine.c,1
2010-W12,via-velocity.c,1
2010-W12,virtio_net.c,1
2010-W12,vxge,9
2010-W12,wan,2
2010-W12,wimax,2
2010-W12,wireless,61
2010-W12,xen-netfront.c,1
2010-W12,xilinx_emaclite.c,1
2010-W12,xtsonic.c,1
2010-W12,yellowfin.c,1
2010-W12,znet.c,1
2010-W13,3c505.c,1
2010-W13,3c523.c,1
2010-W13,3c527.c,1
2010-W13,7990.c,1
2010-W13,8139cp.c,1
2010-W13,8139too.c,1
2010-W13,82596.c,1
2010-W13,Kconfig,4
2010-W13,Makefile,3
2010-W13,a2065.c,1
2010-W13,acenic.c,2
2010-W13,acenic.h,1
2010-W13,amd8111e.c,1
2010-W13,arm,2
2010-W13,at1700.c,1
2010-W13,atl1c,2
2010-W13,atl1e,2
2010-W13,atlx,2
2010-W13,atp.c,1
2010-W13,au1000_eth.c,1
2010-W13,b44.c,1
2010-W13,bcm63xx_enet.c,2
2010-W13,benet,8
2010-W13,bfin_mac.c,1
2010-W13,bmac.c,1
2010-W13,bnx2.c,2
2010-W13,bnx2.h,1
2010-W13,bnx2x.h,1
2010-W13,bnx2x_hsi.h,1
2010-W13,bnx2x_main.c,3
2010-W13,bonding,4
2010-W13,caif,1
2010-W13,can,2
2010-W13,cassini.c,1
2010-W13,chelsio,1
2010-W13,cpmac.c,1
2010-W13,cris,1
2010-W13,cxgb3,1
2010-W13,cxgb4,5
2010-W13,davinci_emac.c,1
2010-W13,declance.c,1
2010-W13,defxx.c,1
2010-W13,depca.c,1
2010-W13,dl2k.c,1
2010-W13,dm9000.c,1
2010-W13,e100.c,1
2010-W13,e1000,1
2010-W13,e1000e,1
2010-W13,eepro.c,1
2010-W13,eexpress.c,1
2010-W13,ehea,1
2010-W13,enic,1
2010-W13,epic100.c,1
2010-W13,ethoc.c,1
2010-W13,ewrk3.c,1
2010-W13,fealnx.c,1
2010-W13,fec.c,2
2010-W13,fec_mpc52xx.c,2
2010-W13,forcedeth.c,1
2010-W13,fs_enet,1
2010-W13,gianfar.c,4
2010-W13,greth.c,2
2010-W13,hamachi.c,1
2010-W13,hp100.c,1
2010-W13,ibm_newemac,2
2010-W13,ibmlana.c,1
2010-W13,ibmveth.c,1
2010-W13,igb,1
2010-W13,igbvf,1
2010-W13,ioc3-eth.c,1
2010-W13,ipg.c,1
2010-W13,iseries_veth.c,1
2010-W13,ixgb,1
2010-W13,ixgbe,1
2010-W13,ixgbevf,1
2010-W13,jme.c,1
2010-W13,korina.c,1
2010-W13,ks8851.c,1
2010-W13,ks8851_mll.c,2
2010-W13,ksz884x.c,2
2010-W13,lib82596.c,1
2010-W13,lib8390.c,1
2010-W13,ll_temac_main.c,1
2010-W13,lp486e.c,1
2010-W13,macb.c,1
2010-W13,mace.c,1
2010-W13,macmace.c,1
2010-W13,macvlan.c,1
2010-W13,mlx4,1
2010-W13,mv643xx_eth.c,1
2010-W13,myri10ge,1
2010-W13,natsemi.c,1
2010-W13,netxen,6
2010-W13,ni52.c,1
2010-W13,niu.c,1
2010-W13,octeon,1
2010-W13,pci-skeleton.c,1
2010-W13,pcmcia,3
2010-W13,pcnet32.c,1
2010-W13,phy,3
2010-W13,ppp_generic.c,1
2010-W13,ps3_gelic_net.c,1
2010-W13,ps3_gelic_wireless.c,1
2010-W13,qlcnic,10
2010-W13,qlge,1
2010-W13,r6040.c,1
2010-W13,r8169.c,4
2010-W13,s2io.c,1
2010-W13,s6gmac.c,1
2010-W13,sb1250-mac.c,1
2010-W13,sc92031.c,1
2010-W13,sfc,1
2010-W13,sgiseeq.c,1
2010-W13,sis190.c,1
2010-W13,sis900.c,1
2010-W13,skfp,1
2010-W13,skge.c,1
2010-W13,sky2.c,4
2010-W13,sky2.h,2
2010-W13,smc911x.c,1
2010-W13,smc9194.c,1
2010-W13,smc91x.c,1
2010-W13,smsc911x.c,1
2010-W13,smsc9420.c,1
2010-W13,sonic.c,1
2010-W13,spider_net.c,1
2010-W13,starfire.c,1
2010-W13,stmmac,2
2010-W13,sun3_82586.c,1
2010-W13,sunbmac.c,1
2010-W13,sundance.c,1
2010-W13,sungem.c,1
2010-W13,sunhme.c,1
2010-W13,sunlance.c,1
2010-W13,sunqe.c,1
2010-W13,sunvnet.c,1
2010-W13,tc35815.c,1
2010-W13,tehuti.c,2
2010-W13,tg3.c,1
2010-W13,tlan.c,1
2010-W13,tokenring,1
2010-W13,tsi108_eth.c,1
2010-W13,tulip,1
2010-W13,typhoon.c,1
2010-W13,ucc_geth.c,1
2010-W13,usb,1
2010-W13,via-rhine.c,1
2010-W13,via-velocity.c,1
2010-W13,virtio_net.c,3
2010-W13,vmxnet3,1
2010-W13,vxge,1
2010-W13,wimax,1
2010-W13,wireless,60
2010-W13,xilinx_emaclite.c,1
2010-W13,yellowfin.c,1
2010-W14,3c503.c,1
2010-W14,Kconfig,4
2010-W14,au1000_eth.c,6
2010-W14,au1000_eth.h,2
2010-W14,bcm63xx_enet.c,2
2010-W14,benet,1
2010-W14,caif,2
2010-W14,can,2
2010-W14,cnic.c,1
2010-W14,e1000e,2
2010-W14,gianfar.c,2
2010-W14,gianfar.h,2
2010-W14,igb,2
2010-W14,irda,3
2010-W14,ixgbevf,1
2010-W14,ksz884x.c,1
2010-W14,ll_temac.h,3
2010-W14,ll_temac_main.c,4
2010-W14,macb.c,1
2010-W14,myri10ge,1
2010-W14,octeon,1
2010-W14,pcmcia,1
2010-W14,phy,1
2010-W14,qlcnic,1
2010-W14,r6040.c,2
2010-W14,sb1250-mac.c,1
2010-W14,stmmac,2
2010-W14,tg3.c,11
2010-W14,tg3.h,2
2010-W14,usb,1
2010-W14,via-velocity.c,1
2010-W14,via-velocity.h,1
2010-W14,virtio_net.c,1
2010-W14,vmxnet3,1
2010-W14,vxge,4
2010-W14,wimax,9
2010-W14,wireless,50
2010-W15,3c59x.c,1
2010-W15,Makefile,1
2010-W15,atl1e,1
2010-W15,atlx,1
2010-W15,benet,1
2010-W15,can,4
2010-W15,chelsio,3
2010-W15,cxgb3,1
2010-W15,e1000,1
2010-W15,e1000e,1
2010-W15,ehea,3
2010-W15,fec_mpc52xx.c,2
2010-W15,fec_mpc52xx_phy.c,2
2010-W15,forcedeth.c,2
2010-W15,fs_enet,2
2010-W15,fsl_pq_mdio.c,2
2010-W15,gianfar.c,2
2010-W15,greth.c,1
2010-W15,ibm_newemac,2
2010-W15,ixgbe,1
2010-W15,ixgbevf,1
2010-W15,ks8851.c,1
2010-W15,ksz884x.c,1
2010-W15,lib8390.c,1
2010-W15,ll_temac_main.c,2
2010-W15,myri10ge,2
2010-W15,myri_sbus.c,2
2010-W15,niu.c,2
2010-W15,pcmcia,1
2010-W15,phy,2
2010-W15,qla3xxx.c,1
2010-W15,qla3xxx.h,1
2010-W15,qlge,1
2010-W15,s2io.c,1
2010-W15,stmmac,6
2010-W15,sunbmac.c,2
2010-W15,sunhme.c,2
2010-W15,sunlance.c,2
2010-W15,sunqe.c,2
2010-W15,tehuti.c,1
2010-W15,tg3.c,9
2010-W15,tg3.h,5
2010-W15,tsi108_eth.c,1
2010-W15,tun.c,1
2010-W15,ucc_geth.c,2
2010-W15,usb,2
2010-W15,virtio_net.c,2
2010-W15,wan,1
2010-W15,wimax,5
2010-W15,wireless,146
2010-W15,xilinx_emaclite.c,2
2010-W16,8139too.c,1
2010-W16,bnx2x.h,7
2010-W16,bnx2x_main.c,12
2010-W16,bnx2x_reg.h,1
2010-W16,can,1
2010-W16,cxgb3,1
2010-W16,cxgb4,2
2010-W16,e100.c,1
2010-W16,ehea,2
2010-W16,fsl_pq_mdio.c,1
2010-W16,gianfar.c,1
2010-W16,ks8842.c,1
2010-W16,macvtap.c,2
2010-W16,niu.c,2
2010-W16,niu.h,1
2010-W16,pcmcia,1
2010-W16,qlcnic,8
2010-W16,sky2.c,2
2010-W16,sky2.h,2
2010-W16,tg3.c,1
2010-W16,tun.c,1
2010-W16,usb,1
2010-W16,wan,4
2010-W16,wimax,2
2010-W16,wireless,39
2010-W17,bnx2.c,3
2010-W17,bnx2x_main.c,1
2010-W17,caif,1
2010-W17,cxgb3,1
2010-W17,cxgb4,3
2010-W17,e1000,2
2010-W17,e1000e,4
2010-W17,forcedeth.c,1
2010-W17,gianfar.c,1
2010-W17,igb,5
2010-W17,igbvf,2
2010-W17,ixgb,2
2010-W17,ixgbe,9
2010-W17,ixgbevf,2
2010-W17,macvtap.c,2
2010-W17,phy,1
2010-W17,pppoe.c,1
2010-W17,r8169.c,3
2010-W17,sb1250-mac.c,3
2010-W17,sfc,20
2010-W17,skge.c,1
2010-W17,skge.h,1
2010-W17,sky2.c,1
2010-W17,sky2.h,1
2010-W17,tg3.c,1
2010-W17,tun.c,1
2010-W17,usb,6
2010-W17,wimax,1
2010-W17,wireless,102
2010-W18,3c507.c,1
2010-W18,3c523.c,1
2010-W18,Kconfig,1
2010-W18,arm,2
2010-W18,bcm63xx_enet.c,1
2010-W18,bnx2.c,2
2010-W18,bnx2.h,1
2010-W18,bnx2x_main.c,1
2010-W18,bonding,1
2010-W18,e1000,1
2010-W18,e1000e,9
2010-W18,ethoc.c,1
2010-W18,fec.c,1
2010-W18,forcedeth.c,3
2010-W18,gianfar.c,1
2010-W18,ibmveth.c,1
2010-W18,igb,1
2010-W18,igbvf,1
2010-W18,ixgbe,5
2010-W18,ixgbevf,1
2010-W18,ks8851.c,3
2010-W18,ks8851.h,1
2010-W18,macvlan.c,1
2010-W18,netconsole.c,1
2010-W18,octeon,6
2010-W18,phy,2
2010-W18,ppp_generic.c,2
2010-W18,pppoe.c,1
2010-W18,smc9194.c,1
2010-W18,sunhme.c,1
2010-W18,tehuti.c,1
2010-W18,usb,1
2010-W18,veth.c,1
2010-W18,wireless,67
2010-W18,xilinx_emaclite.c,1
2010-W19,3c501.c,2
2010-W19,3c503.c,1
2010-W19,3c505.c,1
2010-W19,3c507.c,2
2010-W19,3c509.c,2
2010-W19,3c515.c,2
2010-W19,3c523.c,1
2010-W19,3c59x.c,2
2010-W19,7990.c,2
2010-W19,8139cp.c,2
2010-W19,8139too.c,1
2010-W19,82596.c,1
2010-W19,a2065.c,2
2010-W19,ac3200.c,1
2010-W19,acenic.c,1
2010-W19,amd8111e.c,1
2010-W19,apne.c,1
2010-W19,appletalk,2
2010-W19,arcnet,1
2010-W19,ariadne.c,1
2010-W19,arm,1
2010-W19,at1700.c,2
2010-W19,atarilance.c,1
2010-W19,atl1c,1
2010-W19,atl1e,1
2010-W19,atlx,2
2010-W19,atp.c,2
2010-W19,au1000_eth.c,1
2010-W19,ax88796.c,1
2010-W19,b44.c,1
2010-W19,bcm63xx_enet.c,1
2010-W19,benet,1
2010-W19,bfin_mac.c,9
2010-W19,bfin_mac.h,1
2010-W19,bmac.c,1
2010-W19,can,2
2010-W19,cassini.c,1
2010-W19,cnic.c,1
2010-W19,cpmac.c,1
2010-W19,cris,1
2010-W19,cs89x0.c,2
2010-W19,cxgb3,1
2010-W19,cxgb4,3
2010-W19,davinci_emac.c,1
2010-W19,de600.c,1
2010-W19,de620.c,1
2010-W19,declance.c,2
2010-W19,depca.c,2
2010-W19,dl2k.c,1
2010-W19,dm9000.c,1
2010-W19,dnet.c,1
2010-W19,e100.c,1
2010-W19,e1000,4
2010-W19,e1000e,13
2010-W19,e2100.c,1
2010-W19,eepro.c,1
2010-W19,eexpress.c,2
2010-W19,ehea,2
2010-W19,enc28j60.c,1
2010-W19,epic100.c,2
2010-W19,es3210.c,1
2010-W19,eth16i.c,1
2010-W19,ethoc.c,1
2010-W19,ewrk3.c,2
2010-W19,fealnx.c,1
2010-W19,fec.c,1
2010-W19,fec_mpc52xx.c,1
2010-W19,forcedeth.c,1
2010-W19,fs_enet,1
2010-W19,fsl_pq_mdio.c,1
2010-W19,gianfar.c,3
2010-W19,hamachi.c,1
2010-W19,hamradio,1
2010-W19,hp-plus.c,1
2010-W19,hp.c,1
2010-W19,hp100.c,1
2010-W19,ibmveth.c,3
2010-W19,ifb.c,1
2010-W19,igb,1
2010-W19,igbvf,1
2010-W19,ioc3-eth.c,1
2010-W19,irda,2
2010-W19,ixgb,2
2010-W19,ixgbe,4
2010-W19,ixgbevf,2
2010-W19,ixp2000,1
2010-W19,jme.c,1
2010-W19,ksz884x.c,1
2010-W19,lance.c,1
2010-W19,lib82596.c,1
2010-W19,lib8390.c,2
2010-W19,ll_temac_main.c,1
2010-W19,lne390.c,1
2010-W19,lp486e.c,1
2010-W19,mac8390.c,1
2010-W19,mac89x0.c,1
2010-W19,macb.c,1
2010-W19,macmace.c,1
2010-W19,macvlan.c,1
2010-W19,meth.c,2
2010-W19,mlx4,1
2010-W19,mv643xx_eth.c,2
2010-W19,natsemi.c,1
2010-W19,ne-h8300.c,1
2010-W19,ne.c,1
2010-W19,ne2.c,1
2010-W19,ne2k-pci.c,1
2010-W19,ne3210.c,1
2010-W19,netx-eth.c,1
2010-W19,netxen,6
2010-W19,ni5010.c,2
2010-W19,ni52.c,1
2010-W19,ni65.c,1
2010-W19,octeon,2
2010-W19,pasemi_mac.c,1
2010-W19,pci-skeleton.c,1
2010-W19,pcmcia,2
2010-W19,pcnet32.c,2
2010-W19,phy,1
2010-W19,plip.c,2
2010-W19,pppoe.c,1
2010-W19,ps3_gelic_net.c,1
2010-W19,ps3_gelic_wireless.c,1
2010-W19,qla3xxx.c,1
2010-W19,qlcnic,11
2010-W19,qlge,1
2010-W19,r6040.c,2
2010-W19,rrunner.c,1
2010-W19,s2io.c,1
2010-W19,s6gmac.c,1
2010-W19,sb1000.c,1
2010-W19,sb1250-mac.c,1
2010-W19,sc92031.c,1
2010-W19,seeq8005.c,2
2010-W19,sgiseeq.c,1
2010-W19,sh_eth.c,1
2010-W19,sis900.c,2
2010-W19,skfp,2
2010-W19,sky2.c,6
2010-W19,slhc.c,1
2010-W19,slip.c,1
2010-W19,smc-mca.c,1
2010-W19,smc-ultra.c,1
2010-W19,smc-ultra32.c,1
2010-W19,smc911x.c,1
2010-W19,smc9194.c,2
2010-W19,smc91x.c,1
2010-W19,smsc911x.c,1
2010-W19,smsc9420.c,1
2010-W19,sonic.c,1
2010-W19,spider_net.c,1
2010-W19,starfire.c,2
2010-W19,stmmac,1
2010-W19,stnic.c,1
2010-W19,sun3_82586.c,1
2010-W19,sun3lance.c,1
2010-W19,sunbmac.c,1
2010-W19,sundance.c,2
2010-W19,sungem.c,2
2010-W19,sunhme.c,2
2010-W19,sunlance.c,1
2010-W19,sunqe.c,1
2010-W19,sunvnet.c,1
2010-W19,tc35815.c,1
2010-W19,tlan.c,1
2010-W19,tokenring,2
2010-W19,tulip,2
2010-W19,tun.c,2
2010-W19,typhoon.c,1
2010-W19,ucc_geth.c,1
2010-W19,usb,6
2010-W19,via-rhine.c,1
2010-W19,via-velocity.c,1
2010-W19,vmxnet3,2
2010-W19,vxge,1
2010-W19,wan,1
2010-W19,wd.c,1
2010-W19,wimax,1
2010-W19,wireless,75
2010-W19,xilinx_emaclite.c,1
2010-W19,yellowfin.c,1
2010-W19,znet.c,2
2010-W19,zorro8390.c,1
2010-W20,Kconfig,1
2010-W20,arcnet,1
2010-W20,bfin_mac.c,3
2010-W20,bfin_mac.h,1
2010-W20,bnx2.c,3
2010-W20,bnx2.h,1
2010-W20,bnx2x_main.c,1
2010-W20,bonding,7
2010-W20,can,3
2010-W20,cassini.c,1
2010-W20,cnic.c,2
2010-W20,cnic.h,2
2010-W20,cxgb3,1
2010-W20,cxgb4,3
2010-W20,dm9000.c,1
2010-W20,ehea,1
2010-W20,enic,3
2010-W20,eql.c,1
2010-W20,ethoc.c,1
2010-W20,irda,2
2010-W20,ixgbe,8
2010-W20,jme.c,1
2010-W20,lib82596.c,1
2010-W20,mlx4,3
2010-W20,myri_sbus.c,1
2010-W20,ppp_generic.c,2
2010-W20,pppoe.c,2
2010-W20,ps3_gelic_wireless.c,1
2010-W20,qlcnic,7
2010-W20,sh_eth.c,1
2010-W20,skfp,1
2010-W20,slip.c,1
2010-W20,sunbmac.c,1
2010-W20,sunhme.c,1
2010-W20,sunlance.c,1
2010-W20,tun.c,2
2010-W20,usb,2
2010-W20,wan,2
2010-W20,wimax,2
2010-W20,wireless,48
2010-W21,3c507.c,1
2010-W21,8139too.c,1
2010-W21,benet,8
2010-W21,cnic.c,1
2010-W21,cnic_if.h,1
2010-W21,fec.c,2
2010-W21,fec.h,1
2010-W21,fs_enet,1
2010-W21,hamradio,1
2010-W21,korina.c,3
2010-W21,ll_temac.h,1
2010-W21,ll_temac_main.c,2
2010-W21,macvlan.c,1
2010-W21,mlx4,1
2010-W21,ppp_generic.c,1
2010-W21,r8169.c,1
2010-W21,tun.c,1
2010-W21,usb,2
2010-W21,wan,1
2010-W21,wireless,27
2010-W21,xen-netfront.c,1
2010-W22,3c527.h,1
2010-W22,8139cp.c,1
2010-W22,Kconfig,1
2010-W22,arcnet,1
2010-W22,arm,1
2010-W22,atl1c,1
2010-W22,atlx,1
2010-W22,b44.c,1
2010-W22,benet,1
2010-W22,bmac.c,1
2010-W22,bnx2.c,1
2010-W22,bonding,2
2010-W22,caif,2
2010-W22,can,2
2010-W22,chelsio,1
2010-W22,dm9000.c,1
2010-W22,e1000e,1
2010-W22,ehea,1
2010-W22,enic,2
2010-W22,epic100.c,1
2010-W22,fec.c,4
2010-W22,fec_mpc52xx_phy.c,1
2010-W22,fs_enet,1
2010-W22,fsl_pq_mdio.h,1
2010-W22,gianfar.c,1
2010-W22,greth.c,2
2010-W22,irda,1
2010-W22,ixgbe,3
2010-W22,ixgbevf,1
2010-W22,ksz884x.c,2
2010-W22,mac8390.c,3
2010-W22,mace.c,1
2010-W22,macvlan.c,1
2010-W22,mlx4,1
2010-W22,ppp_generic.c,2
2010-W22,pppoe.c,1
2010-W22,ps3_gelic_wireless.h,1
2010-W22,qlcnic,3
2010-W22,qlge,1
2010-W22,r6040.c,2
2010-W22,r8169.c,1
2010-W22,sfc,15
2010-W22,sky2.h,1
2010-W22,tehuti.c,1
2010-W22,tehuti.h,1
2010-W22,tg3.c,10
2010-W22,tg3.h,5
2010-W22,tulip,4
2010-W22,typhoon.c,1
2010-W22,typhoon.h,1
2010-W22,ucc_geth.h,1
2010-W22,usb,1
2010-W22,via-velocity.h,1
2010-W22,virtio_net.c,1
2010-W22,vxge,1
2010-W22,wan,2
2010-W22,wimax,1
2010-W22,wireless,61
2010-W23,3c527.c,1
2010-W23,8139cp.c,1
2010-W23,8139too.c,2
2010-W23,Kconfig,1
2010-W23,appletalk,1
2010-W23,benet,1
2010-W23,bfin_mac.c,2
2010-W23,bfin_mac.h,2
2010-W23,bnx2.c,1
2010-W23,bonding,2
2010-W23,cnic.c,1
2010-W23,e1000,1
2010-W23,e1000e,1
2010-W23,enic,2
2010-W23,ethoc.c,7
2010-W23,gianfar.c,4
2010-W23,hp100.c,1
2010-W23,ibm_newemac,1
2010-W23,irda,1
2010-W23,ixgbe,2
2010-W23,ksz884x.c,1
2010-W23,ll_temac_main.c,1
2010-W23,macvlan.c,2
2010-W23,netxen,3
2010-W23,niu.c,1
2010-W23,pcmcia,3
2010-W23,phy,1
2010-W23,pppoe.c,1
2010-W23,r8169.c,2
2010-W23,sfc,1
2010-W23,tulip,1
2010-W23,ucc_geth.c,1
2010-W23,usb,2
2010-W23,wimax,2
2010-W23,wireless,47
2010-W24,benet,1
2010-W24,bnx2.c,1
2010-W24,bnx2x_link.c,1
2010-W24,caif,1
2010-W24,cnic.c,4
2010-W24,cpmac.c,1
2010-W24,cxgb4,9
2010-W24,e1000e,12
2010-W24,ehea,2
2010-W24,fec.c,1
2010-W24,ixgbe,2
2010-W24,ksz884x.c,1
2010-W24,loopback.c,1
2010-W24,macvlan.c,1
2010-W24,myri_sbus.c,1
2010-W24,niu.c,1
2010-W24,niu.h,1
2010-W24,pcmcia,1
2010-W24,phy,2
2010-W24,qlcnic,7
2010-W24,sky2.c,1
2010-W24,sunbmac.c,1
2010-W24,sunhme.c,1
2010-W24,sunlance.c,1
2010-W24,sunqe.c,1
2010-W24,tulip,1
2010-W24,ucc_geth.c,1
2010-W24,wireless,62
2010-W25,3c59x.c,1
2010-W25,Kconfig,3
2010-W25,Makefile,2
2010-W25,bnx2x_main.c,1
2010-W25,bonding,1
2010-W25,caif,1
2010-W25,cnic.c,6
2010-W25,cnic.h,2
2010-W25,cnic_if.h,1
2010-W25,cxgb3,1
2010-W25,cxgb4,4
2010-W25,cxgb4vf,4
2010-W25,e1000e,1
2010-W25,enic,10
2010-W25,ibm_newemac,1
2010-W25,lib82596.c,1
2010-W25,loopback.c,1
2010-W25,macvlan.c,1
2010-W25,mipsnet.c,1
2010-W25,mlx4,1
2010-W25,mv643xx_eth.c,1
2010-W25,myri_sbus.c,1
2010-W25,netxen,1
2010-W25,niu.c,1
2010-W25,octeon,1
2010-W25,phy,3
2010-W25,qlcnic,9
2010-W25,s2io.c,1
2010-W25,sfc,10
2010-W25,sunbmac.c,1
2010-W25,sunhme.c,1
2010-W25,sunlance.c,1
2010-W25,sunqe.c,1
2010-W25,usb,2
2010-W25,vmxnet3,1
2010-W25,vxge,1
2010-W25,wireless,29
2010-W26,3c59x.c,1
2010-W26,benet,2
2010-W26,bnx2.c,4
2010-W26,bnx2.h,1
2010-W26,bnx2x_main.c,1
2010-W26,bonding,1
2010-W26,caif,1
2010-W26,cpmac.c,1
2010-W26,cxgb4,2
2010-W26,cxgb4vf,2
2010-W26,e1000e,4
2010-W26,ehea,1
2010-W26,enic,1
2010-W26,gianfar.c,3
2010-W26,gianfar.h,3
2010-W26,igb,6
2010-W26,irda,1
2010-W26,ixgbe,8
2010-W26,ks8842.c,1
2010-W26,ll_temac_main.c,1
2010-W26,mv643xx_eth.c,1
2010-W26,myri10ge,1
2010-W26,ne.c,1
2010-W26,netxen,1
2010-W26,niu.c,1
2010-W26,phy,1
2010-W26,qlcnic,3
2010-W26,qlge,2
2010-W26,s2io.c,2
2010-W26,s2io.h,1
2010-W26,sfc,2
2010-W26,sky2.c,1
2010-W26,usb,3
2010-W26,virtio_net.c,2
2010-W26,vmxnet3,1
2010-W26,wireless,37
2010-W27,82596.c,2
2010-W27,Kconfig,1
2010-W27,ac3200.c,1
2010-W27,at1700.c,1
2010-W27,ax88796.c,1
2010-W27,b44.c,1
2010-W27,benet,1
2010-W27,bnx2.c,1
2010-W27,bnx2x_main.c,1
2010-W27,bonding,1
2010-W27,cs89x0.c,1
2010-W27,cxgb3,1
2010-W27,cxgb4,6
2010-W27,cxgb4vf,2
2010-W27,davinci_emac.c,1
2010-W27,e1000e,1
2010-W27,epic100.c,1
2010-W27,ethoc.c,2
2010-W27,fealnx.c,1
2010-W27,fec.c,1
2010-W27,fec_mpc52xx.c,1
2010-W27,forcedeth.c,1
2010-W27,gianfar.c,1
2010-W27,hamachi.c,1
2010-W27,hp100.c,1
2010-W27,igbvf,1
2010-W27,ioc3-eth.c,1
2010-W27,ixgbe,1
2010-W27,jazzsonic.c,1
2010-W27,ks8842.c,2
2010-W27,ksz884x.c,1
2010-W27,lance.c,1
2010-W27,ll_temac_main.c,4
2010-W27,loopback.c,1
2010-W27,mac89x0.c,1
2010-W27,macsonic.c,1
2010-W27,macvlan.c,2
2010-W27,macvtap.c,1
2010-W27,mlx4,1
2010-W27,natsemi.c,1
2010-W27,ni52.c,1
2010-W27,niu.c,1
2010-W27,ns83820.c,1
2010-W27,pcmcia,1
2010-W27,ppp_generic.c,1
2010-W27,qlcnic,2
2010-W27,qlge,6
2010-W27,r8169.c,1
2010-W27,sb1250-mac.c,1
2010-W27,sfc,2
2010-W27,sh_eth.c,1
2010-W27,starfire.c,1
2010-W27,sun3_82586.c,1
2010-W27,tc35815.c,1
2010-W27,tg3.c,10
2010-W27,tg3.h,3
2010-W27,vxge,1
2010-W27,wan,1
2010-W27,wireless,54
2010-W27,xtsonic.c,1
2010-W28,Kconfig,3
2010-W28,Space.c,1
2010-W28,arcnet,1
2010-W28,arm,2
2010-W28,au1000_eth.c,1
2010-W28,bcm63xx_enet.c,1
2010-W28,bnx2.c,2
2010-W28,bonding,1
2010-W28,caif,1
2010-W28,cassini.c,2
2010-W28,cassini.h,1
2010-W28,cpmac.c,1
2010-W28,cris,1
2010-W28,cs89x0.c,1
2010-W28,cs89x0.h,1
2010-W28,cxgb4vf,2
2010-W28,depca.c,1
2010-W28,dnet.c,1
2010-W28,eth16i.c,1
2010-W28,ethernet,1
2010-W28,ethoc.c,1
2010-W28,fec.c,1
2010-W28,fec_mpc52xx.c,1
2010-W28,fs_enet,1
2010-W28,gianfar.c,1
2010-W28,ibmveth.c,1
2010-W28,irda,2
2010-W28,ixgbevf,1
2010-W28,ks8842.c,1
2010-W28,macb.c,1
2010-W28,mv643xx_eth.c,1
2010-W28,netxen,1
2010-W28,octeon,1
2010-W28,phy,2
2010-W28,qlcnic,6
2010-W28,s2io-regs.h,1
2010-W28,s2io.c,2
2010-W28,s2io.h,1
2010-W28,sb1250-mac.c,1
2010-W28,sh_eth.c,1
2010-W28,smc91x.h,1
2010-W28,smsc911x.c,1
2010-W28,smsc9420.c,1
2010-W28,stmmac,1
2010-W28,tc35815.c,2
2010-W28,tg3.c,1
2010-W28,tulip,1
2010-W28,ucc_geth.c,1
2010-W28,usb,1
2010-W28,vmxnet3,4
2010-W28,vxge,5
2010-W28,wd.c,1
2010-W28,wireless,25
2010-W29,3c59x.c,4
2010-W29,82596.c,1
2010-W29,Kconfig,1
2010-W29,au1000_eth.c,1
2010-W29,benet,7
2010-W29,bnx2.c,4
2010-W29,bnx2.h,1
2010-W29,bnx2x.h,1
2010-W29,bnx2x_main.c,3
2010-W29,bonding,5
2010-W29,caif,1
2010-W29,cs89x0.c,1
2010-W29,cxgb3,1
2010-W29,cxgb4vf,2
2010-W29,e1000,1
2010-W29,fec.c,1
2010-W29,forcedeth.c,1
2010-W29,igb,1
2010-W29,ixgbe,7
2010-W29,ks8842.c,2
2010-W29,ksz884x.c,1
2010-W29,macvlan.c,1
2010-W29,macvtap.c,1
2010-W29,mv643xx_eth.c,1
2010-W29,pcmcia,6
2010-W29,phy,1
2010-W29,qla3xxx.c,2
2010-W29,qlcnic,3
2010-W29,qlge,1
2010-W29,r6040.c,1
2010-W29,s2io.c,1
2010-W29,smsc911x.c,1
2010-W29,stmmac,1
2010-W29,tun.c,1
2010-W29,usb,2
2010-W29,vmxnet3,2
2010-W29,wimax,1
2010-W29,wireless,35
2010-W30,Kconfig,1
2010-W30,Makefile,1
2010-W30,benet,4
2010-W30,bnx2x,8
2010-W30,bonding,1
2010-W30,cnic.c,1
2010-W30,davinci_emac.c,3
2010-W30,declance.c,1
2010-W30,dnet.c,1
2010-W30,e1000,1
2010-W30,e1000e,2
2010-W30,ethoc.c,1
2010-W30,fsl_pq_mdio.c,1
2010-W30,igb,2
2010-W30,igbvf,1
2010-W30,ixgbe,2
2010-W30,ixgbevf,1
2010-W30,ks8842.c,2
2010-W30,macvlan.c,1
2010-W30,pcmcia,8
2010-W30,s2io.h,1
2010-W30,sky2.c,1
2010-W30,stmmac,2
2010-W30,tun.c,1
2010-W30,ucc_geth.c,1
2010-W30,vxge,1
2010-W30,wireless,91
2010-W30,xilinx_emaclite.c,1
2010-W31,Kconfig,1
2010-W31,amd8111e.c,1
2010-W31,bnx2x,2
2010-W31,can,2
2010-W31,cpmac.c,2
2010-W31,cxgb3,1
2010-W31,cxgb4,9
2010-W31,cxgb4vf,1
2010-W31,davinci_emac.c,2
2010-W31,depca.c,1
2010-W31,e100.c,1
2010-W31,e1000,1
2010-W31,e1000e,4
2010-W31,eepro.c,1
2010-W31,ehea,1
2010-W31,enic,1
2010-W31,fec_mpc52xx.c,1
2010-W31,fec_mpc52xx_phy.c,1
2010-W31,fs_enet,1
2010-W31,fsl_pq_mdio.c,1
2010-W31,gianfar.c,2
2010-W31,gianfar.h,1
2010-W31,greth.c,2
2010-W31,greth.h,1
2010-W31,hamradio,1
2010-W31,hp100.c,1
2010-W31,ibm_newemac,1
2010-W31,igb,4
2010-W31,igbvf,1
2010-W31,irda,1
2010-W31,ixgb,1
2010-W31,ixgbe,2
2010-W31,ixgbevf,2
2010-W31,ll_temac_main.c,1
2010-W31,macvtap.c,1
2010-W31,myri_sbus.c,1
2010-W31,myri_sbus.h,1
2010-W31,netxen,1
2010-W31,niu.c,1
2010-W31,pcmcia,3
2010-W31,phy,3
2010-W31,ppp_async.c,1
2010-W31,ppp_synctty.c,1
2010-W31,pppoe.c,1
2010-W31,ps3_gelic_net.c,1
2010-W31,r6040.c,1
2010-W31,sh_eth.c,1
2010-W31,skfp,1
2010-W31,sunbmac.c,1
2010-W31,sunbmac.h,1
2010-W31,sunhme.c,1
2010-W31,sunhme.h,1
2010-W31,sunlance.c,1
2010-W31,sunqe.c,1
2010-W31,sunqe.h,1
2010-W31,tg3.c,14
2010-W31,tg3.h,6
2010-W31,tulip,2
2010-W31,ucc_geth.c,1
2010-W31,usb,2
2010-W31,via-velocity.c,1
2010-W31,virtio_net.c,1
2010-W31,wan,2
2010-W31,wireless,39
2010-W31,xilinx_emaclite.c,1
2010-W32,3c59x.c,1
2010-W32,Kconfig,1
2010-W32,Makefile,1
2010-W32,arm,1
2010-W32,caif,2
2010-W32,cnic.c,1
2010-W32,cxgb4,1
2010-W32,ehea,1
2010-W32,enic,7
2010-W32,mlx4,1
2010-W32,myri10ge,2
2010-W32,niu.c,1
2010-W32,pcmcia,3
2010-W32,phy,2
2010-W32,ppp_generic.c,1
2010-W32,pxa168_eth.c,1
2010-W32,qlcnic,2
2010-W32,s2io.c,2
2010-W32,s2io.h,1
2010-W32,usb,1
2010-W32,vxge,1
2010-W32,wan,1
2010-W32,wimax,1
2010-W32,wireless,34
2010-W33,Kconfig,1
2010-W33,Makefile,1
2010-W33,amd8111e.c,1
2010-W33,amd8111e.h,1
2010-W33,arm,3
2010-W33,atl1c,1
2010-W33,bfin_mac.c,1
2010-W33,bmac.c,1
2010-W33,bnx2.c,1
2010-W33,bnx2x,2
2010-W33,e1000e,2
2010-W33,ehea,1
2010-W33,fec_mpc52xx.c,1
2010-W33,gianfar.c,1
2010-W33,greth.c,1
2010-W33,ibm_newemac,1
2010-W33,ibmveth.c,1
2010-W33,igb,1
2010-W33,ixgbe,20
2010-W33,ll_temac_main.c,1
2010-W33,mlx4,1
2010-W33,netxen,4
2010-W33,pasemi_mac_ethtool.c,1
2010-W33,pcmcia,1
2010-W33,pptp.c,1
2010-W33,qlcnic,22
2010-W33,qlge,1
2010-W33,sc92031.c,1
2010-W33,sh_eth.c,1
2010-W33,slip.c,1
2010-W33,sungem.c,1
2010-W33,sungem_phy.c,1
2010-W33,sunhme.c,1
2010-W33,sunvnet.c,1
2010-W33,tehuti.c,1
2010-W33,tehuti.h,1
2010-W33,tokenring,1
2010-W33,tulip,1
2010-W33,usb,1
2010-W33,virtio_net.c,1
2010-W33,vxge,1
2010-W33,wireless,36
2010-W33,xen-netfront.c,1
2010-W33,xilinx_emaclite.c,1
2010-W34,3c503.c,1
2010-W34,3c515.c,1
2010-W34,3c59x.c,1
2010-W34,Kconfig,1
2010-W34,Makefile,1
2010-W34,atl1c,1
2010-W34,atl1e,1
2010-W34,atlx,1
2010-W34,atp.c,1
2010-W34,bcm63xx_enet.c,2
2010-W34,bcm63xx_enet.h,1
2010-W34,benet,3
2010-W34,bna,3
2010-W34,bnx2x,2
2010-W34,caif,1
2010-W34,cpmac.c,1
2010-W34,cxgb4,4
2010-W34,declance.c,1
2010-W34,dl2k.c,1
2010-W34,e1000,1
2010-W34,e1000e,1
2010-W34,ehea,1
2010-W34,epic100.c,1
2010-W34,ethoc.c,1
2010-W34,fealnx.c,1
2010-W34,forcedeth.c,1
2010-W34,hamachi.c,1
2010-W34,hp.c,1
2010-W34,hydra.c,2
2010-W34,igb,1
2010-W34,ioc3-eth.c,1
2010-W34,irda,1
2010-W34,ixgb,1
2010-W34,ixgbe,1
2010-W34,ixgbevf,1
2010-W34,mac8390.c,1
2010-W34,mlx4,18
2010-W34,natsemi.c,1
2010-W34,pci-skeleton.c,1
2010-W34,pcmcia,2
2010-W34,phy,1
2010-W34,plip.c,1
2010-W34,pxa168_eth.c,5
2010-W34,qlcnic,7
2010-W34,qlge,2
2010-W34,r6040.c,1
2010-W34,rrunner.c,1
2010-W34,s2io.c,1
2010-W34,s2io.h,1
2010-W34,sh_eth.c,1
2010-W34,sis900.c,1
2010-W34,slip.c,1
2010-W34,slip.h,1
2010-W34,starfire.c,2
2010-W34,stmmac,4
2010-W34,sunbmac.c,1
2010-W34,sundance.c,1
2010-W34,sunhme.c,1
2010-W34,sunlance.c,1
2010-W34,tehuti.c,1
2010-W34,tlan.c,1
2010-W34,tulip,1
2010-W34,typhoon.c,1
2010-W34,usb,1
2010-W34,wan,1
2010-W34,wd.c,1
2010-W34,wireless,80
2010-W34,yellowfin.c,1
2010-W35,3c59x.c,1
2010-W35,8139cp.c,1
2010-W35,acenic.c,1
2010-W35,atl1c,1
2010-W35,atl1e,1
2010-W35,atlx,1
2010-W35,b44.c,2
2010-W35,benet,4
2010-W35,bna,3
2010-W35,bnx2.c,1
2010-W35,bnx2x,9
2010-W35,bonding,1
2010-W35,can,1
2010-W35,cassini.c,1
2010-W35,chelsio,1
2010-W35,cpmac.c,1
2010-W35,cxgb3,5
2010-W35,cxgb4,1
2010-W35,cxgb4vf,2
2010-W35,dm9000.c,1
2010-W35,e1000,1
2010-W35,e1000e,1
2010-W35,fs_enet,1
2010-W35,gianfar.c,1
2010-W35,greth.c,1
2010-W35,ibmlana.c,1
2010-W35,ibmveth.c,20
2010-W35,ibmveth.h,5
2010-W35,igb,1
2010-W35,igbvf,1
2010-W35,ipg.c,1
2010-W35,iseries_veth.c,1
2010-W35,ixgb,1
2010-W35,ixgbe,1
2010-W35,ixgbevf,1
2010-W35,jme.c,2
2010-W35,jme.h,1
2010-W35,ll_temac_main.c,2
2010-W35,ll_temac_mdio.c,1
2010-W35,macb.c,1
2010-W35,mlx4,2
2010-W35,niu.c,1
2010-W35,ns83820.c,5
2010-W35,pasemi_mac.c,1
2010-W35,ps3_gelic_net.c,1
2010-W35,pxa168_eth.c,2
2010-W35,qla3xxx.c,1
2010-W35,qlcnic,11
2010-W35,qlge,1
2010-W35,r8169.c,2
2010-W35,s2io.c,1
2010-W35,sb1250-mac.c,1
2010-W35,sfc,1
2010-W35,sh_eth.c,1
2010-W35,skge.c,1
2010-W35,sky2.c,2
2010-W35,smsc911x.c,1
2010-W35,spider_net.c,1
2010-W35,starfire.c,1
2010-W35,stmmac,3
2010-W35,tehuti.c,1
2010-W35,tg3.c,1
2010-W35,tulip,1
2010-W35,typhoon.c,1
2010-W35,usb,1
2010-W35,via-velocity.c,1
2010-W35,vmxnet3,1
2010-W35,vxge,1
2010-W35,wan,1
2010-W35,wireless,38
2010-W35,xilinx_emaclite.c,1
2010-W36,3c527.c,1
2010-W36,3c59x.c,1
2010-W36,appletalk,1
2010-W36,atlx,1
2010-W36,au1000_eth.c,7
2010-W36,au1000_eth.h,4
2010-W36,bna,1
2010-W36,bnx2x,12
2010-W36,bonding,1
2010-W36,chelsio,1
2010-W36,cxgb3,1
2010-W36,e1000,1
2010-W36,e1000e,1
2010-W36,hamradio,2
2010-W36,ibmveth.c,1
2010-W36,irda,1
2010-W36,ixgbe,4
2010-W36,ixgbevf,2
2010-W36,ks8851.c,1
2010-W36,niu.c,1
2010-W36,ppp_async.c,1
2010-W36,ppp_generic.c,1
2010-W36,r8169.c,1
2010-W36,sfc,10
2010-W36,skfp,1
2010-W36,stmmac,1
2010-W36,sundance.c,1
2010-W36,tulip,1
2010-W36,usb,3
2010-W36,via-velocity.c,1
2010-W36,wan,1
2010-W36,wireless,27
2010-W36,xilinx_emaclite.c,1
2010-W37,3c515.c,1
2010-W37,3c59x.c,1
2010-W37,Kconfig,3
2010-W37,Makefile,2
2010-W37,bna,1
2010-W37,bonding,1
2010-W37,cxgb3,1
2010-W37,davinci_cpdma.c,1
2010-W37,davinci_cpdma.h,1
2010-W37,davinci_emac.c,4
2010-W37,davinci_mdio.c,1
2010-W37,ehea,1
2010-W37,eql.c,1
2010-W37,eth16i.c,1
2010-W37,ixgbe,1
2010-W37,macvlan.c,1
2010-W37,niu.c,1
2010-W37,pcmcia,2
2010-W37,phy,1
2010-W37,plip.c,1
2010-W37,qlcnic,6
2010-W37,r8169.c,1
2010-W37,sfc,1
2010-W37,sky2.c,1
2010-W37,stmmac,4
2010-W37,tg3.c,9
2010-W37,tg3.h,4
2010-W37,tulip,1
2010-W37,usb,2
2010-W37,via-velocity.h,1
2010-W37,wan,1
2010-W37,wireless,65
2010-W38,3c523.c,1
2010-W38,Kconfig,1
2010-W38,Makefile,1
2010-W38,appletalk,1
2010-W38,atarilance.c,1
2010-W38,atlx,3
2010-W38,benet,1
2010-W38,bmac.c,1
2010-W38,bna,1
2010-W38,bnx2.c,1
2010-W38,bnx2x,3
2010-W38,bonding,1
2010-W38,bsd_comp.c,1
2010-W38,can,1
2010-W38,cassini.c,1
2010-W38,chelsio,1
2010-W38,cxgb3,1
2010-W38,de620.c,1
2010-W38,defxx.c,1
2010-W38,e100.c,1
2010-W38,e1000,5
2010-W38,e1000e,8
2010-W38,enic,1
2010-W38,eth16i.c,1
2010-W38,forcedeth.c,1
2010-W38,fsl_pq_mdio.c,1
2010-W38,gianfar_ethtool.c,1
2010-W38,hamradio,1
2010-W38,hp100.c,1
2010-W38,ibm_newemac,2
2010-W38,igb,4
2010-W38,igbvf,1
2010-W38,irda,2
2010-W38,ixgb,2
2010-W38,ixgbe,2
2010-W38,ixgbevf,2
2010-W38,ll_temac_main.c,1
2010-W38,loopback.c,1
2010-W38,lp486e.c,1
2010-W38,meth.c,1
2010-W38,mlx4,2
2010-W38,myri10ge,1
2010-W38,myri_sbus.c,1
2010-W38,netxen,2
2010-W38,niu.c,1
2010-W38,pch_gbe,1
2010-W38,pcmcia,1
2010-W38,pcnet32.c,1
2010-W38,pppoe.c,1
2010-W38,pppox.c,1
2010-W38,pptp.c,1
2010-W38,ps3_gelic_wireless.c,1
2010-W38,qlcnic,3
2010-W38,r6040.c,1
2010-W38,rionet.c,1
2010-W38,sb1250-mac.c,1
2010-W38,sfc,8
2010-W38,sgiseeq.c,1
2010-W38,sis900.c,1
2010-W38,skfp,1
2010-W38,slip.c,1
2010-W38,smsc911x.c,1
2010-W38,stmmac,1
2010-W38,sun3lance.c,1
2010-W38,sundance.c,3
2010-W38,sungem_phy.c,1
2010-W38,sunhme.c,1
2010-W38,sunqe.c,1
2010-W38,tc35815.c,1
2010-W38,tg3.c,1
2010-W38,tlan.c,1
2010-W38,tlan.h,1
2010-W38,tokenring,2
2010-W38,tsi108_eth.c,1
2010-W38,tulip,4
2010-W38,typhoon.c,1
2010-W38,usb,1
2010-W38,veth.c,1
2010-W38,wan,2
2010-W38,wireless,54
2010-W38,xen-netfront.c,1
2010-W39,3c59x.c,1
2010-W39,Kconfig,1
2010-W39,benet,1
2010-W39,bnx2.c,1
2010-W39,bnx2x,2
2010-W39,bonding,1
2010-W39,can,4
2010-W39,cxgb3,1
2010-W39,cxgb4,2
2010-W39,cxgb4vf,1
2010-W39,dummy.c,1
2010-W39,e1000e,2
2010-W39,enic,2
2010-W39,gianfar.c,1
2010-W39,igb,1
2010-W39,ixgbe,2
2010-W39,loopback.c,1
2010-W39,mlx4,1
2010-W39,mv643xx_eth.c,1
2010-W39,myri10ge,2
2010-W39,niu.c,1
2010-W39,pch_gbe,1
2010-W39,phy,2
2010-W39,pxa168_eth.c,1
2010-W39,sfc,1
2010-W39,stmmac,1
2010-W39,tg3.c,9
2010-W39,tg3.h,4
2010-W39,tulip,4
2010-W39,wireless,53
2010-W40,bfin_mac.c,1
2010-W40,bna,2
2010-W40,bnx2x,14
2010-W40,bonding,5
2010-W40,can,2
2010-W40,cnic.c,5
2010-W40,cnic.h,4
2010-W40,cnic_defs.h,1
2010-W40,cnic_if.h,2
2010-W40,ehea,4
2010-W40,fec.c,1
2010-W40,irda,1
2010-W40,ixgbe,1
2010-W40,ixgbevf,1
2010-W40,pch_gbe,1
2010-W40,ppp_generic.c,1
2010-W40,qlcnic,16
2010-W40,r8169.c,2
2010-W40,sfc,1
2010-W40,skge.c,1
2010-W40,smc91x.c,1
2010-W40,sundance.c,2
2010-W40,tg3.c,3
2010-W40,tg3.h,1
2010-W40,wimax,2
2010-W40,wireless,58
2010-W41,3c523.c,1
2010-W41,3c527.c,1
2010-W41,Kconfig,1
2010-W41,b44.c,2
2010-W41,bnx2.c,2
2010-W41,bnx2.h,1
2010-W41,bnx2x,7
2010-W41,bonding,7
2010-W41,can,1
2010-W41,cnic.c,8
2010-W41,cnic.h,4
2010-W41,cnic_if.h,1
2010-W41,cxgb3,1
2010-W41,cxgb4vf,1
2010-W41,dnet.c,1
2010-W41,e1000e,1
2010-W41,fec.c,1
2010-W41,gianfar_ethtool.c,1
2010-W41,igb,2
2010-W41,igbvf,1
2010-W41,ixgbe,3
2010-W41,netconsole.c,1
2010-W41,niu.c,1
2010-W41,ns83820.c,1
2010-W41,pch_gbe,3
2010-W41,r6040.c,1
2010-W41,r8169.c,1
2010-W41,stmmac,3
2010-W41,sundance.c,1
2010-W41,tg3.c,8
2010-W41,tg3.h,3
2010-W41,via-velocity.c,1
2010-W41,via-velocity.h,1
2010-W41,vmxnet3,1
2010-W41,wireless,76
2010-W42,8139cp.c,1
2010-W42,Kconfig,1
2010-W42,amd8111e.c,1
2010-W42,appletalk,1
2010-W42,atl1c,2
2010-W42,atl1e,1
2010-W42,atlx,2
2010-W42,atp.c,1
2010-W42,ax88796.c,1
2010-W42,benet,5
2010-W42,bna,1
2010-W42,bnx2.c,3
2010-W42,bnx2.h,2
2010-W42,bnx2x,7
2010-W42,bonding,1
2010-W42,can,18
2010-W42,chelsio,1
2010-W42,cxgb3,1
2010-W42,cxgb4,3
2010-W42,e1000,3
2010-W42,e1000e,2
2010-W42,ehea,1
2010-W42,enic,6
2010-W42,epic100.c,1
2010-W42,forcedeth.c,1
2010-W42,gianfar.c,2
2010-W42,hamradio,1
2010-W42,ibmlana.c,1
2010-W42,ibmveth.c,2
2010-W42,igb,2
2010-W42,igbvf,1
2010-W42,irda,1
2010-W42,ixgb,1
2010-W42,ixgbe,6
2010-W42,ixgbevf,2
2010-W42,jme.c,6
2010-W42,jme.h,1
2010-W42,mlx4,4
2010-W42,netxen,3
2010-W42,pci-skeleton.c,1
2010-W42,pcmcia,1
2010-W42,phy,2
2010-W42,qlcnic,2
2010-W42,qlge,3
2010-W42,r8169.c,9
2010-W42,s2io.c,1
2010-W42,sc92031.c,1
2010-W42,sfc,1
2010-W42,sky2.c,1
2010-W42,slhc.c,1
2010-W42,tg3.c,1
2010-W42,tlan.c,1
2010-W42,tokenring,1
2010-W42,tulip,1
2010-W42,typhoon.c,2
2010-W42,usb,2
2010-W42,via-velocity.c,1
2010-W42,vmxnet3,4
2010-W42,vxge,3
2010-W42,wan,1
2010-W42,wireless,46
2010-W43,Kconfig,2
2010-W43,atarilance.c,1
2010-W43,benet,3
2010-W43,bonding,2
2010-W43,caif,3
2010-W43,can,5
2010-W43,cxgb3,3
2010-W43,e1000e,2
2010-W43,ehea,2
2010-W43,fs_enet,1
2010-W43,gianfar.c,1
2010-W43,igb,1
2010-W43,igbvf,1
2010-W43,irda,1
2010-W43,ixgb,1
2010-W43,ixgbe,1
2010-W43,jme.c,1
2010-W43,ks8851.c,1
2010-W43,lib8390.c,1
2010-W43,macb.c,1
2010-W43,macvlan.c,1
2010-W43,mlx4,1
2010-W43,netxen,2
2010-W43,pcmcia,1
2010-W43,phy,1
2010-W43,qlcnic,4
2010-W43,qlge,1
2010-W43,sb1000.c,1
2010-W43,sgiseeq.c,1
2010-W43,smsc911x.c,1
2010-W43,smsc911x.h,1
2010-W43,stmmac,1
2010-W43,tg3.c,1
2010-W43,tokenring,1
2010-W43,typhoon.c,1
2010-W43,ucc_geth.c,1
2010-W43,usb,1
2010-W43,vmxnet3,2
2010-W43,wireless,37
2010-W43,xilinx_emaclite.c,1
2010-W44,3c507.c,1
2010-W44,3c515.c,1
2010-W44,82596.c,1
2010-W44,Kconfig,1
2010-W44,Makefile,1
2010-W44,arm,1
2010-W44,at1700.c,1
2010-W44,atarilance.c,1
2010-W44,atlx,1
2010-W44,bnx2x,9
2010-W44,bonding,1
2010-W44,caif,1
2010-W44,chelsio,1
2010-W44,cxgb3,2
2010-W44,cxgb4,1
2010-W44,cxgb4vf,1
2010-W44,e1000,1
2010-W44,e1000e,1
2010-W44,eepro.c,2
2010-W44,fec_mpc52xx.c,1
2010-W44,ibm_newemac,1
2010-W44,igb,3
2010-W44,irda,1
2010-W44,ixgbe,1
2010-W44,lance.c,1
2010-W44,lib82596.c,1
2010-W44,ll_temac_main.c,1
2010-W44,netxen,1
2010-W44,pcmcia,1
2010-W44,sh_eth.c,1
2010-W44,sis900.c,1
2010-W44,skge.c,1
2010-W44,smsc911x.h,1
2010-W44,tehuti.c,1
2010-W44,tile,1
2010-W44,tulip,1
2010-W44,tun.c,1
2010-W44,usb,1
2010-W44,vxge,1
2010-W44,wan,1
2010-W44,wimax,1
2010-W44,wireless,54
2010-W44,znet.c,1
2010-W45,Kconfig,3
2010-W45,bnx2x,3
2010-W45,can,1
2010-W45,cnic.c,1
2010-W45,cxgb4vf,10
2010-W45,e1000,1
2010-W45,e1000e,1
2010-W45,gianfar_ethtool.c,1
2010-W45,ipg.c,1
2010-W45,ixgbe,2
2010-W45,macvlan.c,1
2010-W45,mlx4,1
2010-W45,qlge,2
2010-W45,r8169.c,3
2010-W45,sfc,1
2010-W45,ucc_geth.c,2
2010-W45,virtio_net.c,1
2010-W45,vxge,11
2010-W45,wireless,109
2010-W46,3c59x.c,1
2010-W46,8139cp.c,1
2010-W46,Kconfig,1
2010-W46,atl1c,1
2010-W46,ax88796.c,1
2010-W46,benet,2
2010-W46,bonding,3
2010-W46,caif,1
2010-W46,can,2
2010-W46,dm9000.c,1
2010-W46,e1000,1
2010-W46,e1000e,4
2010-W46,enic,1
2010-W46,gianfar.c,1
2010-W46,igbvf,4
2010-W46,irda,1
2010-W46,iseries_veth.c,1
2010-W46,ixgbe,43
2010-W46,ixgbevf,2
2010-W46,lib8390.c,1
2010-W46,ne-h8300.c,1
2010-W46,pch_gbe,1
2010-W46,pcmcia,1
2010-W46,phy,3
2010-W46,ppp_generic.c,1
2010-W46,qla3xxx.c,1
2010-W46,qlcnic,5
2010-W46,qlge,2
2010-W46,s2io.c,1
2010-W46,sfc,1
2010-W46,usb,2
2010-W46,vmxnet3,1
2010-W46,vxge,2
2010-W46,wimax,1
2010-W46,wireless,55
2010-W46,xilinx_emaclite.c,1
2010-W47,au1000_eth.c,1
2010-W47,b44.c,1
2010-W47,bnx2.c,3
2010-W47,bnx2.h,1
2010-W47,bnx2x,3
2010-W47,cxgb3,2
2010-W47,cxgb4,1
2010-W47,cxgb4vf,1
2010-W47,e1000,1
2010-W47,e1000e,10
2010-W47,ehea,2
2010-W47,ethoc.c,8
2010-W47,forcedeth.c,5
2010-W47,igb,2
2010-W47,igbvf,1
2010-W47,ixgb,1
2010-W47,ixgbe,1
2010-W47,ixgbevf,1
2010-W47,netxen,3
2010-W47,pch_gbe,1
2010-W47,phy,1
2010-W47,ppp_generic.c,1
2010-W47,pptp.c,1
2010-W47,qlcnic,3
2010-W47,sfc,1
2010-W47,stmmac,5
2010-W47,tg3.c,8
2010-W47,tg3.h,4
2010-W47,ucc_geth.h,1
2010-W47,usb,1
2010-W47,vmxnet3,1
2010-W47,vxge,2
2010-W47,wan,2
2010-W47,wireless,64
2010-W48,arm,1
2010-W48,benet,4
2010-W48,bnx2x,2
2010-W48,bonding,1
2010-W48,caif,1
2010-W48,can,5
2010-W48,cris,1
2010-W48,cxgb4,1
2010-W48,e1000,1
2010-W48,e1000e,2
2010-W48,ehea,1
2010-W48,forcedeth.c,11
2010-W48,ifb.c,4
2010-W48,igb,1
2010-W48,ixgb,2
2010-W48,ixgbe,10
2010-W48,ixgbevf,2
2010-W48,jme.c,1
2010-W48,mlx4,1
2010-W48,myri10ge,1
2010-W48,pch_gbe,2
2010-W48,qlcnic,4
2010-W48,sc92031.c,1
2010-W48,sfc,18
2010-W48,skge.c,1
2010-W48,sky2.c,1
2010-W48,stmmac,2
2010-W48,tulip,1
2010-W48,usb,2
2010-W48,vxge,4
2010-W48,wireless,58
2010-W48,xilinx_emaclite.c,1
2010-W49,8139too.c,1
2010-W49,atlx,1
2010-W49,au1000_eth.c,1
2010-W49,bcm63xx_enet.c,1
2010-W49,benet,1
2010-W49,bnx2.c,1
2010-W49,bnx2x,7
2010-W49,bonding,5
2010-W49,can,22
2010-W49,cassini.c,1
2010-W49,cxgb3,1
2010-W49,cxgb4vf,1
2010-W49,e1000e,7
2010-W49,ehea,4
2010-W49,enic,6
2010-W49,ibm_newemac,1
2010-W49,ibmveth.c,1
2010-W49,igb,2
2010-W49,igbvf,3
2010-W49,irda,1
2010-W49,iseries_veth.c,2
2010-W49,ixgb,1
2010-W49,ixgbe,4
2010-W49,ixgbevf,1
2010-W49,mlx4,1
2010-W49,mv643xx_eth.c,2
2010-W49,myri10ge,1
2010-W49,niu.c,1
2010-W49,phy,1
2010-W49,pppoe.c,1
2010-W49,pptp.c,2
2010-W49,pxa168_eth.c,2
2010-W49,qlge,1
2010-W49,r8169.c,2
2010-W49,s2io.c,5
2010-W49,s2io.h,2
2010-W49,sfc,14
2010-W49,sh_eth.c,1
2010-W49,sh_eth.h,1
2010-W49,sis190.c,1
2010-W49,skge.c,1
2010-W49,stmmac,1
2010-W49,sungem.c,1
2010-W49,sunlance.c,1
2010-W49,tg3.c,7
2010-W49,tg3.h,2
2010-W49,usb,2
2010-W49,via-rhine.c,1
2010-W49,via-velocity.c,1
2010-W49,vmxnet3,1
2010-W49,vxge,8
2010-W49,wan,1
2010-W49,wimax,2
2010-W49,wireless,89
2010-W49,xen-netfront.c,1
2010-W50,atl1c,1
2010-W50,atl1e,1
2010-W50,atlx,1
2010-W50,benet,1
2010-W50,bnx2.c,1
2010-W50,bnx2x,6
2010-W50,bonding,3
2010-W50,caif,1
2010-W50,cassini.c,1
2010-W50,chelsio,1
2010-W50,cxgb4,12
2010-W50,e1000,1
2010-W50,e1000e,1
2010-W50,ehea,1
2010-W50,enic,1
2010-W50,ibm_newemac,1
2010-W50,ifb.c,2
2010-W50,ixgb,1
2010-W50,ll_temac_main.c,1
2010-W50,macvtap.c,1
2010-W50,myri10ge,1
2010-W50,niu.c,1
2010-W50,pcmcia,1
2010-W50,qlcnic,3
2010-W50,skge.c,1
2010-W50,sungem.c,1
2010-W50,sunhme.c,1
2010-W50,tehuti.c,1
2010-W50,tun.c,1
2010-W50,usb,3
2010-W50,veth.c,1
2010-W50,virtio_net.c,1
2010-W50,vmxnet3,1
2010-W50,vxge,1
2010-W50,wireless,62
2010-W51,3c501.c,1
2010-W51,3c503.c,1
2010-W51,3c507.c,1
2010-W51,3c527.c,1
2010-W51,at1700.c,1
2010-W51,atl1c,1
2010-W51,benet,1
2010-W51,bna,10
2010-W51,bnx2.c,1
2010-W51,bnx2x,2
2010-W51,can,2
2010-W51,chelsio,1
2010-W51,cnic.c,9
2010-W51,cnic.h,5
2010-W51,cnic_defs.h,1
2010-W51,cnic_if.h,2
2010-W51,cxgb3,1
2010-W51,cxgb4vf,1
2010-W51,e2100.c,1
2010-W51,eepro.c,1
2010-W51,eexpress.c,1
2010-W51,ehea,2
2010-W51,epic100.c,1
2010-W51,gianfar.c,1
2010-W51,hamachi.c,1
2010-W51,hp.c,1
2010-W51,irda,1
2010-W51,jme.c,1
2010-W51,ksz884x.c,1
2010-W51,netxen,1
2010-W51,ni52.c,1
2010-W51,ni65.c,1
2010-W51,pcmcia,1
2010-W51,ppp_generic.c,1
2010-W51,qlcnic,1
2010-W51,qlge,1
2010-W51,r8169.c,1
2010-W51,skfp,2
2010-W51,skge.c,1
2010-W51,sky2.c,1
2010-W51,smc-ultra.c,1
2010-W51,stmmac,1
2010-W51,sundance.c,3
2010-W51,tg3.c,2
2010-W51,tokenring,1
2010-W51,tulip,2
2010-W51,typhoon.c,1
2010-W51,usb,3
2010-W51,vmxnet3,2
2010-W51,vxge,1
2010-W51,wan,1
2010-W51,wd.c,1
2010-W51,wireless,49
2010-W51,yellowfin.c,1
2010-W52,Space.c,1
2010-W52,atlx,1
2010-W52,bnx2.c,2
2010-W52,bnx2x,1
2010-W52,cnic.c,1
2010-W52,e1000e,1
2010-W52,netxen,3
2010-W52,skge.c,1
2010-W52,sky2.c,1
2010-W52,sky2.h,1
2010-W52,starfire.c,1
2010-W52,tg3.c,2
2010-W52,wireless,26
2011-W01,Kconfig,2
2011-W01,arm,1
2011-W01,bnx2x,4
2011-W01,can,2
2011-W01,cassini.c,1
2011-W01,cassini.h,1
2011-W01,cnic.c,3
2011-W01,cnic_if.h,1
2011-W01,depca.c,1
2011-W01,e1000,1
2011-W01,e1000e,10
2011-W01,ethernet,1
2011-W01,fec.c,5
2011-W01,fec.h,1
2011-W01,forcedeth.c,1
2011-W01,hamradio,1
2011-W01,ifb.c,1
2011-W01,irda,1
2011-W01,ixgbe,10
2011-W01,ksz884x.c,1
2011-W01,ll_temac_main.c,1
2011-W01,mlx4,1
2011-W01,netconsole.c,2
2011-W01,ppp_async.c,1
2011-W01,ppp_deflate.c,1
2011-W01,ppp_generic.c,1
2011-W01,ppp_mppe.c,1
2011-W01,ppp_synctty.c,1
2011-W01,qla3xxx.c,1
2011-W01,r6040.c,1
2011-W01,r8169.c,10
2011-W01,sfc,2
2011-W01,sky2.c,2
2011-W01,sky2.h,1
2011-W01,wireless,34
2011-W01,xen-netfront.c,1
2011-W02,Kconfig,2
2011-W02,arm,2
2011-W02,bfin_mac.c,5
2011-W02,bfin_mac.h,3
2011-W02,bna,1
2011-W02,bonding,1
2011-W02,caif,1
2011-W02,can,3
2011-W02,cassini.c,1
2011-W02,cxgb4vf,2
2011-W02,e1000,1
2011-W02,ehea,1
2011-W02,fec.c,6
2011-W02,gianfar.c,1
2011-W02,gianfar.h,1
2011-W02,greth.c,7
2011-W02,greth.h,1
2011-W02,igb,1
2011-W02,irda,2
2011-W02,ixgbe,1
2011-W02,macvtap.c,1
2011-W02,mlx4,3
2011-W02,pcmcia,1
2011-W02,qlcnic,3
2011-W02,r8169.c,2
2011-W02,sfc,4
2011-W02,skfp,1
2011-W02,tile,1
2011-W02,ucc_geth.c,1
2011-W02,usb,1
2011-W02,vmxnet3,8
2011-W02,vxge,1
2011-W02,wan,1
2011-W02,wireless,35
2011-W03,Kconfig,2
2011-W03,appletalk,1
2011-W03,atl1c,2
2011-W03,atl1e,1
2011-W03,bnx2x,8
2011-W03,bonding,1
2011-W03,can,1
2011-W03,cxgb4,1
2011-W03,e1000e,3
2011-W03,enic,1
2011-W03,ethoc.c,1
2011-W03,fec.c,6
2011-W03,gianfar.c,1
2011-W03,igb,1
2011-W03,ixgbe,3
2011-W03,mlx4,1
2011-W03,ns83820.c,1
2011-W03,ppp_generic.c,3
2011-W03,smc91x.h,1
2011-W03,sungem.h,1
2011-W03,tlan.c,2
2011-W03,tlan.h,1
2011-W03,usb,2
2011-W03,via-velocity.c,1
2011-W03,via-velocity.h,1
2011-W03,vxge,4
2011-W03,wireless,41
2011-W04,Makefile,1
2011-W04,appletalk,1
2011-W04,arm,1
2011-W04,bnx2.c,4
2011-W04,bnx2.h,2
2011-W04,bnx2x,6
2011-W04,bonding,3
2011-W04,can,2
2011-W04,cnic.c,2
2011-W04,cnic.h,1
2011-W04,dl2k.c,1
2011-W04,e1000,1
2011-W04,fec.c,2
2011-W04,hamradio,1
2011-W04,ixgb,1
2011-W04,ixgbe,6
2011-W04,ixgbevf,1
2011-W04,macvtap.c,1
2011-W04,myri10ge,1
2011-W04,pch_gbe,1
2011-W04,pcmcia,1
2011-W04,r8169.c,1
2011-W04,sfc,1
2011-W04,smc91x.c,1
2011-W04,sungem.c,1
2011-W04,sungem.h,1
2011-W04,tg3.c,12
2011-W04,tg3.h,7
2011-W04,tun.c,1
2011-W04,typhoon.c,1
2011-W04,veth.c,1
2011-W04,vxge,1
2011-W04,wireless,73
2011-W04,xen-netfront.c,1
2011-W05,Makefile,1
2011-W05,appletalk,1
2011-W05,atl1c,1
2011-W05,benet,4
2011-W05,bna,1
2011-W05,bnx2.h,1
2011-W05,bnx2x,15
2011-W05,can,3
2011-W05,cnic.c,1
2011-W05,cnic_if.h,1
2011-W05,depca.c,1
2011-W05,e1000e,4
2011-W05,enc28j60.c,1
2011-W05,enic,5
2011-W05,igb,1
2011-W05,ixgbe,2
2011-W05,ixgbevf,1
2011-W05,niu.c,1
2011-W05,r8169.c,2
2011-W05,sis900.c,1
2011-W05,wireless,53
2011-W06,atl1c,1
2011-W06,atlx,1
2011-W06,benet,15
2011-W06,bonding,2
2011-W06,can,6
2011-W06,cxgb3,2
2011-W06,cxgb4,1
2011-W06,e1000e,2
2011-W06,igb,1
2011-W06,igbvf,1
2011-W06,ixgbe,4
2011-W06,jme.c,7
2011-W06,jme.h,7
2011-W06,pch_gbe,4
2011-W06,phy,1
2011-W06,sfc,1
2011-W06,stmmac,1
2011-W06,tg3.c,2
2011-W06,tlan.c,1
2011-W06,usb,3
2011-W06,virtio_net.c,1
2011-W06,wireless,30
2011-W07,Kconfig,1
2011-W07,ax88796.c,6
2011-W07,benet,6
2011-W07,bnx2x,3
2011-W07,bonding,2
2011-W07,can,4
2011-W07,cxgb4vf,4
2011-W07,dm9000.c,1
2011-W07,enic,3
2011-W07,fec.c,1
2011-W07,forcedeth.c,1
2011-W07,igb,2
2011-W07,igbvf,1
2011-W07,irda,1
2011-W07,ixgbe,16
2011-W07,ks8842.c,1
2011-W07,loopback.c,1
2011-W07,pcmcia,1
2011-W07,phy,1
2011-W07,r8169.c,1
2011-W07,sfc,2
2011-W07,sh_eth.c,1
2011-W07,tg3.c,1
2011-W07,usb,3
2011-W07,wan,2
2011-W07,wireless,49
2011-W08,Kconfig,1
2011-W08,atl1c,1
2011-W08,atl1e,1
2011-W08,ax88796.c,3
2011-W08,bonding,3
2011-W08,can,1
2011-W08,davinci_emac.c,1
2011-W08,dm9000.c,2
2011-W08,dnet.c,1
2011-W08,e1000,1
2011-W08,e1000e,6
2011-W08,enic,1
2011-W08,fec.c,1
2011-W08,fec_mpc52xx.c,1
2011-W08,fec_mpc52xx.h,1
2011-W08,fec_mpc52xx_phy.c,1
2011-W08,fs_enet,1
2011-W08,fsl_pq_mdio.c,1
2011-W08,gianfar.c,1
2011-W08,greth.c,1
2011-W08,ibm_newemac,1
2011-W08,igb,3
2011-W08,ixgbe,13
2011-W08,ixgbevf,1
2011-W08,ll_temac_main.c,1
2011-W08,myri_sbus.c,1
2011-W08,niu.c,1
2011-W08,phy,1
2011-W08,qla3xxx.c,1
2011-W08,qlcnic,2
2011-W08,r6040.c,2
2011-W08,r8169.c,6
2011-W08,sfc,8
2011-W08,skge.c,1
2011-W08,sunbmac.c,1
2011-W08,sunhme.c,1
2011-W08,sunlance.c,1
2011-W08,sunqe.c,1
2011-W08,ucc_geth.c,1
2011-W08,usb,1
2011-W08,wireless,67
2011-W08,xilinx_emaclite.c,1
2011-W09,Kconfig,4
2011-W09,Makefile,1
2011-W09,atl1e,1
2011-W09,atlx,1
2011-W09,benet,1
2011-W09,bnx2x,12
2011-W09,bonding,6
2011-W09,cnic.c,4
2011-W09,e1000e,2
2011-W09,eql.c,1
2011-W09,forcedeth.c,1
2011-W09,ftmac100.c,1
2011-W09,ftmac100.h,1
2011-W09,igb,1
2011-W09,igbvf,1
2011-W09,ipg.c,1
2011-W09,ixgbe,9
2011-W09,ixgbevf,4
2011-W09,jme.c,1
2011-W09,macb.c,1
2011-W09,macvtap.c,1
2011-W09,mii.c,1
2011-W09,mv643xx_eth.c,1
2011-W09,pptp.c,1
2011-W09,r8169.c,1
2011-W09,s2io.c,1
2011-W09,sis900.c,1
2011-W09,sky2.c,1
2011-W09,smsc911x.c,1
2011-W09,tile,2
2011-W09,tlan.c,2
2011-W09,tun.c,1
2011-W09,vxge,1
2011-W09,wireless,67
2011-W10,ariadne.c,1
2011-W10,benet,8
2011-W10,bonding,4
2011-W10,can,1
2011-W10,cnic.c,3
2011-W10,cxgb4,1
2011-W10,davinci_emac.c,1
2011-W10,enic,1
2011-W10,ethernet,6
2011-W10,igb,5
2011-W10,ixgbe,7
2011-W10,ixgbevf,1
2011-W10,macvlan.c,1
2011-W10,netxen,1
2011-W10,phy,1
2011-W10,pptp.c,1
2011-W10,r6040.c,2
2011-W10,r8169.c,2
2011-W10,sh_eth.c,6
2011-W10,sh_eth.h,4
2011-W10,tg3.c,7
2011-W10,usb,2
2011-W10,wireless,24
2011-W10,xen-netfront.c,1
2011-W11,Kconfig,3
2011-W11,Makefile,1
2011-W11,benet,4
2011-W11,bnx2.c,1
2011-W11,bnx2.h,1
2011-W11,bnx2x,1
2011-W11,bonding,7
2011-W11,cs89x0.c,2
2011-W11,e1000e,2
2011-W11,ethernet,1
2011-W11,ftmac100.c,2
2011-W11,gianfar.c,1
2011-W11,gianfar.h,1
2011-W11,ixgbe,8
2011-W11,macvlan.c,2
2011-W11,netxen,1
2011-W11,niu.c,1
2011-W11,r8169.c,3
2011-W11,smsc911x.c,1
2011-W11,usb,1
2011-W11,wireless,40
2011-W11,xen-netback,1
2011-W11,xen-netfront.c,2
2011-W12,a2065.c,1
2011-W12,ariadne.c,1
2011-W12,atlx,1
2011-W12,benet,5
2011-W12,bfin_mac.c,1
2011-W12,bnx2.c,1
2011-W12,bonding,1
2011-W12,caif,1
2011-W12,can,5
2011-W12,cxgb3,1
2011-W12,davinci_cpdma.c,1
2011-W12,davinci_cpdma.h,1
2011-W12,davinci_emac.c,1
2011-W12,e1000e,2
2011-W12,hamradio,1
2011-W12,irda,1
2011-W12,ixgbe,2
2011-W12,jme.c,1
2011-W12,ksz884x.c,1
2011-W12,macvlan.c,1
2011-W12,mlx4,18
2011-W12,myri10ge,2
2011-W12,netxen,1
2011-W12,pch_gbe,1
2011-W12,ppp_async.c,1
2011-W12,ppp_deflate.c,1
2011-W12,ppp_synctty.c,1
2011-W12,qlcnic,1
2011-W12,r8169.c,3
2011-W12,rionet.c,2
2011-W12,s2io.c,1
2011-W12,sfc,1
2011-W12,slip.c,1
2011-W12,smsc911x.c,1
2011-W12,smsc911x.h,1
2011-W12,tg3.c,2
2011-W12,veth.c,1
2011-W12,vmxnet3,1
2011-W12,vxge,1
2011-W12,wan,1
2011-W12,wireless,45
2011-W13,3c501.c,1
2011-W13,3c523.c,1
2011-W13,3c527.c,1
2011-W13,3c59x.c,1
2011-W13,Kconfig,4
2011-W13,Makefile,4
2011-W13,acenic.c,1
2011-W13,amd8111e.c,1
2011-W13,arm,2
2011-W13,at1700.c,1
2011-W13,atl1e,1
2011-W13,atlx,2
2011-W13,bcm63xx_enet.c,2
2011-W13,benet,3
2011-W13,bna,1
2011-W13,bnx2x,4
2011-W13,bonding,2
2011-W13,caif,1
2011-W13,can,1
2011-W13,cassini.c,1
2011-W13,cassini.h,1
2011-W13,chelsio,1
2011-W13,cnic.c,1
2011-W13,cnic.h,1
2011-W13,cnic_if.h,1
2011-W13,cris,2
2011-W13,cxgb3,1
2011-W13,cxgb4,1
2011-W13,cxgb4vf,1
2011-W13,davinci_emac.c,1
2011-W13,dm9000.c,1
2011-W13,e1000,1
2011-W13,e1000e,1
2011-W13,enc28j60_hw.h,1
2011-W13,enic,4
2011-W13,eth16i.c,1
2011-W13,ethernet,4
2011-W13,ethoc.c,1
2011-W13,fec.h,1
2011-W13,forcedeth.c,1
2011-W13,gianfar.h,1
2011-W13,hamradio,3
2011-W13,hp100.c,1
2011-W13,hp100.h,1
2011-W13,ibm_newemac,1
2011-W13,ibmlana.c,2
2011-W13,ibmlana.h,1
2011-W13,igb,1
2011-W13,igbvf,1
2011-W13,ipg.c,1
2011-W13,irda,3
2011-W13,ixgbe,6
2011-W13,ixgbevf,1
2011-W13,jme.c,1
2011-W13,jme.h,1
2011-W13,ks8842.c,1
2011-W13,ks8851.c,1
2011-W13,ks8851_mll.c,1
2011-W13,lib8390.c,1
2011-W13,lp486e.c,1
2011-W13,macb.c,1
2011-W13,meth.h,1
2011-W13,mlx4,4
2011-W13,myri10ge,1
2011-W13,myri_sbus.c,1
2011-W13,natsemi.c,1
2011-W13,netxen,2
2011-W13,niu.c,1
2011-W13,ns83820.c,1
2011-W13,pch_gbe,1
2011-W13,pci-skeleton.c,1
2011-W13,pcmcia,4
2011-W13,pcnet32.c,1
2011-W13,phy,2
2011-W13,ppp_generic.c,1
2011-W13,ppp_synctty.c,1
2011-W13,pppoe.c,1
2011-W13,ps3_gelic_net.c,1
2011-W13,ps3_gelic_net.h,1
2011-W13,ps3_gelic_wireless.c,1
2011-W13,pxa168_eth.c,1
2011-W13,qla3xxx.c,1
2011-W13,qla3xxx.h,1
2011-W13,qlcnic,9
2011-W13,qlge,1
2011-W13,r6040.c,1
2011-W13,r8169.c,1
2011-W13,s2io.c,1
2011-W13,s2io.h,1
2011-W13,sfc,3
2011-W13,sgiseeq.c,1
2011-W13,sh_eth.c,1
2011-W13,sis190.c,1
2011-W13,sis900.c,1
2011-W13,skfp,1
2011-W13,skge.c,1
2011-W13,skge.h,2
2011-W13,sky2.c,1
2011-W13,sky2.h,1
2011-W13,smc91x.h,1
2011-W13,smsc911x.c,1
2011-W13,smsc9420.c,1
2011-W13,starfire.c,1
2011-W13,stmmac,1
2011-W13,sunbmac.h,1
2011-W13,sungem.c,2
2011-W13,sunhme.c,1
2011-W13,sunhme.h,1
2011-W13,tc35815.c,1
2011-W13,tehuti.c,1
2011-W13,tehuti.h,1
2011-W13,tg3.c,2
2011-W13,tg3.h,1
2011-W13,tokenring,1
2011-W13,tsi108_eth.h,1
2011-W13,tulip,1
2011-W13,typhoon.c,1
2011-W13,ucc_geth.h,1
2011-W13,usb,4
2011-W13,veth.c,1
2011-W13,via-rhine.c,2
2011-W13,via-velocity.c,1
2011-W13,virtio_net.c,1
2011-W13,vmxnet3,1
2011-W13,vxge,1
2011-W13,wan,2
2011-W13,wimax,1
2011-W13,wireless,70
2011-W13,xen-netback,1
2011-W13,xen-netfront.c,3
2011-W13,xilinx_emaclite.c,1
2011-W13,znet.c,1
2011-W14,8139cp.c,1
2011-W14,Kconfig,4
2011-W14,Makefile,4
2011-W14,atl1c,1
2011-W14,atl1e,1
2011-W14,atlx,1
2011-W14,benet,9
2011-W14,bna,1
2011-W14,bnx2.c,2
2011-W14,bnx2.h,2
2011-W14,bnx2x,1
2011-W14,bonding,4
2011-W14,can,3
2011-W14,cnic.c,1
2011-W14,cris,1
2011-W14,cxgb3,1
2011-W14,cxgb4,1
2011-W14,cxgb4vf,1
2011-W14,e1000e,1
2011-W14,enic,1
2011-W14,ethernet,4
2011-W14,ewrk3.c,1
2011-W14,fs_enet,1
2011-W14,gianfar.h,1
2011-W14,gianfar_ethtool.c,1
2011-W14,igb,2
2011-W14,igbvf,1
2011-W14,ixgbe,6
2011-W14,ks8842.c,1
2011-W14,ksz884x.c,1
2011-W14,mlx4,2
2011-W14,netxen,1
2011-W14,niu.c,2
2011-W14,niu.h,1
2011-W14,pcnet32.c,1
2011-W14,pppoe.c,1
2011-W14,ps3_gelic_net.c,1
2011-W14,ps3_gelic_net.h,1
2011-W14,ps3_gelic_wireless.c,1
2011-W14,qlcnic,1
2011-W14,qlge,1
2011-W14,r8169.c,1
2011-W14,s2io.c,1
2011-W14,s2io.h,1
2011-W14,sfc,4
2011-W14,sgiseeq.c,1
2011-W14,sgiseeq.h,1
2011-W14,skge.c,1
2011-W14,sky2.c,2
2011-W14,sky2.h,1
2011-W14,smsc911x.c,1
2011-W14,stmmac,4
2011-W14,tg3.c,11
2011-W14,tg3.h,8
2011-W14,ucc_geth_ethtool.c,1
2011-W14,usb,4
2011-W14,via-velocity.c,1
2011-W14,vxge,4
2011-W14,wireless,83
2011-W14,xen-netfront.c,1
2011-W15,atl1c,1
2011-W15,atl1e,1
2011-W15,atlx,1
2011-W15,benet,3
2011-W15,bna,4
2011-W15,bnx2.c,1
2011-W15,bnx2x,5
2011-W15,bonding,7
2011-W15,can,3
2011-W15,cxgb3,2
2011-W15,cxgb4,1
2011-W15,cxgb4vf,1
2011-W15,dm9000.c,1
2011-W15,e1000e,1
2011-W15,ehea,1
2011-W15,ewrk3.c,1
2011-W15,forcedeth.c,1
2011-W15,gianfar.c,1
2011-W15,gianfar.h,1
2011-W15,gianfar_ethtool.c,1
2011-W15,greth.c,1
2011-W15,greth.h,1
2011-W15,ibm_newemac,1
2011-W15,ioc3-eth.c,1
2011-W15,ixgbe,8
2011-W15,loopback.c,1
2011-W15,macb.c,1
2011-W15,macvlan.c,1
2011-W15,mlx4,1
2011-W15,mv643xx_eth.c,1
2011-W15,myri10ge,1
2011-W15,natsemi.c,1
2011-W15,netxen,1
2011-W15,niu.c,3
2011-W15,pcnet32.c,1
2011-W15,qlcnic,1
2011-W15,qlge,1
2011-W15,s2io.c,2
2011-W15,s2io.h,1
2011-W15,sfc,3
2011-W15,sis900.c,1
2011-W15,skge.c,1
2011-W15,sky2.c,1
2011-W15,smsc911x.c,1
2011-W15,spider_net.c,1
2011-W15,spider_net.h,1
2011-W15,spider_net_ethtool.c,1
2011-W15,stmmac,1
2011-W15,tehuti.c,1
2011-W15,tg3.c,6
2011-W15,tg3.h,3
2011-W15,tokenring,1
2011-W15,typhoon.c,1
2011-W15,usb,3
2011-W15,via-rhine.c,2
2011-W15,wireless,90
2011-W16,3c509.c,1
2011-W16,3c59x.c,1
2011-W16,Makefile,1
2011-W16,arm,1
2011-W16,atl1c,1
2011-W16,atlx,1
2011-W16,benet,7
2011-W16,bna,1
2011-W16,bnx2x,1
2011-W16,bonding,2
2011-W16,chelsio,1
2011-W16,depca.c,1
2011-W16,dm9000.c,1
2011-W16,ehea,1
2011-W16,forcedeth.c,1
2011-W16,fs_enet,1
2011-W16,gianfar_ptp.c,1
2011-W16,hp100.c,1
2011-W16,ibmlana.c,1
2011-W16,ibmveth.c,1
2011-W16,irda,1
2011-W16,ixgbe,7
2011-W16,mv643xx_eth.c,1
2011-W16,ne3210.c,1
2011-W16,netconsole.c,1
2011-W16,pch_gbe,1
2011-W16,phy,1
2011-W16,qlcnic,1
2011-W16,qlge,1
2011-W16,r8169.c,2
2011-W16,s2io.c,1
2011-W16,smc-mca.c,1
2011-W16,tg3.c,9
2011-W16,tg3.h,4
2011-W16,tile,1
2011-W16,tokenring,1
2011-W16,tulip,1
2011-W16,tun.c,1
2011-W16,usb,1
2011-W16,vmxnet3,1
2011-W16,vxge,1
2011-W16,wireless,103
2011-W16,xen-netback,1
2011-W17,3c509.c,1
2011-W17,acenic.c,3
2011-W17,arm,1
2011-W17,atl1c,2
2011-W17,atl1e,1
2011-W17,atlx,2
2011-W17,b44.c,2
2011-W17,bcm63xx_enet.c,1
2011-W17,benet,1
2011-W17,bna,2
2011-W17,bnx2.c,3
2011-W17,bonding,2
2011-W17,can,2
2011-W17,cassini.c,2
2011-W17,chelsio,2
2011-W17,cxgb3,2
2011-W17,cxgb4,2
2011-W17,cxgb4vf,1
2011-W17,dl2k.c,2
2011-W17,dummy.c,1
2011-W17,e100.c,3
2011-W17,e1000,3
2011-W17,e1000e,3
2011-W17,eepro.c,1
2011-W17,ehea,1
2011-W17,enc28j60.c,2
2011-W17,enic,1
2011-W17,ethernet,1
2011-W17,ewrk3.c,1
2011-W17,forcedeth.c,2
2011-W17,ftmac100.c,1
2011-W17,hamradio,1
2011-W17,ibmveth.c,2
2011-W17,ifb.c,1
2011-W17,igb,3
2011-W17,igbvf,1
2011-W17,ixgb,2
2011-W17,ixgbe,14
2011-W17,ixgbevf,1
2011-W17,jme.c,1
2011-W17,ksz884x.c,1
2011-W17,mdio.c,2
2011-W17,mii.c,4
2011-W17,mlx4,2
2011-W17,mv643xx_eth.c,1
2011-W17,myri10ge,1
2011-W17,natsemi.c,2
2011-W17,netxen,2
2011-W17,niu.c,2
2011-W17,ns83820.c,1
2011-W17,pch_gbe,3
2011-W17,pcmcia,2
2011-W17,pcnet32.c,1
2011-W17,phy,2
2011-W17,ps3_gelic_net.c,1
2011-W17,qla3xxx.c,1
2011-W17,qlcnic,4
2011-W17,qlge,1
2011-W17,r8169.c,6
2011-W17,s2io.c,2
2011-W17,sc92031.c,2
2011-W17,sfc,3
2011-W17,skge.c,2
2011-W17,sky2.c,2
2011-W17,smc911x.c,1
2011-W17,smc91x.c,1
2011-W17,spider_net_ethtool.c,1
2011-W17,stmmac,1
2011-W17,sungem.c,2
2011-W17,sunhme.c,2
2011-W17,tehuti.c,1
2011-W17,tg3.c,10
2011-W17,tg3.h,2
2011-W17,tulip,3
2011-W17,tun.c,2
2011-W17,typhoon.c,2
2011-W17,usb,6
2011-W17,veth.c,2
2011-W17,via-velocity.c,2
2011-W17,vmxnet3,1
2011-W17,vxge,2
2011-W17,wan,1
2011-W17,wireless,80
2011-W18,Kconfig,1
2011-W18,Makefile,1
2011-W18,amd8111e.c,1
2011-W18,arm,1
2011-W18,atarilance.c,1
2011-W18,benet,1
2011-W18,bnx2x,6
2011-W18,bonding,2
2011-W18,can,6
2011-W18,e100.c,1
2011-W18,e1000,1
2011-W18,ehea,1
2011-W18,ethernet,1
2011-W18,hamachi.c,2
2011-W18,igb,2
2011-W18,ixgb,1
2011-W18,ixgbe,4
2011-W18,lantiq_etop.c,1
2011-W18,loopback.c,1
2011-W18,macvlan.c,1
2011-W18,netconsole.c,2
2011-W18,pch_gbe,2
2011-W18,pcmcia,1
2011-W18,pptp.c,2
2011-W18,r8169.c,1
2011-W18,slip.c,1
2011-W18,stmmac,2
2011-W18,tg3.c,1
2011-W18,tile,1
2011-W18,usb,2
2011-W18,vmxnet3,1
2011-W18,wireless,55
2011-W19,Kconfig,14
2011-W19,Makefile,16
2011-W19,benet,8
2011-W19,bnx2x,1
2011-W19,bonding,2
2011-W19,can,2
2011-W19,e1000e,8
2011-W19,ehea,1
2011-W19,ethernet,13
2011-W19,hydra.c,1
2011-W19,irda,1
2011-W19,ixgbe,12
2011-W19,ixgbevf,1
2011-W19,ne-h8300.c,1
2011-W19,pch_gbe,1
2011-W19,pcmcia,1
2011-W19,qlcnic,3
2011-W19,s2io.c,1
2011-W19,sfc,2
2011-W19,spider_net.h,1
2011-W19,stmmac,2
2011-W19,tokenring,1
2011-W19,tulip,4
2011-W19,ucc_geth_ethtool.c,1
2011-W19,usb,2
2011-W19,veth.c,1
2011-W19,vmxnet3,1
2011-W19,wan,1
2011-W19,wireless,66
2011-W19,zorro8390.c,1
2011-W20,Kconfig,11
2011-W20,Makefile,11
2011-W20,acenic.c,1
2011-W20,atl1c,1
2011-W20,benet,7
2011-W20,bna,2
2011-W20,bnx2x,7
2011-W20,bonding,2
2011-W20,can,1
2011-W20,chelsio,2
2011-W20,cnic.c,2
2011-W20,cxgb3,2
2011-W20,cxgb4,2
2011-W20,cxgb4vf,2
2011-W20,e1000,2
2011-W20,e1000e,3
2011-W20,ehea,3
2011-W20,enic,2
2011-W20,ethernet,11
2011-W20,forcedeth.c,2
2011-W20,fs_enet,1
2011-W20,igb,2
2011-W20,igbvf,3
2011-W20,ixgb,2
2011-W20,ixgbe,4
2011-W20,ixgbevf,3
2011-W20,macb.c,1
2011-W20,macvlan.c,3
2011-W20,myri10ge,2
2011-W20,netconsole.c,2
2011-W20,pasemi_mac.c,2
2011-W20,pch_gbe,2
2011-W20,qla3xxx.c,2
2011-W20,qlge,2
2011-W20,r8169.c,2
2011-W20,rionet.c,1
2011-W20,s2io.c,2
2011-W20,sb1250-mac.c,2
2011-W20,sfc,6
2011-W20,skge.c,2
2011-W20,stmmac,2
2011-W20,sunhme.c,1
2011-W20,tc35815.c,2
2011-W20,tg3.c,15
2011-W20,tg3.h,3
2011-W20,virtio_net.c,1
2011-W20,vmxnet3,1
2011-W20,vxge,2
2011-W20,wireless,75
2011-W20,xen-netback,1
2011-W21,Kconfig,1
2011-W21,benet,1
2011-W21,bnx2x,2
2011-W21,bonding,4
2011-W21,davinci_emac.c,1
2011-W21,ehea,1
2011-W21,ethernet,2
2011-W21,igb,2
2011-W21,ioc3-eth.c,1
2011-W21,irda,1
2011-W21,ixgbe,5
2011-W21,ks8842.c,1
2011-W21,phy,1
2011-W21,sfc,1
2011-W21,tg3.c,1
2011-W21,usb,1
2011-W21,via-velocity.h,1
2011-W21,wimax,1
2011-W21,wireless,31
2011-W21,xen-netfront.c,1
2011-W22,3c509.c,1
2011-W22,3c59x.c,1
2011-W22,amd8111e.c,1
2011-W22,benet,1
2011-W22,bnx2x,11
2011-W22,bonding,2
2011-W22,caif,2
2011-W22,can,3
2011-W22,cxgb4,1
2011-W22,davinci_emac.c,1
2011-W22,depca.c,1
2011-W22,dm9000.c,1
2011-W22,enic,2
2011-W22,ethernet,2
2011-W22,hamradio,1
2011-W22,hp100.c,1
2011-W22,ibmlana.c,1
2011-W22,irda,3
2011-W22,iseries_veth.c,1
2011-W22,ixgbe,3
2011-W22,mlx4,3
2011-W22,myri10ge,1
2011-W22,ne3210.c,1
2011-W22,netxen,2
2011-W22,ppp_async.c,1
2011-W22,ppp_synctty.c,1
2011-W22,ps3_gelic_net.c,1
2011-W22,qlcnic,2
2011-W22,qlge,1
2011-W22,slhc.c,1
2011-W22,slip.c,1
2011-W22,smc-mca.c,1
2011-W22,smc91x.c,1
2011-W22,sungem.c,2
2011-W22,sungem.h,1
2011-W22,tg3.c,1
2011-W22,tokenring,2
2011-W22,tulip,1
2011-W22,tun.c,1
2011-W22,usb,2
2011-W22,via-velocity.c,1
2011-W22,wan,1
2011-W22,wireless,48
2011-W22,znet.c,1
2011-W23,3c503.c,2
2011-W23,8139cp.c,1
2011-W23,8139too.c,1
2011-W23,8390.h,1
2011-W23,Kconfig,4
2011-W23,Makefile,4
2011-W23,ac3200.c,1
2011-W23,acenic.h,1
2011-W23,amd8111e.c,1
2011-W23,apne.c,1
2011-W23,arcnet,1
2011-W23,arm,9
2011-W23,atl1c,1
2011-W23,atl1e,1
2011-W23,b44.c,1
2011-W23,bcm63xx_enet.c,2
2011-W23,benet,3
2011-W23,bmac.c,1
2011-W23,bnx2.c,1
2011-W23,bnx2x,1
2011-W23,bonding,6
2011-W23,caif,1
2011-W23,can,2
2011-W23,cassini.c,1
2011-W23,cnic.c,5
2011-W23,cpmac.c,1
2011-W23,cxgb4vf,1
2011-W23,davinci_emac.c,3
2011-W23,dl2k.c,1
2011-W23,dm9000.c,2
2011-W23,dnet.c,2
2011-W23,e100.c,1
2011-W23,e1000,1
2011-W23,e1000e,1
2011-W23,e2100.c,1
2011-W23,enic,6
2011-W23,es3210.c,1
2011-W23,ethernet,5
2011-W23,ethoc.c,3
2011-W23,fec.c,1
2011-W23,fec_mpc52xx.c,2
2011-W23,fs_enet,1
2011-W23,ftgmac100.c,1
2011-W23,ftgmac100.h,1
2011-W23,gianfar.c,1
2011-W23,gianfar.h,1
2011-W23,gianfar_ethtool.c,1
2011-W23,gianfar_ptp.c,1
2011-W23,greth.c,1
2011-W23,hamradio,1
2011-W23,hp-plus.c,1
2011-W23,hp.c,1
2011-W23,ibm_newemac,1
2011-W23,ibmveth.c,1
2011-W23,ifb.c,1
2011-W23,igb,2
2011-W23,ipg.c,1
2011-W23,irda,1
2011-W23,ixgbe,6
2011-W23,ixgbevf,2
2011-W23,ixp2000,1
2011-W23,jme.h,1
2011-W23,ks8842.c,1
2011-W23,ks8851.c,1
2011-W23,ks8851_mll.c,1
2011-W23,ksz884x.c,1
2011-W23,ll_temac_main.c,1
2011-W23,lne390.c,1
2011-W23,macb.c,2
2011-W23,mace.c,1
2011-W23,macvlan.c,1
2011-W23,macvtap.c,1
2011-W23,mipsnet.c,1
2011-W23,mv643xx_eth.c,1
2011-W23,myri10ge,1
2011-W23,netx-eth.c,1
2011-W23,netxen,1
2011-W23,niu.c,2
2011-W23,ns83820.c,1
2011-W23,octeon,1
2011-W23,pcmcia,1
2011-W23,ppp_async.c,1
2011-W23,ppp_synctty.c,1
2011-W23,ps3_gelic_net.c,1
2011-W23,pxa168_eth.c,1
2011-W23,qlge,1
2011-W23,r6040.c,1
2011-W23,r8169.c,1
2011-W23,sb1250-mac.c,1
2011-W23,sc92031.c,1
2011-W23,sfc,1
2011-W23,sis190.c,1
2011-W23,skge.h,1
2011-W23,sky2.c,1
2011-W23,smc-mca.c,1
2011-W23,smc-ultra.c,1
2011-W23,smsc911x.c,1
2011-W23,smsc9420.c,2
2011-W23,spider_net.c,1
2011-W23,starfire.c,1
2011-W23,stmmac,2
2011-W23,tg3.c,2
2011-W23,tlan.c,1
2011-W23,tokenring,1
2011-W23,tsi108_eth.c,1
2011-W23,tulip,1
2011-W23,tun.c,4
2011-W23,usb,2
2011-W23,veth.c,1
2011-W23,virtio_net.c,1
2011-W23,vmxnet3,1
2011-W23,vxge,1
2011-W23,wan,1
2011-W23,wireless,71
2011-W23,xilinx_emaclite.c,1
2011-W24,Kconfig,12
2011-W24,Makefile,12
2011-W24,a2065.c,1
2011-W24,appletalk,1
2011-W24,arm,2
2011-W24,atl1e,1
2011-W24,atlx,1
2011-W24,benet,1
2011-W24,bfin_mac.c,1
2011-W24,bna,1
2011-W24,bnx2x,24
2011-W24,bonding,2
2011-W24,caif,1
2011-W24,can,1
2011-W24,cnic.c,3
2011-W24,cnic.h,2
2011-W24,cnic_defs.h,1
2011-W24,cnic_if.h,1
2011-W24,cxgb3,1
2011-W24,davinci_cpdma.c,1
2011-W24,davinci_emac.c,1
2011-W24,declance.c,1
2011-W24,depca.c,1
2011-W24,dl2k.c,1
2011-W24,e1000,1
2011-W24,ehea,1
2011-W24,enic,1
2011-W24,epic100.c,1
2011-W24,ethernet,12
2011-W24,ethoc.c,1
2011-W24,fealnx.c,1
2011-W24,fec.c,1
2011-W24,fec_mpc52xx.c,2
2011-W24,fs_enet,2
2011-W24,gianfar.c,2
2011-W24,gianfar_ethtool.c,1
2011-W24,greth.c,1
2011-W24,hamachi.c,1
2011-W24,hp100.c,1
2011-W24,hplance.c,1
2011-W24,irda,1
2011-W24,ixgbe,3
2011-W24,ks8851_mll.c,1
2011-W24,lib8390.c,1
2011-W24,ll_temac_main.c,1
2011-W24,macb.c,1
2011-W24,macmace.c,1
2011-W24,mlx4,3
2011-W24,myri10ge,1
2011-W24,netxen,2
2011-W24,octeon,1
2011-W24,phy,4
2011-W24,ppp_async.c,1
2011-W24,pxa168_eth.c,3
2011-W24,qla3xxx.c,1
2011-W24,qlcnic,1
2011-W24,qlge,1
2011-W24,r6040.c,1
2011-W24,r8169.c,5
2011-W24,s2io.c,1
2011-W24,sfc,1
2011-W24,sgiseeq.c,1
2011-W24,sis900.c,1
2011-W24,smsc911x.c,1
2011-W24,smsc9420.c,1
2011-W24,stmmac,2
2011-W24,tg3.c,8
2011-W24,tg3.h,5
2011-W24,tokenring,1
2011-W24,tun.c,1
2011-W24,typhoon.c,1
2011-W24,ucc_geth.c,1
2011-W24,usb,2
2011-W24,veth.c,1
2011-W24,virtio_net.c,1
2011-W24,vmxnet3,1
2011-W24,vxge,2
2011-W24,wan,2
2011-W24,wireless,42
2011-W24,xilinx_emaclite.c,2
2011-W24,yellowfin.c,1
2011-W25,Kconfig,6
2011-W25,Makefile,5
2011-W25,a2065.c,1
2011-W25,ariadne.c,1
2011-W25,arm,1
2011-W25,atl1c,1
2011-W25,atl1e,1
2011-W25,atlx,1
2011-W25,b44.c,1
2011-W25,benet,4
2011-W25,bna,1
2011-W25,bnx2.h,1
2011-W25,bonding,2
2011-W25,caif,1
2011-W25,can,5
2011-W25,cnic.h,1
2011-W25,cxgb3,1
2011-W25,cxgb4vf,1
2011-W25,davinci_emac.c,1
2011-W25,eexpress.c,1
2011-W25,ethernet,5
2011-W25,fec.c,1
2011-W25,gianfar.c,1
2011-W25,gianfar.h,1
2011-W25,gianfar_ethtool.c,1
2011-W25,ifb.c,1
2011-W25,igb,1
2011-W25,ioc3-eth.c,1
2011-W25,irda,2
2011-W25,ixgbe,1
2011-W25,lib8390.c,5
2011-W25,mlx4,1
2011-W25,mv643xx_eth.c,2
2011-W25,myri10ge,1
2011-W25,myri_sbus.c,1
2011-W25,myri_sbus.h,1
2011-W25,natsemi.c,1
2011-W25,pci-skeleton.c,1
2011-W25,pptp.c,1
2011-W25,qlcnic,7
2011-W25,r8169.c,1
2011-W25,rionet.c,1
2011-W25,s2io.c,1
2011-W25,sfc,7
2011-W25,sh_eth.c,1
2011-W25,sky2.c,1
2011-W25,sungem.c,1
2011-W25,usb,3
2011-W25,vmxnet3,2
2011-W25,vxge,2
2011-W25,wan,9
2011-W25,wireless,76
2011-W25,xen-netfront.c,1
2011-W25,zorro8390.c,1
2011-W26,8139too.c,1
2011-W26,arm,1
2011-W26,benet,3
2011-W26,bna,1
2011-W26,bnx2.c,1
2011-W26,bnx2x,2
2011-W26,caif,1
2011-W26,can,2
2011-W26,cxgb3,1
2011-W26,depca.c,2
2011-W26,e1000e,2
2011-W26,ethernet,4
2011-W26,ewrk3.c,1
2011-W26,fec.c,1
2011-W26,hamradio,1
2011-W26,igb,3
2011-W26,iseries_veth.c,2
2011-W26,jme.c,2
2011-W26,jme.h,1
2011-W26,ll_temac_main.c,1
2011-W26,mlx4,1
2011-W26,myri10ge,8
2011-W26,natsemi.c,1
2011-W26,niu.c,1
2011-W26,phy,1
2011-W26,ppp_deflate.c,1
2011-W26,qlcnic,1
2011-W26,qlge,3
2011-W26,r8169.c,1
2011-W26,rionet.c,1
2011-W26,sh_eth.c,1
2011-W26,sky2.c,1
2011-W26,tg3.c,1
2011-W26,tg3.h,1
2011-W26,tulip,2
2011-W26,ucc_geth.c,1
2011-W26,usb,1
2011-W26,veth.c,2
2011-W26,vmxnet3,1
2011-W26,vxge,2
2011-W26,wan,1
2011-W26,wimax,1
2011-W26,wireless,55
2011-W26,xen-netback,1
2011-W27,7990.c,1
2011-W27,Kconfig,3
2011-W27,a2065.c,1
2011-W27,b44.c,3
2011-W27,benet,1
2011-W27,bmac.c,1
2011-W27,bna,1
2011-W27,bnx2x,10
2011-W27,caif,1
2011-W27,declance.c,1
2011-W27,e1000,1
2011-W27,ethernet,2
2011-W27,ewrk3.c,1
2011-W27,fec.c,1
2011-W27,gianfar.h,1
2011-W27,gianfar_ethtool.c,1
2011-W27,greth.c,1
2011-W27,hp100.c,1
2011-W27,ibm_newemac,1
2011-W27,igb,1
2011-W27,ioc3-eth.c,1
2011-W27,korina.c,1
2011-W27,ks8851_mll.c,1
2011-W27,ksz884x.c,1
2011-W27,macvtap.c,1
2011-W27,mlx4,1
2011-W27,natsemi.c,2
2011-W27,pcnet32.c,1
2011-W27,r8169.c,7
2011-W27,sh_eth.c,2
2011-W27,skge.c,4
2011-W27,sky2.c,5
2011-W27,sky2.h,3
2011-W27,slip.c,1
2011-W27,smc911x.c,1
2011-W27,smc9194.c,1
2011-W27,smc91x.c,1
2011-W27,sunbmac.c,1
2011-W27,sungem.c,1
2011-W27,sunhme.c,1
2011-W27,sunlance.c,1
2011-W27,sunqe.c,1
2011-W27,usb,2
2011-W27,veth.c,2
2011-W27,vmxnet3,2
2011-W27,wireless,112
2011-W28,8139cp.c,1
2011-W28,Kconfig,4
2011-W28,Makefile,4
2011-W28,arm,5
2011-W28,benet,2
2011-W28,bna,1
2011-W28,bnx2.c,3
2011-W28,bnx2.h,2
2011-W28,bnx2x,3
2011-W28,bonding,1
2011-W28,bsd_comp.c,1
2011-W28,can,2
2011-W28,cnic.c,4
2011-W28,cnic_if.h,1
2011-W28,cxgb3,1
2011-W28,cxgb4vf,1
2011-W28,e1000e,3
2011-W28,ethernet,20
2011-W28,gianfar.c,1
2011-W28,gianfar.h,1
2011-W28,igb,1
2011-W28,ixgbe,2
2011-W28,mlx4,1
2011-W28,natsemi.c,1
2011-W28,plip.c,1
2011-W28,ps3_gelic_net.c,4
2011-W28,ps3_gelic_net.h,1
2011-W28,qlcnic,7
2011-W28,r6040.c,1
2011-W28,r8169.c,1
2011-W28,s2io.h,1
2011-W28,sfc,2
2011-W28,slip.c,4
2011-W28,stmmac,2
2011-W28,tg3.c,7
2011-W28,tg3.h,3
2011-W28,usb,1
2011-W28,wireless,78
2011-W29,Kconfig,11
2011-W29,Makefile,11
2011-W29,acenic.c,3
2011-W29,acenic.h,2
2011-W29,amd8111e.c,1
2011-W29,amd8111e.h,1
2011-W29,atl1c,1
2011-W29,atl1e,1
2011-W29,atlx,2
2011-W29,benet,1
2011-W29,bna,12
2011-W29,bnx2.c,1
2011-W29,bnx2x,21
2011-W29,bonding,1
2011-W29,can,3
2011-W29,chelsio,1
2011-W29,cnic.c,3
2011-W29,cnic_if.h,2
2011-W29,cxgb3,1
2011-W29,cxgb4,1
2011-W29,cxgb4vf,1
2011-W29,e1000,2
2011-W29,e1000e,6
2011-W29,ehea,1
2011-W29,enic,1
2011-W29,ethernet,24
2011-W29,forcedeth.c,1
2011-W29,gianfar.c,1
2011-W29,gianfar.h,1
2011-W29,gianfar_ethtool.c,1
2011-W29,igb,3
2011-W29,igbvf,2
2011-W29,ixgb,1
2011-W29,ixgbe,3
2011-W29,ixgbevf,1
2011-W29,jme.c,2
2011-W29,jme.h,1
2011-W29,macvlan.c,1
2011-W29,mlx4,1
2011-W29,netxen,1
2011-W29,ns83820.c,1
2011-W29,pppoe.c,1
2011-W29,qlcnic,1
2011-W29,qlge,2
2011-W29,r8169.c,2
2011-W29,s2io.c,1
2011-W29,s2io.h,1
2011-W29,slip.c,1
2011-W29,slip.h,1
2011-W29,spider_net.c,1
2011-W29,starfire.c,1
2011-W29,stmmac,4
2011-W29,tehuti.c,1
2011-W29,tehuti.h,1
2011-W29,tg3.c,8
2011-W29,tg3.h,1
2011-W29,tulip,1
2011-W29,usb,1
2011-W29,via-velocity.c,2
2011-W29,via-velocity.h,1
2011-W29,virtio_net.c,1
2011-W29,vmxnet3,2
2011-W29,vxge,1
2011-W29,wan,1
2011-W29,wireless,79
2011-W30,Kconfig,5
2011-W30,Makefile,6
2011-W30,arm,1
2011-W30,atlx,1
2011-W30,benet,2
2011-W30,bna,2
2011-W30,bonding,3
2011-W30,cassini.c,1
2011-W30,cpmac.c,1
2011-W30,cxgb3,1
2011-W30,cxgb4,1
2011-W30,e1000e,4
2011-W30,ethernet,12
2011-W30,fddi,1
2011-W30,forcedeth.c,1
2011-W30,gianfar.c,1
2011-W30,hamradio,1
2011-W30,ibmveth.c,1
2011-W30,ifb.c,1
2011-W30,ipg.c,2
2011-W30,ixgbe,1
2011-W30,macvlan.c,1
2011-W30,niu.c,1
2011-W30,pcmcia,2
2011-W30,phy,1
2011-W30,ppp,1
2011-W30,ppp_generic.c,1
2011-W30,qlcnic,5
2011-W30,r8169.c,1
2011-W30,sis190.c,1
2011-W30,smsc911x.c,1
2011-W30,sungem.c,1
2011-W30,tg3.c,9
2011-W30,tg3.h,3
2011-W30,tun.c,1
2011-W30,usb,2
2011-W30,veth.c,1
2011-W30,wan,1
2011-W30,wimax,1
2011-W30,wireless,35
2011-W31,Kconfig,3
2011-W31,Makefile,3
2011-W31,au1000_eth.c,1
2011-W31,au1000_eth.h,1
2011-W31,benet,7
2011-W31,bna,3
2011-W31,bnx2x,11
2011-W31,ethernet,4
2011-W31,gianfar_ptp.c,1
2011-W31,hippi,1
2011-W31,irda,1
2011-W31,macb.c,1
2011-W31,mlx4,2
2011-W31,netxen,1
2011-W31,phy,1
2011-W31,plip,1
2011-W31,qla3xxx.c,1
2011-W31,r8169.c,1
2011-W31,slip,1
2011-W31,slip.c,2
2011-W31,slip.h,1
2011-W31,ucc_geth.c,1
2011-W31,usb,3
2011-W31,via-velocity.c,3
2011-W31,vmxnet3,1
2011-W31,wireless,27
2011-W32,Kconfig,1
2011-W32,Makefile,1
2011-W32,bnx2x,5
2011-W32,bonding,1
2011-W32,can,2
2011-W32,ethernet,15
2011-W32,gianfar.c,1
2011-W32,gianfar_ethtool.c,1
2011-W32,irda,4
2011-W32,pcnet32.c,1
2011-W32,sh_eth.c,1
2011-W32,usb,1
2011-W32,virtio_net.c,1
2011-W32,wireless,91
2011-W33,Kconfig,2
2011-W33,Makefile,1
2011-W33,appletalk,1
2011-W33,arcnet,1
2011-W33,bonding,3
2011-W33,can,6
2011-W33,cris,1
2011-W33,defxx.c,1
2011-W33,dummy.c,1
2011-W33,ethernet,25
2011-W33,forcedeth.c,1
2011-W33,igb,1
2011-W33,igbvf,1
2011-W33,ixgbe,1
2011-W33,ixgbevf,1
2011-W33,macvlan.c,1
2011-W33,phy,1
2011-W33,skfp,1
2011-W33,sungem_phy.c,1
2011-W33,tile,1
2011-W33,tokenring,1
2011-W33,tulip,1
2011-W33,tun.c,1
2011-W33,usb,2
2011-W33,via-velocity.c,1
2011-W33,virtio_net.c,1
2011-W33,vmxnet3,1
2011-W33,wan,1
2011-W33,wimax,1
2011-W33,wireless,32
2011-W34,Kconfig,2
2011-W34,Makefile,2
2011-W34,arcnet,2
2011-W34,caif,1
2011-W34,can,2
2011-W34,cassini.c,1
2011-W34,e1000e,1
2011-W34,ethernet,57
2011-W34,fddi,1
2011-W34,ibmveth.c,1
2011-W34,pcmcia,2
2011-W34,phy,2
2011-W34,r8169.c,1
2011-W34,rionet.c,1
2011-W34,sh_eth.c,1
2011-W34,tokenring,2
2011-W34,wan,1
2011-W34,wireless,160
2011-W35,Kconfig,1
2011-W35,Makefile,2
2011-W35,bnx2x,8
2011-W35,bonding,1
2011-W35,e1000,1
2011-W35,ethernet,72
2011-W35,irda,3
2011-W35,macvlan.c,1
2011-W35,macvtap.c,1
2011-W35,pch_gbe,3
2011-W35,ps3_gelic_net.c,1
2011-W35,ps3_gelic_net.h,1
2011-W35,r8169.c,1
2011-W35,sfc,2
2011-W35,usb,1
2011-W35,wireless,101
2011-W36,arm,1
2011-W36,bnx2x,6
2011-W36,cxgb3,1
2011-W36,ethernet,14
2011-W36,gianfar_ethtool.c,1
2011-W36,greth.c,2
2011-W36,greth.h,1
2011-W36,ibmveth.c,4
2011-W36,phy,1
2011-W36,pxa168_eth.c,1
2011-W36,r8169.c,3
2011-W36,vmxnet3,1
2011-W36,wireless,56
2011-W37,can,2
2011-W37,ethernet,18
2011-W37,macvlan.c,1
2011-W37,macvtap.c,1
2011-W37,ppp_generic.c,1
2011-W37,usb,1
2011-W37,wan,1
2011-W37,wimax,1
2011-W37,wireless,81
2011-W38,bnx2x,3
2011-W38,bonding,1
2011-W38,can,1
2011-W38,cxgb4,1
2011-W38,ethernet,32
2011-W38,ixgbe,1
2011-W38,netconsole.c,1
2011-W38,pch_gbe,2
2011-W38,phy,3
2011-W38,tg3.c,1
2011-W38,virtio_net.c,1
2011-W38,vmxnet3,1
2011-W38,wireless,63
2011-W39,can,1
2011-W39,ethernet,32
2011-W39,ibmveth.c,1
2011-W39,phy,2
2011-W39,usb,2
2011-W39,virtio_net.c,1
2011-W39,wireless,39
2011-W39,xen-netback,2
2011-W40,bnx2x,1
2011-W40,can,1
2011-W40,ethernet,28
2011-W40,macvlan.c,1
2011-W40,mlx4,3
2011-W40,sfc,1
2011-W40,usb,3
2011-W40,vmxnet3,1
2011-W40,wireless,77
2011-W40,xen-netback,1
2011-W40,xen-netfront.c,1
2011-W41,bonding,3
2011-W41,caif,8
2011-W41,can,1
2011-W41,ethernet,36
2011-W41,irda,1
2011-W41,ks8842.c,1
2011-W41,mlx4,2
2011-W41,netconsole.c,1
2011-W41,phy,2
2011-W41,r8169.c,2
2011-W41,smsc911x.c,1
2011-W41,tg3.c,1
2011-W41,vmxnet3,1
2011-W41,wireless,136
2011-W42,bonding,1
2011-W42,can,1
2011-W42,ethernet,39
2011-W42,jme.c,1
2011-W42,macvtap.c,5
2011-W42,phy,3
2011-W42,pptp.c,2
2011-W42,tg3.c,1
2011-W42,usb,1
2011-W42,virtio_net.c,4
2011-W42,vmxnet3,1
2011-W42,wireless,48
2011-W42,xen-netback,1
2011-W42,xen-netfront.c,1
2011-W43,bonding,2
2011-W43,ethernet,27
2011-W43,mlx4,1
2011-W43,stmmac,1
2011-W43,wireless,79
2011-W44,bonding,2
2011-W44,can,1
2011-W44,ethernet,28
2011-W44,irda,1
2011-W44,macvlan.c,1
2011-W44,rionet.c,1
2011-W44,veth.c,1
2011-W44,wireless,47
2011-W45,Kconfig,2
2011-W45,Makefile,1
2011-W45,can,1
2011-W45,ethernet,32
2011-W45,hippi,1
2011-W45,irda,1
2011-W45,team,1
2011-W45,usb,3
2011-W45,wireless,116
2011-W46,bonding,3
2011-W46,can,4
2011-W46,dummy.c,1
2011-W46,ethernet,60
2011-W46,ifb.c,1
2011-W46,irda,1
2011-W46,loopback.c,1
2011-W46,mii.c,2
2011-W46,phy,3
2011-W46,team,6
2011-W46,tun.c,2
2011-W46,usb,8
2011-W46,veth.c,2
2011-W46,virtio_net.c,1
2011-W46,vmxnet3,1
2011-W46,wireless,74
2011-W46,xen-netback,2
2011-W46,xen-netfront.c,2
2011-W47,Kconfig,1
2011-W47,Makefile,1
2011-W47,arcnet,1
2011-W47,bonding,3
2011-W47,can,5
2011-W47,dsa,1
2011-W47,ethernet,38
2011-W47,irda,2
2011-W47,macvtap.c,2
2011-W47,phy,1
2011-W47,ppp,1
2011-W47,team,1
2011-W47,tun.c,1
2011-W47,usb,1
2011-W47,veth.c,1
2011-W47,virtio_net.c,1
2011-W47,vmxnet3,1
2011-W47,wireless,94
2011-W48,Kconfig,1
2011-W48,Makefile,1
2011-W48,can,4
2011-W48,ethernet,41
2011-W48,hyperv,4
2011-W48,irda,1
2011-W48,wimax,1
2011-W48,wireless,83
2011-W49,bonding,2
2011-W49,caif,4
2011-W49,ethernet,35
2011-W49,irda,1
2011-W49,macvlan.c,2
2011-W49,ppp,1
2011-W49,team,3
2011-W49,virtio_net.c,1
2011-W49,vmxnet3,1
2011-W49,wireless,73
2011-W49,xen-netback,3
2011-W49,xen-netfront.c,1
2011-W50,can,4
2011-W50,ethernet,59
2011-W50,hyperv,3
2011-W50,phy,2
2011-W50,usb,1
2011-W50,vmxnet3,2
2011-W50,wimax,1
2011-W50,wireless,133
2011-W50,xen-netback,1
2011-W51,bonding,1
2011-W51,caif,1
2011-W51,can,5
2011-W51,ethernet,27
2011-W51,irda,1
2011-W51,usb,3
2011-W51,virtio_net.c,4
2011-W51,wan,1
2011-W51,wimax,1
2011-W51,wireless,52
2011-W51,xen-netback,1
2011-W51,xen-netfront.c,1
2011-W52,bonding,1
2011-W52,ethernet,15
2011-W52,virtio_net.c,2
2011-W52,wireless,24
2012-W01,ethernet,61
2012-W01,irda,13
2012-W01,phy,1
2012-W01,usb,2
2012-W01,virtio_net.c,1
2012-W01,vmxnet3,1
2012-W01,wireless,64
2012-W01,xen-netback,1
2012-W02,bonding,1
2012-W02,can,1
2012-W02,ethernet,36
2012-W02,irda,5
2012-W02,phy,5
2012-W02,ppp,1
2012-W02,usb,2
2012-W02,virtio_net.c,1
2012-W02,wireless,39
2012-W03,bonding,1
2012-W03,dsa,1
2012-W03,ethernet,39
2012-W03,phy,1
2012-W03,usb,2
2012-W03,wireless,34
2012-W04,Space.c,1
2012-W04,bonding,1
2012-W04,can,4
2012-W04,dsa,1
2012-W04,ethernet,48
2012-W04,hamradio,1
2012-W04,hippi,1
2012-W04,hyperv,2
2012-W04,irda,1
2012-W04,macvlan.c,1
2012-W04,netconsole.c,1
2012-W04,phy,1
2012-W04,plip,1
2012-W04,ppp,1
2012-W04,rionet.c,1
2012-W04,slip,1
2012-W04,team,1
2012-W04,tokenring,1
2012-W04,usb,1
2012-W04,vmxnet3,3
2012-W04,wan,1
2012-W04,wireless,29
2012-W04,xen-netback,1
2012-W04,xen-netfront.c,3
2012-W05,bonding,1
2012-W05,caif,1
2012-W05,can,4
2012-W05,ethernet,64
2012-W05,hamradio,1
2012-W05,hyperv,6
2012-W05,tokenring,2
2012-W05,vmxnet3,1
2012-W05,wireless,100
2012-W06,bonding,1
2012-W06,can,2
2012-W06,ethernet,102
2012-W06,phy,1
2012-W06,tun.c,1
2012-W06,wireless,86
2012-W07,can,2
2012-W07,dummy.c,1
2012-W07,ethernet,97
2012-W07,ifb.c,1
2012-W07,macvlan.c,1
2012-W07,macvtap.c,1
2012-W07,ppp,1
2012-W07,team,1
2012-W07,tun.c,1
2012-W07,usb,2
2012-W07,veth.c,2
2012-W07,virtio_net.c,2
2012-W07,vmxnet3,1
2012-W07,wan,1
2012-W07,wireless,61
2012-W08,ethernet,60
2012-W08,phy,2
2012-W08,ppp,1
2012-W08,usb,6
2012-W08,wireless,50
2012-W09,caif,1
2012-W09,can,5
2012-W09,ethernet,25
2012-W09,mdio.c,1
2012-W09,mii.c,1
2012-W09,ppp,3
2012-W09,usb,1
2012-W09,vmxnet3,2
2012-W09,wireless,81
2012-W10,can,1
2012-W10,ethernet,74
2012-W10,hyperv,1
2012-W10,irda,1
2012-W10,usb,5
2012-W10,wan,2
2012-W10,wireless,157
2012-W11,bonding,1
2012-W11,ethernet,56
2012-W11,hyperv,3
2012-W11,irda,1
2012-W11,phy,2
2012-W11,tun.c,1
2012-W11,usb,7
2012-W11,wimax,1
2012-W11,wireless,133
2012-W12,bonding,1
2012-W12,ethernet,23
2012-W12,hippi,1
2012-W12,hyperv,1
2012-W12,usb,6
2012-W12,wireless,43
2012-W12,xen-netfront.c,1
2012-W13,appletalk,1
2012-W13,arcnet,1
2012-W13,bonding,2
2012-W13,can,2
2012-W13,cris,1
2012-W13,eql.c,1
2012-W13,ethernet,27
2012-W13,hamradio,1
2012-W13,hippi,1
2012-W13,hyperv,1
2012-W13,irda,2
2012-W13,loopback.c,1
2012-W13,macvlan.c,1
2012-W13,plip,1
2012-W13,ppp,1
2012-W13,rionet.c,1
2012-W13,slip,1
2012-W13,team,1
2012-W13,tokenring,1
2012-W13,tun.c,1
2012-W13,usb,4
2012-W13,virtio_net.c,1
2012-W13,wan,2
2012-W13,wimax,2
2012-W13,wireless,39
2012-W13,xen-netfront.c,1
2012-W14,bonding,3
2012-W14,caif,1
2012-W14,ethernet,91
2012-W14,phy,5
2012-W14,ppp,2
2012-W14,team,2
2012-W14,usb,6
2012-W14,wimax,1
2012-W14,wireless,41
2012-W15,bonding,2
2012-W15,caif,5
2012-W15,can,2
2012-W15,dummy.c,1
2012-W15,ethernet,53
2012-W15,irda,1
2012-W15,macvlan.c,1
2012-W15,phy,1
2012-W15,team,5
2012-W15,tokenring,1
2012-W15,usb,1
2012-W15,virtio_net.c,2
2012-W15,wan,3
2012-W15,wimax,1
2012-W15,wireless,86
2012-W16,arcnet,1
2012-W16,bonding,1
2012-W16,caif,1
2012-W16,can,1
2012-W16,ethernet,65
2012-W16,hippi,1
2012-W16,hyperv,1
2012-W16,irda,2
2012-W16,phy,2
2012-W16,team,3
2012-W16,tokenring,1
2012-W16,usb,3
2012-W16,wan,1
2012-W16,wimax,1
2012-W16,wireless,88
2012-W17,bonding,1
2012-W17,ethernet,61
2012-W17,irda,6
2012-W17,usb,11
2012-W17,wireless,56
2012-W18,can,1
2012-W18,ethernet,45
2012-W18,macvtap.c,6
2012-W18,phy,3
2012-W18,usb,10
2012-W18,wan,1
2012-W18,wimax,1
2012-W18,wireless,27
2012-W19,Kconfig,1
2012-W19,Makefile,1
2012-W19,Space.c,1
2012-W19,bonding,4
2012-W19,can,1
2012-W19,ethernet,40
2012-W19,hyperv,3
2012-W19,irda,1
2012-W19,macvlan.c,2
2012-W19,phy,1
2012-W19,tokenring,1
2012-W19,tun.c,1
2012-W19,usb,5
2012-W19,wireless,122
2012-W20,Kconfig,1
2012-W20,Space.c,1
2012-W20,ethernet,45
2012-W20,phy,1
2012-W20,ppp,2
2012-W20,usb,5
2012-W20,virtio_net.c,1
2012-W20,wireless,75
2012-W20,xen-netfront.c,1
2012-W21,can,3
2012-W21,ethernet,14
2012-W21,usb,1
2012-W21,wireless,17
2012-W21,xen-netback,1
2012-W22,can,3
2012-W22,ethernet,19
2012-W22,usb,2
2012-W22,virtio_net.c,1
2012-W22,wireless,37
2012-W23,appletalk,1
2012-W23,bonding,1
2012-W23,can,1
2012-W23,dummy.c,1
2012-W23,ethernet,39
2012-W23,fddi,1
2012-W23,hamradio,1
2012-W23,hyperv,2
2012-W23,irda,1
2012-W23,macvtap.c,1
2012-W23,phy,3
2012-W23,slip,1
2012-W23,usb,1
2012-W23,virtio_net.c,1
2012-W23,vmxnet3,1
2012-W23,wan,1
2012-W23,wimax,1
2012-W23,wireless,78
2012-W24,bonding,4
2012-W24,can,4
2012-W24,ethernet,20
2012-W24,phy,1
2012-W24,usb,6
2012-W24,wireless,93
2012-W25,caif,2
2012-W25,can,1
2012-W25,ethernet,36
2012-W25,team,23
2012-W25,usb,10
2012-W25,wireless,57
2012-W26,caif,8
2012-W26,can,3
2012-W26,dummy.c,1
2012-W26,ethernet,45
2012-W26,phy,5
2012-W26,team,4
2012-W26,usb,2
2012-W26,virtio_net.c,2
2012-W26,wireless,85
2012-W26,xen-netback,1
2012-W26,xen-netfront.c,1
2012-W27,ethernet,40
2012-W27,irda,1
2012-W27,phy,5
2012-W27,usb,2
2012-W27,wireless,51
2012-W28,bonding,2
2012-W28,can,4
2012-W28,cris,1
2012-W28,ethernet,64
2012-W28,hyperv,1
2012-W28,irda,1
2012-W28,team,3
2012-W28,tun.c,1
2012-W28,usb,8
2012-W28,wimax,2
2012-W28,wireless,57
2012-W29,bonding,5
2012-W29,can,15
2012-W29,dummy.c,1
2012-W29,ethernet,66
2012-W29,loopback.c,1
2012-W29,team,3
2012-W29,tun.c,3
2012-W29,usb,5
2012-W29,virtio_net.c,1
2012-W29,wimax,1
2012-W29,wireless,30
2012-W30,caif,1
2012-W30,ethernet,44
2012-W30,hyperv,2
2012-W30,ppp,1
2012-W30,team,4
2012-W30,tun.c,1
2012-W30,usb,2
2012-W30,wireless,33
2012-W31,can,3
2012-W31,cris,1
2012-W31,ethernet,34
2012-W31,hyperv,1
2012-W31,phy,1
2012-W31,tun.c,1
2012-W31,usb,2
2012-W31,wireless,40
2012-W32,appletalk,1
2012-W32,bonding,4
2012-W32,can,3
2012-W32,ethernet,18
2012-W32,hyperv,2
2012-W32,irda,1
2012-W32,loopback.c,1
2012-W32,macvtap.c,1
2012-W32,netconsole.c,1
2012-W32,ppp,1
2012-W32,team,1
2012-W32,tun.c,1
2012-W32,usb,6
2012-W32,veth.c,1
2012-W32,virtio_net.c,1
2012-W32,wireless,38
2012-W32,xen-netback,1
2012-W32,xen-netfront.c,2
2012-W33,ethernet,24
2012-W33,irda,1
2012-W33,netconsole.c,1
2012-W33,phy,1
2012-W33,team,1
2012-W33,usb,1
2012-W33,vmxnet3,1
2012-W33,wan,1
2012-W33,wimax,1
2012-W33,wireless,13
2012-W34,Kconfig,1
2012-W34,Makefile,1
2012-W34,bonding,2
2012-W34,can,1
2012-W34,ethernet,42
2012-W34,ieee802154,1
2012-W34,irda,1
2012-W34,phy,3
2012-W34,team,2
2012-W34,usb,1
2012-W34,virtio_net.c,1
2012-W34,wimax,1
2012-W34,wireless,27
2012-W34,xen-netfront.c,1
2012-W35,bonding,1
2012-W35,can,2
2012-W35,ethernet,27
2012-W35,fddi,1
2012-W35,ieee802154,1
2012-W35,irda,1
2012-W35,usb,6
2012-W35,wireless,48
2012-W36,can,1
2012-W36,ethernet,28
2012-W36,phy,1
2012-W36,team,1
2012-W36,usb,6
2012-W36,wireless,37
2012-W37,can,1
2012-W37,ethernet,44
2012-W37,tun.c,1
2012-W37,usb,2
2012-W37,wan,1
2012-W37,wireless,73
2012-W37,xen-netback,1
2012-W38,can,4
2012-W38,ethernet,38
2012-W38,irda,1
2012-W38,loopback.c,1
2012-W38,macvlan.c,1
2012-W38,phy,4
2012-W38,ppp,1
2012-W38,sungem_phy.c,1
2012-W38,team,2
2012-W38,usb,5
2012-W38,wireless,34
2012-W39,can,2
2012-W39,ethernet,48
2012-W39,phy,2
2012-W39,team,1
2012-W39,usb,11
2012-W39,wireless,52
2012-W40,Kconfig,3
2012-W40,Makefile,1
2012-W40,bonding,1
2012-W40,can,6
2012-W40,ethernet,53
2012-W40,hamradio,2
2012-W40,hyperv,6
2012-W40,ieee802154,1
2012-W40,irda,6
2012-W40,macvlan.c,1
2012-W40,rionet.c,2
2012-W40,team,2
2012-W40,usb,1
2012-W40,vxlan.c,3
2012-W40,wan,2
2012-W40,wireless,22
2012-W41,bonding,1
2012-W41,can,8
2012-W41,ethernet,19
2012-W41,phy,2
2012-W41,usb,4
2012-W41,vxlan.c,9
2012-W41,wan,1
2012-W41,wireless,26
2012-W41,xen-netback,1
2012-W42,can,1
2012-W42,ethernet,42
2012-W42,hyperv,1
2012-W42,usb,1
2012-W42,virtio_net.c,4
2012-W42,wireless,31
2012-W43,can,1
2012-W43,ethernet,43
2012-W43,phy,1
2012-W43,tun.c,2
2012-W43,usb,29
2012-W43,vxlan.c,1
2012-W43,wimax,1
2012-W43,wireless,50
2012-W44,bonding,2
2012-W44,can,4
2012-W44,ethernet,72
2012-W44,ppp,1
2012-W44,tun.c,7
2012-W44,usb,2
2012-W44,veth.c,1
2012-W44,vmxnet3,1
2012-W44,vxlan.c,1
2012-W44,wireless,24
2012-W45,can,1
2012-W45,ethernet,49
2012-W45,irda,2
2012-W45,netconsole.c,1
2012-W45,phy,2
2012-W45,usb,8
2012-W45,virtio_net.c,1
2012-W45,vmxnet3,1
2012-W45,vxlan.c,2
2012-W45,wan,3
2012-W45,wireless,47
2012-W46,Kconfig,1
2012-W46,Makefile,1
2012-W46,can,1
2012-W46,ethernet,39
2012-W46,ntb_netdev.c,1
2012-W46,phy,3
2012-W46,tun.c,1
2012-W46,usb,2
2012-W46,vmxnet3,1
2012-W46,vxlan.c,3
2012-W46,wan,1
2012-W46,wireless,80
2012-W47,bonding,2
2012-W47,can,3
2012-W47,dsa,1
2012-W47,ethernet,30
2012-W47,irda,1
2012-W47,phy,1
2012-W47,team,1
2012-W47,tun.c,3
2012-W47,usb,7
2012-W47,vxlan.c,1
2012-W47,wireless,55
2012-W47,xen-netfront.c,1
2012-W48,bonding,5
2012-W48,can,1
2012-W48,dsa,1
2012-W48,ethernet,58
2012-W48,hyperv,1
2012-W48,irda,1
2012-W48,team,1
2012-W48,tun.c,1
2012-W48,usb,13
2012-W48,veth.c,1
2012-W48,wireless,90
2012-W49,arcnet,1
2012-W49,bonding,1
2012-W49,can,2
2012-W49,ethernet,154
2012-W49,fddi,2
2012-W49,hippi,2
2012-W49,ieee802154,1
2012-W49,irda,2
2012-W49,phy,5
2012-W49,tun.c,2
2012-W49,virtio_net.c,4
2012-W49,vmxnet3,1
2012-W49,vxlan.c,2
2012-W49,wan,6
2012-W49,wireless,55
2012-W49,xen-netfront.c,2
2012-W50,bonding,1
2012-W50,can,2
2012-W50,ethernet,39
2012-W50,tun.c,3
2012-W50,usb,3
2012-W50,virtio_net.c,1
2012-W50,wimax,1
2012-W50,wireless,33
2012-W51,can,11
2012-W51,ethernet,18
2012-W51,tun.c,3
2012-W51,usb,6
2012-W51,vxlan.c,1
2012-W51,wimax,1
2012-W51,wireless,21
2012-W52,dummy.c,1
2012-W52,ethernet,6
2012-W52,irda,1
2012-W52,team,3
2012-W52,usb,1
2012-W52,veth.c,2
2012-W52,wireless,22
2013-W01,bonding,2
2013-W01,caif,1
2013-W01,cris,1
2013-W01,ethernet,74
2013-W01,hyperv,1
2013-W01,irda,1
2013-W01,macvlan.c,3
2013-W01,rionet.c,1
2013-W01,team,3
2013-W01,usb,5
2013-W01,veth.c,1
2013-W01,vmxnet3,1
2013-W01,vxlan.c,1
2013-W01,wimax,1
2013-W01,wireless,53
2013-W02,Space.c,10
2013-W02,dsa,4
2013-W02,ethernet,53
2013-W02,ieee802154,1
2013-W02,ifb.c,1
2013-W02,netconsole.c,2
2013-W02,tun.c,5
2013-W02,usb,1
2013-W02,veth.c,1
2013-W02,wimax,1
2013-W02,wireless,37
2013-W02,xen-netfront.c,1
2013-W03,Space.c,2
2013-W03,caif,1
2013-W03,can,7
2013-W03,ethernet,51
2013-W03,hamradio,1
2013-W03,hyperv,1
2013-W03,irda,1
2013-W03,macvlan.c,1
2013-W03,ntb_netdev.c,6
2013-W03,phy,2
2013-W03,ppp,1
2013-W03,slip,1
2013-W03,tun.c,1
2013-W03,usb,10
2013-W03,vmxnet3,10
2013-W03,wan,1
2013-W03,wireless,28
2013-W04,Space.c,1
2013-W04,ethernet,59
2013-W04,hippi,1
2013-W04,hyperv,1
2013-W04,irda,1
2013-W04,loopback.c,1
2013-W04,macvtap.c,1
2013-W04,phy,4
2013-W04,ppp,1
2013-W04,tun.c,3
2013-W04,usb,8
2013-W04,virtio_net.c,6
2013-W04,wan,1
2013-W04,wireless,61
2013-W04,xen-netback,1
2013-W05,bonding,3
2013-W05,caif,1
2013-W05,can,2
2013-W05,ethernet,57
2013-W05,hamradio,1
2013-W05,phy,2
2013-W05,team,3
2013-W05,tun.c,2
2013-W05,usb,4
2013-W05,virtio_net.c,1
2013-W05,vmxnet3,1
2013-W05,vxlan.c,1
2013-W05,wan,3
2013-W05,wimax,1
2013-W05,wireless,43
2013-W06,can,1
2013-W06,ethernet,57
2013-W06,macvlan.c,3
2013-W06,phy,1
2013-W06,team,1
2013-W06,usb,3
2013-W06,veth.c,1
2013-W06,wimax,1
2013-W06,wireless,78
2013-W06,xen-netback,4
2013-W07,bonding,1
2013-W07,ethernet,45
2013-W07,ieee802154,1
2013-W07,macvlan.c,1
2013-W07,macvtap.c,1
2013-W07,phy,1
2013-W07,ppp,1
2013-W07,tun.c,1
2013-W07,usb,2
2013-W07,virtio_net.c,2
2013-W07,vxlan.c,1
2013-W07,wireless,37
2013-W07,xen-netback,2
2013-W08,Kconfig,1
2013-W08,bonding,4
2013-W08,ethernet,40
2013-W08,hamradio,2
2013-W08,ppp,3
2013-W08,usb,4
2013-W08,vmxnet3,2
2013-W08,vxlan.c,1
2013-W08,wireless,31
2013-W08,xen-netback,2
2013-W09,bonding,1
2013-W09,ethernet,18
2013-W09,macvlan.c,1
2013-W09,macvtap.c,1
2013-W09,phy,2
2013-W09,ppp,1
2013-W09,tun.c,1
2013-W09,usb,3
2013-W09,vxlan.c,1
2013-W09,wireless,51
2013-W10,arcnet,1
2013-W10,bonding,1
2013-W10,caif,2
2013-W10,can,3
2013-W10,ethernet,62
2013-W10,hippi,1
2013-W10,macvlan.c,1
2013-W10,phy,4
2013-W10,team,4
2013-W10,tun.c,1
2013-W10,usb,2
2013-W10,vmxnet3,1
2013-W10,vxlan.c,4
2013-W10,wireless,64
2013-W11,bonding,1
2013-W11,caif,1
2013-W11,can,5
2013-W11,ethernet,61
2013-W11,fddi,2
2013-W11,irda,3
2013-W11,netconsole.c,1
2013-W11,phy,2
2013-W11,ppp,1
2013-W11,tun.c,1
2013-W11,usb,7
2013-W11,vxlan.c,1
2013-W11,wireless,88
2013-W12,appletalk,1
2013-W12,caif,5
2013-W12,can,1
2013-W12,ethernet,66
2013-W12,ieee802154,4
2013-W12,irda,1
2013-W12,phy,2
2013-W12,virtio_net.c,3
2013-W12,wireless,64
2013-W13,Kconfig,1
2013-W13,bonding,4
2013-W13,can,2
2013-W13,ethernet,55
2013-W13,hamradio,1
2013-W13,ieee802154,2
2013-W13,irda,1
2013-W13,macvlan.c,1
2013-W13,macvtap.c,2
2013-W13,phy,2
2013-W13,plip,1
2013-W13,ppp,1
2013-W13,tun.c,2
2013-W13,usb,2
2013-W13,vxlan.c,4
2013-W13,wireless,37
2013-W13,xen-netback,3
2013-W13,xen-netfront.c,2
2013-W14,bonding,4
2013-W14,caif,1
2013-W14,can,1
2013-W14,ethernet,35
2013-W14,hyperv,2
2013-W14,ieee802154,4
2013-W14,phy,2
2013-W14,vxlan.c,1
2013-W14,wireless,79
2013-W15,bonding,2
2013-W15,can,3
2013-W15,ethernet,51
2013-W15,ieee802154,3
2013-W15,irda,1
2013-W15,tun.c,2
2013-W15,usb,12
2013-W15,virtio_net.c,1
2013-W15,vxlan.c,3
2013-W15,wireless,42
2013-W15,xen-netback,2
2013-W16,bonding,11
2013-W16,can,1
2013-W16,ethernet,53
2013-W16,hyperv,1
2013-W16,ifb.c,2
2013-W16,macvlan.c,3
2013-W16,ntb_netdev.c,1
2013-W16,team,3
2013-W16,usb,7
2013-W16,veth.c,2
2013-W16,virtio_net.c,2
2013-W16,vmxnet3,3
2013-W16,vxlan.c,2
2013-W16,wireless,50
2013-W17,bonding,1
2013-W17,caif,4
2013-W17,ethernet,72
2013-W17,hyperv,1
2013-W17,phy,1
2013-W17,tun.c,2
2013-W17,usb,3
2013-W17,vxlan.c,7
2013-W17,wireless,30
2013-W17,xen-netback,2
2013-W17,xen-netfront.c,2
2013-W18,caif,1
2013-W18,ethernet,32
2013-W18,usb,5
2013-W18,virtio_net.c,1
2013-W18,wireless,20
2013-W18,xen-netback,3
2013-W19,caif,1
2013-W19,can,5
2013-W19,ethernet,30
2013-W19,hamradio,1
2013-W19,irda,1
2013-W19,macvlan.c,1
2013-W19,team,1
2013-W19,usb,3
2013-W19,virtio_net.c,1
2013-W19,wireless,43
2013-W20,bonding,5
2013-W20,can,3
2013-W20,ethernet,38
2013-W20,phy,2
2013-W20,usb,3
2013-W20,vxlan.c,2
2013-W20,wireless,72
2013-W20,xen-netback,2
2013-W21,bonding,1
2013-W21,can,3
2013-W21,ethernet,74
2013-W21,fddi,1
2013-W21,hippi,1
2013-W21,phy,4
2013-W21,usb,1
2013-W21,virtio_net.c,1
2013-W21,wireless,18
2013-W21,xen-netback,1
2013-W21,xen-netfront.c,2
2013-W22,bonding,5
2013-W22,can,2
2013-W22,ethernet,59
2013-W22,hamradio,1
2013-W22,hyperv,2
2013-W22,irda,1
2013-W22,macvlan.c,1
2013-W22,macvtap.c,1
2013-W22,netconsole.c,1
2013-W22,phy,7
2013-W22,ppp,1
2013-W22,team,2
2013-W22,tun.c,1
2013-W22,usb,1
2013-W22,vxlan.c,3
2013-W22,wan,2
2013-W22,wireless,55
2013-W23,ethernet,48
2013-W23,macvtap.c,6
2013-W23,netconsole.c,1
2013-W23,phy,4
2013-W23,team,2
2013-W23,tun.c,2
2013-W23,usb,1
2013-W23,veth.c,1
2013-W23,wireless,85
2013-W23,xen-netfront.c,1
2013-W24,bonding,2
2013-W24,can,3
2013-W24,ethernet,35
2013-W24,irda,1
2013-W24,macvlan.c,1
2013-W24,macvtap.c,2
2013-W24,team,3
2013-W24,tun.c,2
2013-W24,wireless,42
2013-W24,xen-netback,1
2013-W25,Kconfig,2
2013-W25,Makefile,1
2013-W25,bonding,3
2013-W25,can,1
2013-W25,ethernet,55
2013-W25,hyperv,1
2013-W25,macvtap.c,1
2013-W25,nlmon.c,1
2013-W25,tun.c,1
2013-W25,usb,2
2013-W25,vxlan.c,17
2013-W25,wireless,53
2013-W25,xen-netback,1
2013-W26,bonding,9
2013-W26,ethernet,59
2013-W26,macvlan.c,1
2013-W26,macvtap.c,4
2013-W26,nlmon.c,1
2013-W26,usb,7
2013-W26,vxlan.c,6
2013-W26,wan,2
2013-W26,wireless,43
2013-W26,xen-netback,1
2013-W26,xen-netfront.c,1
2013-W27,can,1
2013-W27,ethernet,21
2013-W27,nlmon.c,1
2013-W27,rionet.c,1
2013-W27,usb,1
2013-W27,virtio_net.c,1
2013-W27,wireless,38
2013-W27,xen-netback,1
2013-W28,caif,1
2013-W28,can,1
2013-W28,dummy.c,1
2013-W28,ethernet,17
2013-W28,ieee802154,1
2013-W28,ifb.c,2
2013-W28,macvtap.c,1
2013-W28,phy,1
2013-W28,tun.c,1
2013-W28,usb,3
2013-W28,virtio_net.c,1
2013-W28,vxlan.c,2
2013-W28,wireless,45
2013-W29,appletalk,1
2013-W29,arcnet,1
2013-W29,bonding,1
2013-W29,can,1
2013-W29,ethernet,32
2013-W29,hyperv,1
2013-W29,macvlan.c,1
2013-W29,macvtap.c,3
2013-W29,team,3
2013-W29,tun.c,2
2013-W29,veth.c,1
2013-W29,vxlan.c,3
2013-W29,wireless,45
2013-W29,xen-netfront.c,1
2013-W30,bonding,7
2013-W30,can,2
2013-W30,ethernet,45
2013-W30,phy,1
2013-W30,team,1
2013-W30,tun.c,1
2013-W30,usb,3
2013-W30,virtio_net.c,1
2013-W30,wireless,55
2013-W31,bonding,10
2013-W31,ethernet,63
2013-W31,macvlan.c,2
2013-W31,ntb_netdev.c,1
2013-W31,usb,6
2013-W31,vxlan.c,1
2013-W31,wireless,57
2013-W32,bonding,3
2013-W32,can,1
2013-W32,ethernet,35
2013-W32,macvlan.c,1
2013-W32,macvtap.c,4
2013-W32,phy,2
2013-W32,ppp,2
2013-W32,tun.c,3
2013-W32,usb,4
2013-W32,vxlan.c,2
2013-W32,wan,1
2013-W32,wireless,59
2013-W33,ethernet,44
2013-W33,irda,1
2013-W33,macvtap.c,3
2013-W33,tun.c,2
2013-W33,usb,10
2013-W33,vxlan.c,1
2013-W33,wireless,58
2013-W34,bonding,1
2013-W34,can,8
2013-W34,ethernet,64
2013-W34,irda,1
2013-W34,phy,3
2013-W34,tun.c,4
2013-W34,usb,3
2013-W34,vmxnet3,1
2013-W34,vxlan.c,7
2013-W34,wireless,37
2013-W35,Space.c,1
2013-W35,bonding,10
2013-W35,ethernet,96
2013-W35,fddi,1
2013-W35,irda,1
2013-W35,macvlan.c,2
2013-W35,netconsole.c,1
2013-W35,phy,3
2013-W35,team,1
2013-W35,usb,2
2013-W35,virtio_net.c,1
2013-W35,vxlan.c,4
2013-W35,wireless,41
2013-W35,xen-netback,3
2013-W36,bonding,7
2013-W36,caif,1
2013-W36,can,2
2013-W36,ethernet,52
2013-W36,macvlan.c,1
2013-W36,phy,1
2013-W36,tun.c,2
2013-W36,usb,1
2013-W36,vxlan.c,8
2013-W36,wireless,37
2013-W37,bonding,2
2013-W37,can,14
2013-W37,ethernet,50
2013-W37,irda,3
2013-W37,slip,1
2013-W37,tun.c,1
2013-W37,usb,1
2013-W37,vxlan.c,1
2013-W37,wireless,64
2013-W37,xen-netback,2
2013-W38,ethernet,42
2013-W38,loopback.c,1
2013-W38,netconsole.c,1
2013-W38,phy,4
2013-W38,ppp,1
2013-W38,usb,4
2013-W38,virtio_net.c,1
2013-W38,vxlan.c,1
2013-W38,wireless,33
2013-W38,xen-netback,2
2013-W39,bonding,34
2013-W39,can,2
2013-W39,ethernet,88
2013-W39,fddi,1
2013-W39,hamradio,1
2013-W39,irda,1
2013-W39,usb,4
2013-W39,vmxnet3,1
2013-W39,vxlan.c,2
2013-W39,wan,1
2013-W39,wimax,1
2013-W39,wireless,68
2013-W39,xen-netback,1
2013-W40,bonding,1
2013-W40,can,8
2013-W40,ethernet,47
2013-W40,fddi,1
2013-W40,hamradio,2
2013-W40,ieee802154,3
2013-W40,irda,1
2013-W40,phy,2
2013-W40,plip,1
2013-W40,tun.c,1
2013-W40,usb,2
2013-W40,veth.c,2
2013-W40,wan,1
2013-W40,wireless,35
2013-W40,xen-netfront.c,1
2013-W41,bonding,1
2013-W41,can,1
2013-W41,dummy.c,1
2013-W41,ethernet,22
2013-W41,ifb.c,1
2013-W41,irda,1
2013-W41,loopback.c,1
2013-W41,macvlan.c,1
2013-W41,nlmon.c,1
2013-W41,team,1
2013-W41,usb,1
2013-W41,veth.c,2
2013-W41,virtio_net.c,1
2013-W41,vxlan.c,1
2013-W41,wan,1
2013-W41,wireless,37
2013-W41,xen-netback,2
2013-W41,xen-netfront.c,1
2013-W42,bonding,11
2013-W42,caif,1
2013-W42,ethernet,61
2013-W42,hamradio,1
2013-W42,usb,1
2013-W42,virtio_net.c,3
2013-W42,wan,1
2013-W42,wireless,82
2013-W42,xen-netback,5
2013-W43,bonding,7
2013-W43,can,1
2013-W43,ethernet,62
2013-W43,macvlan.c,1
2013-W43,netconsole.c,2
2013-W43,usb,3
2013-W43,veth.c,1
2013-W43,vxlan.c,1
2013-W43,wan,1
2013-W43,wireless,37
2013-W44,bonding,2
2013-W44,can,2
2013-W44,ethernet,38
2013-W44,netconsole.c,1
2013-W44,usb,29
2013-W44,virtio_net.c,5
2013-W44,vxlan.c,2
2013-W44,wireless,37
2013-W44,xen-netback,1
2013-W45,bonding,1
2013-W45,ethernet,29
2013-W45,macvlan.c,1
2013-W45,phy,1
2013-W45,usb,3
2013-W45,virtio_net.c,1
2013-W45,wireless,51
2013-W46,bonding,3
2013-W46,ethernet,38
2013-W46,ieee802154,1
2013-W46,macvtap.c,1
2013-W46,phy,1
2013-W46,team,1
2013-W46,tun.c,1
2013-W46,usb,2
2013-W46,virtio_net.c,1
2013-W46,wireless,50
2013-W46,xen-netfront.c,1
2013-W47,bonding,1
2013-W47,can,2
2013-W47,ethernet,49
2013-W47,ntb_netdev.c,2
2013-W47,phy,4
2013-W47,ppp,1
2013-W47,team,3
2013-W47,usb,4
2013-W47,virtio_net.c,1
2013-W47,wireless,58
2013-W47,xen-netback,1
2013-W48,can,4
2013-W48,ethernet,88
2013-W48,macvtap.c,2
2013-W48,ntb_netdev.c,1
2013-W48,phy,1
2013-W48,team,1
2013-W48,virtio_net.c,3
2013-W48,wireless,59
2013-W48,xen-netback,1
2013-W48,xen-netfront.c,1
2013-W49,bonding,3
2013-W49,can,2
2013-W49,ethernet,45
2013-W49,fddi,1
2013-W49,hamradio,1
2013-W49,hyperv,1
2013-W49,irda,1
2013-W49,macvlan.c,1
2013-W49,macvtap.c,4
2013-W49,phy,3
2013-W49,ppp,1
2013-W49,tun.c,4
2013-W49,usb,1
2013-W49,virtio_net.c,4
2013-W49,wireless,58
2013-W49,xen-netback,4
2013-W50,bonding,30
2013-W50,can,2
2013-W50,ethernet,49
2013-W50,fddi,2
2013-W50,hippi,1
2013-W50,hyperv,1
2013-W50,ieee802154,1
2013-W50,irda,2
2013-W50,macvlan.c,1
2013-W50,macvtap.c,7
2013-W50,phy,6
2013-W50,tun.c,5
2013-W50,virtio_net.c,2
2013-W50,vmxnet3,1
2013-W50,vxlan.c,4
2013-W50,wan,5
2013-W50,wireless,67
2013-W50,xen-netback,4
2013-W51,Space.c,1
2013-W51,bonding,7
2013-W51,can,2
2013-W51,ethernet,127
2013-W51,hamradio,2
2013-W51,hyperv,1
2013-W51,phy,10
2013-W51,tun.c,1
2013-W51,usb,4
2013-W51,vmxnet3,2
2013-W51,vxlan.c,1
2013-W51,wan,1
2013-W51,wireless,35
2013-W51,xen-netback,3
2013-W52,bonding,1
2013-W52,can,1
2013-W52,ethernet,20
2013-W52,hamradio,2
2013-W52,macvlan.c,2
2013-W52,mdio.c,1
2013-W52,ppp,1
2013-W52,usb,1
2013-W52,wireless,38
2013-W52,xen-netback,1
2014-W01,bonding,13
2014-W01,can,1
2014-W01,ethernet,52
2014-W01,fddi,1
2014-W01,macvlan.c,1
2014-W01,phy,7
2014-W01,plip,1
2014-W01,tun.c,1
2014-W01,usb,7
2014-W01,virtio_net.c,1
2014-W01,vxlan.c,2
2014-W01,wireless,38
2014-W01,xen-netback,1
2014-W02,arcnet,1
2014-W02,bonding,8
2014-W02,caif,1
2014-W02,can,3
2014-W02,ethernet,47
2014-W02,fddi,1
2014-W02,hippi,1
2014-W02,irda,4
2014-W02,loopback.c,1
2014-W02,macvlan.c,2
2014-W02,macvtap.c,1
2014-W02,phy,4
2014-W02,team,1
2014-W02,tun.c,1
2014-W02,usb,8
2014-W02,vmxnet3,1
2014-W02,vxlan.c,1
2014-W02,wan,3
2014-W02,wireless,80
2014-W02,xen-netback,2
2014-W02,xen-netfront.c,1
2014-W03,Kconfig,1
2014-W03,bonding,6
2014-W03,can,2
2014-W03,eql.c,1
2014-W03,ethernet,128
2014-W03,phy,1
2014-W03,team,1
2014-W03,usb,3
2014-W03,virtio_net.c,4
2014-W03,vxlan.c,5
2014-W03,wireless,49
2014-W03,xen-netfront.c,1
2014-W04,bonding,33
2014-W04,ethernet,24
2014-W04,team,2
2014-W04,tun.c,1
2014-W04,vxlan.c,3
2014-W04,wireless,30
2014-W05,bonding,3
2014-W05,can,6
2014-W05,ethernet,15
2014-W05,hyperv,1
2014-W05,phy,2
2014-W05,tun.c,1
2014-W05,vxlan.c,2
2014-W05,wireless,42
2014-W05,xen-netfront.c,1
2014-W06,ethernet,23
2014-W06,irda,1
2014-W06,phy,4
2014-W06,usb,4
2014-W06,wan,1
2014-W06,wireless,74
2014-W06,xen-netback,1
2014-W06,xen-netfront.c,1
2014-W07,Kconfig,1
2014-W07,bonding,17
2014-W07,caif,1
2014-W07,can,2
2014-W07,dummy.c,1
2014-W07,ethernet,82
2014-W07,hyperv,4
2014-W07,loopback.c,2
2014-W07,macvlan.c,2
2014-W07,nlmon.c,1
2014-W07,phy,13
2014-W07,team,2
2014-W07,tun.c,1
2014-W07,usb,6
2014-W07,veth.c,1
2014-W07,vxlan.c,1
2014-W07,wireless,69
2014-W07,xen-netfront.c,1
2014-W08,bonding,18
2014-W08,can,2
2014-W08,ethernet,95
2014-W08,hyperv,1
2014-W08,ieee802154,9
2014-W08,irda,1
2014-W08,loopback.c,1
2014-W08,phy,2
2014-W08,tun.c,1
2014-W08,usb,14
2014-W08,veth.c,2
2014-W08,virtio_net.c,1
2014-W08,vmxnet3,2
2014-W08,wireless,48
2014-W08,xen-netfront.c,1
2014-W09,bonding,5
2014-W09,can,13
2014-W09,ethernet,58
2014-W09,ieee802154,2
2014-W09,phy,2
2014-W09,usb,2
2014-W09,vxlan.c,1
2014-W09,wireless,121
2014-W10,bonding,5
2014-W10,can,6
2014-W10,ethernet,53
2014-W10,hyperv,8
2014-W10,ieee802154,2
2014-W10,macvlan.c,1
2014-W10,phy,1
2014-W10,usb,12
2014-W10,wireless,48
2014-W10,xen-netback,9
2014-W11,Kconfig,1
2014-W11,bonding,5
2014-W11,can,1
2014-W11,dummy.c,1
2014-W11,ethernet,149
2014-W11,ieee802154,10
2014-W11,ifb.c,1
2014-W11,loopback.c,1
2014-W11,macvlan.c,1
2014-W11,nlmon.c,1
2014-W11,phy,1
2014-W11,team,1
2014-W11,usb,3
2014-W11,veth.c,1
2014-W11,virtio_net.c,3
2014-W11,vmxnet3,3
2014-W11,wireless,48
2014-W11,xen-netback,2
2014-W11,xen-netfront.c,2
2014-W12,can,14
2014-W12,ethernet,57
2014-W12,phy,6
2014-W12,usb,2
2014-W12,vxlan.c,1
2014-W12,wireless,58
2014-W12,xen-netback,1
2014-W13,bonding,6
2014-W13,can,5
2014-W13,ethernet,75
2014-W13,hamradio,1
2014-W13,ifb.c,1
2014-W13,nlmon.c,1
2014-W13,phy,5
2014-W13,ppp,1
2014-W13,team,1
2014-W13,tun.c,1
2014-W13,usb,2
2014-W13,veth.c,1
2014-W13,virtio_net.c,1
2014-W13,vxlan.c,1
2014-W13,wimax,1
2014-W13,wireless,93
2014-W13,xen-netback,7
2014-W14,bonding,1
2014-W14,can,3
2014-W14,ethernet,54
2014-W14,ieee802154,2
2014-W14,phy,2
2014-W14,ppp,1
2014-W14,vxlan.c,1
2014-W14,wireless,37
2014-W14,xen-netback,4
2014-W15,bonding,1
2014-W15,can,26
2014-W15,ethernet,48
2014-W15,hyperv,3
2014-W15,phy,1
2014-W15,rionet.c,1
2014-W15,usb,1
2014-W15,wireless,27
2014-W15,xen-netfront.c,1
2014-W16,can,3
2014-W16,ethernet,26
2014-W16,ieee802154,2
2014-W16,macvlan.c,1
2014-W16,phy,5
2014-W16,virtio_net.c,1
2014-W16,vxlan.c,1
2014-W16,wan,1
2014-W16,wireless,29
2014-W17,bonding,4
2014-W17,can,1
2014-W17,ethernet,64
2014-W17,hyperv,3
2014-W17,ieee802154,13
2014-W17,irda,1
2014-W17,macvlan.c,1
2014-W17,phy,3
2014-W17,slip,1
2014-W17,team,1
2014-W17,usb,7
2014-W17,vxlan.c,2
2014-W17,wireless,44
2014-W18,bonding,1
2014-W18,can,1
2014-W18,dsa,1
2014-W18,ethernet,32
2014-W18,hyperv,2
2014-W18,irda,1
2014-W18,macvlan.c,1
2014-W18,macvtap.c,1
2014-W18,phy,1
2014-W18,usb,2
2014-W18,virtio_net.c,1
2014-W18,wireless,19
2014-W19,bonding,4
2014-W19,can,5
2014-W19,ethernet,57
2014-W19,hyperv,2
2014-W19,macvlan.c,1
2014-W19,ntb_netdev.c,1
2014-W19,phy,3
2014-W19,rionet.c,1
2014-W19,usb,6
2014-W19,virtio_net.c,1
2014-W19,vmxnet3,1
2014-W19,vxlan.c,1
2014-W19,wireless,52
2014-W19,xen-netback,1
2014-W19,xen-netfront.c,1
2014-W20,bonding,13
2014-W20,can,3
2014-W20,ethernet,46
2014-W20,irda,1
2014-W20,macvlan.c,3
2014-W20,phy,4
2014-W20,tun.c,1
2014-W20,usb,12
2014-W20,vmxnet3,1
2014-W20,wan,1
2014-W20,wireless,54
2014-W20,xen-netback,2
2014-W21,bonding,5
2014-W21,can,3
2014-W21,ethernet,74
2014-W21,hyperv,1
2014-W21,ieee802154,1
2014-W21,phy,3
2014-W21,ppp,1
2014-W21,team,3
2014-W21,usb,2
2014-W21,wimax,1
2014-W21,wireless,54
2014-W22,can,1
2014-W22,ethernet,43
2014-W22,irda,1
2014-W22,macvlan.c,2
2014-W22,team,1
2014-W22,usb,12
2014-W22,wan,1
2014-W22,wireless,72
2014-W23,bonding,2
2014-W23,ethernet,115
2014-W23,macvlan.c,2
2014-W23,ntb_netdev.c,1
2014-W23,phy,3
2014-W23,ppp,1
2014-W23,usb,1
2014-W23,vmxnet3,1
2014-W23,vxlan.c,1
2014-W23,wan,1
2014-W23,wimax,1
2014-W23,wireless,28
2014-W23,xen-netback,4
2014-W23,xen-netfront.c,3
2014-W24,can,1
2014-W24,ethernet,26
2014-W24,ieee802154,1
2014-W24,phy,1
2014-W24,slip,1
2014-W24,vmxnet3,1
2014-W24,vxlan.c,3
2014-W24,wireless,52
2014-W24,xen-netback,1
2014-W25,bonding,1
2014-W25,can,1
2014-W25,ethernet,19
2014-W25,hyperv,2
2014-W25,ieee802154,4
2014-W25,irda,1
2014-W25,macvtap.c,1
2014-W25,phy,4
2014-W25,tun.c,1
2014-W25,usb,1
2014-W25,wireless,80
2014-W25,xen-netfront.c,2
2014-W26,bonding,1
2014-W26,ethernet,46
2014-W26,fddi,2
2014-W26,hyperv,1
2014-W26,phy,7
2014-W26,veth.c,1
2014-W26,virtio_net.c,1
2014-W26,wireless,38
2014-W26,xen-netback,1
2014-W27,bonding,1
2014-W27,ethernet,30
2014-W27,fddi,6
2014-W27,ieee802154,13
2014-W27,usb,2
2014-W27,vxlan.c,1
2014-W27,wireless,29
2014-W27,xen-netfront.c,2
2014-W28,Kconfig,1
2014-W28,bonding,1
2014-W28,can,2
2014-W28,ethernet,98
2014-W28,hyperv,1
2014-W28,phy,2
2014-W28,ppp,1
2014-W28,slip,1
2014-W28,usb,4
2014-W28,vxlan.c,2
2014-W28,wan,1
2014-W28,wireless,53
2014-W28,xen-netback,1
2014-W29,arcnet,1
2014-W29,bonding,24
2014-W29,caif,1
2014-W29,can,4
2014-W29,cris,1
2014-W29,dummy.c,1
2014-W29,eql.c,1
2014-W29,ethernet,67
2014-W29,hamradio,1
2014-W29,ieee802154,1
2014-W29,ifb.c,1
2014-W29,loopback.c,1
2014-W29,phy,1
2014-W29,ppp,5
2014-W29,slip,1
2014-W29,tun.c,1
2014-W29,usb,5
2014-W29,veth.c,1
2014-W29,wan,3
2014-W29,wimax,1
2014-W29,wireless,53
2014-W29,xen-netback,5
2014-W30,bonding,1
2014-W30,can,2
2014-W30,ethernet,66
2014-W30,hyperv,1
2014-W30,irda,1
2014-W30,phy,3
2014-W30,usb,1
2014-W30,virtio_net.c,2
2014-W30,vxlan.c,1
2014-W30,wireless,26
2014-W31,Makefile,1
2014-W31,bonding,1
2014-W31,can,4
2014-W31,ethernet,49
2014-W31,hyperv,1
2014-W31,macvlan.c,1
2014-W31,phy,9
2014-W31,ppp,1
2014-W31,team,3
2014-W31,usb,5
2014-W31,wireless,42
2014-W31,xen-netfront.c,3
2014-W32,Makefile,2
2014-W32,arcnet,2
2014-W32,bonding,1
2014-W32,can,3
2014-W32,ethernet,50
2014-W32,fddi,1
2014-W32,hippi,1
2014-W32,hyperv,1
2014-W32,irda,2
2014-W32,phy,1
2014-W32,team,1
2014-W32,usb,3
2014-W32,vmxnet3,2
2014-W32,wan,3
2014-W32,wireless,53
2014-W32,xen-netback,3
2014-W33,bonding,1
2014-W33,can,2
2014-W33,ethernet,32
2014-W33,hyperv,1
2014-W33,irda,1
2014-W33,macvlan.c,2
2014-W33,phy,4
2014-W33,wireless,19
2014-W33,xen-netback,6
2014-W33,xen-netfront.c,1
2014-W34,bonding,1
2014-W34,ethernet,17
2014-W34,phy,9
2014-W34,tun.c,1
2014-W34,virtio_net.c,1
2014-W34,vxlan.c,1
2014-W34,wan,1
2014-W34,wireless,62
2014-W35,bonding,1
2014-W35,can,2
2014-W35,dsa,1
2014-W35,ethernet,67
2014-W35,phy,6
2014-W35,sungem_phy.c,1
2014-W35,team,1
2014-W35,usb,3
2014-W35,virtio_net.c,2
2014-W35,vxlan.c,2
2014-W35,wan,2
2014-W35,wireless,31
2014-W35,xen-netback,1
2014-W36,bonding,1
2014-W36,can,2
2014-W36,ethernet,59
2014-W36,fddi,1
2014-W36,hyperv,1
2014-W36,phy,6
2014-W36,usb,3
2014-W36,vmxnet3,1
2014-W36,wireless,46
2014-W37,bonding,15
2014-W37,can,1
2014-W37,dsa,2
2014-W37,ethernet,67
2014-W37,irda,1
2014-W37,phy,1
2014-W37,usb,2
2014-W37,virtio_net.c,1
2014-W37,wimax,1
2014-W37,wireless,108
2014-W37,xen-netback,1
2014-W37,xen-netfront.c,1
2014-W38,arcnet,2
2014-W38,bonding,5
2014-W38,can,5
2014-W38,dsa,4
2014-W38,ethernet,71
2014-W38,macvlan.c,2
2014-W38,phy,3
2014-W38,usb,2
2014-W38,vxlan.c,1
2014-W38,wireless,46
2014-W39,bonding,1
2014-W39,can,3
2014-W39,dsa,3
2014-W39,ethernet,25
2014-W39,fddi,3
2014-W39,hyperv,1
2014-W39,ieee802154,3
2014-W39,macvlan.c,1
2014-W39,macvtap.c,1
2014-W39,usb,4
2014-W39,vmxnet3,1
2014-W39,vxlan.c,1
2014-W39,wireless,51
2014-W40,appletalk,1
2014-W40,arcnet,5
2014-W40,bonding,3
2014-W40,can,1
2014-W40,dsa,1
2014-W40,eql.c,1
2014-W40,ethernet,75
2014-W40,hyperv,1
2014-W40,ifb.c,1
2014-W40,irda,1
2014-W40,loopback.c,1
2014-W40,macvlan.c,1
2014-W40,phy,2
2014-W40,ppp,1
2014-W40,team,2
2014-W40,tun.c,1
2014-W40,usb,5
2014-W40,vxlan.c,2
2014-W40,wan,1
2014-W40,wireless,48
2014-W41,Kconfig,1
2014-W41,can,3
2014-W41,ethernet,42
2014-W41,ieee802154,10
2014-W41,macvlan.c,2
2014-W41,phy,3
2014-W41,ppp,1
2014-W41,usb,4
2014-W41,virtio_net.c,1
2014-W41,wireless,26
2014-W42,can,1
2014-W42,dsa,2
2014-W42,ethernet,37
2014-W42,hyperv,1
2014-W42,macvtap.c,1
2014-W42,usb,2
2014-W42,virtio_net.c,7
2014-W42,vxlan.c,3
2014-W42,wireless,36
2014-W42,xen-netfront.c,1
2014-W43,can,7
2014-W43,dsa,1
2014-W43,ethernet,65
2014-W43,hyperv,1
2014-W43,ieee802154,9
2014-W43,irda,1
2014-W43,macvlan.c,1
2014-W43,phy,4
2014-W43,tun.c,1
2014-W43,usb,3
2014-W43,virtio_net.c,5
2014-W43,wireless,68
2014-W43,xen-netback,3
2014-W43,xen-netfront.c,1
2014-W44,Kconfig,1
2014-W44,bonding,1
2014-W44,can,5
2014-W44,dsa,10
2014-W44,ethernet,49
2014-W44,hyperv,1
2014-W44,ieee802154,12
2014-W44,macvtap.c,2
2014-W44,tun.c,2
2014-W44,usb,7
2014-W44,virtio_net.c,1
2014-W44,wireless,62
2014-W44,xen-netback,2
2014-W45,can,7
2014-W45,dsa,1
2014-W45,ethernet,73
2014-W45,hamradio,1
2014-W45,ieee802154,4
2014-W45,macvtap.c,3
2014-W45,phy,3
2014-W45,ppp,1
2014-W45,tun.c,4
2014-W45,usb,6
2014-W45,vxlan.c,1
2014-W45,wireless,53
2014-W45,xen-netback,1
2014-W46,bonding,2
2014-W46,can,2
2014-W46,dsa,3
2014-W46,ethernet,100
2014-W46,hyperv,1
2014-W46,ieee802154,7
2014-W46,irda,2
2014-W46,phy,17
2014-W46,ppp,1
2014-W46,team,1
2014-W46,tun.c,1
2014-W46,usb,6
2014-W46,vmxnet3,1
2014-W46,vxlan.c,3
2014-W46,wireless,67
2014-W47,Kconfig,1
2014-W47,Makefile,1
2014-W47,bonding,5
2014-W47,can,8
2014-W47,ethernet,55
2014-W47,fddi,4
2014-W47,ieee802154,1
2014-W47,ipvlan,1
2014-W47,macvtap.c,2
2014-W47,phy,7
2014-W47,ppp,1
2014-W47,tun.c,3
2014-W47,usb,5
2014-W47,virtio_net.c,1
2014-W47,vxlan.c,3
2014-W47,wireless,43
2014-W48,Kconfig,1
2014-W48,bonding,1
2014-W48,can,5
2014-W48,dsa,2
2014-W48,ethernet,37
2014-W48,hyperv,1
2014-W48,ipvlan,3
2014-W48,macvlan.c,2
2014-W48,macvtap.c,1
2014-W48,phy,1
2014-W48,ppp,1
2014-W48,tun.c,2
2014-W48,virtio_net.c,1
2014-W48,vxlan.c,2
2014-W48,wireless,68
2014-W48,xen-netback,1
2014-W48,xen-netfront.c,1
2014-W49,Kconfig,1
2014-W49,can,7
2014-W49,dummy.c,1
2014-W49,ethernet,59
2014-W49,hyperv,1
2014-W49,ieee802154,1
2014-W49,ipvlan,2
2014-W49,macvlan.c,2
2014-W49,macvtap.c,1
2014-W49,phy,1
2014-W49,tun.c,1
2014-W49,usb,1
2014-W49,virtio_net.c,1
2014-W49,vmxnet3,1
2014-W49,wireless,60
2014-W50,dsa,1
2014-W50,dummy.c,1
2014-W50,ethernet,82
2014-W50,ieee802154,8
2014-W50,phy,1
2014-W50,vxlan.c,1
2014-W50,wireless,25
2014-W50,xen-netback,1
2014-W50,xen-netfront.c,1
2014-W51,dsa,1
2014-W51,ethernet,31
2014-W51,hyperv,1
2014-W51,ieee802154,7
2014-W51,macvtap.c,2
2014-W51,phy,1
2014-W51,tun.c,1
2014-W51,usb,1
2014-W51,virtio_net.c,1
2014-W51,wireless,54
2014-W51,xen-netback,1
2014-W51,xen-netfront.c,1
2014-W52,bonding,1
2014-W52,caif,1
2014-W52,ethernet,19
2014-W52,ieee802154,4
2014-W52,irda,1
2014-W52,phy,1
2014-W52,tun.c,2
2014-W52,virtio_net.c,1
2014-W52,vxlan.c,1
2014-W52,wireless,61
2014-W52,xen-netback,1
2015-W01,ethernet,27
2015-W01,fddi,1
2015-W01,usb,1
2015-W01,vxlan.c,1
2015-W01,wireless,39
2015-W02,bonding,1
2015-W02,can,6
2015-W02,ethernet,39
2015-W02,ieee802154,1
2015-W02,irda,6
2015-W02,team,1
2015-W02,usb,4
2015-W02,vmxnet3,2
2015-W02,vxlan.c,1
2015-W02,wireless,44
2015-W02,xen-netback,3
2015-W02,xen-netfront.c,1
2015-W03,can,4
2015-W03,ethernet,61
2015-W03,macvtap.c,1
2015-W03,mii.c,1
2015-W03,phy,7
2015-W03,team,1
2015-W03,tun.c,2
2015-W03,usb,2
2015-W03,virtio_net.c,1
2015-W03,vmxnet3,2
2015-W03,vxlan.c,7
2015-W03,wireless,47
2015-W03,xen-netfront.c,3
2015-W04,bonding,1
2015-W04,can,7
2015-W04,dsa,3
2015-W04,ethernet,62
2015-W04,hyperv,2
2015-W04,ieee802154,2
2015-W04,ipvlan,1
2015-W04,macvlan.c,1
2015-W04,phy,1
2015-W04,usb,3
2015-W04,veth.c,1
2015-W04,vxlan.c,3
2015-W04,wireless,82
2015-W04,xen-netback,1
2015-W05,bonding,6
2015-W05,caif,1
2015-W05,can,10
2015-W05,ethernet,67
2015-W05,hyperv,1
2015-W05,ipvlan,1
2015-W05,phy,4
2015-W05,ppp,1
2015-W05,team,1
2015-W05,usb,11
2015-W05,vxlan.c,2
2015-W05,wan,1
2015-W05,wireless,74
2015-W06,arcnet,1
2015-W06,bonding,3
2015-W06,can,1
2015-W06,dsa,3
2015-W06,ethernet,67
2015-W06,hyperv,1
2015-W06,macvtap.c,2
2015-W06,tun.c,4
2015-W06,usb,9
2015-W06,virtio_net.c,1
2015-W06,vmxnet3,1
2015-W06,vxlan.c,3
2015-W06,wireless,60
2015-W06,xen-netback,2
2015-W06,xen-netfront.c,1
2015-W07,arcnet,1
2015-W07,can,3
2015-W07,dsa,2
2015-W07,ethernet,24
2015-W07,ieee802154,1
2015-W07,ipvlan,1
2015-W07,phy,1
2015-W07,usb,5
2015-W07,vxlan.c,3
2015-W07,wireless,48
2015-W08,Kconfig,1
2015-W08,appletalk,1
2015-W08,bonding,1
2015-W08,dsa,1
2015-W08,ethernet,28
2015-W08,phy,1
2015-W08,usb,3
2015-W08,wan,1
2015-W08,wireless,25
2015-W09,bonding,2
2015-W09,can,3
2015-W09,dsa,1
2015-W09,ethernet,106
2015-W09,hyperv,1
2015-W09,ieee802154,12
2015-W09,macvtap.c,1
2015-W09,phy,2
2015-W09,ppp,1
2015-W09,team,2
2015-W09,usb,3
2015-W09,vmxnet3,1
2015-W09,wireless,37
2015-W09,xen-netback,1
2015-W10,arcnet,1
2015-W10,bonding,1
2015-W10,can,1
2015-W10,dsa,2
2015-W10,ethernet,56
2015-W10,hamradio,5
2015-W10,ieee802154,1
2015-W10,ipvlan,1
2015-W10,macvlan.c,1
2015-W10,macvtap.c,1
2015-W10,netconsole.c,1
2015-W10,ppp,1
2015-W10,team,1
2015-W10,tun.c,1
2015-W10,usb,1
2015-W10,wireless,48
2015-W10,xen-netback,4
2015-W11,can,6
2015-W11,ethernet,27
2015-W11,ieee802154,3
2015-W11,phy,1
2015-W11,virtio_net.c,1
2015-W11,vxlan.c,2
2015-W11,wireless,89
2015-W11,xen-netback,1
2015-W12,arcnet,3
2015-W12,can,9
2015-W12,dsa,1
2015-W12,ethernet,50
2015-W12,ieee802154,3
2015-W12,phy,4
2015-W12,sb1000.c,1
2015-W12,usb,2
2015-W12,vxlan.c,3
2015-W12,wireless,60
2015-W12,xen-netback,1
2015-W13,bonding,3
2015-W13,can,2
2015-W13,dsa,15
2015-W13,ethernet,65
2015-W13,hyperv,4
2015-W13,ieee802154,2
2015-W13,ipvlan,4
2015-W13,phy,1
2015-W13,ppp,1
2015-W13,team,1
2015-W13,usb,2
2015-W13,virtio_net.c,2
2015-W13,vxlan.c,4
2015-W13,wireless,27
2015-W14,bonding,2
2015-W14,caif,1
2015-W14,can,1
2015-W14,dsa,12
2015-W14,ethernet,116
2015-W14,ipvlan,2
2015-W14,macvlan.c,1
2015-W14,macvtap.c,1
2015-W14,phy,2
2015-W14,tun.c,1
2015-W14,usb,1
2015-W14,veth.c,1
2015-W14,virtio_net.c,1
2015-W14,vmxnet3,1
2015-W14,vxlan.c,2
2015-W14,wan,2
2015-W14,wireless,71
2015-W14,xen-netback,1
2015-W14,xen-netfront.c,2
2015-W15,bonding,2
2015-W15,ethernet,45
2015-W15,hyperv,5
2015-W15,ieee802154,1
2015-W15,ntb_netdev.c,1
2015-W15,phy,1
2015-W15,usb,1
2015-W15,vxlan.c,3
2015-W15,wireless,20
2015-W15,xen-netfront.c,1
2015-W16,arcnet,1
2015-W16,dsa,3
2015-W16,ethernet,46
2015-W16,hyperv,1
2015-W16,ifb.c,1
2015-W16,macvtap.c,1
2015-W16,wireless,41
2015-W16,xen-netfront.c,1
2015-W17,Kconfig,1
2015-W17,arcnet,3
2015-W17,bonding,1
2015-W17,can,1
2015-W17,dsa,2
2015-W17,ethernet,28
2015-W17,macvtap.c,3
2015-W17,phy,2
2015-W17,ppp,4
2015-W17,tun.c,3
2015-W17,vxlan.c,1
2015-W17,wireless,15
2015-W18,bonding,1
2015-W18,can,2
2015-W18,dsa,1
2015-W18,ethernet,66
2015-W18,hyperv,2
2015-W18,ieee802154,7
2015-W18,macvlan.c,1
2015-W18,phy,1
2015-W18,wireless,33
2015-W19,Kconfig,1
2015-W19,arcnet,26
2015-W19,bonding,9
2015-W19,can,8
2015-W19,dsa,9
2015-W19,ethernet,81
2015-W19,hyperv,1
2015-W19,ipvlan,2
2015-W19,macvtap.c,1
2015-W19,ntb_netdev.c,1
2015-W19,phy,2
2015-W19,ppp,2
2015-W19,team,5
2015-W19,tun.c,2
2015-W19,usb,2
2015-W19,vxlan.c,2
2015-W19,wireless,30
2015-W19,xen-netback,1
2015-W20,Kconfig,1
2015-W20,Makefile,1
2015-W20,bonding,4
2015-W20,dsa,1
2015-W20,ethernet,41
2015-W20,geneve.c,1
2015-W20,hyperv,4
2015-W20,ieee802154,26
2015-W20,macvtap.c,2
2015-W20,phy,8
2015-W20,team,1
2015-W20,wireless,33
2015-W21,can,2
2015-W21,ethernet,49
2015-W21,ieee802154,4
2015-W21,irda,1
2015-W21,phy,2
2015-W21,usb,1
2015-W21,vxlan.c,1
2015-W21,wireless,28
2015-W22,can,1
2015-W22,ethernet,45
2015-W22,hyperv,3
2015-W22,ieee802154,9
2015-W22,phy,5
2015-W22,vxlan.c,1
2015-W22,wireless,30
2015-W22,xen-netback,2
2015-W22,xen-netfront.c,1
2015-W23,bonding,1
2015-W23,dsa,1
2015-W23,ethernet,117
2015-W23,fddi,1
2015-W23,geneve.c,2
2015-W23,hyperv,1
2015-W23,ieee802154,2
2015-W23,phy,4
2015-W23,wan,3
2015-W23,wireless,56
2015-W23,xen-netback,2
2015-W23,xen-netfront.c,1
2015-W24,bonding,2
2015-W24,dsa,1
2015-W24,ethernet,90
2015-W24,ieee802154,5
2015-W24,phy,4
2015-W24,wireless,28
2015-W25,arcnet,1
2015-W25,bonding,1
2015-W25,can,6
2015-W25,dsa,7
2015-W25,ethernet,52
2015-W25,hamradio,1
2015-W25,ieee802154,3
2015-W25,macvtap.c,1
2015-W25,phy,1
2015-W25,ppp,1
2015-W25,vmxnet3,3
2015-W25,wan,1
2015-W25,wireless,36
2015-W25,xen-netback,4
2015-W25,xen-netfront.c,2
2015-W26,can,1
2015-W26,ethernet,61
2015-W26,hamradio,2
2015-W26,ieee802154,1
2015-W26,netconsole.c,4
2015-W26,phy,5
2015-W26,wireless,54
2015-W26,xen-netback,1
2015-W26,xen-netfront.c,1
2015-W27,can,1
2015-W27,ethernet,15
2015-W27,hamradio,1
2015-W27,phy,1
2015-W27,vmxnet3,1
2015-W27,wireless,13
2015-W28,bonding,1
2015-W28,can,13
2015-W28,dsa,1
2015-W28,ethernet,61
2015-W28,hyperv,1
2015-W28,ifb.c,1
2015-W28,macvtap.c,1
2015-W28,phy,2
2015-W28,usb,3
2015-W28,vmxnet3,1
2015-W28,wan,1
2015-W28,wireless,21
2015-W28,xen-netback,2
2015-W29,bonding,4
2015-W29,dsa,2
2015-W29,ethernet,37
2015-W29,hyperv,1
2015-W29,ipvlan,5
2015-W29,ntb_netdev.c,3
2015-W29,phy,2
2015-W29,usb,1
2015-W29,virtio_net.c,1
2015-W29,wireless,26
2015-W30,bonding,1
2015-W30,dsa,2
2015-W30,ethernet,68
2015-W30,hyperv,2
2015-W30,macvtap.c,1
2015-W30,phy,4
2015-W30,usb,5
2015-W30,vxlan.c,7
2015-W30,wireless,27
2015-W31,bonding,2
2015-W31,ethernet,78
2015-W31,ieee802154,1
2015-W31,macvlan.c,1
2015-W31,phy,4
2015-W31,rionet.c,1
2015-W31,tun.c,1
2015-W31,usb,4
2015-W31,veth.c,1
2015-W31,virtio_net.c,1
2015-W31,vxlan.c,2
2015-W31,wireless,45
2015-W32,can,4
2015-W32,dsa,7
2015-W32,ethernet,85
2015-W32,phy,2
2015-W32,virtio_net.c,1
2015-W32,vxlan.c,1
2015-W32,wireless,33
2015-W32,xen-netback,3
2015-W32,xen-netfront.c,1
2015-W33,Kconfig,1
2015-W33,Makefile,1
2015-W33,bonding,1
2015-W33,dsa,13
2015-W33,ethernet,44
2015-W33,fddi,1
2015-W33,hamradio,1
2015-W33,hyperv,2
2015-W33,ieee802154,2
2015-W33,phy,2
2015-W33,ppp,1
2015-W33,usb,3
2015-W33,vrf.c,1
2015-W33,vxlan.c,1
2015-W33,wan,1
2015-W33,wireless,21
2015-W34,Kconfig,2
2015-W34,Makefile,1
2015-W34,bonding,1
2015-W34,caif,1
2015-W34,dsa,3
2015-W34,dummy.c,1
2015-W34,ethernet,27
2015-W34,fjes,22
2015-W34,geneve.c,1
2015-W34,hyperv,1
2015-W34,ipvlan,1
2015-W34,loopback.c,1
2015-W34,nlmon.c,1
2015-W34,phy,3
2015-W34,team,1
2015-W34,veth.c,1
2015-W34,virtio_net.c,1
2015-W34,vrf.c,10
2015-W34,vxlan.c,9
2015-W34,wan,1
2015-W34,wireless,33
2015-W34,xen-netfront.c,1
2015-W35,Kconfig,1
2015-W35,bonding,1
2015-W35,can,3
2015-W35,ethernet,85
2015-W35,geneve.c,10
2015-W35,ieee802154,4
2015-W35,phy,4
2015-W35,ppp,1
2015-W35,usb,1
2015-W35,virtio_net.c,1
2015-W35,vrf.c,1
2015-W35,vxlan.c,6
2015-W35,wireless,29
2015-W35,xen-netfront.c,1
2015-W36,bonding,1
2015-W36,can,5
2015-W36,dsa,12
2015-W36,ethernet,40
2015-W36,hyperv,1
2015-W36,ieee802154,1
2015-W36,phy,6
2015-W36,usb,3
2015-W36,vrf.c,1
2015-W36,vxlan.c,1
2015-W36,wan,1
2015-W36,wireless,34
2015-W36,xen-netback,1
2015-W37,dsa,1
2015-W37,ethernet,23
2015-W37,irda,1
2015-W37,phy,1
2015-W37,usb,7
2015-W37,wireless,17
2015-W37,xen-netback,2
2015-W37,xen-netfront.c,1
2015-W38,arcnet,2
2015-W38,bonding,1
2015-W38,can,1
2015-W38,ethernet,37
2015-W38,fjes,1
2015-W38,geneve.c,1
2015-W38,macvtap.c,1
2015-W38,phy,3
2015-W38,usb,8
2015-W38,vrf.c,3
2015-W38,vxlan.c,2
2015-W38,wireless,55
2015-W38,xen-netfront.c,1
2015-W39,can,2
2015-W39,dsa,1
2015-W39,ethernet,68
2015-W39,geneve.c,2
2015-W39,ieee802154,24
2015-W39,irda,3
2015-W39,phy,7
2015-W39,ppp,1
2015-W39,usb,4
2015-W39,vmxnet3,1
2015-W39,vxlan.c,2
2015-W39,wireless,24
2015-W40,Kconfig,1
2015-W40,can,1
2015-W40,dsa,3
2015-W40,ethernet,92
2015-W40,netconsole.c,1
2015-W40,phy,1
2015-W40,ppp,1
2015-W40,usb,6
2015-W40,vrf.c,5
2015-W40,wireless,21
2015-W41,can,1
2015-W41,dsa,6
2015-W41,ethernet,31
2015-W41,ipvlan,4
2015-W41,macvlan.c,1
2015-W41,phy,5
2015-W41,ppp,3
2015-W41,tun.c,1
2015-W41,vrf.c,8
2015-W41,wireless,38
2015-W42,Kconfig,1
2015-W42,bonding,1
2015-W42,ethernet,94
2015-W42,fjes,1
2015-W42,geneve.c,1
2015-W42,phy,3
2015-W42,usb,2
2015-W42,vmxnet3,1
2015-W42,vrf.c,1
2015-W42,vxlan.c,1
2015-W42,wireless,27
2015-W42,xen-netback,1
2015-W43,can,1
2015-W43,dsa,9
2015-W43,dummy.c,1
2015-W43,ethernet,58
2015-W43,geneve.c,1
2015-W43,ieee802154,1
2015-W43,ipvlan,1
2015-W43,macvtap.c,1
2015-W43,phy,7
2015-W43,ppp,1
2015-W43,usb,1
2015-W43,vxlan.c,1
2015-W43,wireless,30
2015-W43,xen-netfront.c,1
2015-W44,bonding,3
2015-W44,can,2
2015-W44,dsa,3
2015-W44,ethernet,74
2015-W44,geneve.c,3
2015-W44,ppp,1
2015-W44,slip,1
2015-W44,usb,1
2015-W44,wireless,39
2015-W44,xen-netback,2
2015-W45,arcnet,1
2015-W45,bonding,1
2015-W45,dsa,3
2015-W45,ethernet,63
2015-W45,fjes,1
2015-W45,phy,5
2015-W45,usb,1
2015-W45,wireless,21
2015-W46,caif,1
2015-W46,can,1
2015-W46,dsa,6
2015-W46,ethernet,34
2015-W46,fjes,1
2015-W46,macvtap.c,1
2015-W46,phy,2
2015-W46,usb,3
2015-W46,virtio_net.c,1
2015-W46,vmxnet3,1
2015-W46,wireless,23
2015-W47,can,2
2015-W47,dsa,1
2015-W47,ethernet,53
2015-W47,ipvlan,2
2015-W47,macvlan.c,1
2015-W47,phy,3
2015-W47,ppp,2
2015-W47,usb,1
2015-W47,virtio_net.c,2
2015-W47,vrf.c,1
2015-W47,wan,1
2015-W47,wireless,54
2015-W48,ethernet,24
2015-W48,hyperv,1
2015-W48,macvtap.c,1
2015-W48,phy,1
2015-W48,tun.c,1
2015-W48,usb,1
2015-W48,vmxnet3,1
2015-W48,vrf.c,1
2015-W48,wan,1
2015-W48,wireless,54
2015-W49,bonding,8
2015-W49,ethernet,92
2015-W49,hyperv,17
2015-W49,phy,1
2015-W49,ppp,2
2015-W49,team,6
2015-W49,usb,7
2015-W49,vrf.c,2
2015-W49,wan,2
2015-W49,wireless,31
2015-W50,ethernet,86
2015-W50,geneve.c,2
2015-W50,hyperv,1
2015-W50,ieee802154,2
2015-W50,phy,2
2015-W50,ppp,2
2015-W50,usb,1
2015-W50,vxlan.c,3
2015-W50,wan,1
2015-W50,wireless,25
2015-W51,bonding,1
2015-W51,ethernet,51
2015-W51,geneve.c,2
2015-W51,hamradio,2
2015-W51,ipvlan,1
2015-W51,loopback.c,1
2015-W51,macvlan.c,2
2015-W51,macvtap.c,1
2015-W51,phy,1
2015-W51,ppp,1
2015-W51,team,2
2015-W51,tun.c,1
2015-W51,usb,5
2015-W51,veth.c,1
2015-W51,wireless,55
2015-W52,bonding,1
2015-W52,can,1
2015-W52,dsa,1
2015-W52,ethernet,91
2015-W52,geneve.c,2
2015-W52,ieee802154,1
2015-W52,usb,1
2015-W52,vxlan.c,1
2015-W52,wireless,12
2015-W53,ethernet,35
2015-W53,phy,2
2015-W53,wireless,29
2016-W01,bonding,1
2016-W01,ethernet,79
2016-W01,geneve.c,1
2016-W01,hamradio,2
2016-W01,irda,2
2016-W01,phy,18
2016-W01,plip,1
2016-W01,usb,9
2016-W01,vmxnet3,1
2016-W01,vrf.c,1
2016-W01,vxlan.c,2
2016-W01,wireless,26
2016-W02,bonding,1
2016-W02,can,4
2016-W02,ethernet,77
2016-W02,phy,7
2016-W02,wan,1
2016-W02,wireless,33
2016-W02,xen-netback,3
2016-W03,can,1
2016-W03,dsa,1
2016-W03,ethernet,29
2016-W03,geneve.c,1
2016-W03,irda,1
2016-W03,phy,4
2016-W03,ppp,2
2016-W03,team,1
2016-W03,vxlan.c,1
2016-W03,wireless,26
2016-W04,dsa,1
2016-W04,ethernet,35
2016-W04,fddi,1
2016-W04,hyperv,2
2016-W04,ipvlan,1
2016-W04,macvlan.c,1
2016-W04,phy,1
2016-W04,usb,3
2016-W04,vxlan.c,1
2016-W04,wireless,48
2016-W04,xen-netfront.c,1
2016-W05,bonding,7
2016-W05,dsa,2
2016-W05,ethernet,51
2016-W05,hyperv,2
2016-W05,phy,11
2016-W05,team,1
2016-W05,virtio_net.c,2
2016-W05,vrf.c,1
2016-W05,vxlan.c,3
2016-W05,wan,1
2016-W05,wireless,61
2016-W05,xen-netback,1
2016-W06,bonding,2
2016-W06,dsa,4
2016-W06,ethernet,51
2016-W06,geneve.c,3
2016-W06,hamradio,2
2016-W06,macvlan.c,1
2016-W06,phy,7
2016-W06,usb,1
2016-W06,vrf.c,1
2016-W06,vxlan.c,7
2016-W06,wireless,24
2016-W07,can,1
2016-W07,ethernet,108
2016-W07,geneve.c,7
2016-W07,hyperv,1
2016-W07,ieee802154,3
2016-W07,ipvlan,3
2016-W07,phy,4
2016-W07,ppp,1
2016-W07,usb,2
2016-W07,vmxnet3,1
2016-W07,vxlan.c,13
2016-W07,wireless,32
2016-W08,bonding,1
2016-W08,can,3
2016-W08,dsa,9
2016-W08,ethernet,75
2016-W08,hyperv,1
2016-W08,ipvlan,1
2016-W08,macvlan.c,1
2016-W08,phy,3
2016-W08,ppp,2
2016-W08,team,1
2016-W08,tun.c,1
2016-W08,usb,3
2016-W08,veth.c,1
2016-W08,vrf.c,1
2016-W08,vxlan.c,6
2016-W08,wan,1
2016-W08,wireless,47
2016-W09,can,6
2016-W09,ethernet,88
2016-W09,geneve.c,2
2016-W09,hyperv,1
2016-W09,usb,3
2016-W09,vmxnet3,1
2016-W09,vxlan.c,4
2016-W09,wireless,156
2016-W10,Kconfig,1
2016-W10,Makefile,1
2016-W10,dsa,6
2016-W10,ethernet,79
2016-W10,geneve.c,3
2016-W10,macsec.c,1
2016-W10,macvtap.c,1
2016-W10,phy,4
2016-W10,ppp,1
2016-W10,usb,2
2016-W10,vxlan.c,3
2016-W10,wireless,50
2016-W10,xen-netback,2
2016-W11,bonding,2
2016-W11,ethernet,53
2016-W11,geneve.c,1
2016-W11,ipvlan,1
2016-W11,macvlan.c,1
2016-W11,phy,2
2016-W11,ppp,1
2016-W11,team,1
2016-W11,usb,4
2016-W11,virtio_net.c,1
2016-W11,vmxnet3,1
2016-W11,vxlan.c,1
2016-W11,wan,1
2016-W11,wireless,70
2016-W12,can,1
2016-W12,ethernet,31
2016-W12,hyperv,3
2016-W12,phy,4
2016-W12,ppp,1
2016-W12,rionet.c,5
2016-W12,usb,1
2016-W12,vxlan.c,1
2016-W12,wireless,23
2016-W13,can,1
2016-W13,dsa,8
2016-W13,ethernet,77
2016-W13,team,1
2016-W13,tun.c,2
2016-W13,usb,2
2016-W13,wireless,31
2016-W14,can,2
2016-W14,dsa,3
2016-W14,ethernet,93
2016-W14,geneve.c,1
2016-W14,hamradio,1
2016-W14,ieee802154,1
2016-W14,irda,1
2016-W14,tun.c,2
2016-W14,usb,1
2016-W14,vrf.c,1
2016-W14,vxlan.c,6
2016-W14,wireless,49
2016-W15,Kconfig,1
2016-W15,dsa,19
2016-W15,ethernet,94
2016-W15,fjes,7
2016-W15,geneve.c,1
2016-W15,hyperv,1
2016-W15,ieee802154,2
2016-W15,phy,3
2016-W15,tun.c,2
2016-W15,usb,1
2016-W15,vxlan.c,2
2016-W15,wireless,86
2016-W16,Kconfig,1
2016-W16,arcnet,1
2016-W16,ethernet,103
2016-W16,geneve.c,2
2016-W16,hamradio,1
2016-W16,hyperv,1
2016-W16,ieee802154,5
2016-W16,macsec.c,10
2016-W16,macvlan.c,1
2016-W16,macvtap.c,1
2016-W16,phy,4
2016-W16,rionet.c,1
2016-W16,veth.c,1
2016-W16,vmxnet3,1
2016-W16,vxlan.c,1
2016-W16,wireless,63
2016-W17,can,1
2016-W17,dsa,2
2016-W17,ethernet,73
2016-W17,ipvlan,1
2016-W17,macsec.c,1
2016-W17,phy,1
2016-W17,ppp,2
2016-W17,tun.c,1
2016-W17,usb,5
2016-W17,vxlan.c,1
2016-W17,wireless,41
2016-W18,appletalk,1
2016-W18,can,8
2016-W18,cris,1
2016-W18,ethernet,70
2016-W18,fjes,2
2016-W18,geneve.c,2
2016-W18,hamradio,2
2016-W18,ifb.c,1
2016-W18,irda,1
2016-W18,macsec.c,1
2016-W18,macvtap.c,2
2016-W18,phy,2
2016-W18,slip,1
2016-W18,usb,5
2016-W18,vrf.c,2
2016-W18,vxlan.c,2
2016-W18,wan,1
2016-W18,wimax,1
2016-W18,wireless,16
2016-W19,Kconfig,1
2016-W19,Makefile,1
2016-W19,can,1
2016-W19,dsa,31
2016-W19,ethernet,66
2016-W19,fjes,1
2016-W19,gtp.c,3
2016-W19,hyperv,6
2016-W19,phy,6
2016-W19,vrf.c,2
2016-W19,vxlan.c,1
2016-W19,wireless,14
2016-W19,xen-netback,5
2016-W20,Space.c,1
2016-W20,ethernet,43
2016-W20,geneve.c,1
2016-W20,ieee802154,1
2016-W20,irda,1
2016-W20,macsec.c,1
2016-W20,phy,6
2016-W20,tun.c,1
2016-W20,usb,6
2016-W20,vxlan.c,1
2016-W20,wireless,31
2016-W20,xen-netback,2
2016-W21,ethernet,31
2016-W21,team,1
2016-W21,usb,1
2016-W21,vxlan.c,1
2016-W21,wireless,33
2016-W22,can,1
2016-W22,dsa,8
2016-W22,ethernet,53
2016-W22,fjes,1
2016-W22,hyperv,6
2016-W22,loopback.c,1
2016-W22,macvlan.c,2
2016-W22,phy,1
2016-W22,virtio_net.c,2
2016-W22,vrf.c,4
2016-W22,wireless,25
2016-W23,bonding,2
2016-W23,can,4
2016-W23,dsa,10
2016-W23,ethernet,80
2016-W23,hyperv,1
2016-W23,ipvlan,1
2016-W23,macvlan.c,1
2016-W23,macvtap.c,1
2016-W23,phy,4
2016-W23,ppp,2
2016-W23,team,2
2016-W23,tun.c,1
2016-W23,usb,1
2016-W23,virtio_net.c,1
2016-W23,vmxnet3,1
2016-W23,vrf.c,7
2016-W23,wan,2
2016-W23,wireless,26
2016-W24,can,4
2016-W24,dsa,1
2016-W24,ethernet,96
2016-W24,fddi,1
2016-W24,geneve.c,5
2016-W24,gtp.c,1
2016-W24,hamradio,1
2016-W24,macsec.c,3
2016-W24,phy,1
2016-W24,tun.c,1
2016-W24,usb,7
2016-W24,virtio_net.c,1
2016-W24,vmxnet3,7
2016-W24,vrf.c,5
2016-W24,vxlan.c,5
2016-W24,wireless,27
2016-W25,bonding,1
2016-W25,can,6
2016-W25,dsa,17
2016-W25,ethernet,128
2016-W25,geneve.c,1
2016-W25,phy,6
2016-W25,team,1
2016-W25,vrf.c,1
2016-W25,wireless,34
2016-W26,bonding,1
2016-W26,dsa,1
2016-W26,ethernet,129
2016-W26,geneve.c,1
2016-W26,macsec.c,1
2016-W26,phy,2
2016-W26,tun.c,1
2016-W26,usb,3
2016-W26,wan,1
2016-W26,wireless,55
2016-W27,bonding,2
2016-W27,can,2
2016-W27,dsa,2
2016-W27,ethernet,75
2016-W27,hyperv,1
2016-W27,ieee802154,2
2016-W27,ppp,1
2016-W27,team,1
2016-W27,tun.c,2
2016-W27,usb,5
2016-W27,vrf.c,1
2016-W27,wireless,37
2016-W28,bonding,1
2016-W28,dsa,1
2016-W28,ethernet,78
2016-W28,geneve.c,1
2016-W28,ieee802154,1
2016-W28,macvtap.c,2
2016-W28,phy,2
2016-W28,usb,5
2016-W28,vxlan.c,1
2016-W28,wan,3
2016-W28,wireless,21
2016-W29,bonding,1
2016-W29,dsa,14
2016-W29,ethernet,50
2016-W29,hyperv,1
2016-W29,macsec.c,4
2016-W29,macvtap.c,1
2016-W29,phy,4
2016-W29,usb,1
2016-W29,virtio_net.c,1
2016-W29,wan,2
2016-W29,wireless,15
2016-W30,caif,2
2016-W30,dsa,2
2016-W30,ethernet,77
2016-W30,ipvlan,1
2016-W30,macsec.c,4
2016-W30,phy,3
2016-W30,wan,1
2016-W30,wireless,15
2016-W31,caif,1
2016-W31,dsa,1
2016-W31,ethernet,44
2016-W31,hyperv,2
2016-W31,phy,2
2016-W31,vxlan.c,2
2016-W31,wireless,22
2016-W32,bonding,1
2016-W32,can,7
2016-W32,dsa,3
2016-W32,ethernet,83
2016-W32,macsec.c,3
2016-W32,macvlan.c,1
2016-W32,macvtap.c,1
2016-W32,phy,2
2016-W32,ppp,3
2016-W32,usb,3
2016-W32,virtio_net.c,1
2016-W32,wimax,1
2016-W32,wireless,23
2016-W33,can,1
2016-W33,dsa,12
2016-W33,ethernet,69
2016-W33,fjes,1
2016-W33,hyperv,6
2016-W33,phy,5
2016-W33,tun.c,2
2016-W33,usb,2
2016-W33,vmxnet3,1
2016-W33,wireless,60
2016-W33,xen-netback,1
2016-W34,dsa,14
2016-W34,ethernet,79
2016-W34,hyperv,14
2016-W34,phy,3
2016-W34,ppp,2
2016-W34,team,1
2016-W34,tun.c,1
2016-W34,veth.c,2
2016-W34,vmxnet3,1
2016-W34,vxlan.c,1
2016-W34,wan,1
2016-W34,wireless,22
2016-W34,xen-netback,1
2016-W35,bonding,3
2016-W35,dsa,6
2016-W35,ethernet,86
2016-W35,ieee802154,1
2016-W35,usb,12
2016-W35,vxlan.c,5
2016-W35,wan,1
2016-W35,wireless,23
2016-W36,can,1
2016-W36,dsa,1
2016-W36,ethernet,79
2016-W36,hyperv,1
2016-W36,ieee802154,1
2016-W36,macsec.c,1
2016-W36,phy,3
2016-W36,usb,2
2016-W36,vrf.c,6
2016-W36,vxlan.c,1
2016-W36,wireless,21
2016-W37,Kconfig,1
2016-W37,dsa,3
2016-W37,ethernet,93
2016-W37,hamradio,1
2016-W37,ipvlan,1
2016-W37,phy,1
2016-W37,vrf.c,1
2016-W37,wireless,23
2016-W37,xen-netback,1
2016-W38,Kconfig,1
2016-W38,can,1
2016-W38,dsa,10
2016-W38,ethernet,113
2016-W38,hamradio,1
2016-W38,hyperv,8
2016-W38,phy,1
2016-W38,usb,5
2016-W38,wireless,31
2016-W38,xen-netback,2
2016-W38,xen-netfront.c,1
2016-W39,dsa,10
2016-W39,ethernet,57
2016-W39,vmxnet3,1
2016-W39,wireless,45
2016-W40,appletalk,1
2016-W40,cris,1
2016-W40,ethernet,43
2016-W40,phy,4
2016-W40,plip,1
2016-W40,sb1000.c,1
2016-W40,usb,2
2016-W40,vmxnet3,1
2016-W40,wan,2
2016-W40,wireless,23
2016-W40,xen-netback,8
2016-W41,can,1
2016-W41,dsa,2
2016-W41,ethernet,36
2016-W41,fjes,6
2016-W41,hyperv,2
2016-W41,ipvlan,1
2016-W41,phy,5
2016-W41,usb,2
2016-W41,vmxnet3,1
2016-W41,vrf.c,1
2016-W41,wan,3
2016-W41,wireless,17
2016-W41,xen-netback,3
2016-W42,bonding,1
2016-W42,can,1
2016-W42,dsa,6
2016-W42,ethernet,85
2016-W42,fddi,1
2016-W42,fjes,2
2016-W42,geneve.c,2
2016-W42,hippi,1
2016-W42,hyperv,4
2016-W42,macsec.c,1
2016-W42,macvlan.c,1
2016-W42,ntb_netdev.c,1
2016-W42,phy,6
2016-W42,rionet.c,1
2016-W42,slip,1
2016-W42,tun.c,1
2016-W42,usb,2
2016-W42,veth.c,1
2016-W42,virtio_net.c,1
2016-W42,vmxnet3,1
2016-W42,vxlan.c,2
2016-W42,wan,1
2016-W42,wimax,1
2016-W42,wireless,9
2016-W42,xen-netback,1
2016-W42,xen-netfront.c,1
2016-W43,bonding,1
2016-W43,ethernet,76
2016-W43,geneve.c,1
2016-W43,gtp.c,3
2016-W43,hyperv,1
2016-W43,macsec.c,4
2016-W43,phy,5
2016-W43,team,3
2016-W43,tun.c,2
2016-W43,usb,2
2016-W43,virtio_net.c,1
2016-W43,vxlan.c,1
2016-W43,wireless,14
2016-W44,cris,1
2016-W44,dsa,11
2016-W44,ethernet,112
2016-W44,macvlan.c,1
2016-W44,macvtap.c,1
2016-W44,mii.c,1
2016-W44,phy,5
2016-W44,tun.c,1
2016-W44,usb,1
2016-W44,virtio_net.c,1
2016-W44,vrf.c,1
2016-W44,wireless,4
2016-W44,xen-netback,1
2016-W44,xen-netfront.c,3
2016-W45,dsa,2
2016-W45,ethernet,107
2016-W45,mii.c,1
2016-W45,phy,4
2016-W45,usb,2
2016-W45,vxlan.c,7
2016-W45,wireless,20
2016-W45,xen-netback,2
2016-W46,bonding,1
2016-W46,dsa,9
2016-W46,ethernet,125
2016-W46,geneve.c,1
2016-W46,gtp.c,1
2016-W46,macvlan.c,1
2016-W46,macvtap.c,1
2016-W46,phy,5
2016-W46,ppp,1
2016-W46,tun.c,2
2016-W46,usb,3
2016-W46,virtio_net.c,1
2016-W46,vxlan.c,2
2016-W46,wireless,57
2016-W47,dsa,17
2016-W47,ethernet,79
2016-W47,geneve.c,4
2016-W47,ieee802154,3
2016-W47,ipvlan,1
2016-W47,irda,1
2016-W47,macvlan.c,2
2016-W47,macvtap.c,1
2016-W47,phy,9
2016-W47,tun.c,1
2016-W47,virtio_net.c,1
2016-W47,wireless,45
2016-W48,can,3
2016-W48,dsa,9
2016-W48,ethernet,154
2016-W48,geneve.c,2
2016-W48,hyperv,1
2016-W48,ipvlan,1
2016-W48,irda,2
2016-W48,macvtap.c,2
2016-W48,phy,9
2016-W48,tun.c,2
2016-W48,usb,4
2016-W48,vxlan.c,1
2016-W48,wireless,25
2016-W49,can,1
2016-W49,dsa,6
2016-W49,dummy.c,1
2016-W49,ethernet,101
2016-W49,hamradio,1
2016-W49,hyperv,1
2016-W49,ieee802154,4
2016-W49,ipvlan,2
2016-W49,irda,7
2016-W49,macsec.c,1
2016-W49,macvlan.c,1
2016-W49,nlmon.c,1
2016-W49,phy,3
2016-W49,usb,2
2016-W49,virtio_net.c,1
2016-W49,wireless,26
2016-W50,can,1
2016-W50,ethernet,47
2016-W50,gtp.c,2
2016-W50,ieee802154,4
2016-W50,irda,1
2016-W50,virtio_net.c,5
2016-W50,vrf.c,2
2016-W50,wan,1
2016-W50,wireless,44
2016-W51,appletalk,1
2016-W51,can,1
2016-W51,eql.c,1
2016-W51,ethernet,28
2016-W51,fddi,4
2016-W51,hamradio,1
2016-W51,hippi,1
2016-W51,ieee802154,1
2016-W51,ipvlan,2
2016-W51,irda,1
2016-W51,loopback.c,1
2016-W51,phy,3
2016-W51,ppp,1
2016-W51,sb1000.c,1
2016-W51,slip,1
2016-W51,tun.c,1
2016-W51,usb,2
2016-W51,virtio_net.c,11
2016-W51,wan,1
2016-W51,wireless,25
2016-W52,ethernet,63
2016-W52,ipvlan,2
2016-W52,mdio.c,1
2016-W52,wan,1
2016-W52,wireless,14
2017-W01,bonding,1
2017-W01,can,1
2017-W01,dsa,10
2017-W01,dummy.c,1
2017-W01,ethernet,78
2017-W01,fjes,1
2017-W01,hyperv,1
2017-W01,ieee802154,1
2017-W01,ifb.c,4
2017-W01,ipvlan,2
2017-W01,loopback.c,1
2017-W01,macsec.c,1
2017-W01,macvlan.c,1
2017-W01,nlmon.c,1
2017-W01,phy,4
2017-W01,ppp,1
2017-W01,slip,1
2017-W01,team,1
2017-W01,tun.c,1
2017-W01,usb,1
2017-W01,veth.c,1
2017-W01,virtio_net.c,1
2017-W01,vmxnet3,1
2017-W01,vrf.c,2
2017-W01,wireless,26
2017-W01,xen-netfront.c,1
2017-W02,appletalk,1
2017-W02,can,3
2017-W02,dsa,1
2017-W02,ethernet,89
2017-W02,hyperv,1
2017-W02,ipvlan,2
2017-W02,phy,6
2017-W02,usb,4
2017-W02,vrf.c,2
2017-W02,vxlan.c,1
2017-W02,wireless,41
2017-W02,xen-netback,1
2017-W02,xen-netfront.c,1
2017-W03,can,9
2017-W03,dsa,7
2017-W03,ethernet,73
2017-W03,ipvlan,1
2017-W03,irda,1
2017-W03,macvlan.c,1
2017-W03,macvtap.c,1
2017-W03,phy,7
2017-W03,tun.c,2
2017-W03,usb,1
2017-W03,virtio_net.c,1
2017-W03,vxlan.c,2
2017-W03,wireless,44
2017-W03,xen-netback,2
2017-W03,xen-netfront.c,1
2017-W04,dsa,11
2017-W04,dummy.c,1
2017-W04,ethernet,73
2017-W04,gtp.c,5
2017-W04,hyperv,19
2017-W04,phy,8
2017-W04,usb,7
2017-W04,virtio_net.c,4
2017-W04,vxlan.c,2
2017-W04,wireless,23
2017-W05,bonding,2
2017-W05,caif,1
2017-W05,can,2
2017-W05,dsa,16
2017-W05,ethernet,84
2017-W05,fjes,1
2017-W05,hyperv,2
2017-W05,irda,2
2017-W05,macvtap.c,2
2017-W05,phy,6
2017-W05,ppp,1
2017-W05,tap.c,1
2017-W05,tun.c,2
2017-W05,usb,5
2017-W05,virtio_net.c,8
2017-W05,vmxnet3,1
2017-W05,vxlan.c,1
2017-W05,wan,2
2017-W05,wireless,36
2017-W05,xen-netback,2
2017-W05,xen-netfront.c,2
2017-W06,Kconfig,3
2017-W06,Makefile,3
2017-W06,bonding,1
2017-W06,can,4
2017-W06,dsa,5
2017-W06,ethernet,198
2017-W06,hamradio,1
2017-W06,ipvlan,1
2017-W06,loopback.c,1
2017-W06,macvlan.c,1
2017-W06,macvtap.c,1
2017-W06,macvtap_main.c,5
2017-W06,phy,6
2017-W06,slip,1
2017-W06,tap.c,6
2017-W06,team,1
2017-W06,usb,3
2017-W06,vrf.c,2
2017-W06,vxlan.c,1
2017-W06,wan,2
2017-W06,wireless,37
2017-W06,xen-netback,2
2017-W06,xen-netfront.c,2
2017-W07,Kconfig,1
2017-W07,can,1
2017-W07,dsa,1
2017-W07,ethernet,92
2017-W07,hyperv,1
2017-W07,irda,2
2017-W07,phy,2
2017-W07,virtio_net.c,2
2017-W07,vxlan.c,1
2017-W07,wan,1
2017-W07,wireless,32
2017-W08,can,3
2017-W08,ethernet,81
2017-W08,geneve.c,1
2017-W08,macsec.c,1
2017-W08,phy,1
2017-W08,virtio_net.c,2
2017-W08,vxlan.c,5
2017-W08,wireless,32
2017-W09,arcnet,1
2017-W09,bonding,1
2017-W09,can,2
2017-W09,ethernet,67
2017-W09,gtp.c,1
2017-W09,hyperv,6
2017-W09,phy,3
2017-W09,usb,3
2017-W09,wimax,1
2017-W09,wireless,19
2017-W09,xen-netback,3
2017-W10,bonding,5
2017-W10,caif,1
2017-W10,dsa,15
2017-W10,dummy.c,1
2017-W10,ethernet,158
2017-W10,fjes,1
2017-W10,gtp.c,7
2017-W10,hyperv,4
2017-W10,loopback.c,2
2017-W10,ntb_netdev.c,1
2017-W10,phy,1
2017-W10,team,1
2017-W10,tun.c,2
2017-W10,usb,4
2017-W10,virtio_net.c,6
2017-W10,vrf.c,1
2017-W10,vxlan.c,1
2017-W10,wireless,49
2017-W10,xen-netback,1
2017-W11,bonding,1
2017-W11,can,2
2017-W11,dsa,1
2017-W11,ethernet,97
2017-W11,fjes,1
2017-W11,hyperv,4
2017-W11,phy,4
2017-W11,tun.c,2
2017-W11,usb,17
2017-W11,vrf.c,2
2017-W11,vxlan.c,1
2017-W11,wan,1
2017-W11,wimax,1
2017-W11,wireless,28
2017-W12,Makefile,1
2017-W12,cris,1
2017-W12,dsa,1
2017-W12,ethernet,95
2017-W12,fjes,2
2017-W12,gtp.c,2
2017-W12,hyperv,12
2017-W12,irda,1
2017-W12,phy,10
2017-W12,usb,5
2017-W12,virtio_net.c,1
2017-W12,vmxnet3,1
2017-W12,vrf.c,2
2017-W12,wireless,24
2017-W13,Makefile,1
2017-W13,bonding,5
2017-W13,can,2
2017-W13,dsa,18
2017-W13,ethernet,86
2017-W13,ieee802154,3
2017-W13,phy,6
2017-W13,usb,2
2017-W13,veth.c,1
2017-W13,virtio_net.c,2
2017-W13,vxlan.c,3
2017-W13,wireless,34
2017-W14,appletalk,1
2017-W14,arcnet,1
2017-W14,bonding,2
2017-W14,can,9
2017-W14,dsa,5
2017-W14,ethernet,128
2017-W14,hamradio,1
2017-W14,hyperv,2
2017-W14,irda,1
2017-W14,team,1
2017-W14,usb,5
2017-W14,virtio_net.c,1
2017-W14,wan,1
2017-W14,wireless,69
2017-W15,bonding,2
2017-W15,can,1
2017-W15,ethernet,88
2017-W15,hyperv,4
2017-W15,macsec.c,1
2017-W15,phy,4
2017-W15,team,2
2017-W15,usb,2
2017-W15,veth.c,1
2017-W15,vrf.c,2
2017-W15,wireless,69
2017-W16,Kconfig,1
2017-W16,Makefile,1
2017-W16,bonding,1
2017-W16,can,1
2017-W16,dsa,4
2017-W16,ethernet,112
2017-W16,hyperv,2
2017-W16,ieee802154,1
2017-W16,ipvlan,1
2017-W16,macsec.c,1
2017-W16,macvlan.c,1
2017-W16,phy,3
2017-W16,usb,8
2017-W16,vsockmon.c,1
2017-W16,wan,1
2017-W16,wireless,20
2017-W17,bonding,1
2017-W17,can,3
2017-W17,dsa,3
2017-W17,ethernet,62
2017-W17,geneve.c,1
2017-W17,hyperv,1
2017-W17,macsec.c,1
2017-W17,phy,2
2017-W17,team,1
2017-W17,usb,2
2017-W17,virtio_net.c,8
2017-W17,vrf.c,1
2017-W17,vxlan.c,2
2017-W17,wireless,33
2017-W18,bonding,1
2017-W18,can,5
2017-W18,dsa,19
2017-W18,ethernet,62
2017-W18,hamradio,1
2017-W18,hippi,1
2017-W18,hyperv,1
2017-W18,usb,1
2017-W18,virtio_net.c,1
2017-W18,wireless,30
2017-W19,bonding,1
2017-W19,caif,1
2017-W19,can,3
2017-W19,dsa,1
2017-W19,dummy.c,1
2017-W19,ethernet,67
2017-W19,fddi,1
2017-W19,geneve.c,1
2017-W19,gtp.c,1
2017-W19,hamradio,1
2017-W19,hippi,1
2017-W19,ifb.c,1
2017-W19,ipvlan,1
2017-W19,irda,1
2017-W19,loopback.c,1
2017-W19,macsec.c,1
2017-W19,macvlan.c,2
2017-W19,nlmon.c,1
2017-W19,phy,6
2017-W19,slip,1
2017-W19,team,1
2017-W19,tun.c,1
2017-W19,usb,3
2017-W19,veth.c,1
2017-W19,vmxnet3,1
2017-W19,vrf.c,2
2017-W19,vsockmon.c,1
2017-W19,vxlan.c,1
2017-W19,wan,1
2017-W19,wimax,1
2017-W19,wireless,52
2017-W19,xen-netfront.c,1
2017-W20,bonding,2
2017-W20,can,1
2017-W20,dsa,5
2017-W20,ethernet,87
2017-W20,macsec.c,1
2017-W20,phy,7
2017-W20,tap.c,2
2017-W20,tun.c,2
2017-W20,usb,4
2017-W20,wan,7
2017-W20,wireless,79
2017-W21,bonding,2
2017-W21,dsa,12
2017-W21,ethernet,118
2017-W21,geneve.c,1
2017-W21,gtp.c,1
2017-W21,hamradio,1
2017-W21,ieee802154,3
2017-W21,phy,9
2017-W21,usb,1
2017-W21,virtio_net.c,1
2017-W21,wan,1
2017-W21,wireless,16
2017-W22,can,2
2017-W22,cris,1
2017-W22,dsa,9
2017-W22,ethernet,121
2017-W22,geneve.c,1
2017-W22,hyperv,1
2017-W22,macsec.c,1
2017-W22,mii.c,1
2017-W22,phy,10
2017-W22,ppp,1
2017-W22,team,1
2017-W22,usb,1
2017-W22,virtio_net.c,2
2017-W22,vxlan.c,2
2017-W22,wireless,26
2017-W23,bonding,4
2017-W23,caif,1
2017-W23,dsa,12
2017-W23,ethernet,130
2017-W23,geneve.c,1
2017-W23,hyperv,9
2017-W23,ipvlan,1
2017-W23,ntb_netdev.c,1
2017-W23,phy,8
2017-W23,ppp,1
2017-W23,sungem_phy.c,1
2017-W23,team,1
2017-W23,tun.c,1
2017-W23,usb,11
2017-W23,vrf.c,1
2017-W23,vxlan.c,2
2017-W23,wireless,32
2017-W24,arcnet,1
2017-W24,bonding,3
2017-W24,caif,2
2017-W24,can,2
2017-W24,dsa,25
2017-W24,ethernet,77
2017-W24,fjes,2
2017-W24,geneve.c,1
2017-W24,gtp.c,1
2017-W24,hamradio,3
2017-W24,hippi,2
2017-W24,hyperv,1
2017-W24,ieee802154,1
2017-W24,irda,1
2017-W24,macsec.c,1
2017-W24,macvlan.c,1
2017-W24,netconsole.c,1
2017-W24,phy,5
2017-W24,ppp,5
2017-W24,slip,1
2017-W24,usb,16
2017-W24,virtio_net.c,2
2017-W24,vrf.c,3
2017-W24,vxlan.c,2
2017-W24,wan,3
2017-W24,wimax,2
2017-W24,wireless,55
2017-W25,bonding,4
2017-W25,caif,2
2017-W25,can,3
2017-W25,dsa,12
2017-W25,dummy.c,1
2017-W25,ethernet,115
2017-W25,geneve.c,2
2017-W25,gtp.c,2
2017-W25,hyperv,3
2017-W25,ifb.c,1
2017-W25,ipvlan,3
2017-W25,macsec.c,3
2017-W25,macvlan.c,7
2017-W25,macvtap.c,1
2017-W25,nlmon.c,1
2017-W25,phy,4
2017-W25,ppp,2
2017-W25,team,2
2017-W25,tun.c,1
2017-W25,usb,1
2017-W25,veth.c,3
2017-W25,vrf.c,2
2017-W25,vxlan.c,9
2017-W25,wireless,40
2017-W25,xen-netback,1
2017-W26,arcnet,9
2017-W26,bonding,1
2017-W26,ethernet,96
2017-W26,geneve.c,1
2017-W26,phy,1
2017-W26,rionet.c,1
2017-W26,usb,3
2017-W26,virtio_net.c,1
2017-W26,vxlan.c,3
2017-W26,wireless,35
2017-W27,arcnet,1
2017-W27,bonding,1
2017-W27,dummy.c,1
2017-W27,ethernet,37
2017-W27,ieee802154,2
2017-W27,ipvlan,1
2017-W27,macvlan.c,1
2017-W27,macvtap.c,1
2017-W27,phy,1
2017-W27,ppp,1
2017-W27,tap.c,2
2017-W27,tun.c,2
2017-W27,virtio_net.c,2
2017-W27,vrf.c,1
2017-W27,vxlan.c,1
2017-W27,wan,1
2017-W27,wireless,36
2017-W28,ethernet,95
2017-W28,phy,1
2017-W28,tap.c,1
2017-W28,tun.c,1
2017-W28,usb,2
2017-W28,vmxnet3,1
2017-W28,wireless,33
2017-W29,arcnet,2
2017-W29,bonding,2
2017-W29,can,2
2017-W29,dsa,15
2017-W29,ethernet,85
2017-W29,geneve.c,3
2017-W29,hyperv,9
2017-W29,ieee802154,1
2017-W29,irda,1
2017-W29,phy,2
2017-W29,ppp,1
2017-W29,tun.c,1
2017-W29,usb,1
2017-W29,virtio_net.c,4
2017-W29,vxlan.c,2
2017-W29,wireless,21
2017-W30,appletalk,1
2017-W30,bonding,1
2017-W30,dsa,4
2017-W30,ethernet,61
2017-W30,hamradio,1
2017-W30,hyperv,14
2017-W30,ipvlan,1
2017-W30,phy,24
2017-W30,team,1
2017-W30,virtio_net.c,2
2017-W30,wan,1
2017-W30,wireless,63
2017-W31,can,1
2017-W31,dsa,21
2017-W31,ethernet,78
2017-W31,gtp.c,1
2017-W31,hamradio,1
2017-W31,hyperv,5
2017-W31,ipvlan,1
2017-W31,phy,5
2017-W31,ppp,1
2017-W31,tun.c,1
2017-W31,usb,3
2017-W31,virtio_net.c,1
2017-W31,vxlan.c,1
2017-W31,wireless,32
2017-W32,bonding,2
2017-W32,can,1
2017-W32,dsa,3
2017-W32,ethernet,68
2017-W32,geneve.c,2
2017-W32,hyperv,11
2017-W32,irda,6
2017-W32,phy,3
2017-W32,ppp,1
2017-W32,tap.c,1
2017-W32,tun.c,2
2017-W32,usb,11
2017-W32,virtio_net.c,1
2017-W32,vrf.c,2
2017-W32,vxlan.c,1
2017-W32,wan,2
2017-W32,wireless,37
2017-W33,Kconfig,1
2017-W33,can,1
2017-W33,dsa,1
2017-W33,ethernet,99
2017-W33,fddi,1
2017-W33,hyperv,2
2017-W33,ieee802154,1
2017-W33,macvlan.c,1
2017-W33,phy,1
2017-W33,tap.c,1
2017-W33,tun.c,3
2017-W33,virtio_net.c,2
2017-W33,wireless,38
2017-W34,Makefile,1
2017-W34,ethernet,143
2017-W34,hyperv,5
2017-W34,macsec.c,1
2017-W34,phy,2
2017-W34,usb,1
2017-W34,virtio_net.c,1
2017-W34,wireless,12
2017-W34,xen-netback,1
2017-W35,dsa,6
2017-W35,ethernet,125
2017-W35,hyperv,6
2017-W35,phy,9
2017-W35,vxlan.c,1
2017-W35,wireless,47
2017-W35,xen-netfront.c,1
2017-W36,bonding,1
2017-W36,ethernet,42
2017-W36,hyperv,2
2017-W36,phy,4
2017-W36,tun.c,2
2017-W36,wireless,12
2017-W37,bonding,1
2017-W37,can,7
2017-W37,dummy.c,1
2017-W37,ethernet,37
2017-W37,hamradio,1
2017-W37,hyperv,1
2017-W37,ieee802154,2
2017-W37,phy,3
2017-W37,usb,1
2017-W37,vrf.c,1
2017-W37,wireless,15
2017-W38,appletalk,2
2017-W38,arcnet,1
2017-W38,caif,1
2017-W38,can,3
2017-W38,dsa,14
2017-W38,dummy.c,1
2017-W38,eql.c,1
2017-W38,ethernet,126
2017-W38,hamradio,1
2017-W38,hippi,1
2017-W38,hyperv,3
2017-W38,ieee802154,14
2017-W38,ifb.c,1
2017-W38,macvlan.c,1
2017-W38,phy,3
2017-W38,slip,1
2017-W38,team,1
2017-W38,tun.c,3
2017-W38,usb,5
2017-W38,virtio_net.,1
2017-W38,virtio_net.c,4
2017-W38,vrf.c,1
2017-W38,wan,6
2017-W38,wireless,42
2017-W38,xen-netback,1
2017-W39,bonding,2
2017-W39,dsa,3
2017-W39,ethernet,73
2017-W39,hamradio,1
2017-W39,hyperv,1
2017-W39,ieee802154,1
2017-W39,ppp,1
2017-W39,tun.c,2
2017-W39,usb,2
2017-W39,virtio_net.c,1
2017-W39,wireless,27
2017-W40,Kconfig,1
2017-W40,Makefile,1
2017-W40,bonding,3
2017-W40,cris,1
2017-W40,dsa,2
2017-W40,ethernet,66
2017-W40,hamradio,1
2017-W40,hyperv,3
2017-W40,ipvlan,1
2017-W40,macsec.c,1
2017-W40,macvlan.c,1
2017-W40,macvtap.c,1
2017-W40,phy,1
2017-W40,ppp,1
2017-W40,team,2
2017-W40,thunderbolt.c,1
2017-W40,usb,1
2017-W40,vrf.c,3
2017-W40,vxlan.c,1
2017-W40,wireless,22
2017-W41,dsa,8
2017-W41,ethernet,106
2017-W41,hamradio,1
2017-W41,hyperv,3
2017-W41,ipvlan,1
2017-W41,macsec.c,1
2017-W41,macvlan.c,2
2017-W41,phy,3
2017-W41,tun.c,1
2017-W41,usb,1
2017-W41,wan,1
2017-W41,wimax,1
2017-W41,wireless,7
2017-W42,appletalk,2
2017-W42,caif,1
2017-W42,can,2
2017-W42,dsa,12
2017-W42,eql.c,1
2017-W42,ethernet,122
2017-W42,geneve.c,2
2017-W42,hamradio,3
2017-W42,ipvlan,2
2017-W42,macsec.c,3
2017-W42,macvlan.c,1
2017-W42,netconsole.c,1
2017-W42,ppp,3
2017-W42,slip,1
2017-W42,thunderbolt.c,1
2017-W42,tun.c,6
2017-W42,usb,2
2017-W42,wan,2
2017-W42,wireless,18
2017-W42,xen-netback,2
2017-W42,xen-netfront.c,2
2017-W43,appletalk,1
2017-W43,arcnet,1
2017-W43,bonding,2
2017-W43,can,4
2017-W43,cris,1
2017-W43,dsa,8
2017-W43,ethernet,136
2017-W43,hamradio,3
2017-W43,hippi,1
2017-W43,hyperv,1
2017-W43,ipvlan,3
2017-W43,macvtap.c,1
2017-W43,ppp,1
2017-W43,tap.c,3
2017-W43,tun.c,3
2017-W43,usb,2
2017-W43,wan,5
2017-W43,wireless,38
2017-W44,Makefile,1
2017-W44,appletalk,1
2017-W44,arcnet,1
2017-W44,bonding,1
2017-W44,caif,1
2017-W44,can,4
2017-W44,cris,1
2017-W44,dsa,3
2017-W44,ethernet,122
2017-W44,fddi,1
2017-W44,hamradio,1
2017-W44,hippi,1
2017-W44,hyperv,2
2017-W44,ieee802154,2
2017-W44,ntb_netdev.c,1
2017-W44,phy,7
2017-W44,plip,1
2017-W44,ppp,2
2017-W44,slip,1
2017-W44,tap.c,1
2017-W44,team,1
2017-W44,tun.c,2
2017-W44,usb,3
2017-W44,virtio_net.c,1
2017-W44,vrf.c,1
2017-W44,wan,2
2017-W44,wimax,1
2017-W44,wireless,40
2017-W45,bonding,2
2017-W45,can,3
2017-W45,dsa,15
2017-W45,ethernet,54
2017-W45,geneve.c,1
2017-W45,ipvlan,1
2017-W45,phy,1
2017-W45,ppp,1
2017-W45,thunderbolt.c,1
2017-W45,usb,5
2017-W45,vxlan.c,2
2017-W45,wan,1
2017-W45,wireless,28
2017-W46,can,1
2017-W46,ethernet,47
2017-W46,geneve.c,1
2017-W46,hyperv,1
2017-W46,ipvlan,1
2017-W46,macsec.c,1
2017-W46,tun.c,1
2017-W46,usb,4
2017-W46,virtio_net.,1
2017-W46,virtio_net.c,1
2017-W46,wireless,41
2017-W47,bonding,1
2017-W47,can,8
2017-W47,dsa,1
2017-W47,ethernet,36
2017-W47,geneve.c,1
2017-W47,ipvlan,2
2017-W47,phy,1
2017-W47,tap.c,1
2017-W47,thunderbolt.c,1
2017-W47,tun.c,1
2017-W47,usb,1
2017-W47,vxlan.c,1
2017-W47,wan,1
2017-W47,wireless,14
2017-W47,xen-netfront.c,1
2017-W48,Kconfig,1
2017-W48,Makefile,1
2017-W48,can,4
2017-W48,dsa,4
2017-W48,dummy.c,1
2017-W48,ethernet,62
2017-W48,hyperv,5
2017-W48,ieee802154,5
2017-W48,ipvlan,2
2017-W48,netdevsim,3
2017-W48,phy,27
2017-W48,tap.c,1
2017-W48,tun.c,2
2017-W48,vmxnet3,1
2017-W48,wireless,12
2017-W49,can,11
2017-W49,dsa,9
2017-W49,ethernet,63
2017-W49,ipvlan,2
2017-W49,netdevsim,1
2017-W49,phy,2
2017-W49,slip,1
2017-W49,tun.c,3
2017-W49,usb,1
2017-W49,veth.c,1
2017-W49,virtio_net.c,2
2017-W49,wireless,28
2017-W49,xen-netback,1
2017-W50,can,1
2017-W50,dsa,4
2017-W50,ethernet,79
2017-W50,geneve.c,1
2017-W50,hippi,1
2017-W50,hyperv,8
2017-W50,ipvlan,2
2017-W50,phy,21
2017-W50,usb,3
2017-W50,vxlan.c,2
2017-W50,wireless,38
2017-W51,bonding,1
2017-W51,can,1
2017-W51,dsa,1
2017-W51,ethernet,95
2017-W51,netdevsim,3
2017-W51,phy,13
2017-W51,vxlan.c,1
2017-W51,wimax,1
2017-W51,wireless,52
2017-W52,dsa,2
2017-W52,ethernet,64
2017-W52,geneve.c,1
2017-W52,macvlan.c,1
2017-W52,netdevsim,1
2017-W52,phy,12
2017-W52,usb,1
2017-W52,wireless,25
2018-W01,can,1
2018-W01,dsa,2
2018-W01,ethernet,102
2018-W01,macsec.c,1
2018-W01,phy,12
2018-W01,tap.c,1
2018-W01,tun.c,3
2018-W01,virtio_net.c,2
2018-W01,wireless,12
2018-W01,xen-netfront.c,1
2018-W02,can,3
2018-W02,dsa,4
2018-W02,ethernet,112
2018-W02,phy,6
2018-W02,ppp,1
2018-W02,wireless,17
2018-W02,xen-netfront.c,1
2018-W03,can,6
2018-W03,dsa,2
2018-W03,ethernet,134
2018-W03,hyperv,1
2018-W03,macsec.c,1
2018-W03,netdevsim,1
2018-W03,tun.c,3
2018-W03,usb,3
2018-W03,virtio_net.c,1
2018-W03,wireless,42
2018-W04,caif,1
2018-W04,can,1
2018-W04,ethernet,96
2018-W04,geneve.c,1
2018-W04,netdevsim,5
2018-W04,phy,1
2018-W04,ppp,1
2018-W04,tap.c,1
2018-W04,tun.c,2
2018-W04,vmxnet3,1
2018-W04,vrf.c,1
2018-W04,vxlan.c,1
2018-W04,wireless,43
2018-W05,can,1
2018-W05,ethernet,40
2018-W05,usb,4
2018-W05,vmxnet3,1
2018-W05,wireless,28
2018-W06,can,1
2018-W06,ethernet,46
2018-W06,ieee802154,1
2018-W06,phy,2
2018-W06,ppp,1
2018-W06,tap.c,1
2018-W06,tun.c,2
2018-W06,wireless,22
2018-W07,Space.c,1
2018-W07,can,1
2018-W07,dsa,11
2018-W07,ethernet,59
2018-W07,loopback.c,1
2018-W07,phy,2
2018-W07,ppp,1
2018-W07,thunderbolt.c,2
2018-W07,tun.c,3
2018-W07,vrf.c,1
2018-W07,wireless,11
2018-W08,Kconfig,2
2018-W08,dsa,3
2018-W08,ethernet,56
2018-W08,ieee802154,1
2018-W08,ipvlan,1
2018-W08,macvlan.c,1
2018-W08,phy,1
2018-W08,tun.c,3
2018-W08,usb,2
2018-W08,virtio_net.c,4
2018-W08,vrf.c,2
2018-W08,wan,1
2018-W08,wireless,24
2018-W08,xen-netback,1
2018-W09,Kconfig,1
2018-W09,Space.c,1
2018-W09,bonding,1
2018-W09,can,6
2018-W09,dsa,6
2018-W09,ethernet,85
2018-W09,geneve.c,1
2018-W09,gtp.c,1
2018-W09,hyperv,9
2018-W09,ieee802154,1
2018-W09,ipvlan,5
2018-W09,phy,13
2018-W09,ppp,3
2018-W09,team,1
2018-W09,usb,2
2018-W09,virtio_net.c,3
2018-W09,vrf.c,2
2018-W09,vxlan.c,1
2018-W09,wireless,39
2018-W09,xen-netfront.c,1
2018-W10,Makefile,1
2018-W10,can,4
2018-W10,cris,1
2018-W10,dsa,2
2018-W10,ethernet,90
2018-W10,hyperv,4
2018-W10,ipvlan,3
2018-W10,macvlan.c,1
2018-W10,phy,5
2018-W10,team,1
2018-W10,tun.c,1
2018-W10,usb,5
2018-W10,wireless,29
2018-W11,can,4
2018-W11,dsa,5
2018-W11,ethernet,73
2018-W11,hyperv,2
2018-W11,phy,1
2018-W11,tun.c,1
2018-W11,usb,1
2018-W11,vmxnet3,3
2018-W11,wimax,1
2018-W11,wireless,22
2018-W12,bonding,1
2018-W12,caif,1
2018-W12,can,1
2018-W12,dsa,6
2018-W12,ethernet,143
2018-W12,hamradio,1
2018-W12,hyperv,7
2018-W12,ieee802154,1
2018-W12,macsec.c,1
2018-W12,phy,6
2018-W12,ppp,2
2018-W12,usb,3
2018-W12,virtio_net.c,1
2018-W12,wireless,28
2018-W12,xen-netback,1
2018-W12,xen-netfront.c,1
2018-W13,Kconfig,1
2018-W13,bonding,4
2018-W13,dsa,4
2018-W13,dummy.c,1
2018-W13,ethernet,130
2018-W13,geneve.c,1
2018-W13,gtp.c,1
2018-W13,hyperv,3
2018-W13,ieee802154,1
2018-W13,ifb.c,1
2018-W13,ipvlan,1
2018-W13,loopback.c,1
2018-W13,netdevsim,2
2018-W13,phy,4
2018-W13,ppp,1
2018-W13,team,1
2018-W13,usb,4
2018-W13,vrf.c,2
2018-W13,vxlan.c,1
2018-W13,wireless,39
2018-W14,dsa,2
2018-W14,ethernet,45
2018-W14,hyperv,4
2018-W14,ieee802154,1
2018-W14,macvlan.c,2
2018-W14,netdevsim,2
2018-W14,phy,3
2018-W14,ppp,1
2018-W14,usb,1
2018-W14,wireless,32
2018-W15,bonding,1
2018-W15,can,3
2018-W15,dsa,1
2018-W15,ethernet,47
2018-W15,hamradio,1
2018-W15,ieee802154,2
2018-W15,phy,1
2018-W15,ppp,3
2018-W15,slip,1
2018-W15,team,1
2018-W15,tun.c,2
2018-W15,usb,4
2018-W15,virtio_net.c,1
2018-W15,wireless,46
2018-W16,bonding,1
2018-W16,can,2
2018-W16,ethernet,100
2018-W16,geneve.c,4
2018-W16,hyperv,3
2018-W16,macsec.c,1
2018-W16,phy,14
2018-W16,team,1
2018-W16,tun.c,7
2018-W16,usb,4
2018-W16,virtio_net.c,9
2018-W16,vmxnet3,1
2018-W16,vrf.c,1
2018-W16,vxlan.c,1
2018-W16,wireless,24
2018-W17,Kconfig,1
2018-W17,can,8
2018-W17,dsa,7
2018-W17,ethernet,79
2018-W17,hamradio,1
2018-W17,hyperv,1
2018-W17,phy,6
2018-W17,ppp,1
2018-W17,team,1
2018-W17,usb,4
2018-W17,wireless,32
2018-W17,xen-netfront.c,1
2018-W18,dsa,2
2018-W18,ethernet,74
2018-W18,phy,4
2018-W18,usb,1
2018-W18,wireless,28
2018-W19,bonding,4
2018-W19,can,3
2018-W19,dsa,9
2018-W19,ethernet,69
2018-W19,hyperv,3
2018-W19,phy,4
2018-W19,tun.c,2
2018-W19,wireless,29
2018-W20,bonding,6
2018-W20,can,1
2018-W20,dsa,8
2018-W20,ethernet,118
2018-W20,hippi,1
2018-W20,ipvlan,1
2018-W20,phy,5
2018-W20,tun.c,1
2018-W20,usb,1
2018-W20,vmxnet3,3
2018-W20,wireless,44
2018-W21,Kconfig,2
2018-W21,Makefile,1
2018-W21,bonding,2
2018-W21,dsa,7
2018-W21,ethernet,127
2018-W21,hyperv,3
2018-W21,ifb.c,1
2018-W21,net_failover.c,1
2018-W21,phy,5
2018-W21,ppp,1
2018-W21,team,3
2018-W21,tun.c,2
2018-W21,usb,2
2018-W21,virtio_net.c,7
2018-W21,vrf.c,1
2018-W21,wireless,74
2018-W22,dsa,2
2018-W22,ethernet,69
2018-W22,hyperv,1
2018-W22,ieee802154,1
2018-W22,phy,3
2018-W22,tun.c,4
2018-W22,usb,1
2018-W22,virtio_net.c,4
2018-W22,wireless,46
2018-W23,bonding,1
2018-W23,dsa,1
2018-W23,ethernet,38
2018-W23,fddi,1
2018-W23,hyperv,2
2018-W23,net_failover.c,1
2018-W23,netdevsim,2
2018-W23,phy,2
2018-W23,tap.c,1
2018-W23,team,1
2018-W23,tun.c,2
2018-W23,usb,1
2018-W23,virtio_net.c,2
2018-W23,wan,1
2018-W23,wireless,12
2018-W24,bonding,1
2018-W24,can,2
2018-W24,dsa,1
2018-W24,ethernet,37
2018-W24,gtp.c,1
2018-W24,hamradio,1
2018-W24,hippi,1
2018-W24,hyperv,4
2018-W24,ntb_netdev.c,1
2018-W24,phy,3
2018-W24,ppp,2
2018-W24,slip,1
2018-W24,team,2
2018-W24,usb,2
2018-W24,virtio_net.c,2
2018-W24,wan,1
2018-W24,wireless,44
2018-W24,xen-netback,1
2018-W24,xen-netfront.c,1
2018-W25,can,6
2018-W25,ethernet,54
2018-W25,geneve.c,1
2018-W25,ipvlan,2
2018-W25,net_failover.c,1
2018-W25,ntb_netdev.c,1
2018-W25,phy,2
2018-W25,usb,8
2018-W25,vxlan.c,1
2018-W25,wireless,58
2018-W25,xen-netfront.c,2
2018-W26,can,2
2018-W26,dsa,1
2018-W26,ethernet,87
2018-W26,geneve.c,2
2018-W26,hyperv,1
2018-W26,ieee802154,2
2018-W26,ipvlan,1
2018-W26,netdevsim,3
2018-W26,phy,11
2018-W26,ppp,1
2018-W26,usb,6
2018-W26,virtio_net.c,1
2018-W26,vxlan.c,2
2018-W26,wireless,27
2018-W27,can,3
2018-W27,dsa,3
2018-W27,ethernet,128
2018-W27,fjes,1
2018-W27,hamradio,1
2018-W27,phy,2
2018-W27,usb,3
2018-W27,vxlan.c,3
2018-W27,wan,2
2018-W27,wireless,28
2018-W28,bonding,1
2018-W28,can,2
2018-W28,dsa,1
2018-W28,ethernet,106
2018-W28,hyperv,3
2018-W28,ieee802154,2
2018-W28,macvlan.c,2
2018-W28,net_failover.c,2
2018-W28,netdevsim,4
2018-W28,phy,6
2018-W28,team,2
2018-W28,tun.c,3
2018-W28,usb,2
2018-W28,virtio_net.c,1
2018-W28,wimax,1
2018-W28,wireless,19
2018-W28,xen-netback,2
2018-W28,xen-netfront.c,1
2018-W29,bonding,2
2018-W29,can,12
2018-W29,dsa,12
2018-W29,ethernet,104
2018-W29,gtp.c,1
2018-W29,hyperv,1
2018-W29,netdevsim,6
2018-W29,phy,5
2018-W29,usb,2
2018-W29,vxlan.c,3
2018-W29,wireless,12
2018-W29,xen-netfront.c,1
2018-W30,can,1
2018-W30,ethernet,106
2018-W30,net_failover.c,1
2018-W30,netdevsim,2
2018-W30,phy,4
2018-W30,usb,4
2018-W30,virtio_net.c,7
2018-W30,wan,1
2018-W30,wireless,45
2018-W30,xen-netfront.c,1
2018-W31,bonding,1
2018-W31,can,3
2018-W31,dsa,3
2018-W31,ethernet,67
2018-W31,hyperv,1
2018-W31,phy,6
2018-W31,ppp,1
2018-W31,tun.c,1
2018-W31,usb,1
2018-W31,veth.c,6
2018-W31,virtio_net.c,3
2018-W31,wan,1
2018-W31,wireless,67
2018-W31,xen-netback,1
2018-W32,can,3
2018-W32,dsa,15
2018-W32,ethernet,135
2018-W32,ieee802154,6
2018-W32,phy,4
2018-W32,ppp,1
2018-W32,usb,2
2018-W32,virtio_net.c,3
2018-W32,wimax,2
2018-W32,wireless,18
2018-W32,xen-netfront.c,1
2018-W33,can,3
2018-W33,dsa,3
2018-W33,ethernet,43
2018-W33,hyperv,1
2018-W33,veth.c,1
2018-W33,virtio_net.c,1
2018-W33,wireless,20
2018-W33,xen-netfront.c,1
2018-W34,can,2
2018-W34,ethernet,43
2018-W34,hyperv,1
2018-W34,usb,1
2018-W34,wireless,55
2018-W35,can,3
2018-W35,dsa,4
2018-W35,ethernet,88
2018-W35,hyperv,1
2018-W35,ieee802154,2
2018-W35,net_failover.c,1
2018-W35,thunderbolt.c,1
2018-W35,veth.c,1
2018-W35,vxlan.c,1
2018-W35,wireless,33
2018-W36,dsa,8
2018-W36,ethernet,65
2018-W36,ieee802154,1
2018-W36,net_failover.c,2
2018-W36,phy,8
2018-W36,usb,6
2018-W36,wan,6
2018-W36,wireless,125
2018-W36,xen-netback,2
2018-W36,xen-netfront.c,1
2018-W37,appletalk,1
2018-W37,can,2
2018-W37,dsa,8
2018-W37,ethernet,69
2018-W37,geneve.c,1
2018-W37,hamradio,1
2018-W37,hyperv,2
2018-W37,ieee802154,1
2018-W37,loopback.c,1
2018-W37,nlmon.c,1
2018-W37,phy,10
2018-W37,ppp,1
2018-W37,slip,1
2018-W37,tap.c,3
2018-W37,tun.c,9
2018-W37,usb,2
2018-W37,veth.c,1
2018-W37,vsockmon.c,1
2018-W37,wan,1
2018-W37,wireless,18
2018-W37,xen-netfront.c,1
2018-W38,bonding,1
2018-W38,can,4
2018-W38,dsa,3
2018-W38,ethernet,183
2018-W38,fddi,1
2018-W38,hyperv,2
2018-W38,macsec.c,1
2018-W38,phy,7
2018-W38,ppp,1
2018-W38,tap.c,1
2018-W38,tun.c,1
2018-W38,usb,2
2018-W38,veth.c,1
2018-W38,wan,1
2018-W38,wireless,41
2018-W39,bonding,2
2018-W39,can,2
2018-W39,dsa,3
2018-W39,ethernet,77
2018-W39,geneve.c,1
2018-W39,hyperv,2
2018-W39,ieee802154,1
2018-W39,phy,14
2018-W39,thunderbolt.c,1
2018-W39,tun.c,3
2018-W39,usb,8
2018-W39,virtio_net.c,1
2018-W39,vxlan.c,1
2018-W39,wimax,1
2018-W39,wireless,57
2018-W39,xen-netback,4
2018-W40,bonding,1
2018-W40,dsa,1
2018-W40,ethernet,81
2018-W40,hamradio,1
2018-W40,netdevsim,1
2018-W40,phy,1
2018-W40,team,1
2018-W40,usb,1
2018-W40,vrf.c,1
2018-W40,wireless,93
2018-W41,can,4
2018-W41,dsa,5
2018-W41,ethernet,141
2018-W41,fddi,3
2018-W41,geneve.c,2
2018-W41,phy,12
2018-W41,tun.c,2
2018-W41,usb,3
2018-W41,veth.c,3
2018-W41,virtio_net.c,1
2018-W41,vxlan.c,3
2018-W41,wireless,55
2018-W42,bonding,1
2018-W42,dsa,2
2018-W42,ethernet,102
2018-W42,hyperv,1
2018-W42,loopback.c,1
2018-W42,macvlan.c,1
2018-W42,ntb_netdev.c,1
2018-W42,phy,6
2018-W42,team,1
2018-W42,virtio_net.c,1
2018-W42,vxlan.c,5
2018-W42,wireless,55
2018-W43,bonding,1
2018-W43,can,1
2018-W43,ethernet,85
2018-W43,macsec.c,2
2018-W43,phy,1
2018-W43,wan,1
2018-W43,wireless,56
2018-W44,arcnet,1
2018-W44,bonding,1
2018-W44,can,4
2018-W44,dsa,1
2018-W44,ethernet,42
2018-W44,phy,1
2018-W44,usb,1
2018-W44,wireless,48
2018-W45,can,2
2018-W45,dsa,12
2018-W45,ethernet,128
2018-W45,fddi,4
2018-W45,geneve.c,3
2018-W45,netdevsim,6
2018-W45,phy,23
2018-W45,tun.c,1
2018-W45,usb,2
2018-W45,veth.c,1
2018-W45,vrf.c,1
2018-W45,vxlan.c,3
2018-W45,wan,1
2018-W45,wireless,34
2018-W45,xen-netfront.c,1
2018-W46,can,1
2018-W46,dsa,1
2018-W46,ethernet,78
2018-W46,geneve.c,1
2018-W46,netdevsim,1
2018-W46,phy,11
2018-W46,tun.c,4
2018-W46,usb,4
2018-W46,wireless,15
2018-W47,can,2
2018-W47,dsa,6
2018-W47,ethernet,157
2018-W47,hyperv,1
2018-W47,phy,3
2018-W47,team,1
2018-W47,usb,1
2018-W47,virtio_net.c,2
2018-W47,vxlan.c,6
2018-W47,wireless,25
2018-W48,bonding,1
2018-W48,can,3
2018-W48,dsa,1
2018-W48,ethernet,114
2018-W48,ieee802154,1
2018-W48,macvlan.c,1
2018-W48,phy,5
2018-W48,rionet.c,1
2018-W48,tun.c,2
2018-W48,usb,23
2018-W48,virtio_net.c,1
2018-W48,wireless,21
2018-W49,Kconfig,1
2018-W49,bonding,1
2018-W49,ethernet,76
2018-W49,hyperv,2
2018-W49,ipvlan,2
2018-W49,net_failover.c,1
2018-W49,phy,9
2018-W49,team,1
2018-W49,tun.c,3
2018-W49,vrf.c,2
2018-W49,vxlan.c,4
2018-W49,wireless,39
2018-W50,bonding,5
2018-W50,can,2
2018-W50,dsa,2
2018-W50,ethernet,113
2018-W50,fjes,1
2018-W50,hamradio,1
2018-W50,hyperv,1
2018-W50,ieee802154,2
2018-W50,ipvlan,2
2018-W50,macvlan.c,1
2018-W50,netdevsim,1
2018-W50,phy,3
2018-W50,ppp,1
2018-W50,tap.c,1
2018-W50,team,1
2018-W50,tun.c,2
2018-W50,usb,4
2018-W50,vxlan.c,2
2018-W50,wireless,30
2018-W50,xen-netback,1
2018-W51,can,1
2018-W51,dsa,3
2018-W51,ethernet,115
2018-W51,netdevsim,1
2018-W51,phy,3
2018-W51,ppp,1
2018-W51,usb,3
2018-W51,virtio_net.c,1
2018-W51,vxlan.c,4
2018-W51,wireless,30
2018-W51,xen-netfront.c,1
2018-W52,appletalk,1
2018-W52,dsa,1
2018-W52,ethernet,13
2018-W52,tap.c,1
2018-W52,wan,2
2018-W52,wireless,10
2019-W01,dsa,2
2019-W01,ethernet,18
2019-W01,fddi,1
2019-W01,hamradio,1
2019-W01,hyperv,1
2019-W01,usb,2
2019-W01,vmxnet3,1
2019-W01,wan,2
2019-W01,wireless,8
2019-W02,bonding,1
2019-W02,can,1
2019-W02,dsa,1
2019-W02,ethernet,30
2019-W02,phy,5
2019-W02,tun.c,1
2019-W02,wireless,25
2019-W03,Kconfig,1
2019-W03,bonding,4
2019-W03,dsa,4
2019-W03,ethernet,94
2019-W03,hyperv,3
2019-W03,ieee802154,1
2019-W03,macvlan.c,2
2019-W03,phy,17
2019-W03,ppp,1
2019-W03,sb1000.c,1
2019-W03,usb,2
2019-W03,virtio_net.c,2
2019-W03,vxlan.c,10
2019-W03,wan,1
2019-W03,wireless,39
2019-W04,bonding,1
2019-W04,can,1
2019-W04,dsa,2
2019-W04,ethernet,86
2019-W04,phy,11
2019-W04,usb,1
2019-W04,wan,1
2019-W04,wireless,42
2019-W05,caif,1
2019-W05,can,4
2019-W05,dsa,2
2019-W05,ethernet,109
2019-W05,ipvlan,1
2019-W05,macvlan.c,1
2019-W05,phy,6
2019-W05,tun.c,1
2019-W05,virtio_net.c,8
2019-W05,wireless,52
2019-W06,Kconfig,1
2019-W06,appletalk,1
2019-W06,can,1
2019-W06,dsa,10
2019-W06,ethernet,135
2019-W06,fddi,2
2019-W06,geneve.c,1
2019-W06,ipvlan,1
2019-W06,netdevsim,1
2019-W06,phy,19
2019-W06,usb,4
2019-W06,veth.c,1
2019-W06,vxlan.c,2
2019-W06,wan,4
2019-W06,wimax,2
2019-W06,wireless,53
2019-W06,xen-netback,1
2019-W07,Kconfig,2
2019-W07,bonding,1
2019-W07,caif,1
2019-W07,dsa,7
2019-W07,ethernet,136
2019-W07,netdevsim,1
2019-W07,phy,22
2019-W07,team,1
2019-W07,usb,2
2019-W07,wireless,81
2019-W08,bonding,2
2019-W08,dsa,12
2019-W08,ethernet,136
2019-W08,hamradio,1
2019-W08,hyperv,1
2019-W08,ieee802154,1
2019-W08,ipvlan,1
2019-W08,macvlan.c,1
2019-W08,phy,27
2019-W08,tap.c,1
2019-W08,team,2
2019-W08,tun.c,2
2019-W08,usb,1
2019-W08,veth.c,1
2019-W08,vrf.c,1
2019-W08,vxlan.c,1
2019-W08,wireless,56
2019-W08,xen-netback,1
2019-W09,Kconfig,1
2019-W09,can,9
2019-W09,dsa,11
2019-W09,ethernet,154
2019-W09,geneve.c,1
2019-W09,phy,13
2019-W09,team,1
2019-W09,tun.c,1
2019-W09,usb,2
2019-W09,vxlan.c,1
2019-W09,wan,6
2019-W09,wireless,79
2019-W09,xen-netback,2
2019-W10,can,2
2019-W10,dsa,2
2019-W10,ethernet,35
2019-W10,phy,2
2019-W10,vxlan.c,3
2019-W10,wireless,27
2019-W11,Kconfig,1
2019-W11,ethernet,40
2019-W11,ieee802154,1
2019-W11,phy,1
2019-W11,ppp,1
2019-W11,tun.c,2
2019-W11,vxlan.c,1
2019-W11,wireless,37
2019-W12,Kconfig,1
2019-W12,bonding,1
2019-W12,can,5
2019-W12,dsa,5
2019-W12,ethernet,88
2019-W12,geneve.c,2
2019-W12,gtp.c,1
2019-W12,hyperv,1
2019-W12,ieee802154,2
2019-W12,macsec.c,1
2019-W12,macvlan.c,1
2019-W12,net_failover.c,1
2019-W12,phy,16
2019-W12,team,2
2019-W12,tun.c,4
2019-W12,usb,2
2019-W12,virtio_net.c,1
2019-W12,vxlan.c,1
2019-W12,wireless,54
2019-W12,xen-netback,1
2019-W12,xen-netfront.c,1
2019-W13,bonding,1
2019-W13,ethernet,103
2019-W13,hyperv,1
2019-W13,phy,10
2019-W13,team,1
2019-W13,usb,1
2019-W13,vrf.c,1
2019-W13,wireless,25
2019-W14,appletalk,1
2019-W14,can,1
2019-W14,dsa,1
2019-W14,ethernet,66
2019-W14,hyperv,1
2019-W14,macsec.c,1
2019-W14,phy,11
2019-W14,usb,3
2019-W14,virtio_net.c,3
2019-W14,vrf.c,2
2019-W14,wireless,45
2019-W15,bonding,1
2019-W15,can,1
2019-W15,dummy.c,1
2019-W15,ethernet,63
2019-W15,loopback.c,1
2019-W15,netdevsim,7
2019-W15,phy,5
2019-W15,ppp,1
2019-W15,team,1
2019-W15,veth.c,1
2019-W15,vrf.c,1
2019-W15,wireless,24
2019-W15,xen-netback,1
2019-W16,dsa,1
2019-W16,ethernet,137
2019-W16,hippi,1
2019-W16,ieee802154,1
2019-W16,phy,5
2019-W16,ppp,3
2019-W16,sb1000.c,1
2019-W16,team,1
2019-W16,vrf.c,1
2019-W16,wireless,29
2019-W16,xen-netfront.c,2
2019-W17,bonding,1
2019-W17,dsa,12
2019-W17,ethernet,87
2019-W17,gtp.c,1
2019-W17,ieee802154,5
2019-W17,macsec.c,3
2019-W17,macvlan.c,1
2019-W17,netdevsim,16
2019-W17,phy,8
2019-W17,slip,1
2019-W17,team,3
2019-W17,tun.c,1
2019-W17,usb,3
2019-W17,wimax,1
2019-W17,wireless,37
2019-W18,can,1
2019-W18,dsa,15
2019-W18,ethernet,105
2019-W18,hyperv,1
2019-W18,netdevsim,2
2019-W18,phy,4
2019-W18,usb,2
2019-W18,wimax,1
2019-W18,wireless,52
2019-W19,bonding,1
2019-W19,can,5
2019-W19,dsa,10
2019-W19,ethernet,39
2019-W19,macvlan.c,1
2019-W19,phy,5
2019-W19,tun.c,2
2019-W19,usb,4
2019-W19,wireless,18
2019-W20,Kconfig,1
2019-W20,Makefile,1
2019-W20,appletalk,1
2019-W20,arcnet,1
2019-W20,bonding,2
2019-W20,caif,1
2019-W20,can,2
2019-W20,dsa,2
2019-W20,dummy.c,1
2019-W20,ethernet,44
2019-W20,fddi,1
2019-W20,hamradio,2
2019-W20,hippi,1
2019-W20,hyperv,1
2019-W20,ieee802154,1
2019-W20,ipvlan,2
2019-W20,macvtap.c,1
2019-W20,nlmon.c,1
2019-W20,phy,4
2019-W20,plip,1
2019-W20,ppp,2
2019-W20,slip,2
2019-W20,sungem_phy.c,1
2019-W20,tap.c,1
2019-W20,team,1
2019-W20,usb,7
2019-W20,veth.c,1
2019-W20,virtio_net.c,1
2019-W20,vsockmon.c,1
2019-W20,wan,2
2019-W20,wimax,1
2019-W20,wireless,36
2019-W20,xen-netback,2
2019-W21,bonding,2
2019-W21,ethernet,95
2019-W21,fddi,1
2019-W21,hamradio,3
2019-W21,hippi,1
2019-W21,ieee802154,1
2019-W21,macvlan.c,1
2019-W21,phy,13
2019-W21,usb,2
2019-W21,wan,2
2019-W21,wireless,35
2019-W22,Space.c,1
2019-W22,arcnet,1
2019-W22,bonding,1
2019-W22,caif,1
2019-W22,can,9
2019-W22,dsa,7
2019-W22,ethernet,114
2019-W22,fddi,1
2019-W22,fjes,1
2019-W22,gtp.c,1
2019-W22,hamradio,1
2019-W22,hyperv,2
2019-W22,ieee802154,4
2019-W22,ifb.c,1
2019-W22,ipvlan,1
2019-W22,loopback.c,1
2019-W22,macsec.c,1
2019-W22,macvlan.c,2
2019-W22,netconsole.c,1
2019-W22,phy,26
2019-W22,plip,2
2019-W22,ppp,1
2019-W22,rionet.c,1
2019-W22,sb1000.c,1
2019-W22,team,1
2019-W22,tun.c,1
2019-W22,usb,3
2019-W22,vmxnet3,1
2019-W22,vrf.c,1
2019-W22,wan,4
2019-W22,wimax,1
2019-W22,wireless,49
2019-W22,xen-netback,1
2019-W23,bonding,7
2019-W23,can,3
2019-W23,dsa,40
2019-W23,ethernet,122
2019-W23,geneve.c,1
2019-W23,ipvlan,1
2019-W23,mdio.c,1
2019-W23,netdevsim,1
2019-W23,phy,6
2019-W23,ppp,1
2019-W23,usb,1
2019-W23,vmxnet3,1
2019-W23,vxlan.c,3
2019-W23,wireless,39
2019-W24,dsa,9
2019-W24,ethernet,118
2019-W24,geneve.c,1
2019-W24,hyperv,1
2019-W24,phy,4
2019-W24,ppp,1
2019-W24,usb,4
2019-W24,veth.c,1
2019-W24,virtio_net.c,1
2019-W24,vxlan.c,1
2019-W24,wan,1
2019-W24,wireless,67
2019-W25,can,1
2019-W25,dsa,6
2019-W25,ethernet,81
2019-W25,fddi,4
2019-W25,fjes,1
2019-W25,netdevsim,2
2019-W25,ppp,1
2019-W25,team,1
2019-W25,tun.c,1
2019-W25,veth.c,1
2019-W25,vrf.c,1
2019-W25,wireless,19
2019-W26,bonding,1
2019-W26,can,3
2019-W26,dsa,31
2019-W26,ethernet,166
2019-W26,macsec.c,2
2019-W26,team,1
2019-W26,usb,1
2019-W26,vrf.c,1
2019-W26,vxlan.c,1
2019-W26,wireless,42
2019-W27,bonding,4
2019-W27,can,4
2019-W27,dsa,3
2019-W27,ethernet,86
2019-W27,gtp.c,6
2019-W27,loopback.c,2
2019-W27,tap.c,1
2019-W27,tun.c,1
2019-W27,usb,4
2019-W27,wireless,31
2019-W28,can,8
2019-W28,dsa,2
2019-W28,ethernet,99
2019-W28,netdevsim,2
2019-W28,phy,2
2019-W28,ppp,1
2019-W28,wireless,45
2019-W29,bonding,1
2019-W29,caif,1
2019-W29,can,2
2019-W29,ethernet,38
2019-W29,hippi,1
2019-W29,hyperv,1
2019-W29,phy,1
2019-W29,usb,4
2019-W29,vmxnet3,1
2019-W29,vrf.c,1
2019-W29,wireless,16
2019-W30,can,19
2019-W30,dsa,4
2019-W30,ethernet,111
2019-W30,phy,4
2019-W30,ppp,1
2019-W30,tun.c,1
2019-W30,usb,3
2019-W30,vmxnet3,1
2019-W30,wireless,63
2019-W30,xen-netback,1
2019-W31,arcnet,4
2019-W31,can,5
2019-W31,dsa,17
2019-W31,ethernet,145
2019-W31,hamradio,2
2019-W31,hyperv,1
2019-W31,phy,6
2019-W31,ppp,1
2019-W31,thunderbolt.c,1
2019-W31,usb,3
2019-W31,vmxnet3,1
2019-W31,wan,1
2019-W31,wireless,29
2019-W31,xen-netback,1
2019-W31,xen-netfront.c,1
2019-W32,bonding,2
2019-W32,caif,1
2019-W32,can,1
2019-W32,dsa,14
2019-W32,ethernet,99
2019-W32,hyperv,1
2019-W32,ieee802154,1
2019-W32,netdevsim,2
2019-W32,phy,5
2019-W32,slip,1
2019-W32,team,1
2019-W32,wimax,1
2019-W32,wireless,9
2019-W32,xen-netback,2
2019-W33,can,12
2019-W33,dsa,1
2019-W33,ethernet,70
2019-W33,ipvlan,1
2019-W33,netdevsim,3
2019-W33,phy,23
2019-W33,usb,8
2019-W33,wimax,1
2019-W33,wireless,19
2019-W34,can,10
2019-W34,dsa,6
2019-W34,ethernet,70
2019-W34,hamradio,1
2019-W34,netdevsim,1
2019-W34,phy,2
2019-W34,usb,6
2019-W34,virtio_net.c,1
2019-W34,wan,1
2019-W34,wireless,28
2019-W35,arcnet,1
2019-W35,can,12
2019-W35,dsa,21
2019-W35,ethernet,129
2019-W35,hamradio,1
2019-W35,phy,6
2019-W35,usb,2
2019-W35,wimax,2
2019-W35,wireless,26
2019-W36,dsa,5
2019-W36,ethernet,109
2019-W36,geneve.c,1
2019-W36,hyperv,2
2019-W36,phy,3
2019-W36,usb,2
2019-W36,wireless,46
2019-W37,dsa,6
2019-W37,ethernet,61
2019-W37,netdevsim,2
2019-W37,phy,2
2019-W37,tun.c,1
2019-W37,usb,1
2019-W37,wan,2
2019-W37,wimax,1
2019-W37,wireless,43
2019-W38,arcnet,1
2019-W38,can,2
2019-W38,dsa,3
2019-W38,ethernet,52
2019-W38,ieee802154,3
2019-W38,phy,2
2019-W38,ppp,1
2019-W38,usb,3
2019-W38,wireless,18
2019-W38,xen-netfront.c,1
2019-W39,Kconfig,1
2019-W39,arcnet,1
2019-W39,can,12
2019-W39,dsa,6
2019-W39,ethernet,33
2019-W39,hyperv,1
2019-W39,macsec.c,1
2019-W39,phy,3
2019-W39,ppp,1
2019-W39,tap.c,1
2019-W39,tun.c,1
2019-W39,virtio_net.c,1
2019-W39,vrf.c,2
2019-W39,wimax,1
2019-W39,wireless,31
2019-W40,caif,2
2019-W40,can,9
2019-W40,dsa,10
2019-W40,ethernet,62
2019-W40,netdevsim,10
2019-W40,phy,9
2019-W40,usb,8
2019-W40,wireless,71
2019-W40,xen-netfront.c,1
2019-W41,bonding,1
2019-W41,can,19
2019-W41,dsa,7
2019-W41,ethernet,58
2019-W41,ipvlan,1
2019-W41,netdevsim,4
2019-W41,phy,3
2019-W41,team,1
2019-W41,tun.c,3
2019-W41,usb,2
2019-W41,wireless,42
2019-W42,can,4
2019-W42,dsa,4
2019-W42,ethernet,43
2019-W42,phy,9
2019-W42,usb,4
2019-W42,wireless,23
2019-W42,xen-netback,1
2019-W43,bonding,4
2019-W43,caif,1
2019-W43,can,2
2019-W43,dsa,12
2019-W43,ethernet,86
2019-W43,fjes,2
2019-W43,hamradio,1
2019-W43,hyperv,1
2019-W43,ieee802154,1
2019-W43,ipvlan,1
2019-W43,macsec.c,3
2019-W43,macvlan.c,2
2019-W43,phy,6
2019-W43,ppp,1
2019-W43,team,2
2019-W43,usb,8
2019-W43,vrf.c,1
2019-W43,vxlan.c,1
2019-W43,wimax,2
2019-W43,wireless,33
2019-W43,xen-netback,1
2019-W44,bonding,3
2019-W44,can,2
2019-W44,dsa,3
2019-W44,ethernet,116
2019-W44,hyperv,4
2019-W44,netdevsim,1
2019-W44,phy,7
2019-W44,vxlan.c,3
2019-W44,wimax,1
2019-W44,wireless,42
2019-W45,dsa,12
2019-W45,dummy.c,1
2019-W45,ethernet,156
2019-W45,loopback.c,3
2019-W45,netdevsim,3
2019-W45,nlmon.c,1
2019-W45,phy,25
2019-W45,tun.c,1
2019-W45,usb,3
2019-W45,veth.c,1
2019-W45,vsockmon.c,1
2019-W45,wan,1
2019-W45,wireless,37
2019-W46,bonding,1
2019-W46,can,1
2019-W46,dsa,9
2019-W46,ethernet,132
2019-W46,netdevsim,1
2019-W46,phy,13
2019-W46,slip,1
2019-W46,tun.c,1
2019-W46,usb,3
2019-W46,virtio_net.c,1
2019-W46,vxlan.c,1
2019-W46,wireless,65
2019-W47,Kconfig,1
2019-W47,caif,1
2019-W47,can,2
2019-W47,dsa,4
2019-W47,ethernet,87
2019-W47,hyperv,3
2019-W47,ieee802154,1
2019-W47,phy,16
2019-W47,usb,3
2019-W47,wireless,27
2019-W48,can,2
2019-W48,dsa,1
2019-W48,ethernet,25
2019-W48,macvlan.c,1
2019-W48,phy,3
2019-W48,slip,1
2019-W48,usb,3
2019-W48,wan,4
2019-W48,wireless,85
2019-W49,bonding,3
2019-W49,can,13
2019-W49,ethernet,34
2019-W49,geneve.c,1
2019-W49,phy,4
2019-W49,ppp,2
2019-W49,vxlan.c,1
2019-W49,wireless,16
2019-W50,Kconfig,2
2019-W50,Makefile,1
2019-W50,appletalk,1
2019-W50,arcnet,1
2019-W50,bonding,1
2019-W50,caif,1
2019-W50,can,10
2019-W50,dsa,1
2019-W50,ethernet,78
2019-W50,fjes,3
2019-W50,geneve.c,1
2019-W50,gtp.c,4
2019-W50,hamradio,1
2019-W50,hyperv,2
2019-W50,netdevsim,1
2019-W50,phy,25
2019-W50,ppp,1
2019-W50,slip,1
2019-W50,usb,4
2019-W50,vmxnet3,1
2019-W50,vxlan.c,1
2019-W50,wan,1
2019-W50,wimax,1
2019-W50,wireguard,4
2019-W50,wireless,61
2019-W50,xen-netback,1
2019-W51,Kconfig,1
2019-W51,Makefile,1
2019-W51,can,1
2019-W51,dsa,4
2019-W51,ethernet,93
2019-W51,gtp.c,2
2019-W51,hamradio,1
2019-W51,hyperv,1
2019-W51,phy,13
2019-W51,wireless,66
2019-W51,xen-netback,3
2019-W52,bonding,1
2019-W52,can,1
2019-W52,dsa,8
2019-W52,ethernet,31
2019-W52,macvlan.c,1
2019-W52,netdevsim,1
2019-W52,phy,7
2019-W52,ppp,1
2019-W52,wan,1
2019-W52,wireless,31
2019-W52,xen-netback,1
2020-W01,can,1
2020-W01,dsa,4
2020-W01,ethernet,42
2020-W01,gtp.c,1
2020-W01,phy,5
2020-W01,vxlan.c,2
2020-W01,wan,1
2020-W01,wireguard,2
2020-W01,wireless,6
2020-W02,can,1
2020-W02,dsa,8
2020-W02,ethernet,124
2020-W02,fddi,1
2020-W02,fjes,1
2020-W02,gtp.c,1
2020-W02,macvlan.c,1
2020-W02,netdevsim,3
2020-W02,phy,5
2020-W02,tap.c,1
2020-W02,usb,4
2020-W02,vmxnet3,1
2020-W02,wan,4
2020-W02,wireguard,1
2020-W02,wireless,18
2020-W03,Kconfig,2
2020-W03,dsa,8
2020-W03,ethernet,63
2020-W03,hyperv,1
2020-W03,macsec.c,4
2020-W03,macvlan.c,1
2020-W03,netdevsim,2
2020-W03,phy,12
2020-W03,ppp,1
2020-W03,tun.c,1
2020-W03,usb,3
2020-W03,veth.c,1
2020-W03,virtio_net.c,1
2020-W03,wan,2
2020-W03,wireless,27
2020-W03,xen-netback,1
2020-W04,can,1
2020-W04,ethernet,88
2020-W04,fddi,1
2020-W04,gtp.c,1
2020-W04,hyperv,1
2020-W04,phy,4
2020-W04,slip,1
2020-W04,tun.c,1
2020-W04,usb,11
2020-W04,veth.c,1
2020-W04,virtio_net.c,1
2020-W04,wan,3
2020-W04,wireless,20
2020-W05,can,1
2020-W05,ethernet,64
2020-W05,netdevsim,7
2020-W05,phy,3
2020-W05,wireless,39
2020-W06,bonding,1
2020-W06,dsa,4
2020-W06,ethernet,47
2020-W06,gtp.c,1
2020-W06,hyperv,1
2020-W06,netdevsim,1
2020-W06,usb,3
2020-W06,wireguard,2
2020-W06,wireless,24
2020-W07,bonding,2
2020-W07,can,1
2020-W07,dsa,5
2020-W07,ethernet,107
2020-W07,gtp.c,1
2020-W07,phy,10
2020-W07,wireguard,4
2020-W07,wireless,25
2020-W08,bonding,1
2020-W08,can,1
2020-W08,ethernet,112
2020-W08,hyperv,2
2020-W08,phy,8
2020-W08,tun.c,1
2020-W08,usb,3
2020-W08,vmxnet3,1
2020-W08,wireless,10
2020-W09,Kconfig,1
2020-W09,Makefile,1
2020-W09,bareudp.c,3
2020-W09,bonding,1
2020-W09,can,3
2020-W09,dsa,12
2020-W09,dummy.c,1
2020-W09,ethernet,162
2020-W09,fddi,2
2020-W09,hyperv,1
2020-W09,ieee802154,1
2020-W09,netdevsim,2
2020-W09,phy,9
2020-W09,slip,1
2020-W09,usb,1
2020-W09,virtio_net.c,3
2020-W09,wan,1
2020-W09,wireless,13
2020-W10,Kconfig,1
2020-W10,Makefile,1
2020-W10,bareudp.c,3
2020-W10,bonding,1
2020-W10,can,1
2020-W10,dsa,2
2020-W10,ethernet,111
2020-W10,ipa,13
2020-W10,ipvlan,1
2020-W10,macsec.c,1
2020-W10,phy,6
2020-W10,slip,1
2020-W10,team,2
2020-W10,tun.c,6
2020-W10,usb,3
2020-W10,veth.c,1
2020-W10,virtio_net.c,1
2020-W10,vmxnet3,1
2020-W10,wan,1
2020-W10,wireless,13
2020-W11,bareudp.c,1
2020-W11,caif,1
2020-W11,can,1
2020-W11,dsa,11
2020-W11,ethernet,122
2020-W11,geneve.c,1
2020-W11,ipa,1
2020-W11,ipvlan,3
2020-W11,macsec.c,4
2020-W11,macvlan.c,1
2020-W11,netdevsim,1
2020-W11,phy,8
2020-W11,slip,1
2020-W11,usb,1
2020-W11,wireless,31
2020-W12,can,1
2020-W12,dsa,3
2020-W12,ethernet,118
2020-W12,ipa,4
2020-W12,macsec.c,1
2020-W12,netdevsim,2
2020-W12,phy,25
2020-W12,usb,1
2020-W12,veth.c,5
2020-W12,vxlan.c,1
2020-W12,wireguard,3
2020-W12,wireless,51
2020-W13,Kconfig,1
2020-W13,caif,1
2020-W13,dsa,13
2020-W13,ethernet,106
2020-W13,ifb.c,1
2020-W13,macsec.c,7
2020-W13,netdevsim,7
2020-W13,phy,16
2020-W13,veth.c,2
2020-W13,vrf.c,1
2020-W13,wan,3
2020-W13,wireguard,1
2020-W13,wireless,18
2020-W14,can,1
2020-W14,dsa,13
2020-W14,ethernet,62
2020-W14,hyperv,1
2020-W14,netdevsim,4
2020-W14,phy,5
2020-W14,tun.c,1
2020-W14,usb,1
2020-W14,wimax,1
2020-W14,wireless,45
2020-W15,caif,1
2020-W15,dsa,1
2020-W15,ethernet,60
2020-W15,hyperv,1
2020-W15,ipa,1
2020-W15,macsec.c,2
2020-W15,phy,3
2020-W15,tun.c,1
2020-W15,wireless,40
2020-W16,bonding,1
2020-W16,can,4
2020-W16,dsa,5
2020-W16,ethernet,49
2020-W16,phy,8
2020-W16,wimax,1
2020-W16,wireless,55
2020-W17,caif,1
2020-W17,can,1
2020-W17,dsa,9
2020-W17,ethernet,134
2020-W17,geneve.c,1
2020-W17,macsec.c,2
2020-W17,macvlan.c,2
2020-W17,phy,18
2020-W17,team,1
2020-W17,vrf.c,2
2020-W17,vxlan.c,1
2020-W17,wireless,129
2020-W18,Kconfig,5
2020-W18,appletalk,3
2020-W18,arcnet,1
2020-W18,bonding,10
2020-W18,caif,1
2020-W18,can,1
2020-W18,dsa,8
2020-W18,ethernet,163
2020-W18,fddi,1
2020-W18,gtp.c,1
2020-W18,hamradio,4
2020-W18,hyperv,2
2020-W18,ipa,5
2020-W18,ipvlan,1
2020-W18,macsec.c,1
2020-W18,macvlan.c,1
2020-W18,phy,10
2020-W18,plip,1
2020-W18,ppp,1
2020-W18,rionet.c,1
2020-W18,team,1
2020-W18,usb,2
2020-W18,vrf.c,1
2020-W18,wan,1
2020-W18,wireguard,3
2020-W18,wireless,44
2020-W19,bareudp.c,1
2020-W19,bonding,1
2020-W19,can,1
2020-W19,dsa,14
2020-W19,ethernet,153
2020-W19,ipa,17
2020-W19,macsec.c,1
2020-W19,macvlan.c,1
2020-W19,phy,12
2020-W19,usb,5
2020-W19,virtio_net.c,1
2020-W19,wireguard,4
2020-W19,wireless,70
2020-W20,dsa,18
2020-W20,ethernet,167
2020-W20,hamradio,1
2020-W20,hyperv,1
2020-W20,ipa,4
2020-W20,phy,13
2020-W20,ppp,1
2020-W20,tun.c,1
2020-W20,usb,1
2020-W20,veth.c,2
2020-W20,virtio_net.c,1
2020-W20,wireless,48
2020-W21,can,1
2020-W21,dsa,2
2020-W21,ethernet,91
2020-W21,hyperv,1
2020-W21,ipa,1
2020-W21,netdevsim,1
2020-W21,phy,6
2020-W21,usb,1
2020-W21,vxlan.c,2
2020-W21,wireguard,3
2020-W21,wireless,29
2020-W22,bonding,1
2020-W22,can,1
2020-W22,dsa,8
2020-W22,ethernet,152
2020-W22,ipa,2
2020-W22,macvlan.c,1
2020-W22,netdevsim,2
2020-W22,phy,14
2020-W22,tun.c,2
2020-W22,usb,1
2020-W22,veth.c,2
2020-W22,virtio_net.c,1
2020-W22,vmxnet3,6
2020-W22,vxlan.c,4
2020-W22,wireless,34
2020-W23,can,3
2020-W23,dsa,2
2020-W23,ethernet,40
2020-W23,geneve.c,1
2020-W23,hamradio,1
2020-W23,net_failover.c,1
2020-W23,phy,8
2020-W23,vmxnet3,1
2020-W23,vxlan.c,1
2020-W23,wan,1
2020-W23,wireless,30
2020-W24,Kconfig,1
2020-W24,appletalk,1
2020-W24,arcnet,1
2020-W24,bonding,1
2020-W24,caif,1
2020-W24,can,2
2020-W24,dsa,2
2020-W24,ethernet,35
2020-W24,fddi,1
2020-W24,hamradio,2
2020-W24,hippi,1
2020-W24,ieee802154,1
2020-W24,ipa,4
2020-W24,macsec.c,1
2020-W24,macvlan.c,1
2020-W24,phy,1
2020-W24,plip,1
2020-W24,ppp,1
2020-W24,slip,1
2020-W24,team,1
2020-W24,thunderbolt.c,1
2020-W24,usb,1
2020-W24,vxlan.c,3
2020-W24,wan,1
2020-W24,wireless,31
2020-W25,bareudp.c,2
2020-W25,bonding,1
2020-W25,can,1
2020-W25,dsa,15
2020-W25,ethernet,118
2020-W25,geneve.c,1
2020-W25,phy,14
2020-W25,usb,2
2020-W25,vrf.c,3
2020-W25,wireless,48
2020-W26,Kconfig,1
2020-W26,appletalk,1
2020-W26,bareudp.c,1
2020-W26,bonding,2
2020-W26,caif,4
2020-W26,dsa,5
2020-W26,ethernet,130
2020-W26,fddi,1
2020-W26,hamradio,2
2020-W26,macsec.c,1
2020-W26,macvlan.c,1
2020-W26,phy,30
2020-W26,plip,1
2020-W26,thunderbolt.c,1
2020-W26,usb,1
2020-W26,vxlan.c,1
2020-W26,wireguard,3
2020-W26,wireless,22
2020-W27,Kconfig,1
2020-W27,bonding,1
2020-W27,dsa,26
2020-W27,ethernet,134
2020-W27,ipa,20
2020-W27,phy,6
2020-W27,tun.c,1
2020-W27,wan,1
2020-W27,wireguard,2
2020-W27,wireless,43
2020-W27,xen-netback,1
2020-W27,xen-netfront.c,3
2020-W28,bonding,2
2020-W28,can,1
2020-W28,dsa,3
2020-W28,ethernet,111
2020-W28,geneve.c,2
2020-W28,ipa,3
2020-W28,netdevsim,2
2020-W28,phy,14
2020-W28,usb,3
2020-W28,vxlan.c,1
2020-W28,wireless,15
2020-W29,bareudp.c,1
2020-W29,bonding,1
2020-W29,can,2
2020-W29,dsa,11
2020-W29,ethernet,114
2020-W29,fddi,1
2020-W29,hippi,1
2020-W29,ieee802154,2
2020-W29,ipa,1
2020-W29,phy,5
2020-W29,ppp,1
2020-W29,usb,7
2020-W29,wan,6
2020-W29,wireless,29
2020-W30,bareudp.c,1
2020-W30,bonding,1
2020-W30,can,1
2020-W30,dsa,5
2020-W30,ethernet,136
2020-W30,geneve.c,1
2020-W30,hyperv,3
2020-W30,ieee802154,1
2020-W30,ipa,1
2020-W30,netdevsim,2
2020-W30,phy,16
2020-W30,tun.c,1
2020-W30,veth.c,1
2020-W30,virtio_net.c,1
2020-W30,vrf.c,1
2020-W30,wan,1
2020-W30,wireless,45
2020-W30,xen-netfront.c,2
2020-W31,can,1
2020-W31,dsa,4
2020-W31,ethernet,99
2020-W31,ieee802154,1
2020-W31,phy,4
2020-W31,tun.c,1
2020-W31,usb,4
2020-W31,vxlan.c,2
2020-W31,wan,1
2020-W31,wireless,31
2020-W32,bareudp.c,1
2020-W32,can,1
2020-W32,dsa,7
2020-W32,ethernet,47
2020-W32,geneve.c,2
2020-W32,hyperv,1
2020-W32,netdevsim,1
2020-W32,phy,1
2020-W32,ppp,1
2020-W32,usb,4
2020-W32,virtio_net.c,1
2020-W32,vxlan.c,3
2020-W32,wan,4
2020-W32,wireguard,1
2020-W32,wireless,18
2020-W33,bonding,6
2020-W33,can,3
2020-W33,ethernet,17
2020-W33,fddi,6
2020-W33,ipvlan,1
2020-W33,phy,1
2020-W33,vmxnet3,1
2020-W33,wan,2
2020-W33,wireless,55
2020-W34,appletalk,1
2020-W34,arcnet,1
2020-W34,bonding,1
2020-W34,can,1
2020-W34,dsa,8
2020-W34,ethernet,59
2020-W34,fddi,1
2020-W34,fjes,1
2020-W34,hamradio,1
2020-W34,hyperv,2
2020-W34,ipa,1
2020-W34,ipvlan,1
2020-W34,macsec.c,1
2020-W34,macvlan.c,2
2020-W34,mii.c,1
2020-W34,netdevsim,1
2020-W34,phy,3
2020-W34,plip,1
2020-W34,tun.c,3
2020-W34,usb,1
2020-W34,veth.c,2
2020-W34,virtio_net.c,1
2020-W34,vmxnet3,1
2020-W34,wan,2
2020-W34,wimax,1
2020-W34,wireguard,2
2020-W34,wireless,126
2020-W34,xen-netback,1
2020-W34,xen-netfront.c,1
2020-W35,Kconfig,2
2020-W35,Makefile,2
2020-W35,appletalk,1
2020-W35,can,1
2020-W35,dsa,3
2020-W35,ethernet,73
2020-W35,gtp.c,4
2020-W35,hamradio,1
2020-W35,mdio,1
2020-W35,pcs,2
2020-W35,phy,13
2020-W35,usb,5
2020-W35,wan,5
2020-W35,wireless,68
2020-W36,can,1
2020-W36,dsa,11
2020-W36,ethernet,87
2020-W36,phy,2
2020-W36,usb,1
2020-W36,wan,2
2020-W36,wireless,33
2020-W37,dsa,11
2020-W37,ethernet,139
2020-W37,hippi,1
2020-W37,hyperv,3
2020-W37,ipa,1
2020-W37,phy,6
2020-W37,usb,1
2020-W37,veth.c,1
2020-W37,virtio_net.c,1
2020-W37,wan,3
2020-W37,wimax,1
2020-W37,wireguard,2
2020-W37,wireless,72
2020-W37,xen-netback,1
2020-W38,appletalk,1
2020-W38,can,17
2020-W38,dsa,21
2020-W38,ethernet,163
2020-W38,geneve.c,1
2020-W38,hyperv,2
2020-W38,ipa,7
2020-W38,mdio,1
2020-W38,netdevsim,3
2020-W38,phy,6
2020-W38,wan,2
2020-W38,wireless,34
2020-W39,bonding,2
2020-W39,can,12
2020-W39,dsa,14
2020-W39,ethernet,134
2020-W39,mdio,2
2020-W39,netdevsim,7
2020-W39,pcs,1
2020-W39,phy,5
2020-W39,team,1
2020-W39,usb,3
2020-W39,vmxnet3,1
2020-W39,vxlan.c,6
2020-W39,wan,1
2020-W39,wireguard,1
2020-W39,wireless,66
2020-W40,caif,3
2020-W40,can,9
2020-W40,dsa,13
2020-W40,ethernet,113
2020-W40,fddi,1
2020-W40,gtp.c,1
2020-W40,ieee802154,1
2020-W40,ipa,10
2020-W40,macsec.c,1
2020-W40,phy,6
2020-W40,team,1
2020-W40,usb,8
2020-W40,virtio_net.c,1
2020-W40,wan,3
2020-W40,wireless,95
2020-W41,bareudp.c,1
2020-W41,can,2
2020-W41,dsa,3
2020-W41,ethernet,50
2020-W41,geneve.c,1
2020-W41,gtp.c,1
2020-W41,ipa,1
2020-W41,macsec.c,1
2020-W41,mdio,1
2020-W41,netdevsim,2
2020-W41,phy,1
2020-W41,team,1
2020-W41,usb,6
2020-W41,veth.c,1
2020-W41,vxlan.c,1
2020-W41,wan,1
2020-W41,wireless,44
2020-W42,can,13
2020-W42,dsa,1
2020-W42,ethernet,29
2020-W42,macsec.c,1
2020-W42,pcs,1
2020-W42,usb,2
2020-W42,virtio_net.c,1
2020-W42,wireless,14
2020-W43,can,20
2020-W43,dsa,2
2020-W43,ethernet,38
2020-W43,ipa,1
2020-W43,thunderbolt.c,1
2020-W43,virtio_net.c,1
2020-W43,wan,3
2020-W43,wireless,22
2020-W44,Kconfig,1
2020-W44,Makefile,1
2020-W44,bonding,1
2020-W44,can,2
2020-W44,dsa,5
2020-W44,dummy.c,1
2020-W44,ethernet,88
2020-W44,gtp.c,1
2020-W44,hamradio,1
2020-W44,ifb.c,1
2020-W44,ipa,6
2020-W44,mii.c,1
2020-W44,phy,24
2020-W44,team,1
2020-W44,vxlan.c,1
2020-W44,wan,6
2020-W44,wimax,1
2020-W44,wireless,31
2020-W44,xen-netfront.c,1
2020-W45,Kconfig,1
2020-W45,Makefile,1
2020-W45,bareudp.c,1
2020-W45,can,5
2020-W45,dsa,5
2020-W45,ethernet,40
2020-W45,fddi,13
2020-W45,geneve.c,1
2020-W45,gtp.c,1
2020-W45,ieee802154,2
2020-W45,ipa,20
2020-W45,macsec.c,1
2020-W45,macvlan.c,2
2020-W45,mhi_net.c,1
2020-W45,net_failover.c,1
2020-W45,netconsole.c,1
2020-W45,netdevsim,3
2020-W45,phy,4
2020-W45,tun.c,1
2020-W45,usb,6
2020-W45,vrf.c,1
2020-W45,vxlan.c,3
2020-W45,wan,1
2020-W45,wireguard,1
2020-W45,wireless,59
2020-W46,can,12
2020-W46,dsa,6
2020-W46,ethernet,127
2020-W46,geneve.c,1
2020-W46,hyperv,1
2020-W46,ipa,13
2020-W46,netdevsim,1
2020-W46,phy,24
2020-W46,usb,4
2020-W46,veth.c,1
2020-W46,wan,2
2020-W46,wireless,69
2020-W47,bonding,2
2020-W47,can,19
2020-W47,dsa,5
2020-W47,ethernet,121
2020-W47,geneve.c,1
2020-W47,hyperv,2
2020-W47,ipa,20
2020-W47,ipvlan,1
2020-W47,netdevsim,3
2020-W47,nlmon.c,1
2020-W47,phy,3
2020-W47,team,1
2020-W47,tun.c,2
2020-W47,usb,3
2020-W47,virtio_net.c,1
2020-W47,vrf.c,1
2020-W47,vsockmon.c,1
2020-W47,wireless,24
2020-W48,can,15
2020-W48,dsa,4
2020-W48,ethernet,68
2020-W48,ipa,7
2020-W48,phy,19
2020-W48,vxlan.c,2
2020-W48,wan,1
2020-W48,wireless,46
2020-W49,Kconfig,1
2020-W49,bareudp.c,1
2020-W49,bonding,2
2020-W49,can,8
2020-W49,dsa,12
2020-W49,ethernet,74
2020-W49,geneve.c,1
2020-W49,hyperv,1
2020-W49,ipa,6
2020-W49,macvlan.c,1
2020-W49,phy,1
2020-W49,tun.c,1
2020-W49,veth.c,1
2020-W49,virtio_net.c,2
2020-W49,vrf.c,2
2020-W49,vxlan.c,1
2020-W49,wireless,20
2020-W49,xen-netfront.c,1
2020-W50,can,10
2020-W50,dsa,6
2020-W50,ethernet,112
2020-W50,geneve.c,1
2020-W50,hyperv,1
2020-W50,ipa,1
2020-W50,mhi_net.c,1
2020-W50,netdevsim,2
2020-W50,phy,2
2020-W50,ppp,1
2020-W50,thunderbolt.c,1
2020-W50,usb,1
2020-W50,vrf.c,1
2020-W50,vxlan.c,1
2020-W50,wan,2
2020-W50,wireless,92
2020-W51,can,21
2020-W51,ethernet,50
2020-W51,hyperv,1
2020-W51,wireless,28
2020-W51,xen-netback,2
2020-W52,Kconfig,1
2020-W52,can,4
2020-W52,ethernet,17
2020-W52,hyperv,2
2020-W52,ipa,6
2020-W52,tun.c,3
2020-W52,usb,1
2020-W52,veth.c,2
2020-W52,virtio_net.c,3
2020-W52,wan,1
2020-W52,wireless,9
2020-W52,xen-netfront.c,2
2020-W53,bareudp.c,2
2020-W53,can,1
2020-W53,dsa,3
2020-W53,ethernet,33
2020-W53,mhi_net.c,1
2020-W53,usb,2
2020-W53,wan,3
2020-W53,wireless,6
2021-W01,bareudp.c,2
2021-W01,caif,1
2021-W01,can,3
2021-W01,dsa,10
2021-W01,ethernet,75
2021-W01,geneve.c,1
2021-W01,gtp.c,1
2021-W01,hyperv,3
2021-W01,ipa,3
2021-W01,macvlan.c,1
2021-W01,netdevsim,1
2021-W01,phy,7
2021-W01,ppp,2
2021-W01,tap.c,3
2021-W01,thunderbolt.c,2
2021-W01,tun.c,3
2021-W01,usb,3
2021-W01,vxlan.c,1
2021-W01,wireless,22
2021-W01,xen-netback,2
2021-W02,arcnet,1
2021-W02,bareudp.c,1
2021-W02,bonding,5
2021-W02,can,16
2021-W02,dsa,13
2021-W02,ethernet,90
2021-W02,geneve.c,1
2021-W02,hyperv,1
2021-W02,ipa,14
2021-W02,mhi_net.c,1
2021-W02,phy,5
2021-W02,tap.c,1
2021-W02,usb,3
2021-W02,veth.c,1
2021-W02,vxlan.c,1
2021-W02,wireless,53
2021-W02,xen-netback,1
2021-W02,xen-netfront.c,1
2021-W03,bonding,1
2021-W03,can,8
2021-W03,dsa,7
2021-W03,ethernet,74
2021-W03,ipa,6
2021-W03,ipvlan,1
2021-W03,mdio,1
2021-W03,mhi_net.c,1
2021-W03,phy,1
2021-W03,ppp,1
2021-W03,tun.c,1
2021-W03,usb,5
2021-W03,wireless,22
2021-W04,Kconfig,1
2021-W04,arcnet,2
2021-W04,caif,1
2021-W04,can,1
2021-W04,dsa,13
2021-W04,ethernet,77
2021-W04,hyperv,1
2021-W04,ifb.c,1
2021-W04,ipa,6
2021-W04,mhi_net.c,1
2021-W04,netdevsim,1
2021-W04,phy,2
2021-W04,ppp,1
2021-W04,team,1
2021-W04,usb,9
2021-W04,veth.c,1
2021-W04,vmxnet3,1
2021-W04,wireless,54
2021-W05,bareudp.c,1
2021-W05,can,3
2021-W05,dsa,3
2021-W05,ethernet,84
2021-W05,gtp.c,7
2021-W05,hyperv,4
2021-W05,ipa,20
2021-W05,loopback.c,1
2021-W05,mhi_net.c,1
2021-W05,netdevsim,9
2021-W05,pcs,1
2021-W05,phy,1
2021-W05,usb,3
2021-W05,wan,2
2021-W05,wireless,34
2021-W05,xen-netback,1
2021-W05,xen-netfront.c,1
2021-W06,Makefile,1
2021-W06,bonding,3
2021-W06,can,3
2021-W06,dsa,16
2021-W06,ethernet,168
2021-W06,ipa,5
2021-W06,loopback.c,1
2021-W06,mdio,1
2021-W06,mhi,4
2021-W06,mhi_net.c,1
2021-W06,phy,18
2021-W06,tap.c,1
2021-W06,tun.c,1
2021-W06,wireless,80
2021-W06,xen-netback,2
2021-W07,can,6
2021-W07,dsa,5
2021-W07,ethernet,57
2021-W07,hyperv,1
2021-W07,ipa,1
2021-W07,mdio,1
2021-W07,phy,10
2021-W07,usb,4
2021-W07,virtio_net.c,1
2021-W07,vxlan.c,1
2021-W07,wan,2
2021-W07,wireless,38
2021-W07,xen-netback,1
2021-W08,Kconfig,1
2021-W08,can,6
2021-W08,dsa,4
2021-W08,ethernet,72
2021-W08,gtp.c,1
2021-W08,phy,4
2021-W08,usb,1
2021-W08,wireguard,5
2021-W08,wireless,43
2021-W08,xen-netback,2
2021-W09,Kconfig,1
2021-W09,bonding,1
2021-W09,caif,2
2021-W09,can,22
2021-W09,dsa,3
2021-W09,ethernet,111
2021-W09,hamradio,2
2021-W09,hyperv,1
2021-W09,netdevsim,1
2021-W09,ppp,1
2021-W09,slip,1
2021-W09,usb,4
2021-W09,veth.c,1
2021-W09,wan,2
2021-W09,wireless,22
2021-W10,Kconfig,1
2021-W10,arcnet,1
2021-W10,bonding,2
2021-W10,can,9
2021-W10,dsa,15
2021-W10,ethernet,143
2021-W10,fddi,8
2021-W10,hyperv,1
2021-W10,ipa,1
2021-W10,netdevsim,6
2021-W10,phy,3
2021-W10,plip,1
2021-W10,tun.c,1
2021-W10,veth.c,1
2021-W10,virtio_net.c,2
2021-W10,vxlan.c,1
2021-W10,wan,2
2021-W10,wireless,8
2021-W10,xen-netfront.c,1
2021-W11,Makefile,1
2021-W11,can,7
2021-W11,dsa,21
2021-W11,ethernet,120
2021-W11,hamradio,1
2021-W11,hyperv,1
2021-W11,ipa,20
2021-W11,mdio,2
2021-W11,pcs,2
2021-W11,phy,7
2021-W11,ppp,1
2021-W11,usb,3
2021-W11,virtio_net.c,2
2021-W11,vmxnet3,1
2021-W11,wan,1
2021-W11,wireless,15
2021-W12,can,1
2021-W12,dsa,9
2021-W12,ethernet,142
2021-W12,geneve.c,1
2021-W12,ipa,32
2021-W12,netdevsim,1
2021-W12,phy,2
2021-W12,ppp,1
2021-W12,usb,1
2021-W12,vxlan.c,1
2021-W12,wan,2
2021-W12,wireless,36
2021-W13,bareudp.c,1
2021-W13,bonding,2
2021-W13,can,5
2021-W13,dsa,1
2021-W13,ethernet,121
2021-W13,geneve.c,1
2021-W13,hyperv,1
2021-W13,ieee802154,2
2021-W13,ipa,1
2021-W13,mdio,1
2021-W13,mdio.c,1
2021-W13,mhi,3
2021-W13,netdevsim,1
2021-W13,phy,5
2021-W13,ppp,1
2021-W13,usb,1
2021-W13,veth.c,1
2021-W13,virtio_net.c,1
2021-W13,vxlan.c,1
2021-W13,wan,1
2021-W13,wireless,41
2021-W14,can,12
2021-W14,dsa,2
2021-W14,ethernet,77
2021-W14,geneve.c,1
2021-W14,hyperv,3
2021-W14,ipa,10
2021-W14,netdevsim,1
2021-W14,phy,16
2021-W14,tun.c,1
2021-W14,usb,5
2021-W14,veth.c,3
2021-W14,wan,1
2021-W14,wireless,40
2021-W15,Kconfig,1
2021-W15,Makefile,1
2021-W15,Space.c,1
2021-W15,can,3
2021-W15,dsa,2
2021-W15,ethernet,102
2021-W15,ipa,2
2021-W15,phy,5
2021-W15,usb,6
2021-W15,veth.c,1
2021-W15,virtio_net.c,4
2021-W15,vrf.c,1
2021-W15,wireless,64
2021-W15,wwan,2
2021-W15,xen-netback,1
2021-W16,bonding,1
2021-W16,can,3
2021-W16,dsa,7
2021-W16,ethernet,107
2021-W16,geneve.c,1
2021-W16,hyperv,1
2021-W16,macvlan.c,2
2021-W16,netdevsim,1
2021-W16,phy,15
2021-W16,usb,4
2021-W16,virtio_net.c,3
2021-W16,wireless,42
2021-W16,wwan,3
2021-W17,can,5
2021-W17,dsa,16
2021-W17,ethernet,47
2021-W17,fddi,1
2021-W17,mdio,1
2021-W17,phy,3
2021-W17,tun.c,1
2021-W17,usb,1
2021-W17,virtio_net.c,1
2021-W17,wan,1
2021-W17,wireless,13
2021-W18,caif,7
2021-W18,can,17
2021-W18,ethernet,50
2021-W18,hamradio,4
2021-W18,ipa,1
2021-W18,ppp,4
2021-W18,slip,4
2021-W18,usb,2
2021-W18,wireless,42
2021-W19,can,3
2021-W19,dsa,22
2021-W19,ethernet,77
2021-W19,hyperv,1
2021-W19,ipa,1
2021-W19,mdio,5
2021-W19,phy,3
2021-W19,usb,3
2021-W19,virtio_net.c,2
2021-W19,wireless,33
2021-W20,appletalk,1
2021-W20,bonding,6
2021-W20,caif,1
2021-W20,can,6
2021-W20,dsa,8
2021-W20,ethernet,134
2021-W20,fddi,1
2021-W20,hamradio,1
2021-W20,ifb.c,1
2021-W20,mii.c,1
2021-W20,pcs,1
2021-W20,phy,5
2021-W20,ppp,1
2021-W20,slip,1
2021-W20,tun.c,1
2021-W20,usb,6
2021-W20,virtio_net.c,1
2021-W20,wan,13
2021-W20,wireless,34
2021-W20,wwan,1
2021-W21,appletalk,2
2021-W21,can,2
2021-W21,dsa,18
2021-W21,ethernet,39
2021-W21,hamradio,1
2021-W21,phy,2
2021-W21,usb,3
2021-W21,wan,36
2021-W21,wireless,24
2021-W21,wwan,1
2021-W22,bonding,2
2021-W22,can,5
2021-W22,dsa,12
2021-W22,ethernet,92
2021-W22,fjes,1
2021-W22,gtp.c,1
2021-W22,hamradio,1
2021-W22,ieee802154,1
2021-W22,ipa,2
2021-W22,macvlan.c,1
2021-W22,mdio,1
2021-W22,netdevsim,10
2021-W22,pcs,8
2021-W22,phy,1
2021-W22,usb,2
2021-W22,virtio_net.c,5
2021-W22,vrf.c,1
2021-W22,wan,27
2021-W22,wireguard,7
2021-W22,wireless,48
2021-W23,Kconfig,2
2021-W23,caif,1
2021-W23,can,4
2021-W23,dsa,19
2021-W23,ethernet,144
2021-W23,fjes,2
2021-W23,ieee802154,1
2021-W23,ipa,23
2021-W23,mdio,9
2021-W23,mhi,1
2021-W23,netdevsim,1
2021-W23,pcs,8
2021-W23,phy,17
2021-W23,usb,10
2021-W23,vrf.c,1
2021-W23,wan,41
2021-W23,wireless,29
2021-W23,wwan,27
2021-W23,xen-netback,1
2021-W24,Kconfig,1
2021-W24,bonding,1
2021-W24,can,10
2021-W24,dsa,11
2021-W24,ethernet,109
2021-W24,hamradio,1
2021-W24,hyperv,1
2021-W24,ieee802154,1
2021-W24,ipa,1
2021-W24,mdio,2
2021-W24,mhi,2
2021-W24,netdevsim,2
2021-W24,pcs,1
2021-W24,phy,17
2021-W24,usb,6
2021-W24,vrf.c,1
2021-W24,wan,47
2021-W24,wireless,50
2021-W24,wwan,7
2021-W25,bareudp.c,1
2021-W25,bonding,2
2021-W25,can,5
2021-W25,dsa,5
2021-W25,ethernet,112
2021-W25,gtp.c,1
2021-W25,hyperv,1
2021-W25,ieee802154,1
2021-W25,ipa,5
2021-W25,macsec.c,1
2021-W25,mdio,2
2021-W25,mhi,3
2021-W25,phy,2
2021-W25,usb,1
2021-W25,virtio_net.c,1
2021-W25,vxlan.c,1
2021-W25,wireless,23
2021-W25,wwan,10
2021-W26,caif,1
2021-W26,can,8
2021-W26,dsa,6
2021-W26,ethernet,51
2021-W26,ipa,1
2021-W26,usb,1
2021-W26,vmxnet3,1
2021-W26,wireless,4
2021-W26,wwan,5
2021-W27,bonding,7
2021-W27,dsa,1
2021-W27,ethernet,30
2021-W27,ieee802154,2
2021-W27,netdevsim,1
2021-W27,phy,1
2021-W27,virtio_net.c,1
2021-W27,wan,1
2021-W27,wireless,7
2021-W28,bonding,1
2021-W28,can,1
2021-W28,dsa,3
2021-W28,ethernet,47
2021-W28,fddi,1
2021-W28,mhi,1
2021-W28,netdevsim,2
2021-W28,phy,2
2021-W28,usb,3
2021-W28,vmxnet3,7
2021-W28,wireless,21
2021-W29,can,2
2021-W29,dsa,10
2021-W29,ethernet,73
2021-W29,ipa,1
2021-W29,phy,9
2021-W29,usb,6
2021-W29,veth.c,4
2021-W29,wan,1
2021-W29,wireless,14
2021-W29,wwan,3
2021-W30,Kconfig,1
2021-W30,Makefile,1
2021-W30,appletalk,1
2021-W30,bonding,6
2021-W30,can,7
2021-W30,dsa,16
2021-W30,eql.c,1
2021-W30,ethernet,85
2021-W30,fddi,1
2021-W30,hamradio,1
2021-W30,hippi,1
2021-W30,ipa,19
2021-W30,ipvlan,1
2021-W30,macvlan.c,1
2021-W30,mctp,1
2021-W30,mhi,1
2021-W30,netdevsim,2
2021-W30,phy,3
2021-W30,plip,1
2021-W30,ppp,1
2021-W30,sb1000.c,1
2021-W30,slip,1
2021-W30,usb,4
2021-W30,veth.c,1
2021-W30,wan,3
2021-W30,wireless,17
2021-W31,Kconfig,2
2021-W31,Makefile,2
2021-W31,Space.c,5
2021-W31,appletalk,2
2021-W31,bareudp.c,1
2021-W31,bonding,2
2021-W31,can,10
2021-W31,dsa,19
2021-W31,ethernet,86
2021-W31,ipa,13
2021-W31,mhi,3
2021-W31,mhi_net.c,1
2021-W31,netdevsim,3
2021-W31,phy,1
2021-W31,ppp,2
2021-W31,usb,4
2021-W31,virtio_net.c,2
2021-W31,vrf.c,2
2021-W31,wan,3
2021-W31,wireless,83
2021-W31,wwan,12
2021-W32,Kconfig,1
2021-W32,bonding,2
2021-W32,can,7
2021-W32,dsa,17
2021-W32,ethernet,55
2021-W32,hamradio,1
2021-W32,ipa,14
2021-W32,mdio,2
2021-W32,pcs,2
2021-W32,phy,4
2021-W32,ppp,1
2021-W32,team,1
2021-W32,usb,1
2021-W32,virtio_net.c,1
2021-W32,vrf.c,1
2021-W32,wireless,13
2021-W32,wwan,2
2021-W33,bonding,1
2021-W33,can,7
2021-W33,dsa,4
2021-W33,ethernet,163
2021-W33,ipa,9
2021-W33,mdio,3
2021-W33,mii.c,1
2021-W33,netdevsim,1
2021-W33,phy,3
2021-W33,tun.c,1
2021-W33,usb,5
2021-W33,virtio_net.c,2
2021-W33,vmxnet3,2
2021-W33,wireless,36
2021-W33,wwan,2
2021-W34,can,4
2021-W34,dsa,8
2021-W34,ethernet,130
2021-W34,fddi,1
2021-W34,mhi,2
2021-W34,phy,2
2021-W34,usb,13
2021-W34,virtio_net.c,1
2021-W34,wireless,28
2021-W34,wwan,2
2021-W34,xen-netfront.c,4
2021-W35,bonding,1
2021-W35,can,2
2021-W35,dsa,4
2021-W35,ethernet,73
2021-W35,mdio,2
2021-W35,phy,1
2021-W35,usb,3
2021-W35,wireless,22
2021-W36,bonding,2
2021-W36,can,2
2021-W36,dsa,2
2021-W36,ethernet,46
2021-W36,hamradio,1
2021-W36,ipa,1
2021-W36,phy,1
2021-W36,wan,1
2021-W36,wireless,10
2021-W36,wwan,2
2021-W37,can,8
2021-W37,dsa,11
2021-W37,ethernet,102
2021-W37,hamradio,2
2021-W37,netdevsim,2
2021-W37,pcs,1
2021-W37,phy,11
2021-W37,ppp,3
2021-W37,slip,2
2021-W37,usb,1
2021-W37,virtio_net.c,3
2021-W37,wireless,37
2021-W37,wwan,8
2021-W37,xen-netback,1
2021-W38,can,3
2021-W38,dsa,19
2021-W38,ethernet,90
2021-W38,fddi,2
2021-W38,mhi_net.c,1
2021-W38,netdevsim,2
2021-W38,phy,4
2021-W38,usb,1
2021-W38,vxlan.c,1
2021-W38,wireless,26
2021-W38,wwan,4
2021-W39,can,3
2021-W39,dsa,1
2021-W39,ethernet,77
2021-W39,fddi,1
2021-W39,hamradio,1
2021-W39,hyperv,1
2021-W39,ipa,1
2021-W39,ipvlan,2
2021-W39,macsec.c,1
2021-W39,macvlan.c,2
2021-W39,mdio,2
2021-W39,phy,6
2021-W39,usb,2
2021-W39,wireless,48
2021-W39,wwan,1
2021-W40,bonding,2
2021-W40,can,1
2021-W40,dsa,6
2021-W40,ethernet,100
2021-W40,gtp.c,1
2021-W40,hamradio,1
2021-W40,hyperv,1
2021-W40,ifb.c,1
2021-W40,net_failover.c,1
2021-W40,ntb_netdev.c,1
2021-W40,pcs,2
2021-W40,phy,13
2021-W40,ppp,1
2021-W40,team,1
2021-W40,usb,3
2021-W40,virtio_net.c,3
2021-W40,vmxnet3,1
2021-W40,wan,1
2021-W40,wireless,17
2021-W41,appletalk,1
2021-W41,arcnet,1
2021-W41,caif,1
2021-W41,can,6
2021-W41,dsa,18
2021-W41,ethernet,141
2021-W41,hamradio,2
2021-W41,hyperv,1
2021-W41,ieee802154,1
2021-W41,ipvlan,1
2021-W41,macvtap.c,1
2021-W41,netdevsim,2
2021-W41,phy,3
2021-W41,usb,5
2021-W41,virtio_net.c,1
2021-W41,wireless,78
2021-W41,xen-netback,1
2021-W42,bonding,1
2021-W42,can,7
2021-W42,dsa,15
2021-W42,ethernet,110
2021-W42,fddi,2
2021-W42,fjes,1
2021-W42,hippi,1
2021-W42,macsec.c,1
2021-W42,macvlan.c,1
2021-W42,pcs,1
2021-W42,phy,25
2021-W42,plip,1
2021-W42,rionet.c,1
2021-W42,sb1000.c,1
2021-W42,usb,4
2021-W42,vmxnet3,1
2021-W42,vrf.c,1
2021-W42,wan,1
2021-W42,wireless,111
2021-W42,xen-netback,1
2021-W42,xen-netfront.c,2
2021-W43,Kconfig,2
2021-W43,Makefile,1
2021-W43,amt.c,4
2021-W43,bareudp.c,1
2021-W43,can,7
2021-W43,dsa,1
2021-W43,ethernet,109
2021-W43,fddi,1
2021-W43,hyperv,1
2021-W43,ifb.c,1
2021-W43,netdevsim,6
2021-W43,phy,5
2021-W43,thunderbolt.c,1
2021-W43,usb,3
2021-W43,virtio_net.c,2
2021-W43,vmxnet3,2
2021-W43,vrf.c,1
2021-W43,wireless,40
2021-W44,amt.c,4
2021-W44,bonding,1
2021-W44,can,6
2021-W44,dsa,3
2021-W44,ethernet,36
2021-W44,netdevsim,1
2021-W44,phy,2
2021-W44,sungem_phy.c,1
2021-W44,wireless,23
2021-W45,Kconfig,1
2021-W45,amt.c,1
2021-W45,can,2
2021-W45,dsa,1
2021-W45,ethernet,43
2021-W45,fddi,1
2021-W45,hamradio,3
2021-W45,ipa,3
2021-W45,tun.c,1
2021-W45,wireless,42
2021-W45,wwan,1
2021-W46,amt.c,1
2021-W46,bonding,1
2021-W46,can,9
2021-W46,dsa,7
2021-W46,ethernet,111
2021-W46,geneve.c,1
2021-W46,hyperv,2
2021-W46,ipa,1
2021-W46,ipvlan,2
2021-W46,macvlan.c,2
2021-W46,mctp,2
2021-W46,netdevsim,1
2021-W46,phy,7
2021-W46,usb,9
2021-W46,veth.c,2
2021-W46,virtio_net.c,2
2021-W46,vmxnet3,1
2021-W46,vxlan.c,3
2021-W46,wan,1
2021-W46,wireguard,1
2021-W46,wireless,46
2021-W46,wwan,2
2021-W47,Kconfig,1
2021-W47,can,6
2021-W47,dsa,19
2021-W47,ethernet,78
2021-W47,geneve.c,2
2021-W47,hamradio,2
2021-W47,ifb.c,1
2021-W47,ipa,12
2021-W47,macvlan.c,1
2021-W47,mctp,4
2021-W47,mdio,4
2021-W47,phy,2
2021-W47,ppp,1
2021-W47,slip,2
2021-W47,usb,3
2021-W47,veth.c,1
2021-W47,virtio_net.c,1
2021-W47,vrf.c,1
2021-W47,vxlan.c,2
2021-W47,wan,1
2021-W47,wireless,33
2021-W47,wwan,1
2021-W48,bonding,3
2021-W48,can,3
2021-W48,dsa,13
2021-W48,ethernet,132
2021-W48,hyperv,1
2021-W48,ipvlan,1
2021-W48,mdio,2
2021-W48,netconsole.c,1
2021-W48,netdevsim,1
2021-W48,phy,1
2021-W48,tun.c,1
2021-W48,usb,1
2021-W48,veth.c,1
2021-W48,virtio_net.c,1
2021-W48,vrf.c,1
2021-W48,wan,1
2021-W48,wireguard,6
2021-W48,wireless,67
2021-W48,wwan,1
2021-W48,xen-netback,1
2021-W48,xen-netfront.c,1
2021-W49,bareudp.c,2
2021-W49,bonding,1
2021-W49,can,18
2021-W49,dsa,29
2021-W49,eql.c,1
2021-W49,ethernet,54
2021-W49,ipa,1
2021-W49,netdevsim,1
2021-W49,phy,4
2021-W49,ppp,1
2021-W49,usb,1
2021-W49,vmxnet3,1
2021-W49,vrf.c,1
2021-W49,wireless,70
2021-W49,wwan,11
2021-W50,bareudp.c,1
2021-W50,bonding,1
2021-W50,can,3
2021-W50,dsa,9
2021-W50,ethernet,89
2021-W50,hamradio,1
2021-W50,hyperv,1
2021-W50,netdevsim,1
2021-W50,phy,3
2021-W50,tun.c,1
2021-W50,usb,1
2021-W50,virtio_net.c,1
2021-W50,wireless,66
2021-W50,xen-netback,1
2021-W50,xen-netfront.c,1
2021-W51,Kconfig,1
2021-W51,bonding,1
2021-W51,can,6
2021-W51,ethernet,41
2021-W51,fjes,1
2021-W51,phy,3
2021-W51,usb,5
2021-W51,veth.c,1
2021-W51,wan,1
2021-W51,wireless,71
2021-W51,wwan,2
2021-W52,amt.c,1
2021-W52,appletalk,1
2021-W52,bonding,2
2021-W52,can,3
2021-W52,dsa,5
2021-W52,ethernet,61
2021-W52,fddi,1
2021-W52,hamradio,1
2021-W52,loopback.c,1
2021-W52,pcs,2
2021-W52,usb,1
2021-W52,vrf.c,1
2021-W52,wireless,15
2022-W01,amt.c,1
2022-W01,can,10
2022-W01,dsa,1
2022-W01,ethernet,105
2022-W01,ieee802154,2
2022-W01,phy,6
2022-W01,ppp,1
2022-W01,usb,2
2022-W01,veth.c,1
2022-W01,vmxnet3,1
2022-W01,wireless,26
2022-W01,wwan,1
2022-W02,bonding,2
2022-W02,can,5
2022-W02,ethernet,42
2022-W02,ipa,3
2022-W02,phy,1
2022-W02,usb,3
2022-W02,wireguard,1
2022-W02,wireless,38
2022-W02,wwan,1
2022-W03,bonding,2
2022-W03,can,2
2022-W03,dsa,3
2022-W03,ethernet,70
2022-W03,ieee802154,1
2022-W03,phy,6
2022-W03,usb,1
2022-W03,wan,1
2022-W03,wireless,23
2022-W04,bonding,1
2022-W04,dsa,17
2022-W04,ethernet,163
2022-W04,hamradio,1
2022-W04,ieee802154,5
2022-W04,macsec.c,2
2022-W04,pcs,2
2022-W04,phy,4
2022-W04,usb,1
2022-W04,wireless,59
2022-W05,bonding,1
2022-W05,can,1
2022-W05,dsa,24
2022-W05,ethernet,56
2022-W05,fjes,1
2022-W05,ieee802154,4
2022-W05,ipa,13
2022-W05,mdio,1
2022-W05,phy,4
2022-W05,usb,3
2022-W05,wireless,51
2022-W06,amt.c,1
2022-W06,bonding,2
2022-W06,can,3
2022-W06,dsa,18
2022-W06,ethernet,55
2022-W06,geneve.c,1
2022-W06,gtp.c,1
2022-W06,hyperv,1
2022-W06,loopback.c,1
2022-W06,macsec.c,1
2022-W06,macvlan.c,1
2022-W06,mctp,1
2022-W06,mdio,1
2022-W06,mhi_net.c,1
2022-W06,ntb_netdev.c,1
2022-W06,phy,1
2022-W06,rionet.c,1
2022-W06,sb1000.c,1
2022-W06,usb,3
2022-W06,veth.c,2
2022-W06,virtio_net.c,1
2022-W06,vrf.c,1
2022-W06,vxlan.c,1
2022-W06,wan,1
2022-W06,wireless,51
2022-W06,wwan,1
2022-W07,bonding,2
2022-W07,can,1
2022-W07,dsa,14
2022-W07,ethernet,76
2022-W07,hamradio,1
2022-W07,mctp,1
2022-W07,netdevsim,1
2022-W07,phy,1
2022-W07,team,1
2022-W07,usb,5
2022-W07,wireless,44
2022-W07,wwan,2
2022-W08,bonding,3
2022-W08,can,1
2022-W08,dsa,36
2022-W08,ethernet,118
2022-W08,hamradio,1
2022-W08,ipa,1
2022-W08,mctp,2
2022-W08,mdio,1
2022-W08,phy,2
2022-W08,usb,2
2022-W08,wan,1
2022-W08,wireless,12
2022-W08,xen-netback,2
2022-W08,xen-netfront.c,1
2022-W09,Makefile,1
2022-W09,arcnet,1
2022-W09,bonding,1
2022-W09,caif,1
2022-W09,can,4
2022-W09,dsa,13
2022-W09,ethernet,89
2022-W09,gtp.c,3
2022-W09,hamradio,1
2022-W09,ipa,1
2022-W09,loopback.c,1
2022-W09,macvlan.c,1
2022-W09,macvtap.c,1
2022-W09,mctp,1
2022-W09,mdio,1
2022-W09,phy,16
2022-W09,plip,1
2022-W09,slip,1
2022-W09,tap.c,2
2022-W09,tun.c,5
2022-W09,usb,1
2022-W09,vxlan,11
2022-W09,wireguard,1
2022-W09,wireless,40
2022-W10,bonding,1
2022-W10,can,7
2022-W10,dsa,8
2022-W10,ethernet,68
2022-W10,hyperv,1
2022-W10,ipa,8
2022-W10,ipvlan,1
2022-W10,macvlan.c,3
2022-W10,mdio,1
2022-W10,net_failover.c,1
2022-W10,phy,6
2022-W10,tun.c,1
2022-W10,usb,4
2022-W10,veth.c,3
2022-W10,vxlan,3
2022-W10,wireless,40
2022-W10,xen-netfront.c,3
2022-W11,bareudp.c,1
2022-W11,can,6
2022-W11,dsa,10
2022-W11,ethernet,69
2022-W11,geneve.c,1
2022-W11,gtp.c,1
2022-W11,hamradio,1
2022-W11,hyperv,1
2022-W11,mdio,2
2022-W11,netdevsim,4
2022-W11,phy,2
2022-W11,usb,1
2022-W11,vrf.c,1
2022-W11,wireless,81
2022-W11,wwan,1
2022-W12,can,4
2022-W12,dsa,1
2022-W12,ethernet,58
2022-W12,geneve.c,1
2022-W12,phy,1
2022-W12,usb,1
2022-W12,wireless,43
2022-W13,can,3
2022-W13,dsa,2
2022-W13,ethernet,44
2022-W13,mctp,1
2022-W13,phy,2
2022-W13,virtio_net.c,4
2022-W13,vrf.c,1
2022-W13,vxlan,1
2022-W13,wireguard,3
2022-W13,wireless,24
2022-W14,dsa,1
2022-W14,ethernet,96
2022-W14,hyperv,3
2022-W14,ieee802154,5
2022-W14,mdio,7
2022-W14,netdevsim,3
2022-W14,phy,2
2022-W14,ppp,1
2022-W14,slip,1
2022-W14,usb,2
2022-W14,veth.c,1
2022-W14,vxlan,1
2022-W14,wan,1
2022-W14,wireless,42
2022-W14,xen-netfront.c,2
2022-W15,bonding,1
2022-W15,dsa,18
2022-W15,ethernet,101
2022-W15,geneve.c,1
2022-W15,hippi,1
2022-W15,macvlan.c,1
2022-W15,phy,2
2022-W15,tun.c,1
2022-W15,usb,4
2022-W15,wireless,35
2022-W16,bonding,1
2022-W16,can,6
2022-W16,dsa,3
2022-W16,eql.c,1
2022-W16,ethernet,71
2022-W16,ipa,1
2022-W16,phy,2
2022-W16,usb,2
2022-W16,wan,1
2022-W16,wireguard,1
2022-W16,wireless,37
2022-W16,wwan,1
2022-W17,can,5
2022-W17,dsa,11
2022-W17,ethernet,61
2022-W17,hamradio,1
2022-W17,mdio,2
2022-W17,pcs,1
2022-W17,phy,12
2022-W17,usb,2
2022-W17,veth.c,1
2022-W17,virtio_net.c,1
2022-W17,wan,2
2022-W17,wireless,25
2022-W17,xen-netback,1
2022-W17,xen-netfront.c,3
2022-W18,bonding,1
2022-W18,caif,1
2022-W18,can,1
2022-W18,dsa,4
2022-W18,ethernet,75
2022-W18,hyperv,1
2022-W18,ipa,1
2022-W18,ipvlan,1
2022-W18,macsec.c,1
2022-W18,macvlan.c,2
2022-W18,netdevsim,1
2022-W18,phy,13
2022-W18,sungem_phy.c,1
2022-W18,tun.c,1
2022-W18,usb,2
2022-W18,veth.c,1
2022-W18,virtio_net.c,2
2022-W18,vxlan,3
2022-W18,wan,1
2022-W18,wireless,53
2022-W18,wwan,11
2022-W19,Space.c,1
2022-W19,appletalk,1
2022-W19,can,4
2022-W19,dsa,11
2022-W19,ethernet,90
2022-W19,hyperv,1
2022-W19,ipa,3
2022-W19,loopback.c,1
2022-W19,phy,7
2022-W19,ppp,1
2022-W19,usb,5
2022-W19,veth.c,1
2022-W19,vmxnet3,2
2022-W19,wireless,14
2022-W19,wwan,2
2022-W20,amt.c,2
2022-W20,bonding,1
2022-W20,can,5
2022-W20,dsa,18
2022-W20,ethernet,87
2022-W20,fddi,1
2022-W20,hyperv,1
2022-W20,ipa,17
2022-W20,phy,3
2022-W20,usb,1
2022-W20,vrf.c,1
2022-W20,vxlan,1
2022-W20,wireless,52
2022-W20,wwan,4
2022-W21,amt.c,3
2022-W21,bonding,1
2022-W21,can,2
2022-W21,dsa,1
2022-W21,ethernet,30
2022-W21,ipa,2
2022-W21,phy,3
2022-W21,usb,1
2022-W21,wireless,22
2022-W21,xen-netfront.c,1
2022-W22,amt.c,3
2022-W22,bonding,2
2022-W22,can,4
2022-W22,dsa,2
2022-W22,ethernet,29
2022-W22,macsec.c,1
2022-W22,mdio,1
2022-W22,usb,1
2022-W22,wan,1
2022-W22,wireless,22
2022-W22,xen-netback,1
2022-W23,Kconfig,1
2022-W23,bonding,2
2022-W23,can,18
2022-W23,dsa,7
2022-W23,eql.c,1
2022-W23,ethernet,40
2022-W23,ipa,6
2022-W23,ipvlan,1
2022-W23,macsec.c,2
2022-W23,macvlan.c,2
2022-W23,netconsole.c,1
2022-W23,phy,4
2022-W23,team,1
2022-W23,usb,1
2022-W23,vmxnet3,8
2022-W23,vrf.c,1
2022-W23,vxlan,1
2022-W23,wireguard,1
2022-W23,wireless,38
2022-W23,xen-netback,1
2022-W24,bonding,1
2022-W24,can,3
2022-W24,dsa,19
2022-W24,ethernet,58
2022-W24,hamradio,1
2022-W24,ipa,11
2022-W24,pcs,3
2022-W24,phy,5
2022-W24,ppp,1
2022-W24,usb,2
2022-W24,veth.c,1
2022-W24,virtio_net.c,1
2022-W24,vmxnet3,1
2022-W24,wireless,29
2022-W25,amt.c,1
2022-W25,bonding,1
2022-W25,caif,1
2022-W25,can,5
2022-W25,dsa,22
2022-W25,ethernet,56
2022-W25,ipa,1
2022-W25,pcs,4
2022-W25,phy,13
2022-W25,tun.c,2
2022-W25,usb,3
2022-W25,virtio_net.c,1
2022-W25,wireless,27
2022-W26,bonding,2
2022-W26,can,20
2022-W26,dsa,27
2022-W26,ethernet,93
2022-W26,pcs,2
2022-W26,phy,8
2022-W26,tun.c,1
2022-W26,usb,9
2022-W26,wireguard,1
2022-W26,wireless,16
2022-W26,xen-netback,1
2022-W26,xen-netfront.c,1
2022-W27,Kconfig,1
2022-W27,can,7
2022-W27,dsa,3
2022-W27,ethernet,88
2022-W27,fddi,1
2022-W27,ieee802154,2
2022-W27,phy,1
2022-W27,usb,2
2022-W27,wireless,40
2022-W28,amt.c,9
2022-W28,can,3
2022-W28,dsa,5
2022-W28,ethernet,69
2022-W28,netdevsim,1
2022-W28,phy,4
2022-W28,usb,1
2022-W28,vmxnet3,1
2022-W28,wireless,17
2022-W28,xen-netback,1
2022-W28,xen-netfront.c,2
2022-W29,can,16
2022-W29,dsa,10
2022-W29,ethernet,82
2022-W29,ipa,11
2022-W29,macsec.c,5
2022-W29,pcs,1
2022-W29,sungem_phy.c,1
2022-W29,usb,7
2022-W29,virtio_net.c,1
2022-W29,vmxnet3,1
2022-W29,wireless,32
2022-W30,amt.c,1
2022-W30,bonding,1
2022-W30,can,35
2022-W30,dsa,15
2022-W30,ethernet,77
2022-W30,geneve.c,1
2022-W30,netdevsim,4
2022-W30,usb,3
2022-W30,veth.c,1
2022-W30,virtio_net.c,1
2022-W30,vmxnet3,1
2022-W30,vxlan,1
2022-W30,wireless,31
2022-W31,can,4
2022-W31,dsa,1
2022-W31,ethernet,31
2022-W31,geneve.c,2
2022-W31,phy,3
2022-W31,plip,1
2022-W31,tap.c,1
2022-W31,virtio_net.c,7
2022-W31,vxlan,1
2022-W31,wireguard,2
2022-W31,wireless,10
2022-W32,bonding,3
2022-W32,can,3
2022-W32,dsa,2
2022-W32,ethernet,39
2022-W32,fddi,1
2022-W32,ieee802154,1
2022-W32,ipa,1
2022-W32,macsec.c,1
2022-W32,phy,1
2022-W32,usb,2
2022-W32,virtio_net.c,1
2022-W32,wireless,32
2022-W32,wwan,1
2022-W33,Kconfig,1
2022-W33,amt.c,1
2022-W33,bonding,2
2022-W33,can,1
2022-W33,dsa,13
2022-W33,ethernet,70
2022-W33,ipa,1
2022-W33,ipvlan,1
2022-W33,macsec.c,1
2022-W33,mctp,1
2022-W33,mdio,1
2022-W33,phy,6
2022-W33,usb,3
2022-W33,virtio_net.c,1
2022-W33,wireless,20
2022-W33,wwan,5
2022-W34,can,6
2022-W34,dsa,20
2022-W34,ethernet,66
2022-W34,geneve.c,1
2022-W34,gtp.c,1
2022-W34,ieee802154,1
2022-W34,macsec.c,1
2022-W34,netdevsim,3
2022-W34,phy,3
2022-W34,team,1
2022-W34,usb,4
2022-W34,vxlan,1
2022-W34,wireguard,1
2022-W34,wireless,11
2022-W35,Space.c,1
2022-W35,bonding,3
2022-W35,can,4
2022-W35,dsa,12
2022-W35,dummy.c,1
2022-W35,ethernet,65
2022-W35,fjes,1
2022-W35,geneve.c,1
2022-W35,hamradio,1
2022-W35,hyperv,1
2022-W35,ieee802154,1
2022-W35,ipa,12
2022-W35,ipvlan,1
2022-W35,macvlan.c,1
2022-W35,net_failover.c,1
2022-W35,netconsole.c,1
2022-W35,netdevsim,1
2022-W35,ntb_netdev.c,1
2022-W35,pcs,1
2022-W35,phy,4
2022-W35,rionet.c,1
2022-W35,team,1
2022-W35,thunderbolt.c,3
2022-W35,tun.c,1
2022-W35,usb,3
2022-W35,veth.c,1
2022-W35,virtio_net.c,1
2022-W35,vmxnet3,1
2022-W35,vrf.c,1
2022-W35,vxlan,1
2022-W35,wireless,41
2022-W35,xen-netback,1
2022-W36,bonding,2
2022-W36,can,3
2022-W36,dsa,16
2022-W36,ethernet,83
2022-W36,ieee802154,1
2022-W36,ipa,11
2022-W36,ipvlan,1
2022-W36,macsec.c,3
2022-W36,mdio,1
2022-W36,netdevsim,1
2022-W36,phy,4
2022-W36,team,1
2022-W36,usb,1
2022-W36,wireless,46
2022-W37,Kconfig,1
2022-W37,can,10
2022-W37,dsa,4
2022-W37,ethernet,58
2022-W37,fjes,1
2022-W37,ieee802154,1
2022-W37,ipa,1
2022-W37,macvtap.c,1
2022-W37,mdio,4
2022-W37,phy,7
2022-W37,ppp,1
2022-W37,virtio_net.c,2
2022-W37,wireguard,2
2022-W37,wireless,65
2022-W37,wwan,3
2022-W37,xen-netfront.c,1
2022-W38,bonding,1
2022-W38,can,9
2022-W38,dsa,27
2022-W38,ethernet,90
2022-W38,hippi,1
2022-W38,ipa,8
2022-W38,macsec.c,4
2022-W38,phy,13
2022-W38,tun.c,1
2022-W38,usb,1
2022-W38,wireless,35
2022-W38,xen-netback,2
2022-W39,bonding,1
2022-W39,can,10
2022-W39,dsa,8
2022-W39,ethernet,138
2022-W39,fjes,1
2022-W39,hyperv,1
2022-W39,ipa,18
2022-W39,ipvlan,1
2022-W39,macvtap.c,1
2022-W39,mdio,1
2022-W39,phy,13
2022-W39,thunderbolt.c,1
2022-W39,tun.c,1
2022-W39,usb,3
2022-W39,veth.c,1
2022-W39,vmxnet3,1
2022-W39,wireguard,1
2022-W39,wireless,63
2022-W39,wwan,3
2022-W39,xen-netback,1
2022-W39,xen-netfront.c,1
2022-W40,Kconfig,1
2022-W40,Makefile,1
2022-W40,bonding,1
2022-W40,can,1
2022-W40,ethernet,25
2022-W40,hamradio,2
2022-W40,hyperv,1
2022-W40,ieee802154,3
2022-W40,macvlan.c,1
2022-W40,mdio,2
2022-W40,phy,4
2022-W40,pse-pd,4
2022-W40,team,1
2022-W40,wireguard,4
2022-W40,wireless,40
2022-W41,can,17
2022-W41,dsa,2
2022-W41,ethernet,19
2022-W41,hyperv,1
2022-W41,macvlan.c,1
2022-W41,phy,3
2022-W41,wireless,22
2022-W42,bonding,1
2022-W42,can,1
2022-W42,ethernet,79
2022-W42,ieee802154,2
2022-W42,ipa,9
2022-W42,phy,9
2022-W42,wireless,13
2022-W42,wwan,1
2022-W43,bonding,1
2022-W43,can,13
2022-W43,dsa,2
2022-W43,ethernet,93
2022-W43,geneve.c,1
2022-W43,hyperv,1
2022-W43,ifb.c,1
2022-W43,ipa,14
2022-W43,ipvlan,1
2022-W43,loopback.c,1
2022-W43,macsec.c,1
2022-W43,macvlan.c,1
2022-W43,mhi_net.c,1
2022-W43,netdevsim,4
2022-W43,phy,6
2022-W43,team,1
2022-W43,tun.c,1
2022-W43,usb,1
2022-W43,veth.c,2
2022-W43,virtio_net.c,1
2022-W43,vrf.c,1
2022-W43,vxlan,2
2022-W43,wireless,24
2022-W43,wwan,5
2022-W43,xen-netfront.c,1
2022-W44,can,4
2022-W44,ethernet,108
2022-W44,hamradio,2
2022-W44,ipa,9
2022-W44,macsec.c,5
2022-W44,netdevsim,2
2022-W44,phy,4
2022-W44,tun.c,2
2022-W44,usb,2
2022-W44,veth.c,1
2022-W44,wan,1
2022-W44,wireless,36
2022-W44,wwan,5
2022-W45,can,5
2022-W45,dsa,6
2022-W45,ethernet,99
2022-W45,macvlan.c,2
2022-W45,mctp,1
2022-W45,mhi_net.c,1
2022-W45,pcs,1
2022-W45,phy,3
2022-W45,tun.c,2
2022-W45,veth.c,1
2022-W45,wan,1
2022-W45,wireless,47
2022-W45,wwan,4
2022-W46,arcnet,1
2022-W46,bonding,1
2022-W46,can,1
2022-W46,dsa,3
2022-W46,dummy.c,1
2022-W46,ethernet,111
2022-W46,fjes,1
2022-W46,ieee802154,1
2022-W46,ipa,4
2022-W46,ipvlan,1
2022-W46,macsec.c,1
2022-W46,netconsole.c,1
2022-W46,netdevsim,2
2022-W46,phy,4
2022-W46,thunderbolt.c,1
2022-W46,usb,2
2022-W46,wireless,22
2022-W46,wwan,1
2022-W47,Kconfig,1
2022-W47,bonding,1
2022-W47,can,5
2022-W47,dsa,4
2022-W47,ethernet,85
2022-W47,ieee802154,1
2022-W47,loopback.c,1
2022-W47,mdio,1
2022-W47,ntb_netdev.c,1
2022-W47,pcs,3
2022-W47,phy,4
2022-W47,ppp,1
2022-W47,thunderbolt.c,1
2022-W47,tun.c,1
2022-W47,usb,3
2022-W47,veth.c,2
2022-W47,virtio_net.c,1
2022-W47,wireless,37
2022-W47,wwan,5
2022-W47,xen-netback,1
2022-W48,bonding,1
2022-W48,can,7
2022-W48,dsa,2
2022-W48,ethernet,120
2022-W48,ipa,1
2022-W48,mdio,2
2022-W48,netdevsim,2
2022-W48,phy,4
2022-W48,thunderbolt.c,2
2022-W48,vmxnet3,2
2022-W48,wireless,66
2022-W48,wwan,1
2022-W48,xen-netfront.c,1
2022-W49,bonding,2
2022-W49,can,15
2022-W49,dsa,15
2022-W49,ethernet,88
2022-W49,fddi,1
2022-W49,hamradio,1
2022-W49,ipa,1
2022-W49,macsec.c,2
2022-W49,ntb_netdev.c,1
2022-W49,phy,2
2022-W49,plip,1
2022-W49,tap.c,1
2022-W49,team,1
2022-W49,thunderbolt.c,1
2022-W49,tun.c,1
2022-W49,usb,1
2022-W49,virtio_net.c,1
2022-W49,wan,1
2022-W49,wireless,58
2022-W49,xen-netback,3
2022-W50,bonding,2
2022-W50,can,1
2022-W50,dsa,3
2022-W50,ethernet,36
2022-W50,hamradio,1
2022-W50,mctp,1
2022-W50,wireguard,1
2022-W50,wireless,27
2022-W50,xen-netback,1
2022-W50,xen-netfront.c,1
2022-W51,bonding,1
2022-W51,can,1
2022-W51,dsa,1
2022-W51,ethernet,25
2022-W51,usb,1
2022-W51,veth.c,1
2022-W51,vmxnet3,1
2022-W51,vrf.c,1
2022-W51,wireless,14
2022-W52,dsa,4
2022-W52,ethernet,34
2022-W52,ipa,1
2022-W52,phy,1
2022-W52,wireless,14
2023-W01,bonding,1
2023-W01,dsa,3
2023-W01,ethernet,49
2023-W01,hyperv,1
2023-W01,ipa,7
2023-W01,netdevsim,2
2023-W01,phy,3
2023-W01,usb,5
2023-W01,vxlan,1
2023-W01,wireless,39
2023-W02,Kconfig,1
2023-W02,Makefile,1
2023-W02,can,5
2023-W02,dsa,15
2023-W02,ethernet,70
2023-W02,ipa,1
2023-W02,macsec.c,2
2023-W02,mdio,7
2023-W02,pcs,2
2023-W02,phy,13
2023-W02,thunderbolt,3
2023-W02,usb,2
2023-W02,virtio_net.c,10
2023-W02,wan,1
2023-W02,wireless,19
2023-W02,xen-netback,1
2023-W03,can,18
2023-W03,dsa,18
2023-W03,ethernet,153
2023-W03,mdio,4
2023-W03,netdevsim,2
2023-W03,phy,14
2023-W03,team,1
2023-W03,usb,3
2023-W03,veth.c,2
2023-W03,virtio_net.c,2
2023-W03,wireless,48
2023-W04,bonding,2
2023-W04,can,10
2023-W04,dsa,8
2023-W04,ethernet,84
2023-W04,ieee802154,2
2023-W04,ipa,10
2023-W04,ipvlan,1
2023-W04,mdio,2
2023-W04,netdevsim,4
2023-W04,phy,4
2023-W04,virtio_net.c,4
2023-W04,wireless,29
2023-W04,wwan,2
2023-W05,bonding,1
2023-W05,can,9
2023-W05,dsa,2
2023-W05,ethernet,88
2023-W05,hyperv,2
2023-W05,ieee802154,3
2023-W05,ipa,9
2023-W05,mdio,1
2023-W05,netdevsim,1
2023-W05,phy,7
2023-W05,tap.c,1
2023-W05,tun.c,2
2023-W05,usb,2
2023-W05,veth.c,1
2023-W05,virtio_net.c,4
2023-W05,wireless,35
2023-W05,xen-netfront.c,1
2023-W06,can,1
2023-W06,dsa,2
2023-W06,ethernet,74
2023-W06,hyperv,3
2023-W06,ieee802154,1
2023-W06,ipa,17
2023-W06,macsec.c,2
2023-W06,pcs,1
2023-W06,phy,12
2023-W06,usb,1
2023-W06,virtio_net.c,1
2023-W06,vmxnet3,1
2023-W06,wireless,17
2023-W07,can,4
2023-W07,dsa,1
2023-W07,ethernet,59
2023-W07,ieee802154,1
2023-W07,ipa,12
2023-W07,phy,5
2023-W07,wireless,51
2023-W08,can,1
2023-W08,dsa,4
2023-W08,ethernet,42
2023-W08,mdio,1
2023-W08,phy,5
2023-W08,wireless,21
2023-W08,xen-netback,1
2023-W09,ethernet,21
2023-W09,phy,4
2023-W09,usb,1
2023-W09,wireless,42
2023-W10,dsa,10
2023-W10,ethernet,107
2023-W10,geneve.c,1
2023-W10,ieee802154,8
2023-W10,ipa,1
2023-W10,ipvlan,1
2023-W10,mdio,1
2023-W10,phy,10
2023-W10,tap.c,1
2023-W10,tun.c,1
2023-W10,usb,2
2023-W10,veth.c,1
2023-W10,virtio_net.c,4
2023-W10,wan,1
2023-W10,wireguard,1
2023-W10,wireless,26
2023-W11,bonding,2
2023-W11,can,6
2023-W11,dsa,17
2023-W11,ethernet,98
2023-W11,geneve.c,1
2023-W11,ipa,4
2023-W11,ipvlan,1
2023-W11,macvtap.c,1
2023-W11,mdio,2
2023-W11,netdevsim,1
2023-W11,pcs,3
2023-W11,phy,11
2023-W11,ppp,1
2023-W11,usb,5
2023-W11,veth.c,2
2023-W11,virtio_net.c,2
2023-W11,vxlan,9
2023-W11,wan,1
2023-W11,wireless,50
2023-W11,wwan,2
2023-W12,bonding,1
2023-W12,can,5
2023-W12,dsa,15
2023-W12,ethernet,80
2023-W12,hyperv,1
2023-W12,ieee802154,1
2023-W12,ipa,4
2023-W12,mdio,1
2023-W12,net_failover.c,1
2023-W12,pcs,1
2023-W12,phy,11
2023-W12,usb,1
2023-W12,veth.c,1
2023-W12,vmxnet3,1
2023-W12,wireless,60
2023-W13,can,4
2023-W13,dsa,2
2023-W13,ethernet,67
2023-W13,ipa,1
2023-W13,macvlan.c,3
2023-W13,phy,9
2023-W13,rionet.c,1
2023-W13,tun.c,1
2023-W13,wireless,90
2023-W13,wwan,2
2023-W13,xen-netback,3
2023-W14,bonding,1
2023-W14,can,1
2023-W14,dsa,20
2023-W14,ethernet,45
2023-W14,fddi,1
2023-W14,ieee802154,1
2023-W14,mdio,1
2023-W14,phy,11
2023-W14,usb,1
2023-W14,wireless,27
2023-W14,wwan,1
2023-W15,dsa,7
2023-W15,ethernet,78
2023-W15,phy,1
2023-W15,thunderbolt,3
2023-W15,veth.c,2
2023-W15,virtio_net.c,1
2023-W15,wireless,101
2023-W16,Kconfig,2
2023-W16,bonding,2
2023-W16,can,11
2023-W16,dsa,5
2023-W16,ethernet,90
2023-W16,hamradio,1
2023-W16,macsec.c,1
2023-W16,phy,10
2023-W16,veth.c,3
2023-W16,vmxnet3,1
2023-W16,wireless,74
2023-W16,wwan,2
2023-W17,can,1
2023-W17,dsa,1
2023-W17,ethernet,28
2023-W17,phy,5
2023-W17,usb,3
2023-W17,wireless,42
2023-W18,bonding,1
2023-W18,can,13
2023-W18,dsa,2
2023-W18,ethernet,34
2023-W18,mdio,1
2023-W18,usb,1
2023-W18,virtio_net.c,1
2023-W18,wireless,14
2023-W19,Kconfig,1
2023-W19,arcnet,1
2023-W19,bonding,2
2023-W19,can,20
2023-W19,dsa,3
2023-W19,ethernet,66
2023-W19,ipvlan,2
2023-W19,mdio,1
2023-W19,pcs,1
2023-W19,phy,7
2023-W19,tap.c,1
2023-W19,veth.c,2
2023-W19,virtio_net.c,17
2023-W19,vmxnet3,1
2023-W19,vxlan,1
2023-W19,wireless,51
2023-W19,wwan,3
2023-W19,xen-netback,1
2023-W20,bonding,2
2023-W20,can,13
2023-W20,dsa,1
2023-W20,ethernet,52
2023-W20,pcs,1
2023-W20,phy,10
2023-W20,ppp,1
2023-W20,team,1
2023-W20,tun.c,1
2023-W20,usb,1
2023-W20,wireless,29
2023-W20,wwan,2
2023-W21,can,3
2023-W21,dsa,8
2023-W21,ethernet,59
2023-W21,ieee802154,1
2023-W21,pcs,8
2023-W21,phy,16
2023-W21,usb,1
2023-W21,wireless,46
2023-W21,wwan,1
2023-W21,xen-netback,1
2023-W22,can,16
2023-W22,dsa,18
2023-W22,ethernet,73
2023-W22,ipa,1
2023-W22,mdio,1
2023-W22,pcs,2
2023-W22,phy,5
2023-W22,wireless,48
2023-W23,can,1
2023-W23,dsa,4
2023-W23,ethernet,110
2023-W23,hyperv,1
2023-W23,ipvlan,1
2023-W23,mdio,1
2023-W23,pcs,6
2023-W23,phy,8
2023-W23,ppp,1
2023-W23,tap.c,1
2023-W23,usb,6
2023-W23,virtio_net.c,1
2023-W23,wireguard,1
2023-W23,wireless,49
2023-W23,wwan,1
2023-W24,bonding,1
2023-W24,can,2
2023-W24,dsa,10
2023-W24,ethernet,71
2023-W24,ieee802154,1
2023-W24,macsec.c,1
2023-W24,mctp,1
2023-W24,pcs,4
2023-W24,phy,7
2023-W24,wan,1
2023-W24,wireless,89
2023-W25,bonding,1
2023-W25,can,4
2023-W25,dsa,4
2023-W25,ethernet,74
2023-W25,gtp.c,1
2023-W25,phy,5
2023-W25,wireless,59
2023-W25,wwan,1
2023-W26,dsa,3
2023-W26,ethernet,34
2023-W26,ipvlan,1
2023-W26,ntb_netdev.c,1
2023-W26,phy,1
2023-W26,usb,2
2023-W26,wireless,34
2023-W27,can,12
2023-W27,dsa,4
2023-W27,ethernet,26
2023-W27,ppp,1
2023-W27,wireguard,3
2023-W27,wireless,8
2023-W28,can,3
2023-W28,dsa,14
2023-W28,ethernet,85
2023-W28,mdio,1
2023-W28,netconsole.c,1
2023-W28,netdevsim,2
2023-W28,phy,12
2023-W28,ppp,1
2023-W28,usb,1
2023-W28,vrf.c,1
2023-W28,wireless,15
2023-W28,wwan,1
2023-W29,bonding,1
2023-W29,can,7
2023-W29,ethernet,83
2023-W29,gtp.c,1
2023-W29,macvlan.c,1
2023-W29,mdio,1
2023-W29,netconsole.c,2
2023-W29,phy,9
2023-W29,ppp,1
2023-W29,team,1
2023-W29,virtio_net.c,2
2023-W29,vxlan,4
2023-W29,wireless,11
2023-W30,can,10
2023-W30,dsa,12
2023-W30,ethernet,81
2023-W30,ieee802154,1
2023-W30,ipa,2
2023-W30,pcs,1
2023-W30,phy,3
2023-W30,team,1
2023-W30,usb,4
2023-W30,virtio_net.c,1
2023-W30,wireless,45
2023-W31,bonding,4
2023-W31,can,4
2023-W31,dsa,4
2023-W31,ethernet,104
2023-W31,hyperv,1
2023-W31,macsec.c,1
2023-W31,macvlan.c,1
2023-W31,phy,17
2023-W31,tap.c,3
2023-W31,tun.c,3
2023-W31,usb,1
2023-W31,veth.c,1
2023-W31,virtio_net.c,4
2023-W31,vxlan,1
2023-W31,wireless,52
2023-W31,xen-netback,1
2023-W31,xen-netfront.c,1
2023-W32,Kconfig,3
2023-W32,bonding,5
2023-W32,caif,2
2023-W32,can,5
2023-W32,dsa,5
2023-W32,ethernet,111
2023-W32,hamradio,3
2023-W32,ipa,2
2023-W32,macsec.c,1
2023-W32,mctp,3
2023-W32,mhi_net.c,1
2023-W32,netconsole.c,2
2023-W32,netdevsim,2
2023-W32,pcs,2
2023-W32,phy,5
2023-W32,ppp,5
2023-W32,slip,3
2023-W32,team,5
2023-W32,tun.c,1
2023-W32,usb,3
2023-W32,veth.c,1
2023-W32,virtio_net.c,3
2023-W32,vmxnet3,1
2023-W32,vrf.c,1
2023-W32,vxlan,1
2023-W32,wireguard,1
2023-W32,wireless,16
2023-W33,can,1
2023-W33,dsa,5
2023-W33,ethernet,58
2023-W33,ipvlan,1
2023-W33,mdio,3
2023-W33,pcs,1
2023-W33,phy,3
2023-W33,team,1
2023-W33,tun.c,1
2023-W33,usb,1
2023-W33,veth.c,1
2023-W33,wireguard,1
2023-W33,wireless,43
2023-W34,arcnet,1
2023-W34,bonding,2
2023-W34,dsa,3
2023-W34,ethernet,93
2023-W34,pcs,4
2023-W34,phy,2
2023-W34,usb,1
2023-W34,veth.c,1
2023-W34,virtio_net.c,1
2023-W34,vrf.c,1
2023-W34,vxlan,1
2023-W34,wireguard,1
2023-W34,wireless,42
2023-W35,can,1
2023-W35,ethernet,8
2023-W35,veth.c,1
2023-W35,wireless,63
2023-W36,can,1
2023-W36,dsa,9
2023-W36,ethernet,39
2023-W36,macsec.c,1
2023-W36,phy,1
2023-W36,team,2
2023-W36,usb,1
2023-W36,wireless,24
2023-W36,xen-netback,1
2023-W37,dsa,4
2023-W37,ethernet,79
2023-W37,gtp.c,1
2023-W37,phy,7
2023-W37,thunderbolt,1
2023-W37,veth.c,1
2023-W37,wireless,35
2023-W37,wwan,1
2023-W38,can,4
2023-W38,dsa,16
2023-W38,ethernet,120
2023-W38,hamradio,1
2023-W38,ipa,1
2023-W38,macsec.c,1
2023-W38,mdio,19
2023-W38,phy,3
2023-W38,ppp,1
2023-W38,team,1
2023-W38,usb,1
2023-W38,virtio_net.c,1
2023-W38,vxlan,1
2023-W38,wan,1
2023-W38,wireless,52
2023-W39,Space.c,1
2023-W39,appletalk,1
2023-W39,can,10
2023-W39,dsa,1
2023-W39,ethernet,38
2023-W39,phy,1
2023-W39,usb,2
2023-W39,virtio_net.c,1
2023-W39,wireless,42
2023-W40,can,2
2023-W40,dsa,3
2023-W40,ethernet,47
2023-W40,ieee802154,1
2023-W40,macsec.c,1
2023-W40,phy,5
2023-W40,virtio_net.c,6
2023-W40,vrf.c,1
2023-W40,wireless,44
2023-W40,xen-netback,1
2023-W41,Makefile,1
2023-W41,appletalk,1
2023-W41,bonding,1
2023-W41,can,2
2023-W41,dsa,9
2023-W41,ethernet,74
2023-W41,fjes,1
2023-W41,hyperv,1
2023-W41,mctp,1
2023-W41,mdio,1
2023-W41,netconsole.c,3
2023-W41,phy,2
2023-W41,usb,3
2023-W41,vxlan,8
2023-W41,wan,1
2023-W41,wireless,66
2023-W41,wwan,4
2023-W41,xen-netback,1
2023-W42,bareudp.c,6
2023-W42,dsa,2
2023-W42,ethernet,95
2023-W42,geneve.c,3
2023-W42,gtp.c,1
2023-W42,hamradio,1
2023-W42,ieee802154,1
2023-W42,mdio,2
2023-W42,netdevsim,1
2023-W42,phy,5
2023-W42,tun.c,1
2023-W42,usb,10
2023-W42,veth.c,1
2023-W42,vxlan,2
2023-W42,wireless,85
2023-W42,wwan,2
2023-W43,Kconfig,1
2023-W43,Makefile,1
2023-W43,amt.c,1
2023-W43,bareudp.c,1
2023-W43,bonding,1
2023-W43,dsa,11
2023-W43,dummy.c,1
2023-W43,eql.c,1
2023-W43,ethernet,56
2023-W43,ifb.c,1
2023-W43,ipvlan,1
2023-W43,macvtap.c,1
2023-W43,mdio,1
2023-W43,netdevsim,2
2023-W43,netkit.c,2
2023-W43,pcs,1
2023-W43,phy,1
2023-W43,sungem_phy.c,1
2023-W43,tap.c,1
2023-W43,virtio_net.c,1
2023-W43,vxlan,5
2023-W43,wireless,40
2023-W44,ethernet,13
2023-W44,wireless,26
2023-W45,bonding,1
2023-W45,can,1
2023-W45,ethernet,24
2023-W45,ipvlan,1
2023-W45,phy,1
2023-W45,ppp,3
2023-W45,wireless,20
2023-W46,bonding,2
2023-W46,can,3
2023-W46,ethernet,86
2023-W46,hyperv,3
2023-W46,ieee802154,2
2023-W46,macvlan.c,2
2023-W46,netdevsim,1
2023-W46,netkit.c,2
2023-W46,phy,12
2023-W46,usb,2
2023-W46,veth.c,2
2023-W46,vrf.c,2
2023-W46,vxlan,1
2023-W46,wireguard,1
2023-W46,wireless,33
2023-W47,bonding,1
2023-W47,can,6
2023-W47,dsa,2
2023-W47,ethernet,79
2023-W47,ipa,5
2023-W47,phy,12
2023-W47,usb,4
2023-W47,veth.c,1
2023-W47,wireless,40
2023-W48,arcnet,1
2023-W48,dsa,4
2023-W48,ethernet,109
2023-W48,hyperv,1
2023-W48,ipvlan,1
2023-W48,macvlan.c,1
2023-W48,netkit.c,1
2023-W48,phy,5
2023-W48,usb,7
2023-W48,wan,2
2023-W48,wireless,23
2023-W49,can,1
2023-W49,dsa,9
2023-W49,ethernet,95
2023-W49,fjes,1
2023-W49,hyperv,1
2023-W49,ipa,1
2023-W49,pcs,1
2023-W49,phy,16
2023-W49,team,1
2023-W49,usb,1
2023-W49,veth.c,2
2023-W49,vmxnet3,1
2023-W49,wan,2
2023-W49,wireless,29
2023-W49,wwan,1
2023-W50,Kconfig,1
2023-W50,can,2
2023-W50,dsa,7
2023-W50,ethernet,96
2023-W50,hyperv,2
2023-W50,mdio,5
2023-W50,phy,11
2023-W50,virtio_net.c,5
2023-W50,vmxnet3,1
2023-W50,vxlan,1
2023-W50,wireless,44
2023-W51,can,2
2023-W51,ethernet,53
2023-W51,macsec.c,3
2023-W51,mdio,1
2023-W51,netdevsim,1
2023-W51,phy,13
2023-W51,wireless,72
2023-W52,can,1
2023-W52,ethernet,10
2023-W52,mdio,1
2023-W52,ppp,1
2023-W52,virtio_net.c,2
2023-W52,wireless,15
2024-W01,amt.c,1
2024-W01,can,3
2024-W01,dsa,10
2024-W01,ethernet,47
2024-W01,geneve.c,1
2024-W01,ipvlan,2
2024-W01,mdio,1
2024-W01,phy,9
2024-W01,usb,2
2024-W01,virtio_net.c,1
2024-W01,wireless,28
2024-W02,dsa,1
2024-W02,ethernet,10
2024-W02,phy,1
2024-W02,slip,1
2024-W02,wan,1
2024-W02,wireless,60
2024-W02,xen-netback,1
2024-W03,can,2
2024-W03,ethernet,17
2024-W03,macsec.c,1
2024-W03,netdevsim,1
2024-W03,phy,2
2024-W03,tun.c,2
2024-W03,wireless,59
2024-W04,arcnet,1
2024-W04,dsa,15
2024-W04,ethernet,102
2024-W04,fjes,1
2024-W04,hyperv,1
2024-W04,pcs,1
2024-W04,phy,7
2024-W04,tun.c,1
2024-W04,usb,2
2024-W04,wireless,68
2024-W05,bonding,1
2024-W05,dsa,6
2024-W05,ethernet,68
2024-W05,hyperv,2
2024-W05,ieee802154,3
2024-W05,ipa,8
2024-W05,mdio,1
2024-W05,netconsole.c,7
2024-W05,netdevsim,2
2024-W05,phy,17
2024-W05,tun.c,1
2024-W05,wireless,118
2024-W05,xen-netback,1
2024-W06,bareudp.c,1
2024-W06,bonding,2
2024-W06,can,15
2024-W06,dsa,20
2024-W06,ethernet,68
2024-W06,geneve.c,1
2024-W06,gtp.c,1
2024-W06,ieee802154,2
2024-W06,ipvlan,1
2024-W06,mdio,1
2024-W06,phy,10
2024-W06,ppp,1
2024-W06,vxlan,1
2024-W06,wireless,109
2024-W06,wwan,4
2024-W07,arcnet,1
2024-W07,can,2
2024-W07,dsa,1
2024-W07,dummy.c,1
2024-W07,ethernet,68
2024-W07,fddi,1
2024-W07,geneve.c,2
2024-W07,gtp.c,1
2024-W07,ieee802154,1
2024-W07,loopback.c,1
2024-W07,netdevsim,1
2024-W07,phy,24
2024-W07,plip,1
2024-W07,ppp,4
2024-W07,tun.c,1
2024-W07,usb,2
2024-W07,veth.c,2
2024-W07,vxlan,2
2024-W07,wan,1
2024-W07,wireless,43
2024-W07,wwan,1
2024-W07,xen-netback,1
2024-W08,bonding,1
2024-W08,can,2
2024-W08,dsa,2
2024-W08,dummy.c,1
2024-W08,ethernet,52
2024-W08,ipa,7
2024-W08,ipvlan,1
2024-W08,macsec.c,1
2024-W08,macvlan.c,1
2024-W08,mdio,1
2024-W08,netkit.c,1
2024-W08,pcs,4
2024-W08,phy,4
2024-W08,team,1
2024-W08,tun.c,1
2024-W08,usb,3
2024-W08,veth.c,3
2024-W08,vsockmon.c,2
2024-W08,wireless,20
2024-W08,wwan,1
2024-W09,bareudp.c,2
2024-W09,bonding,1
2024-W09,can,1
2024-W09,dsa,11
2024-W09,ethernet,64
2024-W09,geneve.c,2
2024-W09,gtp.c,1
2024-W09,ipa,7
2024-W09,mdio,1
2024-W09,netdevsim,3
2024-W09,nlmon.c,2
2024-W09,phy,7
2024-W09,ppp,1
2024-W09,usb,5
2024-W09,virtio_net.c,2
2024-W09,wan,1
2024-W09,wireguard,1
2024-W09,wireless,37
2024-W09,wwan,2
2024-W10,amt.c,2
2024-W10,bonding,1
2024-W10,can,2
2024-W10,dsa,4
2024-W10,ethernet,55
2024-W10,geneve.c,2
2024-W10,gtp.c,3
2024-W10,ieee802154,2
2024-W10,macsec.c,1
2024-W10,netconsole.c,1
2024-W10,pcs,1
2024-W10,phy,9
2024-W10,tun.c,3
2024-W10,usb,4
2024-W10,vmxnet3,1
2024-W10,wan,4
2024-W10,wireless,17
2024-W11,can,1
2024-W11,dsa,3
2024-W11,ethernet,15
2024-W11,hyperv,1
2024-W11,phy,1
2024-W11,veth.c,1
2024-W11,vxlan,2
2024-W11,wan,1
2024-W11,wireguard,5
2024-W11,wireless,40
2024-W12,dsa,1
2024-W12,ethernet,13
2024-W12,wireless,64
2024-W12,wwan,1
2024-W13,Kconfig,1
2024-W13,Makefile,1
2024-W13,bareudp.c,1
2024-W13,caif,1
2024-W13,dsa,4
2024-W13,ethernet,72
2024-W13,fjes,1
2024-W13,geneve.c,1
2024-W13,pcs,1
2024-W13,pfcp.c,2
2024-W13,phy,6
2024-W13,virtio_net.c,1
2024-W13,vxlan,1
2024-W13,wireguard,1
2024-W13,wireless,24
2024-W13,wwan,1
2024-W13,xen-netfront.c,1
2024-W14,Kconfig,1
2024-W14,arcnet,2
2024-W14,bonding,1
2024-W14,can,1
2024-W14,dsa,9
2024-W14,ethernet,83
2024-W14,fddi,1
2024-W14,geneve.c,1
2024-W14,hamradio,1
2024-W14,ipvlan,1
2024-W14,mdio,1
2024-W14,netdevsim,1
2024-W14,pfcp.c,1
2024-W14,phy,10
2024-W14,team,2
2024-W14,usb,3
2024-W14,virtio_net.c,1
2024-W14,wan,1
2024-W14,wireless,25
2024-W15,bonding,3
2024-W15,can,1
2024-W15,dsa,12
2024-W15,ethernet,61
2024-W15,netdevsim,1
2024-W15,phy,10
2024-W15,pse-pd,1
2024-W15,team,1
2024-W15,tun.c,1
2024-W15,usb,2
2024-W15,veth.c,2
2024-W15,wan,1
2024-W15,wireless,33
2024-W15,xen-netback,1
2024-W16,Kconfig,1
2024-W16,dsa,15
2024-W16,ethernet,55
2024-W16,ipa,16
2024-W16,phy,1
2024-W16,pse-pd,6
2024-W16,tap.c,1
2024-W16,tun.c,1
2024-W16,usb,5
2024-W16,virtio_net.c,1
2024-W16,vrf.c,1
2024-W16,vxlan,1
2024-W16,wireless,57
2024-W16,wwan,1
2024-W16,xen-netback,1
2024-W17,can,2
2024-W17,dsa,35
2024-W17,ethernet,78
2024-W17,gtp.c,1
2024-W17,ipa,1
2024-W17,macsec.c,1
2024-W17,phy,8
2024-W17,pse-pd,3
2024-W17,usb,2
2024-W17,virtio_net.c,6
2024-W17,vrf.c,1
2024-W17,vxlan,3
2024-W17,wireless,57
2024-W17,wwan,1
2024-W18,can,3
2024-W18,dsa,11
2024-W18,ethernet,26
2024-W18,hamradio,1
2024-W18,loopback.c,1
2024-W18,phy,2
2024-W18,plip,1
2024-W18,ppp,1
2024-W18,veth.c,1
2024-W18,virtio_net.c,6
2024-W18,vrf.c,1
2024-W18,vxlan,2
2024-W18,wireless,63
2024-W19,bonding,1
2024-W19,can,1
2024-W19,dsa,6
2024-W19,ethernet,52
2024-W19,fjes,1
2024-W19,geneve.c,1
2024-W19,gtp.c,12
2024-W19,hyperv,1
2024-W19,macsec.c,1
2024-W19,macvlan.c,1
2024-W19,net_failover.c,1
2024-W19,netdevsim,2
2024-W19,ntb_netdev.c,1
2024-W19,phy,2
2024-W19,slip,1
2024-W19,team,1
2024-W19,usb,6
2024-W19,virtio_net.c,5
2024-W19,vmxnet3,1
2024-W19,vsockmon.c,1
2024-W19,vxlan,1
2024-W19,wireless,82
2024-W19,xen-netback,1
2024-W19,xen-netfront.c,1
2024-W20,Makefile,1
2024-W20,bonding,1
2024-W20,can,2
2024-W20,dsa,2
2024-W20,ethernet,22
2024-W20,fjes,1
2024-W20,hyperv,1
2024-W20,pcs,1
2024-W20,phy,2
2024-W20,virtio_net.c,1
2024-W20,wireless,25
2024-W21,can,2
2024-W21,ethernet,22
2024-W21,netkit.c,2
2024-W21,phy,2
2024-W21,usb,2
2024-W21,wireless,33
2024-W22,can,3
2024-W22,dsa,11
2024-W22,ethernet,59
2024-W22,fjes,1
2024-W22,ipvlan,1
2024-W22,netconsole.c,1
2024-W22,phy,8
2024-W22,usb,4
2024-W22,virtio_net.c,3
2024-W22,vmxnet3,5
2024-W22,wireless,44
2024-W23,can,4
2024-W23,dsa,2
2024-W23,ethernet,61
2024-W23,geneve.c,1
2024-W23,netdevsim,1
2024-W23,phy,1
2024-W23,usb,2
2024-W23,vrf.c,2
2024-W23,vxlan,1
2024-W23,wireless,25
2024-W23,wwan,1
2024-W24,can,10
2024-W24,dsa,11
2024-W24,ethernet,52
2024-W24,phy,5
2024-W24,wireless,75
2024-W25,arcnet,1
2024-W25,bonding,1
2024-W25,can,3
2024-W25,dsa,10
2024-W25,ethernet,84
2024-W25,mdio,1
2024-W25,phy,1
2024-W25,pse-pd,1
2024-W25,usb,3
2024-W25,virtio_net.c,5
2024-W25,vxlan,1
2024-W25,wireless,41
2024-W26,can,2
2024-W26,dsa,1
2024-W26,ethernet,55
2024-W26,mctp,1
2024-W26,phy,3
2024-W26,pse-pd,1
2024-W26,usb,1
2024-W26,wireless,35
2024-W27,bonding,1
2024-W27,can,17
2024-W27,dsa,8
2024-W27,ethernet,36
2024-W27,ntb_netdev.c,1
2024-W27,pcs,7
2024-W27,phy,4
2024-W27,pse-pd,3
2024-W27,tun.c,1
2024-W27,wireguard,3
2024-W27,wireless,81
2024-W27,wwan,1
2024-W28,bonding,1
2024-W28,caif,1
2024-W28,can,1
2024-W28,dsa,8
2024-W28,ethernet,65
2024-W28,macvlan.c,1
2024-W28,mctp,1
2024-W28,netconsole.c,3
2024-W28,netdevsim,1
2024-W28,phy,9
2024-W28,ppp,1
2024-W28,pse-pd,2
2024-W28,virtio_net.c,13
2024-W28,wireless,14
2024-W29,bonding,1
2024-W29,can,2
2024-W29,dsa,3
2024-W29,ethernet,12
2024-W29,wireless,15
2024-W29,wwan,1
2024-W30,can,2
2024-W30,ethernet,31
2024-W30,fjes,1
2024-W30,phy,2
2024-W30,tap.c,1
2024-W30,tun.c,1
2024-W30,usb,1
2024-W30,vrf.c,1
2024-W30,wireless,18
2024-W31,can,1
2024-W31,dsa,3
2024-W31,ethernet,51
2024-W31,mdio,1
2024-W31,netconsole.c,1
2024-W31,phy,4
2024-W31,pse-pd,2
2024-W31,usb,2
2024-W31,virtio_net.c,2
2024-W31,wan,2
2024-W31,wireless,27
2024-W32,bonding,1
2024-W32,can,9
2024-W32,dsa,9
2024-W32,ethernet,94
2024-W32,gtp.c,1
2024-W32,hamradio,5
2024-W32,mctp,1
2024-W32,netconsole.c,5
2024-W32,phy,2
2024-W32,pse-pd,1
2024-W32,sungem_phy.c,1
2024-W32,tun.c,1
2024-W32,usb,6
2024-W32,veth.c,1
2024-W32,vxlan,1
2024-W32,wireless,41
2024-W33,bonding,4
2024-W33,dsa,8
2024-W33,ethernet,47
2024-W33,phy,2
2024-W33,pse-pd,1
2024-W33,virtio_net.c,3
2024-W33,wireless,30
2024-W33,wwan,1
2024-W34,bonding,4
2024-W34,can,2
2024-W34,dsa,4
2024-W34,ethernet,56
2024-W34,gtp.c,1
2024-W34,hyperv,1
2024-W34,netconsole.c,1
2024-W34,netkit.c,1
2024-W34,phy,8
2024-W34,pse-pd,1
2024-W34,vxlan,1
2024-W34,wireless,33
2024-W34,xen-netback,1
2024-W35,amt.c,2
2024-W35,bareudp.c,2
2024-W35,bonding,2
2024-W35,can,5
2024-W35,dsa,6
2024-W35,dummy.c,1
2024-W35,ethernet,63
2024-W35,geneve.c,1
2024-W35,gtp.c,1
2024-W35,hamradio,1
2024-W35,hyperv,1
2024-W35,ipa,1
2024-W35,ipvlan,2
2024-W35,loopback.c,2
2024-W35,macsec.c,1
2024-W35,macvlan.c,2
2024-W35,mctp,2
2024-W35,mdio,2
2024-W35,net_failover.c,2
2024-W35,netkit.c,1
2024-W35,nlmon.c,1
2024-W35,phy,7
2024-W35,ppp,1
2024-W35,rionet.c,1
2024-W35,team,2
2024-W35,tun.c,1
2024-W35,usb,1
2024-W35,veth.c,1
2024-W35,vrf.c,3
2024-W35,vsockmon.c,1
2024-W35,vxlan,2
2024-W35,wireguard,1
2024-W35,wireless,41
2024-W36,bonding,4
2024-W36,can,6
2024-W36,dsa,8
2024-W36,ethernet,137
2024-W36,mdio,1
2024-W36,phy,4
2024-W36,usb,1
2024-W36,virtio_net.c,3
2024-W36,wireless,14
2024-W37,bareudp.c,2
2024-W37,can,6
2024-W37,ethernet,89
2024-W37,ieee802154,2
2024-W37,netkit.c,1
2024-W37,phy,3
2024-W37,wireless,2
2024-W38,bonding,1
2024-W38,can,1
2024-W38,ethernet,11
2024-W38,phy,2
2024-W38,usb,1
2024-W38,virtio_net.c,1
2024-W38,wireless,1
2024-W39,can,1
2024-W39,ethernet,14
2024-W39,netdevsim,1
2024-W39,pcs,1
2024-W39,phy,2
2024-W39,ppp,1
2024-W39,tap.c,1
2024-W39,tun.c,1
2024-W39,vrf.c,1
2024-W39,wireless,4
2024-W39,wwan,1
2024-W40,can,3
2024-W40,dsa,8
2024-W40,ethernet,9
2024-W40,ieee802154,1
2024-W40,mctp,1
2024-W40,phy,6
2024-W40,ppp,1
2024-W40,pse-pd,1
2024-W40,slip,1
2024-W40,usb,1
2024-W40,wireless,3
2024-W41,ethernet,17
2024-W41,macsec.c,1
2024-W41,mdio,1
2024-W41,netconsole.c,1
2024-W41,netdevsim,1
2024-W41,phy,1
2024-W41,ppp,1
2024-W41,slip,1
2024-W41,usb,1
2024-W41,vxlan,1
2024-W41,wireless,8
2024-W42,can,1
2024-W42,dsa,7
2024-W42,ethernet,25
2024-W42,hyperv,1
2024-W42,phy,1
2024-W42,plip,1
2024-W42,pse-pd,1
2024-W42,usb,3
2024-W42,virtio_net.c,1
2024-W42,vmxnet3,1
2024-W42,wireless,1
2024-W42,wwan,1
2024-W43,can,2
2024-W43,ethernet,21
2024-W43,gtp.c,1
2024-W43,macsec.c,1
2024-W43,mctp,1
2024-W43,netdevsim,1
2024-W43,usb,1
2024-W43,wireless,2
2024-W44,ethernet,9
2024-W44,phy,1
2024-W44,wwan,1
2024-W45,ethernet,16
2024-W45,virtio_net.c,4
2024-W46,bonding,1
2024-W46,ethernet,1
2024-W46,phy,1
