bucket,module,count
2013-W08,apps/test,2
2013-W08,modules/test,2
2013-W11,drivers/ardrone_interface,1
2013-W11,modules/fixedwing_att_control,3
2013-W11,modules/fixedwing_pos_control,3
2013-W11,modules/multirotor_att_control,4
2013-W11,modules/systemlib,4
2013-W14,device/lsm303d,1
2013-W14,device/px4fmu,3
2013-W14,device/rgbled,4
2013-W14,drivers/boards,2
2013-W14,drivers/lsm303d,1
2013-W14,drivers/px4fmu,1
2013-W14,drivers/rgbled,1
2013-W14,include,1
2013-W14,include/device,1
2013-W15,drivers/lsm303d,3
2013-W16,drivers/boards,3
2013-W16,drivers/l3gd20,1
2013-W16,drivers/lsm303d,1
2013-W16,drivers/px4io,1
2013-W16,modules/commander,1
2013-W16,systemcmds/eeprom,1
2013-W16,systemcmds/ramtron,1
2013-W17,drivers,1
2013-W17,drivers/ardrone_interface,2
2013-W17,drivers/blinkm,1
2013-W17,drivers/bma180,1
2013-W17,drivers/boards,5
2013-W17,drivers/device,1
2013-W17,drivers/gps,1
2013-W17,drivers/hil,1
2013-W17,drivers/hmc5883,3
2013-W17,drivers/hott_telemetry,1
2013-W17,drivers/l3gd20,2
2013-W17,drivers/led,2
2013-W17,drivers/mb12xx,1
2013-W17,drivers/mpu6000,1
2013-W17,drivers/ms5611,1
2013-W17,drivers/px4fmu,1
2013-W17,drivers/px4io,3
2013-W17,drivers/stm32,1
2013-W17,examples/math_demo,1
2013-W17,examples/px4_daemon_app,1
2013-W17,examples/px4_mavlink_debug,1
2013-W17,examples/px4_simple_app,1
2013-W17,include,1
2013-W17,include/mavlink,2
2013-W17,modules/att_pos_estimator_ekf,1
2013-W17,modules/attitude_estimator_ekf,7
2013-W17,modules/commander,3
2013-W17,modules/controllib,1
2013-W17,modules/fixedwing_att_control,1
2013-W17,modules/fixedwing_backside,1
2013-W17,modules/fixedwing_pos_control,1
2013-W17,modules/mathlib,1
2013-W17,modules/mavlink,2
2013-W17,modules/mavlink_onboard,4
2013-W17,modules/multirotor_att_control,2
2013-W17,modules/multirotor_pos_control,1
2013-W17,modules/position_estimator,2
2013-W17,modules/position_estimator_mc,1
2013-W17,modules/px4iofirmware,6
2013-W17,modules/sdlog,1
2013-W17,modules/sensors,1
2013-W17,modules/systemlib,2
2013-W17,modules/uORB,2
2013-W17,systemcmds/bl_update,2
2013-W17,systemcmds/boardinfo,2
2013-W17,systemcmds/eeprom,3
2013-W17,systemcmds/i2c,2
2013-W17,systemcmds/mixer,2
2013-W17,systemcmds/param,2
2013-W17,systemcmds/perf,2
2013-W17,systemcmds/preflight_check,2
2013-W17,systemcmds/pwm,3
2013-W17,systemcmds/reboot,2
2013-W17,systemcmds/tests,1
2013-W17,systemcmds/top,2
2013-W18,drivers/hmc5883,1
2013-W18,drivers/mkblctrl,1
2013-W18,drivers/px4io,1
2013-W18,modules/px4iofirmware,3
2013-W18,systemcmds/param,1
2013-W18,systemcmds/pwm,1
2013-W19,drivers/boards,1
2013-W19,drivers/gps,1
2013-W19,drivers/led,1
2013-W19,drivers/md25,3
2013-W19,drivers/px4io,2
2013-W19,examples/fixedwing_control,1
2013-W19,modules/commander,4
2013-W19,modules/mathlib,2
2013-W19,modules/px4iofirmware,2
2013-W19,modules/uORB,1
2013-W20,drivers,1
2013-W20,drivers/ardrone_interface,1
2013-W20,drivers/px4fmu,1
2013-W20,drivers/px4io,3
2013-W20,examples/px4_daemon_app,1
2013-W20,examples/px4_mavlink_debug,1
2013-W20,examples/px4_simple_app,1
2013-W20,modules/px4iofirmware,5
2013-W20,systemcmds/preflight_check,1
2013-W21,drivers/mkblctrl,3
2013-W21,drivers/stm32,1
2013-W21,examples/fixedwing_control,4
2013-W21,include/mavlink,1
2013-W21,modules/attitude_estimator_so3_comp,6
2013-W21,modules/fixedwing_backside,1
2013-W21,modules/gpio_led,2
2013-W21,modules/mathlib,2
2013-W21,modules/mavlink,5
2013-W21,modules/position_estimator_inav,1
2013-W21,modules/px4iofirmware,1
2013-W21,modules/sdlog2,2
2013-W21,modules/sensors,1
2013-W21,modules/uORB,2
2013-W21,systemcmds/preflight_check,1
2013-W21,systemcmds/tests,1
2013-W22,drivers,1
2013-W22,drivers/ardrone_interface,1
2013-W22,drivers/boards,1
2013-W22,drivers/gps,1
2013-W22,drivers/hil,1
2013-W22,drivers/hmc5883,2
2013-W22,drivers/hott_telemetry,1
2013-W22,drivers/md25,1
2013-W22,drivers/mkblctrl,1
2013-W22,drivers/mpu6000,1
2013-W22,drivers/px4fmu,1
2013-W22,drivers/px4io,3
2013-W22,drivers/stm32,1
2013-W22,examples/fixedwing_control,1
2013-W22,examples/px4_daemon_app,1
2013-W22,modules/att_pos_estimator_ekf,1
2013-W22,modules/attitude_estimator_ekf,1
2013-W22,modules/attitude_estimator_so3_comp,4
2013-W22,modules/commander,1
2013-W22,modules/fixedwing_att_control,1
2013-W22,modules/fixedwing_backside,1
2013-W22,modules/fixedwing_pos_control,1
2013-W22,modules/mavlink,1
2013-W22,modules/mavlink_onboard,1
2013-W22,modules/multirotor_att_control,1
2013-W22,modules/multirotor_pos_control,2
2013-W22,modules/position_estimator_mc,1
2013-W22,modules/px4iofirmware,4
2013-W22,modules/sdlog,1
2013-W22,modules/sdlog2,8
2013-W22,modules/sensors,1
2013-W22,modules/systemlib,3
2013-W22,systemcmds/preflight_check,1
2013-W22,systemcmds/top,1
2013-W23,drivers/blinkm,1
2013-W23,drivers/hott_telemetry,4
2013-W23,drivers/md25,1
2013-W23,drivers/px4io,3
2013-W23,examples/px4_daemon_app,3
2013-W23,modules/att_pos_estimator_ekf,2
2013-W23,modules/attitude_estimator_so3_comp,2
2013-W23,modules/commander,2
2013-W23,modules/fixedwing_backside,1
2013-W23,modules/gpio_led,1
2013-W23,modules/px4iofirmware,2
2013-W23,modules/sdlog2,8
2013-W23,modules/systemlib,2
2013-W23,modules/uORB,1
2013-W23,systemcmds/mixer,1
2013-W23,systemcmds/pwm,4
2013-W24,drivers/ardrone_interface,1
2013-W24,drivers/blinkm,1
2013-W24,drivers/ets_airspeed,3
2013-W24,drivers/hil,1
2013-W24,drivers/hott_telemetry,1
2013-W24,drivers/l3gd20,1
2013-W24,drivers/md25,1
2013-W24,drivers/mkblctrl,1
2013-W24,drivers/px4fmu,1
2013-W24,drivers/px4io,6
2013-W24,drivers/stm32,1
2013-W24,examples/flow_position_control,2
2013-W24,examples/flow_position_estimator,2
2013-W24,examples/flow_speed_control,2
2013-W24,modules/commander,7
2013-W24,modules/gpio_led,2
2013-W24,modules/mavlink,3
2013-W24,modules/mavlink_onboard,2
2013-W24,modules/multirotor_att_control,7
2013-W24,modules/multirotor_pos_control,3
2013-W24,modules/position_estimator_inav,3
2013-W24,modules/px4iofirmware,2
2013-W24,modules/sdlog2,13
2013-W24,modules/systemlib,2
2013-W24,modules/uORB,5
2013-W25,drivers/md25,2
2013-W25,drivers/px4io,4
2013-W25,modules/att_pos_estimator_ekf,1
2013-W25,modules/attitude_estimator_ekf,3
2013-W25,modules/commander,1
2013-W25,modules/fixedwing_att_control,1
2013-W25,modules/fixedwing_pos_control,1
2013-W25,modules/multirotor_att_control,10
2013-W25,modules/multirotor_pos_control,1
2013-W25,modules/position_estimator_inav,3
2013-W25,modules/px4iofirmware,5
2013-W25,modules/sdlog2,11
2013-W25,modules/systemlib,4
2013-W25,systemcmds/esc_calib,1
2013-W26,drivers/boards,1
2013-W26,drivers/hott_telemetry,1
2013-W26,drivers/md25,7
2013-W26,drivers/ms5611,1
2013-W26,drivers/px4io,3
2013-W26,drivers/stm32,1
2013-W26,examples/flow_position_control,1
2013-W26,examples/flow_position_estimator,1
2013-W26,examples/flow_speed_control,1
2013-W26,modules/att_pos_estimator_ekf,1
2013-W26,modules/commander,5
2013-W26,modules/multirotor_att_control,2
2013-W26,modules/multirotor_pos_control,2
2013-W26,modules/position_estimator_inav,2
2013-W26,modules/px4iofirmware,2
2013-W26,modules/sdlog2,5
2013-W26,modules/systemlib,2
2013-W26,modules/uORB,2
2013-W27,drivers,2
2013-W27,drivers/boards,5
2013-W27,drivers/ets_airspeed,1
2013-W27,drivers/hott,2
2013-W27,drivers/hott_telemetry,2
2013-W27,drivers/mkblctrl,1
2013-W27,drivers/px4fmu,1
2013-W27,drivers/px4io,24
2013-W27,drivers/rgbled,1
2013-W27,drivers/stm32,1
2013-W27,examples/flow_position_control,1
2013-W27,modules/att_pos_estimator_ekf,1
2013-W27,modules/controllib,1
2013-W27,modules/gpio_led,2
2013-W27,modules/mathlib,2
2013-W27,modules/mavlink,3
2013-W27,modules/position_estimator_inav,1
2013-W27,modules/px4iofirmware,22
2013-W27,modules/sdlog2,2
2013-W27,modules/sensors,3
2013-W27,modules/systemlib,2
2013-W27,modules/uORB,2
2013-W27,systemcmds/preflight_check,1
2013-W28,drivers,3
2013-W28,drivers/airspeed,2
2013-W28,drivers/ardrone_interface,1
2013-W28,drivers/boards,1
2013-W28,drivers/device,4
2013-W28,drivers/ets_airspeed,4
2013-W28,drivers/gps,7
2013-W28,drivers/hott,4
2013-W28,drivers/meas_airspeed,3
2013-W28,drivers/ms5611,2
2013-W28,drivers/px4fmu,2
2013-W28,drivers/px4io,8
2013-W28,drivers/stm32,1
2013-W28,examples/fixedwing_control,1
2013-W28,examples/flow_position_control,1
2013-W28,examples/flow_position_estimator,1
2013-W28,examples/flow_speed_control,1
2013-W28,modules/att_pos_estimator_ekf,1
2013-W28,modules/fw_att_control_vector,5
2013-W28,modules/gpio_led,1
2013-W28,modules/mathlib,2
2013-W28,modules/mavlink,2
2013-W28,modules/mavlink_onboard,1
2013-W28,modules/mc_att_control_vector,5
2013-W28,modules/multirotor_att_control,1
2013-W28,modules/multirotor_pos_control,3
2013-W28,modules/position_estimator_inav,2
2013-W28,modules/px4iofirmware,1
2013-W28,modules/sdlog2,2
2013-W28,modules/sensors,1
2013-W28,modules/systemlib,1
2013-W28,modules/uORB,3
2013-W28,systemcmds/tests,1
2013-W29,drivers/ardrone_interface,1
2013-W29,drivers/blinkm,3
2013-W29,drivers/boards,4
2013-W29,drivers/device,1
2013-W29,drivers/hil,1
2013-W29,drivers/hmc5883,1
2013-W29,drivers/hott,1
2013-W29,drivers/l3gd20,2
2013-W29,drivers/led,1
2013-W29,drivers/lsm303d,6
2013-W29,drivers/mkblctrl,1
2013-W29,drivers/mpu6000,1
2013-W29,drivers/ms5611,6
2013-W29,drivers/px4fmu,1
2013-W29,drivers/px4io,5
2013-W29,examples/flow_position_control,1
2013-W29,examples/flow_position_estimator,1
2013-W29,examples/flow_speed_control,1
2013-W29,modules/att_pos_estimator_ekf,1
2013-W29,modules/attitude_estimator_ekf,2
2013-W29,modules/attitude_estimator_so3_comp,2
2013-W29,modules/commander,11
2013-W29,modules/controllib,1
2013-W29,modules/fixedwing_backside,1
2013-W29,modules/gpio_led,2
2013-W29,modules/mavlink,4
2013-W29,modules/mavlink_onboard,2
2013-W29,modules/multirotor_att_control,1
2013-W29,modules/multirotor_pos_control,4
2013-W29,modules/position_estimator_inav,2
2013-W29,modules/px4iofirmware,1
2013-W29,modules/sdlog2,3
2013-W29,modules/sensors,5
2013-W29,modules/systemlib,3
2013-W29,modules/uORB,2
2013-W29,systemcmds/param,2
2013-W29,systemcmds/preflight_check,1
2013-W30,drivers,1
2013-W30,drivers/blinkm,1
2013-W30,drivers/boards,1
2013-W30,drivers/ets_airspeed,2
2013-W30,drivers/led,1
2013-W30,drivers/md25,2
2013-W30,drivers/meas_airspeed,4
2013-W30,drivers/mkblctrl,1
2013-W30,drivers/mpu6000,1
2013-W30,drivers/ms5611,2
2013-W30,drivers/px4fmu,1
2013-W30,drivers/px4io,1
2013-W30,modules/att_pos_estimator_ekf,1
2013-W30,modules/commander,5
2013-W30,modules/controllib,2
2013-W30,modules/fixedwing_backside,2
2013-W30,modules/mavlink,2
2013-W30,modules/multirotor_pos_control,2
2013-W30,modules/position_estimator_inav,1
2013-W30,modules/px4iofirmware,1
2013-W30,modules/segway,2
2013-W30,modules/sensors,1
2013-W30,modules/systemlib,1
2013-W30,modules/uORB,4
2013-W30,systemcmds/config,1
2013-W30,systemcmds/ramtron,1
2013-W30,systemcmds/reboot,1
2013-W31,drivers,1
2013-W31,drivers/blinkm,1
2013-W31,drivers/bma180,1
2013-W31,drivers/boards,2
2013-W31,drivers/device,4
2013-W31,drivers/ets_airspeed,2
2013-W31,drivers/hmc5883,1
2013-W31,drivers/l3gd20,6
2013-W31,drivers/lsm303d,4
2013-W31,drivers/mb12xx,1
2013-W31,drivers/meas_airspeed,1
2013-W31,drivers/mkblctrl,1
2013-W31,drivers/mpu6000,4
2013-W31,drivers/ms5611,1
2013-W31,drivers/px4fmu,1
2013-W31,drivers/px4io,2
2013-W31,drivers/rgbled,1
2013-W31,drivers/stm32,5
2013-W31,modules/attitude_estimator_ekf,2
2013-W31,modules/commander,2
2013-W31,modules/fw_att_control_vector,1
2013-W31,modules/mathlib,2
2013-W31,modules/px4iofirmware,1
2013-W31,modules/segway,1
2013-W31,modules/sensors,3
2013-W31,modules/systemlib,4
2013-W31,systemcmds/config,1
2013-W31,systemcmds/eeprom,1
2013-W31,systemcmds/i2c,1
2013-W31,systemcmds/nshterm,1
2013-W31,systemcmds/reboot,1
2013-W32,drivers,1
2013-W32,drivers/ets_airspeed,1
2013-W32,drivers/l3gd20,3
2013-W32,drivers/lsm303d,2
2013-W32,drivers/meas_airspeed,3
2013-W32,drivers/mpu6000,3
2013-W32,drivers/ms5611,1
2013-W32,drivers/px4io,8
2013-W32,modules/commander,3
2013-W32,modules/px4iofirmware,1
2013-W32,modules/sensors,3
2013-W32,systemcmds/config,1
2013-W33,drivers,6
2013-W33,drivers/boards,2
2013-W33,drivers/hmc5883,1
2013-W33,drivers/l3gd20,2
2013-W33,drivers/led,1
2013-W33,drivers/lsm303d,1
2013-W33,drivers/px4io,5
2013-W33,drivers/rgbled,7
2013-W33,drivers/stm32,3
2013-W33,include/device,1
2013-W33,modules/commander,20
2013-W33,modules/mavlink,2
2013-W33,modules/mavlink_onboard,1
2013-W33,modules/multirotor_att_control,3
2013-W33,modules/multirotor_pos_control,2
2013-W33,modules/position_estimator_inav,3
2013-W33,modules/px4iofirmware,4
2013-W33,modules/sdlog2,3
2013-W33,modules/sensors,3
2013-W33,modules/uORB,4
2013-W33,systemcmds/nshterm,1
2013-W33,systemcmds/tests,1
2013-W34,drivers,1
2013-W34,drivers/hmc5883,5
2013-W34,drivers/hott,1
2013-W34,drivers/l3gd20,1
2013-W34,drivers/lsm303d,5
2013-W34,drivers/mpu6000,4
2013-W34,drivers/px4io,4
2013-W34,drivers/rgbled,1
2013-W34,drivers/stm32,1
2013-W34,examples/fixedwing_control,1
2013-W34,lib/ecl,1
2013-W34,lib/geo,1
2013-W34,lib/mathlib,1
2013-W34,modules/commander,14
2013-W34,modules/controllib,1
2013-W34,modules/fw_att_control,1
2013-W34,modules/mavlink,5
2013-W34,modules/multirotor_att_control,4
2013-W34,modules/multirotor_pos_control,3
2013-W34,modules/navigator,1
2013-W34,modules/position_estimator_inav,4
2013-W34,modules/px4iofirmware,2
2013-W34,modules/sdlog2,2
2013-W34,modules/sensors,6
2013-W34,modules/systemlib,3
2013-W34,modules/test,1
2013-W34,modules/uORB,3
2013-W34,modules/unit_test,2
2013-W34,systemcmds/config,5
2013-W34,systemcmds/nshterm,3
2013-W34,systemcmds/preflight_check,2
2013-W34,systemcmds/top,2
2013-W35,drivers,3
2013-W35,drivers/airspeed,4
2013-W35,drivers/blinkm,1
2013-W35,drivers/bma180,1
2013-W35,drivers/boards,1
2013-W35,drivers/gps,1
2013-W35,drivers/hmc5883,2
2013-W35,drivers/l3gd20,1
2013-W35,drivers/lsm303d,1
2013-W35,drivers/mb12xx,1
2013-W35,drivers/meas_airspeed,1
2013-W35,drivers/ms5611,2
2013-W35,drivers/px4io,8
2013-W35,drivers/rgbled,1
2013-W35,drivers/stm32,4
2013-W35,include/mavlink,1
2013-W35,lib/ecl,1
2013-W35,modules/att_pos_estimator_ekf,1
2013-W35,modules/attitude_estimator_ekf,1
2013-W35,modules/attitude_estimator_so3_comp,1
2013-W35,modules/commander,14
2013-W35,modules/mavlink,4
2013-W35,modules/multirotor_att_control,2
2013-W35,modules/multirotor_pos_control,4
2013-W35,modules/position_estimator_inav,5
2013-W35,modules/position_estimator_mc,1
2013-W35,modules/sdlog2,1
2013-W35,modules/sensors,4
2013-W35,modules/systemlib,5
2013-W35,modules/uORB,4
2013-W35,systemcmds/preflight_check,2
2013-W35,systemcmds/tests,2
2013-W36,drivers/boards,1
2013-W36,drivers/hmc5883,6
2013-W36,drivers/px4io,3
2013-W36,lib/ecl,3
2013-W36,lib/geo,2
2013-W36,lib/mathlib,1
2013-W36,modules/commander,5
2013-W36,modules/mavlink,6
2013-W36,modules/multirotor_pos_control,3
2013-W36,modules/position_estimator_inav,1
2013-W36,modules/px4iofirmware,1
2013-W36,modules/sdlog2,1
2013-W36,modules/systemlib,2
2013-W36,modules/uORB,1
2013-W36,systemcmds/tests,1
2013-W37,drivers,4
2013-W37,drivers/airspeed,3
2013-W37,drivers/bma180,4
2013-W37,drivers/device,7
2013-W37,drivers/ets_airspeed,3
2013-W37,drivers/hmc5883,3
2013-W37,drivers/l3gd20,6
2013-W37,drivers/lsm303d,8
2013-W37,drivers/mb12xx,4
2013-W37,drivers/meas_airspeed,3
2013-W37,drivers/mkblctrl,1
2013-W37,drivers/mpu6000,6
2013-W37,drivers/ms5611,6
2013-W37,drivers/px4io,8
2013-W37,drivers/rgbled,1
2013-W37,drivers/stm32,1
2013-W37,lib/ecl,9
2013-W37,lib/external_lgpl,3
2013-W37,modules/commander,1
2013-W37,modules/fw_pos_control_l1,4
2013-W37,modules/mavlink,3
2013-W37,modules/multirotor_att_control,1
2013-W37,modules/multirotor_pos_control,2
2013-W37,modules/position_estimator_inav,1
2013-W37,modules/px4iofirmware,3
2013-W37,modules/sdlog2,1
2013-W37,modules/sensors,1
2013-W37,modules/systemlib,2
2013-W37,modules/uORB,4
2013-W38,drivers,1
2013-W38,drivers/boards,1
2013-W38,drivers/gps,3
2013-W38,drivers/px4fmu,1
2013-W38,drivers/px4io,5
2013-W38,drivers/rgbled,3
2013-W38,lib/ecl,1
2013-W38,modules/commander,5
2013-W38,modules/mavlink,4
2013-W38,modules/multirotor_pos_control,2
2013-W38,modules/position_estimator_inav,5
2013-W38,modules/px4iofirmware,5
2013-W38,modules/sensors,3
2013-W38,modules/systemlib,7
2013-W38,modules/uORB,2
2013-W38,systemcmds/esc_calib,2
2013-W38,systemcmds/preflight_check,1
2013-W38,systemcmds/tests,1
2013-W39,drivers,1
2013-W39,drivers/stm32,1
2013-W39,examples/flow_position_control,1
2013-W39,examples/flow_position_estimator,1
2013-W39,examples/flow_speed_control,1
2013-W39,lib/ecl,1
2013-W39,modules/fw_att_control,1
2013-W39,modules/fw_pos_control_l1,1
2013-W39,modules/px4iofirmware,1
2013-W39,modules/sensors,1
2013-W39,modules/systemlib,1
2013-W39,systemcmds/tests,1
2013-W40,drivers/px4io,3
2013-W40,lib/ecl,1
2013-W40,modules/commander,2
2013-W40,modules/mavlink,1
2013-W40,modules/position_estimator_inav,1
2013-W40,modules/sensors,3
2013-W40,modules/uORB,1
2013-W40,systemcmds/pwm,2
2013-W41,drivers,4
2013-W41,drivers/hil,2
2013-W41,drivers/mkblctrl,1
2013-W41,drivers/px4fmu,4
2013-W41,drivers/px4io,10
2013-W41,examples/hwtest,1
2013-W41,lib/ecl,1
2013-W41,modules/att_pos_estimator_ekf,1
2013-W41,modules/commander,2
2013-W41,modules/controllib,1
2013-W41,modules/fw_att_control,1
2013-W41,modules/fw_pos_control_l1,1
2013-W41,modules/mavlink,3
2013-W41,modules/mavlink_onboard,2
2013-W41,modules/multirotor_att_control,1
2013-W41,modules/multirotor_pos_control,9
2013-W41,modules/position_estimator_inav,13
2013-W41,modules/px4iofirmware,5
2013-W41,modules/sdlog2,2
2013-W41,modules/sensors,3
2013-W41,modules/systemlib,5
2013-W41,modules/uORB,9
2013-W41,systemcmds/mixer,2
2013-W41,systemcmds/pwm,3
2013-W41,systemcmds/tests,13
2013-W42,drivers,1
2013-W42,drivers/px4fmu,1
2013-W42,drivers/px4io,1
2013-W42,drivers/rgbled,5
2013-W42,lib/conversion,2
2013-W42,lib/ecl,12
2013-W42,lib/external_lgpl,1
2013-W42,modules/commander,5
2013-W42,modules/fw_att_control,9
2013-W42,modules/fw_pos_control_l1,5
2013-W42,modules/mavlink,3
2013-W42,modules/multirotor_att_control,1
2013-W42,modules/multirotor_pos_control,1
2013-W42,modules/px4iofirmware,1
2013-W42,modules/sdlog2,2
2013-W42,modules/sensors,4
2013-W42,systemcmds/pwm,1
2013-W43,drivers,1
2013-W43,drivers/ets_airspeed,1
2013-W43,drivers/lsm303d,4
2013-W43,drivers/meas_airspeed,1
2013-W43,drivers/roboclaw,5
2013-W43,lib/ecl,2
2013-W43,lib/external_lgpl,2
2013-W43,modules/commander,4
2013-W43,modules/fw_att_control,3
2013-W43,modules/mavlink,1
2013-W43,modules/sdlog2,1
2013-W43,modules/segway,1
2013-W43,modules/systemlib,2
2013-W43,systemcmds/esc_calib,1
2013-W43,systemcmds/preflight_check,1
2013-W44,drivers,2
2013-W44,drivers/device,2
2013-W44,drivers/lsm303d,5
2013-W44,drivers/mpu6000,2
2013-W44,drivers/px4fmu,3
2013-W44,drivers/px4io,2
2013-W44,examples/px4_simple_app,1
2013-W44,lib/ecl,2
2013-W44,lib/external_lgpl,4
2013-W44,lib/geo,1
2013-W44,lib/mathlib,1
2013-W44,modules/att_pos_estimator_ekf,1
2013-W44,modules/attitude_estimator_ekf,2
2013-W44,modules/commander,4
2013-W44,modules/dataman,1
2013-W44,modules/fw_pos_control_l1,13
2013-W44,modules/multirotor_att_control,2
2013-W44,modules/navigator,1
2013-W44,modules/px4iofirmware,5
2013-W44,modules/sensors,2
2013-W44,modules/systemlib,3
2013-W44,modules/uORB,3
2013-W44,systemcmds/esc_calib,4
2013-W44,systemcmds/preflight_check,1
2013-W44,systemcmds/pwm,1
2013-W44,systemcmds/tests,1
2013-W45,drivers/airspeed,2
2013-W45,drivers/boards,1
2013-W45,drivers/ets_airspeed,2
2013-W45,drivers/meas_airspeed,2
2013-W45,drivers/px4fmu,2
2013-W45,lib/ecl,4
2013-W45,modules/bottle_drop,1
2013-W45,modules/commander,6
2013-W45,modules/fw_att_control,7
2013-W45,modules/fw_pos_control_l1,15
2013-W45,modules/mavlink,3
2013-W45,modules/mc_att_control_vector,1
2013-W45,modules/multirotor_pos_control,1
2013-W45,modules/position_estimator_inav,1
2013-W45,modules/sdlog2,3
2013-W45,modules/sensors,6
2013-W45,modules/systemlib,2
2013-W45,modules/uORB,3
2013-W46,drivers/ardrone_interface,1
2013-W46,drivers/lsm303d,8
2013-W46,drivers/mkblctrl,1
2013-W46,drivers/px4fmu,2
2013-W46,drivers/px4io,4
2013-W46,lib/ecl,2
2013-W46,lib/geo,1
2013-W46,lib/launchdetection,1
2013-W46,modules/att_pos_estimator_ekf,1
2013-W46,modules/bottle_drop,1
2013-W46,modules/commander,1
2013-W46,modules/fixedwing_backside,3
2013-W46,modules/fw_att_control,2
2013-W46,modules/fw_pos_control_l1,1
2013-W46,modules/mavlink,6
2013-W46,modules/mc_att_control_vector,1
2013-W46,modules/px4iofirmware,3
2013-W46,modules/sdlog2,2
2013-W46,modules/sensors,1
2013-W46,modules/uORB,2
2013-W46,systemcmds/pwm,1
2013-W47,drivers/frsky_telemetry,1
2013-W47,drivers/mkblctrl,4
2013-W47,lib/ecl,1
2013-W47,lib/external_lgpl,7
2013-W47,lib/geo,1
2013-W47,modules/attitude_estimator_ekf,1
2013-W47,modules/controllib,1
2013-W47,modules/fixedwing_backside,1
2013-W47,modules/fw_att_control,2
2013-W47,modules/fw_pos_control_l1,7
2013-W47,modules/mavlink,10
2013-W47,modules/mc_att_control_vector,2
2013-W47,modules/multirotor_pos_control,1
2013-W47,modules/navigator,13
2013-W47,modules/position_estimator_inav,1
2013-W47,modules/uORB,8
2013-W48,drivers/boards,10
2013-W48,drivers/l3gd20,2
2013-W48,drivers/lsm303d,5
2013-W48,drivers/mkblctrl,1
2013-W48,lib/geo,1
2013-W48,modules/attitude_estimator_so3,1
2013-W48,modules/attitude_estimator_so3_comp,2
2013-W48,modules/bottle_drop,2
2013-W48,modules/commander,2
2013-W48,modules/fw_pos_control_l1,3
2013-W48,modules/mavlink,5
2013-W48,modules/multirotor_att_control,1
2013-W48,modules/multirotor_pos_control,3
2013-W48,modules/navigator,13
2013-W48,modules/position_estimator_inav,2
2013-W48,modules/sensors,1
2013-W48,modules/systemlib,2
2013-W48,modules/uORB,3
2013-W48,systemcmds/pwm,1
2013-W48,systemcmds/tests,1
2013-W49,drivers,3
2013-W49,drivers/boards,3
2013-W49,drivers/device,2
2013-W49,drivers/hil,1
2013-W49,drivers/hmc5883,4
2013-W49,drivers/l3gd20,12
2013-W49,drivers/lsm303d,16
2013-W49,drivers/mpu6000,6
2013-W49,drivers/ms5611,7
2013-W49,drivers/px4fmu,3
2013-W49,drivers/px4io,3
2013-W49,drivers/stm32,2
2013-W49,modules/bottle_drop,1
2013-W49,modules/commander,1
2013-W49,modules/dataman,3
2013-W49,modules/fw_att_control,1
2013-W49,modules/mavlink,2
2013-W49,modules/navigator,3
2013-W49,modules/px4iofirmware,3
2013-W49,modules/uORB,4
2013-W49,systemcmds/tests,3
2013-W50,drivers,1
2013-W50,drivers/airspeed,1
2013-W50,drivers/l3gd20,5
2013-W50,drivers/lsm303d,1
2013-W50,drivers/mpu6000,3
2013-W50,drivers/ms5611,3
2013-W50,drivers/px4io,4
2013-W50,drivers/stm32,2
2013-W50,lib/mathlib,1
2013-W50,modules/bottle_drop,1
2013-W50,modules/commander,2
2013-W50,modules/dataman,2
2013-W50,modules/fw_att_control,2
2013-W50,modules/mavlink,2
2013-W50,modules/mc_att_control_vector,4
2013-W50,modules/multirotor_pos_control,2
2013-W50,modules/navigator,2
2013-W50,modules/px4iofirmware,9
2013-W50,modules/systemlib,3
2013-W50,systemcmds/preflight_check,1
2013-W50,systemcmds/tests,2
2013-W51,drivers,2
2013-W51,drivers/mpu6000,2
2013-W51,drivers/px4io,6
2013-W51,drivers/stm32,1
2013-W51,lib/conversion,2
2013-W51,lib/ecl,1
2013-W51,lib/external_lgpl,1
2013-W51,lib/mathlib,5
2013-W51,modules/att_pos_estimator_ekf,2
2013-W51,modules/commander,1
2013-W51,modules/fw_pos_control_l1,1
2013-W51,modules/mavlink,1
2013-W51,modules/mc_att_control_vector,3
2013-W51,modules/multirotor_pos_control,6
2013-W51,modules/navigator,3
2013-W51,modules/px4iofirmware,3
2013-W51,modules/sensors,3
2013-W51,modules/systemlib,2
2013-W51,modules/uORB,1
2013-W51,systemcmds/tests,5
2013-W52,drivers,1
2013-W52,drivers/hott,1
2013-W52,drivers/px4io,5
2013-W52,drivers/stm32,4
2013-W52,examples/flow_position_control,1
2013-W52,lib/ecl,2
2013-W52,lib/external_lgpl,2
2013-W52,lib/geo,1
2013-W52,lib/mathlib,6
2013-W52,modules/att_pos_estimator_ekf,3
2013-W52,modules/attitude_estimator_ekf,3
2013-W52,modules/commander,4
2013-W52,modules/controllib,1
2013-W52,modules/dataman,2
2013-W52,modules/fw_att_control,4
2013-W52,modules/fw_pos_control_l1,7
2013-W52,modules/mavlink,18
2013-W52,modules/mavlink_onboard,2
2013-W52,modules/mc_att_control_vector,1
2013-W52,modules/mc_pos_control,5
2013-W52,modules/multirotor_att_control,1
2013-W52,modules/multirotor_pos_control,4
2013-W52,modules/navigator,6
2013-W52,modules/position_estimator_inav,1
2013-W52,modules/px4iofirmware,4
2013-W52,modules/sdlog2,4
2013-W52,modules/sensors,2
2013-W52,modules/systemlib,1
2013-W52,modules/uORB,8
2013-W52,systemcmds/param,1
2013-W52,systemcmds/tests,3
2014-W01,drivers,2
2014-W01,drivers/boards,4
2014-W01,drivers/frsky_telemetry,5
2014-W01,drivers/ms5611,1
2014-W01,lib/geo,2
2014-W01,lib/launchdetection,3
2014-W01,modules/commander,3
2014-W01,modules/fw_att_control,1
2014-W01,modules/fw_att_pos_estimator,12
2014-W01,modules/fw_pos_control_l1,7
2014-W01,modules/mavlink,3
2014-W01,modules/mc_att_control_vector,3
2014-W01,modules/mc_pos_control,6
2014-W01,modules/multirotor_att_control,1
2014-W01,modules/multirotor_pos_control,1
2014-W01,modules/navigator,21
2014-W01,modules/px4iofirmware,1
2014-W01,modules/sdlog2,1
2014-W01,modules/sensors,1
2014-W01,modules/systemlib,3
2014-W01,modules/uORB,6
2014-W01,systemcmds/esc_calib,1
2014-W01,systemcmds/preflight_check,1
2014-W01,systemcmds/tests,5
2014-W02,drivers,1
2014-W02,drivers/airspeed,1
2014-W02,drivers/bma180,1
2014-W02,drivers/boards,2
2014-W02,drivers/device,1
2014-W02,drivers/ets_airspeed,1
2014-W02,drivers/gps,5
2014-W02,drivers/hil,1
2014-W02,drivers/hmc5883,1
2014-W02,drivers/hott,2
2014-W02,drivers/l3gd20,1
2014-W02,drivers/lsm303d,1
2014-W02,drivers/meas_airspeed,2
2014-W02,drivers/mpu6000,1
2014-W02,drivers/ms5611,1
2014-W02,drivers/px4fmu,1
2014-W02,drivers/px4io,1
2014-W02,drivers/rgbled,1
2014-W02,lib/version,1
2014-W02,modules/attitude_estimator_ekf,2
2014-W02,modules/attitude_estimator_so3,1
2014-W02,modules/commander,1
2014-W02,modules/fw_att_pos_estimator,3
2014-W02,modules/fw_pos_control_l1,1
2014-W02,modules/mavlink,2
2014-W02,modules/mc_pos_control,1
2014-W02,modules/navigator,1
2014-W02,modules/position_estimator_inav,1
2014-W02,modules/px4iofirmware,1
2014-W02,modules/sdlog2,3
2014-W02,modules/sensors,1
2014-W02,modules/systemlib,5
2014-W02,modules/uORB,2
2014-W02,systemcmds/hw_ver,1
2014-W02,systemcmds/mtd,4
2014-W02,systemcmds/nshterm,1
2014-W02,systemcmds/param,2
2014-W02,systemcmds/tests,5
2014-W03,drivers,1
2014-W03,drivers/airspeed,1
2014-W03,drivers/bma180,1
2014-W03,drivers/boards,4
2014-W03,drivers/device,1
2014-W03,drivers/ets_airspeed,1
2014-W03,drivers/gps,1
2014-W03,drivers/l3gd20,1
2014-W03,drivers/lsm303d,1
2014-W03,drivers/meas_airspeed,1
2014-W03,drivers/mpu6000,1
2014-W03,drivers/ms5611,1
2014-W03,drivers/px4fmu,2
2014-W03,drivers/px4io,4
2014-W03,modules/commander,5
2014-W03,modules/fw_att_control_vector,1
2014-W03,modules/fw_att_pos_estimator,3
2014-W03,modules/fw_pos_control_l1,1
2014-W03,modules/mc_att_control,3
2014-W03,modules/mc_att_control_vector,1
2014-W03,modules/mc_pos_control,1
2014-W03,modules/navigator,4
2014-W03,modules/px4iofirmware,2
2014-W03,modules/sdlog2,4
2014-W03,modules/sensors,3
2014-W03,modules/systemlib,1
2014-W03,systemcmds/config,1
2014-W03,systemcmds/eeprom,1
2014-W03,systemcmds/mtd,7
2014-W03,systemcmds/ramtron,1
2014-W03,systemcmds/tests,4
2014-W04,drivers,4
2014-W04,drivers/airspeed,1
2014-W04,drivers/boards,1
2014-W04,drivers/frsky_telemetry,1
2014-W04,drivers/hmc5883,1
2014-W04,drivers/meas_airspeed,1
2014-W04,drivers/px4fmu,2
2014-W04,drivers/px4io,18
2014-W04,examples/fixedwing_control,1
2014-W04,lib/ecl,1
2014-W04,mainpage.dox,1
2014-W04,modules/att_pos_estimator_ekf,1
2014-W04,modules/attitude_estimator_ekf,2
2014-W04,modules/commander,15
2014-W04,modules/controllib,1
2014-W04,modules/fixedwing_backside,2
2014-W04,modules/fixedwing_pos_control,1
2014-W04,modules/fw_att_control,3
2014-W04,modules/fw_pos_control_l1,3
2014-W04,modules/mavlink,7
2014-W04,modules/mavlink_onboard,1
2014-W04,modules/mc_att_control,8
2014-W04,modules/mc_pos_control,7
2014-W04,modules/navigator,13
2014-W04,modules/position_estimator_inav,3
2014-W04,modules/px4iofirmware,24
2014-W04,modules/sdlog2,4
2014-W04,modules/sensors,5
2014-W04,modules/uORB,8
2014-W04,systemcmds/tests,1
2014-W05,drivers,1
2014-W05,drivers/airspeed,1
2014-W05,drivers/boards,1
2014-W05,drivers/frsky_telemetry,2
2014-W05,drivers/gps,3
2014-W05,drivers/hil,1
2014-W05,drivers/hmc5883,1
2014-W05,drivers/hott,1
2014-W05,drivers/meas_airspeed,1
2014-W05,drivers/mkblctrl,3
2014-W05,drivers/ms5611,1
2014-W05,drivers/px4fmu,1
2014-W05,drivers/px4io,3
2014-W05,drivers/rgbled,1
2014-W05,examples/fixedwing_control,1
2014-W05,lib/conversion,1
2014-W05,lib/ecl,1
2014-W05,lib/external_lgpl,1
2014-W05,lib/geo,1
2014-W05,lib/launchdetection,1
2014-W05,lib/mathlib,1
2014-W05,lib/version,1
2014-W05,mainpage.dox,1
2014-W05,modules/att_pos_estimator_ekf,3
2014-W05,modules/attitude_estimator_ekf,3
2014-W05,modules/commander,18
2014-W05,modules/controllib,1
2014-W05,modules/dataman,1
2014-W05,modules/fixedwing_backside,1
2014-W05,modules/fixedwing_pos_control,1
2014-W05,modules/fw_att_control,1
2014-W05,modules/fw_att_pos_estimator,8
2014-W05,modules/fw_pos_control_l1,3
2014-W05,modules/mavlink,21
2014-W05,modules/mavlink_onboard,1
2014-W05,modules/mc_att_control,9
2014-W05,modules/mc_pos_control,11
2014-W05,modules/multirotor_att_control,1
2014-W05,modules/multirotor_pos_control,3
2014-W05,modules/navigator,22
2014-W05,modules/position_estimator_inav,4
2014-W05,modules/px4iofirmware,1
2014-W05,modules/sdlog2,5
2014-W05,modules/sensors,5
2014-W05,modules/systemlib,2
2014-W05,modules/uORB,9
2014-W05,systemcmds/eeprom,1
2014-W05,systemcmds/hw_ver,1
2014-W05,systemcmds/mtd,2
2014-W05,systemcmds/nshterm,1
2014-W05,systemcmds/param,2
2014-W05,systemcmds/ramtron,1
2014-W05,systemcmds/tests,3
2014-W06,drivers/mkblctrl,3
2014-W06,modules/commander,3
2014-W06,modules/fw_att_pos_estimator,4
2014-W06,modules/mavlink,1
2014-W06,modules/navigator,2
2014-W06,modules/position_estimator_inav,2
2014-W06,modules/sensors,1
2014-W06,modules/systemlib,1
2014-W06,modules/uORB,1
2014-W06,systemcmds/mixer,1
2014-W07,drivers/airspeed,1
2014-W07,drivers/ets_airspeed,1
2014-W07,drivers/meas_airspeed,6
2014-W07,drivers/mpu6000,1
2014-W07,drivers/stm32,1
2014-W07,include/mavlink,1
2014-W07,lib/launchdetection,1
2014-W07,modules/commander,8
2014-W07,modules/fw_att_pos_estimator,5
2014-W07,modules/fw_pos_control_l1,6
2014-W07,modules/gpio_led,1
2014-W07,modules/mavlink,15
2014-W07,modules/mc_att_control,1
2014-W07,modules/mc_pos_control,1
2014-W07,modules/navigator,10
2014-W07,modules/position_estimator_inav,1
2014-W07,modules/px4iofirmware,8
2014-W07,modules/sdlog2,1
2014-W07,modules/sensors,1
2014-W07,modules/systemlib,1
2014-W07,modules/uORB,5
2014-W08,drivers,2
2014-W08,drivers/mkblctrl,1
2014-W08,drivers/px4io,2
2014-W08,examples/jetdrive_control,1
2014-W08,lib/ecl,1
2014-W08,lib/external_lgpl,2
2014-W08,lib/launchdetection,1
2014-W08,modules/commander,4
2014-W08,modules/fw_att_pos_estimator,8
2014-W08,modules/fw_pos_control_l1,10
2014-W08,modules/mavlink,3
2014-W08,modules/mc_att_control,7
2014-W08,modules/mc_pos_control,2
2014-W08,modules/navigator,5
2014-W08,modules/position_estimator_inav,1
2014-W08,modules/px4iofirmware,6
2014-W08,modules/sdlog2,1
2014-W08,modules/uORB,1
2014-W08,systemcmds/tests,1
2014-W09,examples/jetdrive_control,4
2014-W09,lib/ecl,1
2014-W09,lib/geo,1
2014-W09,modules/commander,3
2014-W09,modules/fw_att_pos_estimator,5
2014-W09,modules/fw_pos_control_l1,3
2014-W09,modules/mavlink,27
2014-W09,modules/mavlink_onboard,1
2014-W09,modules/mc_pos_control,1
2014-W09,modules/navigator,5
2014-W09,modules/position_estimator_inav,2
2014-W09,modules/px4iofirmware,1
2014-W09,modules/sdlog2,2
2014-W09,modules/systemlib,1
2014-W09,systemcmds/top,1
2014-W10,drivers/mb12xx,1
2014-W10,drivers/px4fmu,1
2014-W10,drivers/px4io,3
2014-W10,drivers/sf0x,5
2014-W10,lib/launchdetection,1
2014-W10,modules/commander,2
2014-W10,modules/fw_att_control,4
2014-W10,modules/fw_att_pos_estimator,2
2014-W10,modules/fw_pos_control_l1,1
2014-W10,modules/mavlink,6
2014-W10,modules/mc_att_control,1
2014-W10,modules/navigator,2
2014-W10,modules/position_estimator_inav,1
2014-W10,modules/px4iofirmware,3
2014-W10,modules/sdlog2,7
2014-W10,modules/sensors,2
2014-W10,systemcmds/dumpfile,1
2014-W10,systemcmds/tests,1
2014-W11,drivers,1
2014-W11,drivers/device,1
2014-W11,drivers/gps,2
2014-W11,drivers/hmc5883,1
2014-W11,drivers/mb12xx,1
2014-W11,drivers/md25,2
2014-W11,drivers/meas_airspeed,1
2014-W11,drivers/px4flow,1
2014-W11,drivers/roboclaw,1
2014-W11,drivers/sf0x,3
2014-W11,include/containers,1
2014-W11,modules/att_pos_estimator_ekf,1
2014-W11,modules/attitude_estimator_ekf,2
2014-W11,modules/attitude_estimator_so3,1
2014-W11,modules/commander,7
2014-W11,modules/controllib,4
2014-W11,modules/fixedwing_backside,1
2014-W11,modules/fw_att_control,5
2014-W11,modules/fw_att_pos_estimator,1
2014-W11,modules/fw_pos_control_l1,7
2014-W11,modules/gpio_led,2
2014-W11,modules/mavlink,18
2014-W11,modules/navigator,2
2014-W11,modules/position_estimator_inav,1
2014-W11,modules/sdlog2,4
2014-W11,modules/sensors,4
2014-W11,modules/systemlib,1
2014-W11,modules/uORB,7
2014-W12,drivers,1
2014-W12,drivers/ets_airspeed,3
2014-W12,drivers/meas_airspeed,3
2014-W12,drivers/px4flow,1
2014-W12,drivers/px4io,2
2014-W12,drivers/rgbled,3
2014-W12,drivers/stm32,2
2014-W12,lib/geo,3
2014-W12,modules/att_pos_estimator_ekf,2
2014-W12,modules/attitude_estimator_ekf,1
2014-W12,modules/attitude_estimator_so3,1
2014-W12,modules/commander,1
2014-W12,modules/dataman,2
2014-W12,modules/fw_att_pos_estimator,8
2014-W12,modules/fw_pos_control_l1,2
2014-W12,modules/mavlink,17
2014-W12,modules/mc_pos_control,3
2014-W12,modules/position_estimator_inav,6
2014-W12,modules/sdlog2,1
2014-W12,modules/sensors,4
2014-W12,modules/uORB,6
2014-W12,systemcmds/tests,2
2014-W13,drivers,1
2014-W13,drivers/frsky_telemetry,1
2014-W13,drivers/px4fmu,3
2014-W13,drivers/px4io,3
2014-W13,modules/att_pos_estimator_ekf,1
2014-W13,modules/attitude_estimator_ekf,1
2014-W13,modules/bottle_drop,3
2014-W13,modules/commander,7
2014-W13,modules/fw_att_control,1
2014-W13,modules/fw_att_pos_estimator,5
2014-W13,modules/fw_pos_control_l1,9
2014-W13,modules/mavlink,3
2014-W13,modules/navigator,1
2014-W13,modules/position_estimator_inav,2
2014-W13,modules/px4iofirmware,2
2014-W13,modules/sdlog2,2
2014-W13,modules/systemlib,1
2014-W13,modules/uORB,5
2014-W13,modules/unit_test,1
2014-W14,drivers,1
2014-W14,drivers/meas_airspeed,1
2014-W14,drivers/px4io,6
2014-W14,drivers/sf0x,2
2014-W14,drivers/stm32,1
2014-W14,lib/mathlib,1
2014-W14,modules/commander,12
2014-W14,modules/fw_att_control,3
2014-W14,modules/fw_att_pos_estimator,5
2014-W14,modules/fw_pos_control_l1,2
2014-W14,modules/mavlink,7
2014-W14,modules/mc_att_control,1
2014-W14,modules/mc_pos_control,3
2014-W14,modules/navigator,4
2014-W14,modules/position_estimator_inav,3
2014-W14,modules/px4iofirmware,7
2014-W14,modules/sdlog2,7
2014-W14,modules/sensors,13
2014-W14,modules/uORB,5
2014-W15,drivers,1
2014-W15,drivers/gps,2
2014-W15,drivers/px4fmu,1
2014-W15,modules/commander,10
2014-W15,modules/fw_att_control,1
2014-W15,modules/fw_att_pos_estimator,1
2014-W15,modules/mavlink,37
2014-W15,modules/mc_att_control,1
2014-W15,modules/navigator,1
2014-W15,modules/position_estimator_inav,3
2014-W15,modules/sdlog2,9
2014-W15,modules/sensors,2
2014-W15,modules/uORB,1
2014-W16,drivers/airspeed,2
2014-W16,drivers/blinkm,1
2014-W16,drivers/ets_airspeed,1
2014-W16,drivers/hmc5883,1
2014-W16,drivers/ll40ls,1
2014-W16,drivers/meas_airspeed,1
2014-W16,drivers/px4io,1
2014-W16,drivers/stm32,1
2014-W16,modules/att_pos_estimator_ekf,1
2014-W16,modules/attitude_estimator_ekf,2
2014-W16,modules/commander,2
2014-W16,modules/ekf_att_pos_estimator,5
2014-W16,modules/fw_att_pos_estimator,2
2014-W16,modules/mavlink,3
2014-W16,modules/navigator,2
2014-W16,modules/sensors,1
2014-W16,modules/uORB,2
2014-W17,drivers/blinkm,1
2014-W17,drivers/gps,2
2014-W17,drivers/mkblctrl,1
2014-W17,lib/geo,7
2014-W17,lib/launchdetection,1
2014-W17,lib/mathlib,1
2014-W17,modules/attitude_estimator_ekf,1
2014-W17,modules/commander,15
2014-W17,modules/dataman,1
2014-W17,modules/ekf_att_pos_estimator,20
2014-W17,modules/fixedwing_backside,1
2014-W17,modules/fw_att_control,1
2014-W17,modules/fw_att_pos_estimator,5
2014-W17,modules/fw_pos_control_l1,4
2014-W17,modules/mavlink,9
2014-W17,modules/mc_pos_control,8
2014-W17,modules/navigator,11
2014-W17,modules/position_estimator_inav,5
2014-W17,modules/position_estimator_mc,1
2014-W17,modules/sdlog2,5
2014-W17,modules/segway,1
2014-W17,modules/sensors,10
2014-W17,modules/systemlib,1
2014-W17,modules/uORB,8
2014-W17,systemcmds/config,1
2014-W17,systemcmds/hw_ver,1
2014-W17,systemcmds/ver,2
2014-W17,systemcmds/version,3
2014-W18,drivers,1
2014-W18,drivers/blinkm,1
2014-W18,drivers/ll40ls,1
2014-W18,drivers/ms5611,1
2014-W18,drivers/pca8574,1
2014-W18,drivers/px4io,1
2014-W18,lib/geo,7
2014-W18,modules/att_pos_estimator_ekf,2
2014-W18,modules/commander,3
2014-W18,modules/dataman,1
2014-W18,modules/ekf_att_pos_estimator,8
2014-W18,modules/fixedwing_att_control,1
2014-W18,modules/fixedwing_backside,2
2014-W18,modules/fixedwing_pos_control,1
2014-W18,modules/fw_att_pos_estimator,1
2014-W18,modules/fw_pos_control_l1,2
2014-W18,modules/mavlink,8
2014-W18,modules/mc_att_control,2
2014-W18,modules/mc_pos_control,5
2014-W18,modules/navigator,1
2014-W18,modules/position_estimator,1
2014-W18,modules/position_estimator_inav,1
2014-W18,modules/position_estimator_mc,2
2014-W18,modules/sdlog,1
2014-W18,modules/segway,1
2014-W18,modules/sensors,2
2014-W18,modules/systemlib,2
2014-W18,modules/uORB,1
2014-W18,systemcmds/esc_calib,1
2014-W18,systemcmds/pwm,1
2014-W18,systemcmds/ver,1
2014-W19,drivers/blinkm,1
2014-W19,drivers/hil,1
2014-W19,drivers/mkblctrl,1
2014-W19,drivers/px4fmu,2
2014-W19,drivers/px4io,1
2014-W19,lib/geo,4
2014-W19,modules/commander,12
2014-W19,modules/ekf_att_pos_estimator,13
2014-W19,modules/fixedwing_backside,1
2014-W19,modules/fw_att_control,1
2014-W19,modules/fw_att_pos_estimator,1
2014-W19,modules/fw_pos_control_l1,1
2014-W19,modules/mavlink,6
2014-W19,modules/mc_att_control,1
2014-W19,modules/mc_pos_control,1
2014-W19,modules/navigator,1
2014-W19,modules/px4iofirmware,1
2014-W19,modules/segway,1
2014-W19,modules/sensors,4
2014-W19,modules/systemlib,1
2014-W19,modules/uORB,4
2014-W19,modules/uavcan,19
2014-W19,systemcmds/param,1
2014-W20,drivers,2
2014-W20,drivers/blinkm,1
2014-W20,drivers/boards,4
2014-W20,drivers/frsky_telemetry,1
2014-W20,drivers/gps,2
2014-W20,drivers/hmc5883,1
2014-W20,drivers/hott,2
2014-W20,drivers/l3gd20,3
2014-W20,drivers/lsm303d,1
2014-W20,drivers/mkblctrl,1
2014-W20,drivers/mpu6000,1
2014-W20,drivers/ms5611,1
2014-W20,drivers/px4fmu,3
2014-W20,drivers/px4io,7
2014-W20,drivers/stm32,2
2014-W20,examples/fixedwing_control,1
2014-W20,examples/flow_position_estimator,1
2014-W20,examples/px4_daemon_app,1
2014-W20,examples/px4_mavlink_debug,1
2014-W20,lib/ecl,3
2014-W20,lib/geo,1
2014-W20,lib/version,1
2014-W20,modules/attitude_estimator_ekf,3
2014-W20,modules/attitude_estimator_so3,2
2014-W20,modules/commander,9
2014-W20,modules/dataman,4
2014-W20,modules/ekf_att_pos_estimator,5
2014-W20,modules/fw_att_control,3
2014-W20,modules/fw_pos_control_l1,4
2014-W20,modules/mavlink,13
2014-W20,modules/mc_att_control,5
2014-W20,modules/mc_pos_control,3
2014-W20,modules/navigator,4
2014-W20,modules/position_estimator_inav,3
2014-W20,modules/px4iofirmware,4
2014-W20,modules/sdlog2,4
2014-W20,modules/sensors,4
2014-W20,modules/systemlib,8
2014-W20,modules/uORB,3
2014-W20,systemcmds/mtd,2
2014-W20,systemcmds/nshterm,2
2014-W20,systemcmds/param,2
2014-W20,systemcmds/perf,1
2014-W20,systemcmds/preflight_check,1
2014-W20,systemcmds/pwm,1
2014-W20,systemcmds/reboot,1
2014-W20,systemcmds/top,2
2014-W21,drivers/ardrone_interface,2
2014-W21,drivers/ets_airspeed,1
2014-W21,drivers/frsky_telemetry,1
2014-W21,drivers/gps,4
2014-W21,drivers/lsm303d,1
2014-W21,drivers/mpu6000,1
2014-W21,drivers/ms5611,1
2014-W21,drivers/px4fmu,1
2014-W21,drivers/px4io,3
2014-W21,drivers/sf0x,1
2014-W21,drivers/stm32,1
2014-W21,examples/flow_position_control,1
2014-W21,lib/ecl,1
2014-W21,lib/geo,1
2014-W21,modules/attitude_estimator_ekf,1
2014-W21,modules/commander,5
2014-W21,modules/ekf_att_pos_estimator,2
2014-W21,modules/fw_att_control,2
2014-W21,modules/fw_pos_control_l1,6
2014-W21,modules/mavlink,4
2014-W21,modules/mc_att_control,2
2014-W21,modules/navigator,1
2014-W21,modules/px4iofirmware,1
2014-W21,modules/sdlog2,10
2014-W21,modules/sensors,1
2014-W21,modules/systemlib,6
2014-W21,modules/uORB,6
2014-W21,systemcmds/config,2
2014-W21,systemcmds/perf,1
2014-W21,systemcmds/tests,2
2014-W22,drivers,1
2014-W22,drivers/blinkm,2
2014-W22,drivers/boards,4
2014-W22,drivers/gps,7
2014-W22,drivers/hott,1
2014-W22,drivers/lsm303d,1
2014-W22,drivers/pca8574,2
2014-W22,lib/geo,1
2014-W22,lib/launchdetection,1
2014-W22,modules/commander,3
2014-W22,modules/ekf_att_pos_estimator,2
2014-W22,modules/fw_pos_control_l1,8
2014-W22,modules/mavlink,7
2014-W22,modules/navigator,2
2014-W22,modules/position_estimator_inav,6
2014-W22,modules/sdlog2,5
2014-W22,modules/systemlib,1
2014-W22,modules/uORB,5
2014-W23,drivers/gps,4
2014-W23,drivers/ll40ls,1
2014-W23,drivers/mb12xx,1
2014-W23,drivers/roboclaw,1
2014-W23,examples/matlab_csv_serial,1
2014-W23,lib/ecl,1
2014-W23,modules/commander,3
2014-W23,modules/controllib,1
2014-W23,modules/dataman,1
2014-W23,modules/ekf_att_pos_estimator,11
2014-W23,modules/fw_pos_control_l1,4
2014-W23,modules/mavlink,15
2014-W23,modules/mc_att_control,2
2014-W23,modules/mc_pos_control,6
2014-W23,modules/navigator,16
2014-W23,modules/position_estimator_inav,1
2014-W23,modules/sdlog2,4
2014-W23,modules/uORB,5
2014-W24,drivers,1
2014-W24,drivers/device,1
2014-W24,drivers/gps,3
2014-W24,drivers/hmc5883,1
2014-W24,drivers/l3gd20,1
2014-W24,drivers/lsm303d,1
2014-W24,drivers/mpu6000,1
2014-W24,drivers/ms5611,1
2014-W24,examples/matlab_csv_serial,1
2014-W24,modules/commander,6
2014-W24,modules/dataman,3
2014-W24,modules/ekf_att_pos_estimator,8
2014-W24,modules/fw_att_control,2
2014-W24,modules/fw_pos_control_l1,4
2014-W24,modules/mavlink,16
2014-W24,modules/mc_pos_control,4
2014-W24,modules/navigator,15
2014-W24,modules/sdlog2,2
2014-W24,modules/sensors,1
2014-W24,modules/uORB,5
2014-W25,drivers/gps,3
2014-W25,drivers/mpu6000,1
2014-W25,modules/attitude_estimator_ekf,3
2014-W25,modules/commander,7
2014-W25,modules/ekf_att_pos_estimator,4
2014-W25,modules/gpio_led,1
2014-W25,modules/mavlink,9
2014-W25,modules/mc_att_control,1
2014-W25,modules/mc_pos_control,3
2014-W25,modules/navigator,4
2014-W25,modules/position_estimator_inav,1
2014-W25,modules/sdlog2,1
2014-W25,modules/sensors,6
2014-W25,modules/uORB,5
2014-W26,drivers/boards,2
2014-W26,drivers/device,1
2014-W26,drivers/ets_airspeed,1
2014-W26,drivers/gps,1
2014-W26,drivers/hmc5883,1
2014-W26,drivers/l3gd20,1
2014-W26,drivers/lsm303d,1
2014-W26,drivers/mkblctrl,3
2014-W26,drivers/mpu6000,2
2014-W26,drivers/ms5611,1
2014-W26,drivers/px4fmu,2
2014-W26,drivers/px4io,2
2014-W26,drivers/roboclaw,2
2014-W26,drivers/sf0x,1
2014-W26,examples/px4_simple_app,1
2014-W26,lib/ecl,1
2014-W26,lib/geo,2
2014-W26,lib/geo_lookup,2
2014-W26,modules/attitude_estimator_ekf,1
2014-W26,modules/attitude_estimator_so3,1
2014-W26,modules/commander,14
2014-W26,modules/dataman,1
2014-W26,modules/ekf_att_pos_estimator,22
2014-W26,modules/fw_att_control,1
2014-W26,modules/fw_pos_control_l1,7
2014-W26,modules/gpio_led,3
2014-W26,modules/mavlink,17
2014-W26,modules/mc_pos_control,2
2014-W26,modules/navigator,16
2014-W26,modules/position_estimator_inav,4
2014-W26,modules/px4iofirmware,3
2014-W26,modules/sdlog2,1
2014-W26,modules/sensors,1
2014-W26,modules/systemlib,3
2014-W26,modules/uORB,7
2014-W26,modules/uavcan,1
2014-W26,systemcmds/mtd,3
2014-W26,systemcmds/param,1
2014-W26,systemcmds/tests,3
2014-W27,drivers/blinkm,1
2014-W27,drivers/boards,2
2014-W27,drivers/device,1
2014-W27,drivers/gps,3
2014-W27,drivers/hmc5883,4
2014-W27,drivers/l3gd20,1
2014-W27,drivers/lsm303d,1
2014-W27,drivers/mpu6000,1
2014-W27,lib/conversion,1
2014-W27,lib/external_lgpl,1
2014-W27,lib/geo,3
2014-W27,modules/commander,12
2014-W27,modules/ekf_att_pos_estimator,3
2014-W27,modules/fw_pos_control_l1,11
2014-W27,modules/mavlink,13
2014-W27,modules/mc_pos_control,1
2014-W27,modules/navigator,5
2014-W27,modules/position_estimator_inav,2
2014-W27,modules/px4iofirmware,2
2014-W27,modules/sdlog2,3
2014-W27,modules/sensors,1
2014-W27,modules/systemlib,8
2014-W27,modules/uORB,6
2014-W27,modules/uavcan,8
2014-W27,systemcmds/mtd,1
2014-W27,systemcmds/nshterm,1
2014-W27,systemcmds/param,2
2014-W27,systemcmds/pwm,1
2014-W27,systemcmds/tests,2
2014-W28,drivers,3
2014-W28,drivers/ardrone_interface,2
2014-W28,drivers/blinkm,1
2014-W28,drivers/boards,1
2014-W28,drivers/device,4
2014-W28,drivers/ets_airspeed,1
2014-W28,drivers/frsky_telemetry,1
2014-W28,drivers/gps,2
2014-W28,drivers/hil,1
2014-W28,drivers/hmc5883,4
2014-W28,drivers/hott,1
2014-W28,drivers/l3gd20,2
2014-W28,drivers/ll40ls,2
2014-W28,drivers/lsm303d,3
2014-W28,drivers/mb12xx,2
2014-W28,drivers/meas_airspeed,1
2014-W28,drivers/mkblctrl,1
2014-W28,drivers/mpu6000,2
2014-W28,drivers/ms5611,2
2014-W28,drivers/px4fmu,1
2014-W28,drivers/px4io,5
2014-W28,drivers/sf0x,1
2014-W28,include/mavlink,1
2014-W28,lib/mathlib,1
2014-W28,lib/rc,3
2014-W28,modules/commander,33
2014-W28,modules/dataman,1
2014-W28,modules/ekf_att_pos_estimator,12
2014-W28,modules/fw_att_control,1
2014-W28,modules/fw_pos_control_l1,1
2014-W28,modules/mavlink,10
2014-W28,modules/mc_pos_control,1
2014-W28,modules/navigator,10
2014-W28,modules/sensors,5
2014-W28,modules/uORB,4
2014-W28,modules/uavcan,4
2014-W28,systemcmds/mtd,1
2014-W28,systemcmds/param,2
2014-W28,systemcmds/tests,3
2014-W29,drivers,2
2014-W29,drivers/airspeed,1
2014-W29,drivers/device,4
2014-W29,drivers/ets_airspeed,2
2014-W29,drivers/hmc5883,5
2014-W29,drivers/l3gd20,3
2014-W29,drivers/lsm303d,3
2014-W29,drivers/meas_airspeed,3
2014-W29,drivers/mpu6000,3
2014-W29,drivers/pca8574,1
2014-W29,drivers/px4fmu,1
2014-W29,drivers/px4io,4
2014-W29,drivers/rgbled,1
2014-W29,examples/matlab_csv_serial,1
2014-W29,lib/mathlib,2
2014-W29,modules/commander,23
2014-W29,modules/controllib,3
2014-W29,modules/ekf_att_pos_estimator,1
2014-W29,modules/fw_att_control,1
2014-W29,modules/fw_pos_control_l1,9
2014-W29,modules/mavlink,26
2014-W29,modules/navigator,9
2014-W29,modules/position_estimator_inav,1
2014-W29,modules/px4iofirmware,2
2014-W29,modules/sdlog2,3
2014-W29,modules/sensors,2
2014-W29,modules/systemlib,3
2014-W29,modules/uORB,13
2014-W29,systemcmds/pwm,5
2014-W30,drivers,1
2014-W30,drivers/airspeed,1
2014-W30,drivers/bma180,1
2014-W30,drivers/ets_airspeed,1
2014-W30,drivers/hil,1
2014-W30,drivers/led,1
2014-W30,drivers/md25,1
2014-W30,drivers/meas_airspeed,2
2014-W30,drivers/ms5611,1
2014-W30,drivers/px4flow,1
2014-W30,drivers/px4io,2
2014-W30,drivers/roboclaw,1
2014-W30,drivers/stm32,1
2014-W30,drivers/trone,1
2014-W30,modules/attitude_estimator_ekf,3
2014-W30,modules/commander,8
2014-W30,modules/ekf_att_pos_estimator,2
2014-W30,modules/fw_pos_control_l1,1
2014-W30,modules/mavlink,22
2014-W30,modules/navigator,9
2014-W30,modules/position_estimator_inav,7
2014-W30,modules/px4iofirmware,4
2014-W30,modules/systemlib,1
2014-W30,modules/uORB,7
2014-W31,drivers,1
2014-W31,drivers/lsm303d,1
2014-W31,drivers/meas_airspeed,3
2014-W31,drivers/stm32,1
2014-W31,lib/ecl,1
2014-W31,lib/external_lgpl,5
2014-W31,modules/commander,2
2014-W31,modules/controllib,1
2014-W31,modules/ekf_att_pos_estimator,1
2014-W31,modules/fw_pos_control_l1,11
2014-W31,modules/mavlink,13
2014-W31,modules/navigator,2
2014-W31,modules/position_estimator_inav,1
2014-W31,modules/sdlog2,1
2014-W31,modules/uORB,2
2014-W31,modules/uavcan,4
2014-W31,systemcmds/nshterm,1
2014-W32,modules/commander,3
2014-W32,modules/ekf_att_pos_estimator,2
2014-W32,modules/mavlink,3
2014-W32,modules/mc_pos_control,3
2014-W32,modules/uORB,2
2014-W32,modules/uavcan,1
2014-W33,drivers/ms5611,1
2014-W33,drivers/px4io,4
2014-W33,lib/ecl,1
2014-W33,lib/geo,1
2014-W33,modules/bottle_drop,8
2014-W33,modules/commander,10
2014-W33,modules/ekf_att_pos_estimator,1
2014-W33,modules/fw_att_control,1
2014-W33,modules/gpio_led,1
2014-W33,modules/mavlink,9
2014-W33,modules/mc_pos_control,2
2014-W33,modules/navigator,12
2014-W33,modules/position_estimator_inav,1
2014-W33,modules/sensors,3
2014-W33,modules/systemlib,1
2014-W33,modules/uORB,5
2014-W33,modules/uavcan,2
2014-W33,modules/unit_test,1
2014-W33,systemcmds/esc_calib,1
2014-W33,systemcmds/mtd,1
2014-W33,systemcmds/nshterm,1
2014-W33,systemcmds/pwm,1
2014-W34,drivers/adafruiti2cpwm,3
2014-W34,drivers/airspeed,2
2014-W34,drivers/ets_airspeed,1
2014-W34,drivers/hmc5883,1
2014-W34,drivers/meas_airspeed,5
2014-W34,drivers/pca9685,2
2014-W34,drivers/sf0x,1
2014-W34,lib/launchdetection,3
2014-W34,modules/attitude_estimator_ekf,2
2014-W34,modules/bottle_drop,15
2014-W34,modules/commander,18
2014-W34,modules/ekf_att_pos_estimator,4
2014-W34,modules/fw_att_control,2
2014-W34,modules/fw_pos_control_l1,4
2014-W34,modules/mavlink,6
2014-W34,modules/navigator,15
2014-W34,modules/sensors,2
2014-W34,modules/uORB,4
2014-W34,modules/uavcan,16
2014-W34,systemcmds/tests,1
2014-W35,drivers,3
2014-W35,drivers/device,1
2014-W35,drivers/px4flow,1
2014-W35,drivers/px4fmu,1
2014-W35,drivers/px4io,2
2014-W35,drivers/sf0x,5
2014-W35,lib/external_lgpl,1
2014-W35,modules/bottle_drop,3
2014-W35,modules/commander,4
2014-W35,modules/fw_pos_control_l1,4
2014-W35,modules/mavlink,6
2014-W35,modules/mc_pos_control,1
2014-W35,modules/navigator,1
2014-W35,modules/px4iofirmware,5
2014-W35,modules/sdlog2,6
2014-W35,modules/systemlib,2
2014-W35,modules/uORB,5
2014-W35,modules/uavcan,2
2014-W35,systemcmds/motor_test,1
2014-W35,systemcmds/pwm,1
2014-W36,lib/external_lgpl,3
2014-W36,lib/rc,1
2014-W36,modules/attitude_estimator_ekf,1
2014-W36,modules/bottle_drop,5
2014-W36,modules/commander,11
2014-W36,modules/ekf_att_pos_estimator,4
2014-W36,modules/fw_att_control,3
2014-W36,modules/fw_pos_control_l1,10
2014-W36,modules/mavlink,8
2014-W36,modules/mc_pos_control,2
2014-W36,modules/navigator,9
2014-W36,modules/position_estimator_inav,2
2014-W36,modules/px4iofirmware,1
2014-W36,modules/sdlog2,1
2014-W36,modules/systemlib,2
2014-W36,modules/uORB,3
2014-W36,modules/uavcan,1
2014-W36,modules/unit_test,1
2014-W37,drivers/mpu6000,1
2014-W37,lib/launchdetection,1
2014-W37,modules/bottle_drop,3
2014-W37,modules/commander,3
2014-W37,modules/fw_pos_control_l1,2
2014-W37,modules/mavlink,10
2014-W37,modules/unit_test,1
2014-W38,modules/bottle_drop,2
2014-W38,modules/commander,4
2014-W38,modules/dataman,3
2014-W38,modules/fw_pos_control_l1,1
2014-W38,modules/mavlink,5
2014-W38,modules/navigator,7
2014-W38,modules/systemlib,1
2014-W39,drivers,1
2014-W39,drivers/gps,1
2014-W39,lib/ecl,8
2014-W39,lib/geo,1
2014-W39,lib/geo_lookup,1
2014-W39,lib/mathlib,3
2014-W39,modules/commander,1
2014-W39,modules/fw_att_control,4
2014-W39,modules/fw_pos_control_l1,2
2014-W39,modules/mavlink,5
2014-W39,modules/mc_pos_control,1
2014-W39,modules/navigator,4
2014-W39,modules/systemlib,2
2014-W39,modules/uORB,2
2014-W40,drivers,1
2014-W40,drivers/gps,5
2014-W40,drivers/mpu6000,1
2014-W40,drivers/px4io,1
2014-W40,lib/conversion,1
2014-W40,modules/commander,2
2014-W40,modules/dataman,1
2014-W40,modules/mavlink,8
2014-W40,modules/mc_pos_control,1
2014-W40,modules/navigator,6
2014-W40,modules/systemlib,3
2014-W40,modules/uORB,2
2014-W41,drivers,3
2014-W41,drivers/boards,4
2014-W41,drivers/device,1
2014-W41,drivers/gps,9
2014-W41,drivers/ms5611,3
2014-W41,drivers/px4fmu,1
2014-W41,drivers/px4io,2
2014-W41,drivers/sf0x,7
2014-W41,examples/publisher,2
2014-W41,examples/subscriber,1
2014-W41,lib/geo,1
2014-W41,lib/rc,7
2014-W41,modules/ekf_att_pos_estimator,5
2014-W41,modules/mavlink,3
2014-W41,modules/navigator,1
2014-W41,modules/px4iofirmware,6
2014-W41,modules/uORB,2
2014-W41,modules/uavcan,2
2014-W41,systemcmds/mtd,1
2014-W42,drivers,1
2014-W42,drivers/hott,1
2014-W42,drivers/ll40ls,1
2014-W42,drivers/mkblctrl,1
2014-W42,drivers/ms5611,1
2014-W42,drivers/px4io,2
2014-W42,modules/mavlink,3
2014-W42,modules/position_estimator_inav,1
2014-W42,modules/px4iofirmware,2
2014-W42,modules/sdlog2,4
2014-W42,modules/sensors,1
2014-W42,modules/uORB,5
2014-W42,modules/uavcan,3
2014-W43,drivers/ll40ls,3
2014-W43,drivers/px4flow,1
2014-W43,drivers/px4io,1
2014-W43,drivers/sf0x,1
2014-W43,lib/rc,1
2014-W43,modules/bottle_drop,1
2014-W43,modules/commander,3
2014-W43,modules/ekf_att_pos_estimator,2
2014-W43,modules/mc_att_control,1
2014-W43,modules/navigator,1
2014-W43,modules/sdlog2,1
2014-W43,modules/uORB,2
2014-W43,modules/vtol_att_control,1
2014-W44,drivers/boards,1
2014-W44,drivers/px4flow,13
2014-W44,examples/flow_position_estimator,1
2014-W44,lib/external_lgpl,2
2014-W44,modules/commander,3
2014-W44,modules/mavlink,6
2014-W44,modules/mc_att_control,1
2014-W44,modules/position_estimator_inav,1
2014-W44,modules/px4iofirmware,4
2014-W44,modules/sdlog2,3
2014-W44,modules/uORB,3
2014-W44,systemcmds/nshterm,3
2014-W44,systemcmds/tests,1
2014-W45,drivers,3
2014-W45,drivers/airspeed,1
2014-W45,drivers/l3gd20,2
2014-W45,drivers/px4io,5
2014-W45,examples/publisher,2
2014-W45,examples/subscriber,2
2014-W45,include,1
2014-W45,lib/conversion,2
2014-W45,lib/external_lgpl,1
2014-W45,modules/mavlink,2
2014-W45,modules/mc_att_control,3
2014-W45,modules/px4iofirmware,4
2014-W45,modules/systemlib,1
2014-W45,modules/uORB,2
2014-W45,modules/uavcan,1
2014-W45,platforms,1
2014-W45,platforms/nuttx,1
2014-W45,platforms/ros,1
2014-W45,systemcmds/motor_test,1
2014-W45,systemcmds/nshterm,1
2014-W45,systemcmds/reflect,1
2014-W46,drivers,1
2014-W46,drivers/airspeed,1
2014-W46,drivers/ardrone_interface,1
2014-W46,drivers/boards,1
2014-W46,drivers/device,1
2014-W46,drivers/frsky_telemetry,1
2014-W46,drivers/hil,1
2014-W46,drivers/hmc5883,2
2014-W46,drivers/hott,1
2014-W46,drivers/l3gd20,1
2014-W46,drivers/lsm303d,1
2014-W46,drivers/meas_airspeed,1
2014-W46,drivers/mpu6000,1
2014-W46,drivers/px4flow,2
2014-W46,drivers/px4fmu,1
2014-W46,drivers/px4io,2
2014-W46,drivers/stm32,1
2014-W46,lib/ecl,2
2014-W46,lib/geo,2
2014-W46,lib/geo_lookup,1
2014-W46,lib/mathlib,8
2014-W46,modules/bottle_drop,2
2014-W46,modules/commander,12
2014-W46,modules/controllib,1
2014-W46,modules/fw_att_control,4
2014-W46,modules/mavlink,1
2014-W46,modules/mc_att_control,3
2014-W46,modules/navigator,8
2014-W46,modules/px4iofirmware,7
2014-W46,modules/sdlog2,1
2014-W46,modules/sensors,1
2014-W46,modules/systemlib,4
2014-W46,modules/uORB,8
2014-W46,modules/uavcan,7
2014-W46,modules/vtol_att_control,1
2014-W46,platforms,4
2014-W46,platforms/ros,1
2014-W46,systemcmds/motor_test,2
2014-W46,systemcmds/pwm,1
2014-W46,systemcmds/ver,6
2014-W47,drivers,1
2014-W47,drivers/gps,2
2014-W47,drivers/irlock,1
2014-W47,modules/attitude_estimator_ekf,2
2014-W47,modules/bottle_drop,1
2014-W47,modules/commander,5
2014-W47,modules/dataman,2
2014-W47,modules/ekf_att_pos_estimator,2
2014-W47,modules/mavlink,3
2014-W47,modules/mc_att_control,2
2014-W47,modules/mc_pos_control,5
2014-W47,modules/navigator,4
2014-W47,modules/position_estimator_inav,4
2014-W47,modules/px4iofirmware,2
2014-W47,modules/sdlog2,1
2014-W47,modules/systemlib,1
2014-W47,modules/uORB,1
2014-W47,modules/uavcan,8
2014-W47,systemcmds/motor_test,1
2014-W47,systemcmds/ver,1
2014-W48,drivers,1
2014-W48,drivers/batt_smbus,1
2014-W48,drivers/hmc5883,1
2014-W48,drivers/px4io,3
2014-W48,examples/publisher,7
2014-W48,examples/subscriber,15
2014-W48,include,3
2014-W48,include/containers,1
2014-W48,modules/fw_att_control,2
2014-W48,modules/fw_pos_control_l1,3
2014-W48,modules/uORB,4
2014-W48,modules/uavcan,1
2014-W48,platforms,21
2014-W48,platforms/nuttx,5
2014-W48,platforms/ros,3
2014-W49,drivers/rgbled,1
2014-W49,examples/flow_position_estimator,2
2014-W49,examples/subscriber,8
2014-W49,include,4
2014-W49,modules/attitude_estimator_ekf,2
2014-W49,modules/commander,5
2014-W49,modules/ekf_att_pos_estimator,2
2014-W49,modules/fw_att_control,5
2014-W49,modules/fw_pos_control_l1,2
2014-W49,modules/mavlink,1
2014-W49,modules/mc_att_control,15
2014-W49,modules/mc_pos_control,2
2014-W49,modules/position_estimator_inav,2
2014-W49,modules/sdlog2,2
2014-W49,modules/sensors,1
2014-W49,modules/systemlib,1
2014-W49,modules/uORB,5
2014-W49,modules/uavcan,2
2014-W49,modules/vtol_att_control,8
2014-W49,platforms,11
2014-W50,drivers/batt_smbus,1
2014-W50,drivers/device,1
2014-W50,drivers/ll40ls,4
2014-W50,drivers/mb12xx,1
2014-W50,drivers/px4fmu,1
2014-W50,drivers/sf0x,2
2014-W50,drivers/trone,2
2014-W50,examples/fixedwing_control,1
2014-W50,examples/flow_speed_control,1
2014-W50,examples/hwtest,1
2014-W50,examples/math_demo,1
2014-W50,examples/publisher,4
2014-W50,examples/subscriber,9
2014-W50,modules/commander,1
2014-W50,modules/fw_att_control,1
2014-W50,modules/fw_pos_control_l1,5
2014-W50,modules/mavlink,2
2014-W50,modules/mc_att_control,21
2014-W50,modules/mc_pos_control,1
2014-W50,modules/sensors,1
2014-W50,modules/systemlib,2
2014-W50,modules/uORB,12
2014-W50,platforms,20
2014-W50,systemcmds/esc_calib,1
2014-W51,drivers,1
2014-W51,drivers/batt_smbus,1
2014-W51,drivers/mpu6000,1
2014-W51,drivers/stm32,1
2014-W51,include,1
2014-W51,lib/geo,1
2014-W51,lib/mathlib,2
2014-W51,modules/bottle_drop,1
2014-W51,modules/commander,3
2014-W51,modules/fw_att_control,2
2014-W51,modules/fw_pos_control_l1,2
2014-W51,modules/mavlink,11
2014-W51,modules/mc_att_control,4
2014-W51,modules/navigator,8
2014-W51,modules/position_estimator_inav,1
2014-W51,modules/px4iofirmware,2
2014-W51,modules/systemlib,5
2014-W51,modules/uORB,3
2014-W51,modules/vtol_att_control,4
2014-W51,platforms,6
2014-W51,platforms/ros,3
2014-W51,systemcmds/perf,1
2014-W52,drivers,2
2014-W52,drivers/ardrone_interface,1
2014-W52,drivers/boards,1
2014-W52,drivers/frsky_telemetry,1
2014-W52,drivers/hott,2
2014-W52,drivers/mpu6000,1
2014-W52,drivers/ms5611,1
2014-W52,drivers/oreoled,1
2014-W52,drivers/px4flow,4
2014-W52,drivers/roboclaw,1
2014-W52,drivers/trone,1
2014-W52,examples/fixedwing_control,3
2014-W52,examples/flow_position_estimator,1
2014-W52,examples/hwtest,1
2014-W52,examples/matlab_csv_serial,1
2014-W52,examples/px4_daemon_app,1
2014-W52,lib,1
2014-W52,lib/conversion,2
2014-W52,lib/mathlib,1
2014-W52,lib/rc,1
2014-W52,modules/attitude_estimator_ekf,4
2014-W52,modules/attitude_estimator_so3,1
2014-W52,modules/bottle_drop,1
2014-W52,modules/commander,5
2014-W52,modules/ekf_att_pos_estimator,4
2014-W52,modules/fixedwing_backside,1
2014-W52,modules/fw_att_control,2
2014-W52,modules/fw_pos_control_l1,1
2014-W52,modules/mavlink,10
2014-W52,modules/mc_att_control,5
2014-W52,modules/navigator,1
2014-W52,modules/position_estimator_inav,2
2014-W52,modules/sdlog2,3
2014-W52,modules/segway,1
2014-W52,modules/sensors,4
2014-W52,modules/systemlib,2
2014-W52,modules/uORB,2
2014-W52,modules/uavcan,1
2014-W52,modules/vtol_att_control,3
2014-W52,platforms,2
2014-W52,systemcmds/bl_update,1
2014-W52,systemcmds/mixer,2
2014-W52,systemcmds/mtd,2
2014-W52,systemcmds/param,1
2014-W52,systemcmds/tests,2
2015-W01,drivers/batt_smbus,5
2015-W01,drivers/device,3
2015-W01,drivers/frsky_telemetry,1
2015-W01,drivers/gps,9
2015-W01,drivers/hmc5883,3
2015-W01,drivers/hott,1
2015-W01,drivers/l3gd20,8
2015-W01,drivers/ll40ls,1
2015-W01,drivers/lsm303d,8
2015-W01,drivers/mpu6000,7
2015-W01,drivers/px4flow,3
2015-W01,include/mavlink,1
2015-W01,lib/ecl,5
2015-W01,lib/mathlib,1
2015-W01,modules/commander,1
2015-W01,modules/ekf_att_pos_estimator,2
2015-W01,modules/fw_att_control,6
2015-W01,modules/mavlink,8
2015-W01,modules/mc_att_control,2
2015-W01,modules/navigator,1
2015-W01,modules/position_estimator_inav,1
2015-W01,modules/sdlog2,17
2015-W01,modules/sensors,2
2015-W01,modules/systemlib,2
2015-W01,modules/uORB,2
2015-W01,modules/uavcan,1
2015-W01,modules/vtol_att_control,2
2015-W01,platforms,5
2015-W01,platforms/ros,32
2015-W01,systemcmds/nshterm,3
2015-W01,systemcmds/tests,1
2015-W02,drivers,1
2015-W02,drivers/gps,1
2015-W02,drivers/hmc5883,1
2015-W02,drivers/mpu6000,1
2015-W02,drivers/px4fmu,1
2015-W02,drivers/px4io,3
2015-W02,drivers/servo_gimbal,2
2015-W02,examples/fixedwing_control,1
2015-W02,examples/publisher,2
2015-W02,examples/subscriber,2
2015-W02,lib,3
2015-W02,lib/ecl,1
2015-W02,lib/geo,1
2015-W02,lib/mathlib,3
2015-W02,modules/attitude_estimator_ekf,2
2015-W02,modules/commander,4
2015-W02,modules/ekf_att_pos_estimator,1
2015-W02,modules/fw_att_control,2
2015-W02,modules/fw_land_detector,4
2015-W02,modules/land_detector,2
2015-W02,modules/mavlink,3
2015-W02,modules/mc_att_control,3
2015-W02,modules/mc_att_control_multiplatform,3
2015-W02,modules/mc_land_detector,5
2015-W02,modules/position_estimator_inav,2
2015-W02,modules/px4iofirmware,3
2015-W02,modules/sdlog2,3
2015-W02,modules/sensors,4
2015-W02,modules/systemlib,19
2015-W02,modules/uORB,7
2015-W02,modules/uavcan,2
2015-W02,platforms,5
2015-W02,platforms/ros,3
2015-W02,systemcmds/config,1
2015-W02,systemcmds/preflight_check,1
2015-W02,systemcmds/tests,1
2015-W03,drivers/gimbal,2
2015-W03,drivers/ms5611,2
2015-W03,drivers/servo_gimbal,1
2015-W03,examples/publisher,1
2015-W03,examples/subscriber,1
2015-W03,lib,1
2015-W03,modules/attitude_estimator_ekf,1
2015-W03,modules/commander,4
2015-W03,modules/ekf_att_pos_estimator,2
2015-W03,modules/land_detector,7
2015-W03,modules/sdlog2,1
2015-W03,modules/uORB,3
2015-W03,modules/uavcan,6
2015-W03,modules/vtol_att_control,1
2015-W03,platforms,1
2015-W03,platforms/nuttx,1
2015-W03,platforms/ros,6
2015-W04,drivers,4
2015-W04,drivers/ardrone_interface,1
2015-W04,drivers/batt_smbus,1
2015-W04,drivers/gps,1
2015-W04,drivers/hil,1
2015-W04,drivers/hmc5883,4
2015-W04,drivers/l3gd20,1
2015-W04,drivers/ll40ls,1
2015-W04,drivers/lsm303d,2
2015-W04,drivers/mb12xx,3
2015-W04,drivers/mkblctrl,1
2015-W04,drivers/mpu6000,1
2015-W04,drivers/ms5611,1
2015-W04,drivers/px4flow,1
2015-W04,drivers/px4fmu,3
2015-W04,drivers/px4io,12
2015-W04,drivers/roboclaw,1
2015-W04,examples/fixedwing_control,1
2015-W04,examples/hwtest,1
2015-W04,examples/matlab_csv_serial,1
2015-W04,examples/publisher,6
2015-W04,examples/subscriber,8
2015-W04,lib,2
2015-W04,modules/attitude_estimator_ekf,1
2015-W04,modules/bottle_drop,1
2015-W04,modules/commander,6
2015-W04,modules/controllib,1
2015-W04,modules/dataman,1
2015-W04,modules/ekf_att_pos_estimator,4
2015-W04,modules/fw_att_control,2
2015-W04,modules/mavlink,3
2015-W04,modules/mc_att_control,1
2015-W04,modules/mc_att_control_multiplatform,2
2015-W04,modules/navigator,2
2015-W04,modules/position_estimator_inav,2
2015-W04,modules/px4iofirmware,1
2015-W04,modules/sdlog2,2
2015-W04,modules/sensors,3
2015-W04,modules/systemlib,2
2015-W04,modules/uORB,11
2015-W04,modules/uavcan,5
2015-W04,modules/vtol_att_control,1
2015-W04,platforms,27
2015-W04,platforms/nuttx,4
2015-W04,platforms/ros,3
2015-W04,systemcmds/esc_calib,1
2015-W04,systemcmds/ver,1
2015-W05,drivers,3
2015-W05,drivers/ardrone_interface,1
2015-W05,drivers/blinkm,1
2015-W05,drivers/boards,1
2015-W05,drivers/hil,1
2015-W05,drivers/l3gd20,2
2015-W05,drivers/lsm303d,2
2015-W05,drivers/mkblctrl,1
2015-W05,drivers/mpu6000,5
2015-W05,drivers/ms5611,1
2015-W05,drivers/px4fmu,2
2015-W05,drivers/px4io,3
2015-W05,drivers/trone,1
2015-W05,examples/publisher,1
2015-W05,examples/subscriber,1
2015-W05,include/containers,1
2015-W05,modules/commander,4
2015-W05,modules/ekf_att_pos_estimator,1
2015-W05,modules/fw_pos_control_l1,1
2015-W05,modules/mavlink,2
2015-W05,modules/mc_att_control,1
2015-W05,modules/mc_att_control_multiplatform,4
2015-W05,modules/mc_pos_control,3
2015-W05,modules/mc_pos_control_multiplatform,3
2015-W05,modules/navigator,2
2015-W05,modules/sdlog2,1
2015-W05,modules/sensors,5
2015-W05,modules/systemlib,4
2015-W05,modules/uORB,4
2015-W05,modules/uavcan,2
2015-W05,platforms,2
2015-W05,platforms/ros,13
2015-W05,systemcmds/config,3
2015-W05,systemcmds/nshterm,1
2015-W05,systemcmds/param,1
2015-W05,systemcmds/preflight_check,2
2015-W05,systemcmds/tests,2
2015-W06,drivers,1
2015-W06,drivers/airspeed,1
2015-W06,drivers/blinkm,1
2015-W06,drivers/device,1
2015-W06,drivers/ets_airspeed,1
2015-W06,drivers/gps,3
2015-W06,drivers/hil,1
2015-W06,drivers/hmc5883,3
2015-W06,drivers/l3gd20,3
2015-W06,drivers/led,1
2015-W06,drivers/ll40ls,1
2015-W06,drivers/lsm303d,3
2015-W06,drivers/mb12xx,1
2015-W06,drivers/meas_airspeed,1
2015-W06,drivers/mpu6000,2
2015-W06,drivers/ms5611,2
2015-W06,drivers/px4flow,1
2015-W06,drivers/px4fmu,1
2015-W06,drivers/px4io,4
2015-W06,drivers/rgbled,1
2015-W06,drivers/sf0x,1
2015-W06,drivers/stm32,1
2015-W06,drivers/trone,1
2015-W06,examples/subscriber,1
2015-W06,include,1
2015-W06,lib/mathlib,1
2015-W06,modules/commander,1
2015-W06,modules/ekf_att_pos_estimator,11
2015-W06,modules/mavlink,1
2015-W06,modules/mc_att_control,1
2015-W06,modules/mc_att_control_multiplatform,2
2015-W06,modules/mc_pos_control,2
2015-W06,modules/mc_pos_control_multiplatform,3
2015-W06,modules/navigator,1
2015-W06,modules/sdlog2,1
2015-W06,modules/sensors,2
2015-W06,modules/systemlib,7
2015-W06,modules/uORB,1
2015-W06,modules/uavcan,1
2015-W06,modules/vtol_att_control,1
2015-W06,platforms,7
2015-W06,platforms/ros,2
2015-W06,systemcmds/esc_calib,1
2015-W06,systemcmds/param,1
2015-W06,systemcmds/preflight_check,2
2015-W06,systemcmds/pwm,1
2015-W06,systemcmds/tests,3
2015-W06,systemcmds/usb_connected,1
2015-W07,drivers,2
2015-W07,drivers/device,1
2015-W07,drivers/gps,5
2015-W07,drivers/hmc5883,2
2015-W07,drivers/l3gd20,2
2015-W07,drivers/lsm303d,2
2015-W07,drivers/px4fmu,2
2015-W07,drivers/px4io,2
2015-W07,drivers/rgbled,2
2015-W07,examples/flow_position_estimator,1
2015-W07,modules/attitude_estimator_ekf,1
2015-W07,modules/commander,9
2015-W07,modules/ekf_att_pos_estimator,15
2015-W07,modules/land_detector,6
2015-W07,modules/mavlink,7
2015-W07,modules/mc_pos_control_multiplatform,1
2015-W07,modules/sdlog2,2
2015-W07,modules/sensors,10
2015-W07,modules/systemlib,1
2015-W07,modules/uORB,2
2015-W07,platforms,2
2015-W07,platforms/ros,14
2015-W07,systemcmds/param,1
2015-W07,systemcmds/tests,1
2015-W08,drivers,3
2015-W08,drivers/batt_smbus,1
2015-W08,drivers/boards,1
2015-W08,drivers/ll40ls,1
2015-W08,drivers/mkblctrl,2
2015-W08,drivers/mpu6000,1
2015-W08,drivers/pwm_input,1
2015-W08,drivers/px4io,1
2015-W08,drivers/stm32,1
2015-W08,examples/rover_steering_control,2
2015-W08,modules/mavlink,6
2015-W08,modules/mc_att_control_multiplatform,4
2015-W08,modules/mc_pos_control,2
2015-W08,modules/mc_pos_control_multiplatform,7
2015-W08,modules/navigator,1
2015-W08,modules/px4iofirmware,2
2015-W08,platforms/ros,6
2015-W08,systemcmds/pwm,2
2015-W09,drivers,2
2015-W09,drivers/gps,1
2015-W09,drivers/irlock,1
2015-W09,drivers/mkblctrl,3
2015-W09,drivers/mpu6000,1
2015-W09,drivers/oreoled,1
2015-W09,drivers/px4fmu,3
2015-W09,examples/rover_steering_control,1
2015-W09,lib/mathlib,2
2015-W09,modules/commander,9
2015-W09,modules/ekf_att_pos_estimator,3
2015-W09,modules/fw_att_control,5
2015-W09,modules/land_detector,2
2015-W09,modules/mavlink,10
2015-W09,modules/mc_att_control,3
2015-W09,modules/mc_att_control_multiplatform,1
2015-W09,modules/mc_pos_control,2
2015-W09,modules/mc_pos_control_multiplatform,2
2015-W09,modules/navigator,1
2015-W09,modules/position_estimator_inav,1
2015-W09,modules/sensors,2
2015-W09,modules/uORB,5
2015-W09,modules/vtol_att_control,2
2015-W09,platforms/ros,1
2015-W09,systemcmds/bl_update,1
2015-W09,systemcmds/tests,4
2015-W10,drivers,2
2015-W10,drivers/batt_smbus,1
2015-W10,drivers/boards,1
2015-W10,drivers/gimbal,5
2015-W10,drivers/hmc5883,1
2015-W10,drivers/ms5611,1
2015-W10,drivers/oreoled,1
2015-W10,drivers/stm32,1
2015-W10,examples/fixedwing_control,2
2015-W10,examples/flow_position_estimator,2
2015-W10,examples/matlab_csv_serial,1
2015-W10,examples/publisher,1
2015-W10,examples/px4_daemon_app,1
2015-W10,examples/px4_simple_app,1
2015-W10,examples/rover_steering_control,1
2015-W10,examples/subscriber,1
2015-W10,lib/conversion,1
2015-W10,lib/ecl,2
2015-W10,lib/launchdetection,1
2015-W10,lib/mathlib,1
2015-W10,lib/rc,3
2015-W10,modules/attitude_estimator_ekf,1
2015-W10,modules/commander,9
2015-W10,modules/ekf_att_pos_estimator,9
2015-W10,modules/fixedwing_backside,1
2015-W10,modules/fw_att_control,1
2015-W10,modules/fw_pos_control_l1,1
2015-W10,modules/gpio_led,1
2015-W10,modules/land_detector,1
2015-W10,modules/mavlink,5
2015-W10,modules/mc_att_control,1
2015-W10,modules/mc_pos_control,1
2015-W10,modules/navigator,1
2015-W10,modules/position_estimator_inav,1
2015-W10,modules/px4iofirmware,2
2015-W10,modules/sensors,2
2015-W10,modules/systemlib,2
2015-W10,modules/uORB,2
2015-W10,platforms/ros,1
2015-W10,systemcmds/tests,2
2015-W10,systemcmds/usb_connected,1
2015-W11,drivers,2
2015-W11,drivers/airspeed,1
2015-W11,drivers/ardrone_interface,1
2015-W11,drivers/batt_smbus,1
2015-W11,drivers/blinkm,1
2015-W11,drivers/bma180,1
2015-W11,drivers/boards,1
2015-W11,drivers/device,6
2015-W11,drivers/ets_airspeed,1
2015-W11,drivers/gimbal,2
2015-W11,drivers/gps,3
2015-W11,drivers/hil,3
2015-W11,drivers/hmc5883,2
2015-W11,drivers/hott,3
2015-W11,drivers/l3gd20,2
2015-W11,drivers/led,1
2015-W11,drivers/ll40ls,1
2015-W11,drivers/lsm303d,2
2015-W11,drivers/mb12xx,1
2015-W11,drivers/md25,3
2015-W11,drivers/meas_airspeed,1
2015-W11,drivers/mkblctrl,3
2015-W11,drivers/mpu6000,2
2015-W11,drivers/ms5611,3
2015-W11,drivers/oreoled,1
2015-W11,drivers/pca8574,1
2015-W11,drivers/pca9685,1
2015-W11,drivers/pwm_input,1
2015-W11,drivers/px4flow,1
2015-W11,drivers/px4fmu,3
2015-W11,drivers/px4io,3
2015-W11,drivers/rgbled,1
2015-W11,drivers/roboclaw,3
2015-W11,drivers/sf0x,1
2015-W11,drivers/stm32,1
2015-W11,drivers/trone,1
2015-W11,examples/fixedwing_control,1
2015-W11,examples/flow_position_estimator,1
2015-W11,examples/hwtest,1
2015-W11,examples/matlab_csv_serial,1
2015-W11,examples/publisher,4
2015-W11,examples/px4_daemon_app,1
2015-W11,examples/px4_mavlink_debug,1
2015-W11,examples/px4_simple_app,1
2015-W11,examples/rover_steering_control,3
2015-W11,examples/subscriber,4
2015-W11,include/mavlink,1
2015-W11,lib/geo,2
2015-W11,lib/launchdetection,1
2015-W11,lib/mathlib,2
2015-W11,modules/attitude_estimator_ekf,3
2015-W11,modules/attitude_estimator_so3,3
2015-W11,modules/bottle_drop,3
2015-W11,modules/commander,11
2015-W11,modules/dataman,3
2015-W11,modules/ekf_att_pos_estimator,13
2015-W11,modules/fixedwing_backside,3
2015-W11,modules/fw_att_control,3
2015-W11,modules/fw_pos_control_l1,3
2015-W11,modules/land_detector,2
2015-W11,modules/mavlink,5
2015-W11,modules/mc_att_control,4
2015-W11,modules/mc_att_control_multiplatform,4
2015-W11,modules/mc_pos_control,2
2015-W11,modules/mc_pos_control_multiplatform,4
2015-W11,modules/navigator,3
2015-W11,modules/position_estimator_inav,2
2015-W11,modules/px4iofirmware,2
2015-W11,modules/sdlog2,1
2015-W11,modules/segway,3
2015-W11,modules/sensors,4
2015-W11,modules/systemlib,4
2015-W11,modules/uORB,7
2015-W11,modules/uavcan,3
2015-W11,modules/vtol_att_control,3
2015-W11,platforms,13
2015-W11,platforms/linux,14
2015-W11,platforms/nuttx,2
2015-W11,platforms/ros,2
2015-W11,systemcmds/bl_update,1
2015-W11,systemcmds/config,1
2015-W11,systemcmds/dumpfile,1
2015-W11,systemcmds/esc_calib,1
2015-W11,systemcmds/i2c,1
2015-W11,systemcmds/motor_test,1
2015-W11,systemcmds/mtd,1
2015-W11,systemcmds/nshterm,1
2015-W11,systemcmds/param,1
2015-W11,systemcmds/perf,1
2015-W11,systemcmds/pwm,1
2015-W11,systemcmds/reboot,1
2015-W11,systemcmds/reflect,1
2015-W11,systemcmds/tests,1
2015-W11,systemcmds/top,1
2015-W11,systemcmds/usb_connected,1
2015-W12,drivers,2
2015-W12,drivers/ardrone_interface,1
2015-W12,drivers/batt_smbus,2
2015-W12,drivers/blinkm,3
2015-W12,drivers/device,7
2015-W12,drivers/gimbal,1
2015-W12,drivers/hott,1
2015-W12,drivers/lsm303d,1
2015-W12,drivers/md25,1
2015-W12,drivers/mpu6000,1
2015-W12,drivers/ms5611,4
2015-W12,drivers/roboclaw,1
2015-W12,examples/fixedwing_control,1
2015-W12,examples/flow_position_estimator,1
2015-W12,examples/matlab_csv_serial,1
2015-W12,examples/publisher,1
2015-W12,examples/px4_daemon_app,1
2015-W12,examples/rover_steering_control,2
2015-W12,examples/subscriber,1
2015-W12,lib,2
2015-W12,lib/version,1
2015-W12,modules/attitude_estimator_ekf,1
2015-W12,modules/attitude_estimator_so3,1
2015-W12,modules/commander,3
2015-W12,modules/ekf_att_pos_estimator,1
2015-W12,modules/fixedwing_backside,1
2015-W12,modules/fw_att_control,1
2015-W12,modules/fw_pos_control_l1,1
2015-W12,modules/land_detector,1
2015-W12,modules/mavlink,8
2015-W12,modules/mc_att_control,7
2015-W12,modules/mc_att_control_multiplatform,1
2015-W12,modules/mc_pos_control,1
2015-W12,modules/mc_pos_control_multiplatform,1
2015-W12,modules/position_estimator_inav,1
2015-W12,modules/sdlog2,3
2015-W12,modules/segway,1
2015-W12,modules/sensors,1
2015-W12,modules/systemlib,3
2015-W12,modules/uORB,1
2015-W12,modules/uavcan,1
2015-W12,modules/vtol_att_control,1
2015-W12,platforms,3
2015-W12,platforms/linux,5
2015-W12,systemcmds/boardinfo,1
2015-W12,systemcmds/esc_calib,1
2015-W12,systemcmds/param,2
2015-W12,systemcmds/preflight_check,1
2015-W12,systemcmds/tests,6
2015-W13,drivers,3
2015-W13,drivers/airspeed,1
2015-W13,drivers/ardrone_interface,1
2015-W13,drivers/boards,1
2015-W13,drivers/device,2
2015-W13,drivers/frsky_telemetry,1
2015-W13,drivers/hmc5883,2
2015-W13,drivers/ll40ls,7
2015-W13,drivers/lsm303d,1
2015-W13,drivers/md25,1
2015-W13,drivers/mpu6000,1
2015-W13,drivers/px4io,1
2015-W13,lib/conversion,1
2015-W13,lib/mathlib,1
2015-W13,lib/rc,1
2015-W13,modules/attitude_estimator_ekf,1
2015-W13,modules/commander,12
2015-W13,modules/controllib,1
2015-W13,modules/dataman,1
2015-W13,modules/ekf_att_pos_estimator,1
2015-W13,modules/fw_att_control,2
2015-W13,modules/fw_pos_control_l1,1
2015-W13,modules/gpio_led,1
2015-W13,modules/land_detector,1
2015-W13,modules/mavlink,3
2015-W13,modules/mc_att_control,2
2015-W13,modules/mc_att_control_multiplatform,1
2015-W13,modules/mc_pos_control,1
2015-W13,modules/mc_pos_control_multiplatform,1
2015-W13,modules/navigator,1
2015-W13,modules/px4iofirmware,1
2015-W13,modules/sdlog2,4
2015-W13,modules/sensors,2
2015-W13,modules/systemlib,2
2015-W13,modules/uORB,3
2015-W13,modules/uavcan,2
2015-W13,modules/unit_test,1
2015-W13,platforms,3
2015-W13,platforms/linux,4
2015-W13,platforms/ros,1
2015-W13,systemcmds/param,2
2015-W13,systemcmds/perf,1
2015-W13,systemcmds/pwm,1
2015-W13,systemcmds/reboot,1
2015-W13,systemcmds/tests,2
2015-W14,drivers/device,5
2015-W14,drivers/hmc5883,3
2015-W14,drivers/ms5611,3
2015-W14,lib/mathlib,1
2015-W14,modules/attitude_estimator_ekf,1
2015-W14,modules/commander,5
2015-W14,modules/ekf_att_pos_estimator,3
2015-W14,modules/mavlink,4
2015-W14,modules/mc_att_control,1
2015-W14,modules/sdlog2,1
2015-W14,modules/sensors,1
2015-W14,modules/uORB,1
2015-W14,platforms,1
2015-W14,platforms/linux,1
2015-W14,platforms/ros,1
2015-W14,systemcmds/tests,6
2015-W15,drivers,3
2015-W15,drivers/batt_smbus,1
2015-W15,drivers/device,7
2015-W15,drivers/gps,3
2015-W15,drivers/hil,1
2015-W15,drivers/mkblctrl,1
2015-W15,drivers/ms5611,4
2015-W15,drivers/px4fmu,1
2015-W15,drivers/px4io,1
2015-W15,lib/mathlib,3
2015-W15,modules/attitude_estimator_ekf,1
2015-W15,modules/attitude_estimator_q,1
2015-W15,modules/commander,2
2015-W15,modules/mavlink,3
2015-W15,modules/mc_att_control,2
2015-W15,modules/mc_att_control_multiplatform,1
2015-W15,modules/px4iofirmware,3
2015-W15,modules/systemlib,3
2015-W15,modules/uORB,1
2015-W15,modules/uavcan,1
2015-W15,platforms,3
2015-W15,platforms/common,1
2015-W15,platforms/linux,13
2015-W15,platforms/ros,2
2015-W15,systemcmds/tests,2
2015-W16,drivers,4
2015-W16,drivers/boards,1
2015-W16,drivers/device,2
2015-W16,drivers/hil,2
2015-W16,drivers/ms5611,1
2015-W16,drivers/px4io,2
2015-W16,drivers/rgbled,1
2015-W16,drivers/sf0x,1
2015-W16,lib/version,2
2015-W16,modules/attitude_estimator_ekf,3
2015-W16,modules/attitude_estimator_q,2
2015-W16,modules/commander,14
2015-W16,modules/ekf_att_pos_estimator,2
2015-W16,modules/fw_att_control,4
2015-W16,modules/fw_pos_control_l1,1
2015-W16,modules/mavlink,2
2015-W16,modules/mc_att_control,1
2015-W16,modules/navigator,5
2015-W16,modules/position_estimator_inav,1
2015-W16,modules/sdlog2,5
2015-W16,modules/sensors,6
2015-W16,modules/simulator,4
2015-W16,modules/systemlib,3
2015-W16,modules/uORB,1
2015-W16,modules/uavcan,1
2015-W16,modules/vtol_att_control,1
2015-W16,platforms,5
2015-W16,platforms/linux,5
2015-W16,platforms/qurt,4
2015-W16,systemcmds/tests,1
2015-W16,systemcmds/ver,1
2015-W17,drivers,6
2015-W17,drivers/blinkm,3
2015-W17,drivers/boards,1
2015-W17,drivers/device,6
2015-W17,drivers/hil,5
2015-W17,drivers/hmc5883,1
2015-W17,drivers/ms5611,1
2015-W17,drivers/px4flow,1
2015-W17,drivers/rgbled,4
2015-W17,drivers/sf0x,1
2015-W17,include/containers,1
2015-W17,lib/ecl,1
2015-W17,lib/mathlib,2
2015-W17,lib/rc,1
2015-W17,lib/version,1
2015-W17,modules/attitude_estimator_ekf,4
2015-W17,modules/commander,28
2015-W17,modules/controllib,1
2015-W17,modules/dataman,1
2015-W17,modules/ekf_att_pos_estimator,2
2015-W17,modules/mavlink,16
2015-W17,modules/mc_att_control,1
2015-W17,modules/mc_pos_control,1
2015-W17,modules/navigator,3
2015-W17,modules/px4iofirmware,3
2015-W17,modules/sdlog2,2
2015-W17,modules/sensors,11
2015-W17,modules/simulator,1
2015-W17,modules/systemlib,5
2015-W17,modules/uORB,5
2015-W17,modules/uavcan,1
2015-W17,modules/vtol_att_control,2
2015-W17,platforms,10
2015-W17,platforms/posix,6
2015-W17,platforms/qurt,5
2015-W17,systemcmds/param,1
2015-W17,systemcmds/topic_listener,2
2015-W18,drivers/airspeed,1
2015-W18,drivers/device,3
2015-W18,drivers/led,1
2015-W18,drivers/px4io,1
2015-W18,drivers/rgbled,1
2015-W18,lib/ecl,1
2015-W18,modules/commander,6
2015-W18,modules/mavlink,4
2015-W18,modules/mc_att_control,2
2015-W18,modules/sdlog2,1
2015-W18,modules/sensors,1
2015-W18,modules/simulator,4
2015-W18,modules/systemlib,1
2015-W18,modules/uORB,3
2015-W18,platforms,4
2015-W18,platforms/posix,9
2015-W18,platforms/ros,1
2015-W18,systemcmds/mixer,2
2015-W18,systemcmds/param,1
2015-W18,systemcmds/topic_listener,1
2015-W19,drivers/ardrone_interface,1
2015-W19,drivers/blinkm,1
2015-W19,drivers/device,4
2015-W19,drivers/frsky_telemetry,1
2015-W19,drivers/gimbal,1
2015-W19,drivers/gps,1
2015-W19,drivers/hott,1
2015-W19,drivers/l3gd20,1
2015-W19,drivers/lsm303d,1
2015-W19,drivers/md25,1
2015-W19,drivers/mkblctrl,1
2015-W19,drivers/mpu6000,1
2015-W19,drivers/px4fmu,1
2015-W19,drivers/px4io,5
2015-W19,drivers/roboclaw,1
2015-W19,examples/fixedwing_control,2
2015-W19,examples/flow_position_estimator,2
2015-W19,examples/matlab_csv_serial,2
2015-W19,examples/publisher,1
2015-W19,examples/px4_daemon_app,1
2015-W19,examples/rover_steering_control,2
2015-W19,examples/subscriber,1
2015-W19,modules/attitude_estimator_ekf,3
2015-W19,modules/attitude_estimator_q,1
2015-W19,modules/attitude_estimator_so3,2
2015-W19,modules/bottle_drop,1
2015-W19,modules/commander,7
2015-W19,modules/dataman,1
2015-W19,modules/ekf_att_pos_estimator,1
2015-W19,modules/fixedwing_backside,1
2015-W19,modules/fw_att_control,1
2015-W19,modules/fw_pos_control_l1,1
2015-W19,modules/land_detector,1
2015-W19,modules/mavlink,2
2015-W19,modules/mc_att_control,1
2015-W19,modules/mc_att_control_multiplatform,1
2015-W19,modules/mc_pos_control,3
2015-W19,modules/mc_pos_control_multiplatform,1
2015-W19,modules/navigator,1
2015-W19,modules/position_estimator_inav,2
2015-W19,modules/px4iofirmware,1
2015-W19,modules/sdlog2,1
2015-W19,modules/segway,1
2015-W19,modules/sensors,2
2015-W19,modules/simulator,4
2015-W19,modules/systemlib,4
2015-W19,modules/uORB,4
2015-W19,modules/uavcan,1
2015-W19,modules/vtol_att_control,2
2015-W19,platforms,6
2015-W19,platforms/posix,6
2015-W19,platforms/qurt,7
2015-W19,systemcmds/param,1
2015-W19,systemcmds/reboot,1
2015-W19,systemcmds/tests,2
2015-W20,drivers/boards,1
2015-W20,drivers/device,3
2015-W20,examples/publisher,1
2015-W20,lib/ecl,1
2015-W20,modules/attitude_estimator_ekf,1
2015-W20,modules/attitude_estimator_q,1
2015-W20,modules/commander,11
2015-W20,modules/fw_att_control,1
2015-W20,modules/fw_pos_control_l1,1
2015-W20,modules/mavlink,13
2015-W20,modules/mc_att_control_multiplatform,1
2015-W20,modules/mc_pos_control,2
2015-W20,modules/mc_pos_control_multiplatform,2
2015-W20,modules/navigator,1
2015-W20,modules/position_estimator_inav,1
2015-W20,modules/sdlog2,3
2015-W20,modules/simulator,7
2015-W20,modules/systemlib,10
2015-W20,modules/uORB,1
2015-W20,platforms,3
2015-W20,platforms/common,1
2015-W20,platforms/nuttx,1
2015-W20,platforms/posix,3
2015-W20,platforms/qurt,6
2015-W21,drivers,8
2015-W21,drivers/airspeed,2
2015-W21,drivers/batt_smbus,1
2015-W21,drivers/bma180,1
2015-W21,drivers/boards,1
2015-W21,drivers/device,5
2015-W21,drivers/gimbal,1
2015-W21,drivers/gps,2
2015-W21,drivers/hil,1
2015-W21,drivers/hmc5883,3
2015-W21,drivers/hott,1
2015-W21,drivers/l3gd20,3
2015-W21,drivers/led,1
2015-W21,drivers/ll40ls,10
2015-W21,drivers/lsm303d,3
2015-W21,drivers/mb12xx,8
2015-W21,drivers/mkblctrl,1
2015-W21,drivers/mpu6000,2
2015-W21,drivers/ms5611,3
2015-W21,drivers/oreoled,1
2015-W21,drivers/pwm_input,4
2015-W21,drivers/px4flow,6
2015-W21,drivers/px4fmu,5
2015-W21,drivers/px4io,5
2015-W21,drivers/sf0x,8
2015-W21,drivers/trone,8
2015-W21,examples/hwtest,1
2015-W21,examples/publisher,1
2015-W21,examples/subscriber,2
2015-W21,include/containers,1
2015-W21,modules/attitude_estimator_q,1
2015-W21,modules/attitude_estimator_so3,1
2015-W21,modules/bottle_drop,1
2015-W21,modules/camera_trigger,8
2015-W21,modules/commander,21
2015-W21,modules/controllib,1
2015-W21,modules/dataman,2
2015-W21,modules/ekf_att_pos_estimator,3
2015-W21,modules/fw_att_control,2
2015-W21,modules/fw_pos_control_l1,4
2015-W21,modules/land_detector,3
2015-W21,modules/mavlink,23
2015-W21,modules/mc_att_control,4
2015-W21,modules/mc_att_control_multiplatform,1
2015-W21,modules/mc_pos_control,1
2015-W21,modules/mc_pos_control_multiplatform,1
2015-W21,modules/navigator,5
2015-W21,modules/position_estimator_inav,1
2015-W21,modules/px4iofirmware,1
2015-W21,modules/sdlog2,4
2015-W21,modules/sensors,6
2015-W21,modules/simulator,3
2015-W21,modules/systemlib,11
2015-W21,modules/uORB,15
2015-W21,modules/uavcan,3
2015-W21,modules/vtol_att_control,1
2015-W21,platforms,7
2015-W21,platforms/posix,7
2015-W21,platforms/qurt,7
2015-W21,platforms/ros,1
2015-W21,systemcmds/motor_test,1
2015-W21,systemcmds/param,2
2015-W21,systemcmds/tests,3
2015-W21,systemcmds/ver,1
2015-W22,drivers,2
2015-W22,drivers/airspeed,3
2015-W22,drivers/batt_smbus,1
2015-W22,drivers/bma180,1
2015-W22,drivers/device,4
2015-W22,drivers/ets_airspeed,1
2015-W22,drivers/gimbal,2
2015-W22,drivers/gps,2
2015-W22,drivers/hil,2
2015-W22,drivers/hmc5883,1
2015-W22,drivers/hott,2
2015-W22,drivers/irlock,2
2015-W22,drivers/l3gd20,1
2015-W22,drivers/ll40ls,4
2015-W22,drivers/lsm303d,1
2015-W22,drivers/mb12xx,3
2015-W22,drivers/meas_airspeed,1
2015-W22,drivers/mkblctrl,1
2015-W22,drivers/mpu6000,1
2015-W22,drivers/ms5611,1
2015-W22,drivers/px4flow,5
2015-W22,drivers/px4fmu,2
2015-W22,drivers/px4io,5
2015-W22,drivers/sf0x,2
2015-W22,drivers/stm32,1
2015-W22,drivers/trone,6
2015-W22,lib/conversion,1
2015-W22,modules/attitude_estimator_ekf,1
2015-W22,modules/attitude_estimator_q,1
2015-W22,modules/attitude_estimator_so3,1
2015-W22,modules/bottle_drop,2
2015-W22,modules/commander,7
2015-W22,modules/dataman,2
2015-W22,modules/ekf_att_pos_estimator,2
2015-W22,modules/fw_att_control,10
2015-W22,modules/fw_pos_control_l1,5
2015-W22,modules/land_detector,3
2015-W22,modules/mavlink,13
2015-W22,modules/mc_att_control,2
2015-W22,modules/mc_pos_control,2
2015-W22,modules/navigator,4
2015-W22,modules/position_estimator_inav,4
2015-W22,modules/sdlog2,4
2015-W22,modules/sensors,4
2015-W22,modules/simulator,4
2015-W22,modules/systemlib,1
2015-W22,modules/uORB,30
2015-W22,modules/uavcan,4
2015-W22,modules/vtol_att_control,1
2015-W22,platforms/common,2
2015-W22,platforms/posix,9
2015-W22,systemcmds/mixer,1
2015-W22,systemcmds/motor_test,1
2015-W23,drivers/device,3
2015-W23,drivers/hil,1
2015-W23,lib,4
2015-W23,lib/external_lgpl,1
2015-W23,modules/camera_trigger,3
2015-W23,modules/commander,8
2015-W23,modules/controllib,2
2015-W23,modules/ekf_att_pos_estimator,1
2015-W23,modules/fw_att_control,1
2015-W23,modules/fw_pos_control_l1,6
2015-W23,modules/land_detector,1
2015-W23,modules/mavlink,9
2015-W23,modules/mc_pos_control,2
2015-W23,modules/navigator,9
2015-W23,modules/px4iofirmware,3
2015-W23,modules/simulator,3
2015-W23,modules/systemlib,4
2015-W23,modules/uORB,4
2015-W23,modules/uavcan,4
2015-W23,platforms,7
2015-W23,platforms/posix,14
2015-W23,platforms/qurt,2
2015-W23,systemcmds/mixer,1
2015-W23,systemcmds/param,1
2015-W24,drivers,2
2015-W24,drivers/device,2
2015-W24,drivers/hil,4
2015-W24,drivers/px4io,2
2015-W24,drivers/stm32,1
2015-W24,modules/attitude_estimator_ekf,1
2015-W24,modules/commander,15
2015-W24,modules/dataman,2
2015-W24,modules/ekf_att_pos_estimator,8
2015-W24,modules/fw_att_control,1
2015-W24,modules/fw_pos_control_l1,2
2015-W24,modules/land_detector,1
2015-W24,modules/mavlink,14
2015-W24,modules/mc_att_control,1
2015-W24,modules/mc_pos_control,2
2015-W24,modules/navigator,9
2015-W24,modules/position_estimator_inav,2
2015-W24,modules/px4iofirmware,4
2015-W24,modules/sdlog2,3
2015-W24,modules/sensors,5
2015-W24,modules/simulator,4
2015-W24,modules/systemlib,8
2015-W24,modules/uORB,21
2015-W24,modules/uavcan,1
2015-W24,platforms,6
2015-W24,platforms/posix,11
2015-W24,platforms/qurt,4
2015-W24,platforms/ros,2
2015-W24,systemcmds/param,2
2015-W24,systemcmds/pwm,1
2015-W24,systemcmds/tests,1
2015-W24,systemcmds/ver,3
2015-W25,drivers,3
2015-W25,drivers/device,5
2015-W25,drivers/mpu6000,1
2015-W25,lib/ecl,1
2015-W25,lib/version,1
2015-W25,modules/attitude_estimator_q,3
2015-W25,modules/camera_trigger,3
2015-W25,modules/commander,5
2015-W25,modules/ekf_att_pos_estimator,3
2015-W25,modules/fw_att_control,1
2015-W25,modules/fw_pos_control_l1,6
2015-W25,modules/mavlink,5
2015-W25,modules/mc_att_control,1
2015-W25,modules/mc_pos_control,3
2015-W25,modules/navigator,2
2015-W25,modules/position_estimator_inav,3
2015-W25,modules/px4iofirmware,2
2015-W25,modules/sdlog2,4
2015-W25,modules/sensors,4
2015-W25,modules/simulator,2
2015-W25,modules/systemlib,2
2015-W25,modules/uORB,1
2015-W25,modules/uavcan,2
2015-W25,modules/vtol_att_control,6
2015-W25,platforms,10
2015-W25,platforms/common,2
2015-W25,platforms/posix,5
2015-W25,systemcmds/esc_calib,1
2015-W25,systemcmds/reboot,1
2015-W25,systemcmds/tests,2
2015-W26,drivers,1
2015-W26,drivers/device,1
2015-W26,drivers/hmc5883,2
2015-W26,drivers/l3gd20,2
2015-W26,drivers/lsm303d,1
2015-W26,drivers/ms5611,1
2015-W26,lib/ecl,2
2015-W26,modules/attitude_estimator_q,2
2015-W26,modules/bottle_drop,1
2015-W26,modules/commander,7
2015-W26,modules/dataman,1
2015-W26,modules/ekf_att_pos_estimator,4
2015-W26,modules/fw_pos_control_l1,5
2015-W26,modules/land_detector,4
2015-W26,modules/mavlink,6
2015-W26,modules/mc_att_control,1
2015-W26,modules/mc_pos_control,5
2015-W26,modules/mc_pos_control_multiplatform,1
2015-W26,modules/navigator,2
2015-W26,modules/position_estimator_inav,6
2015-W26,modules/sdlog2,2
2015-W26,modules/systemlib,1
2015-W26,platforms/posix,4
2015-W26,systemcmds/param,2
2015-W27,drivers,1
2015-W27,drivers/device,2
2015-W27,drivers/hil,2
2015-W27,drivers/lsm303d,1
2015-W27,drivers/mpu6000,1
2015-W27,drivers/px4flow,4
2015-W27,drivers/px4fmu,2
2015-W27,lib/version,1
2015-W27,modules/camera_trigger,1
2015-W27,modules/commander,13
2015-W27,modules/dataman,1
2015-W27,modules/ekf_att_pos_estimator,5
2015-W27,modules/fw_att_control,2
2015-W27,modules/fw_pos_control_l1,2
2015-W27,modules/land_detector,3
2015-W27,modules/mavlink,6
2015-W27,modules/mc_pos_control,3
2015-W27,modules/muorb,1
2015-W27,modules/navigator,4
2015-W27,modules/position_estimator_inav,2
2015-W27,modules/px4iofirmware,5
2015-W27,modules/sensors,2
2015-W27,modules/simulator,4
2015-W27,modules/systemlib,4
2015-W27,modules/uORB,5
2015-W27,modules/vtol_att_control,2
2015-W27,platforms,3
2015-W27,platforms/posix,12
2015-W27,platforms/qurt,4
2015-W27,platforms/ros,1
2015-W27,systemcmds/tests,9
2015-W28,drivers/boards,1
2015-W28,drivers/gps,1
2015-W28,drivers/mpu6000,1
2015-W28,drivers/stm32,1
2015-W28,lib,1
2015-W28,modules/commander,3
2015-W28,modules/fw_pos_control_l1,1
2015-W28,modules/mavlink,3
2015-W28,modules/px4iofirmware,1
2015-W28,modules/sdlog2,1
2015-W28,modules/systemlib,1
2015-W28,modules/uORB,5
2015-W28,modules/uavcan,1
2015-W28,platforms/posix,4
2015-W28,platforms/qurt,1
2015-W29,drivers/boards,1
2015-W29,drivers/gps,1
2015-W29,lib/launchdetection,1
2015-W29,modules/attitude_estimator_so3,1
2015-W29,modules/camera_trigger,2
2015-W29,modules/commander,1
2015-W29,modules/fw_att_control,1
2015-W29,modules/fw_pos_control_l1,1
2015-W29,modules/land_detector,2
2015-W29,modules/mavlink,3
2015-W29,modules/mc_att_control_multiplatform,2
2015-W29,modules/mc_pos_control,3
2015-W29,modules/mc_pos_control_multiplatform,2
2015-W29,modules/navigator,2
2015-W29,modules/sdlog2,1
2015-W29,modules/sensors,1
2015-W29,platforms/posix,1
2015-W29,platforms/ros,1
2015-W30,drivers/px4fmu,1
2015-W30,lib,1
2015-W30,lib/external_lgpl,1
2015-W30,modules/camera_trigger,1
2015-W30,modules/commander,5
2015-W30,modules/fw_pos_control_l1,1
2015-W30,modules/mavlink,2
2015-W30,modules/muorb,1
2015-W30,modules/sensors,2
2015-W30,modules/uORB,1
2015-W30,platforms/qurt,1
2015-W31,drivers,1
2015-W31,drivers/gps,2
2015-W31,drivers/mpu9250,1
2015-W31,drivers/px4flow,2
2015-W31,drivers/px4fmu,2
2015-W31,lib/external_lgpl,3
2015-W31,modules/attitude_estimator_q,1
2015-W31,modules/commander,1
2015-W31,modules/ekf_att_pos_estimator,1
2015-W31,modules/fw_att_control,3
2015-W31,modules/fw_pos_control_l1,6
2015-W31,modules/mavlink,7
2015-W31,modules/mc_pos_control_multiplatform,2
2015-W31,modules/muorb,1
2015-W31,platforms/posix,2
2015-W31,platforms/qurt,1
2015-W32,drivers/camera_trigger,5
2015-W32,drivers/px4fmu,1
2015-W32,drivers/px4io,2
2015-W32,lib,1
2015-W32,modules/attitude_estimator_q,1
2015-W32,modules/commander,3
2015-W32,modules/ekf_att_pos_estimator,2
2015-W32,modules/fw_att_control,3
2015-W32,modules/fw_pos_control_l1,1
2015-W32,modules/mavlink,9
2015-W32,modules/mc_att_control,2
2015-W32,modules/mc_att_control_multiplatform,1
2015-W32,modules/muorb,1
2015-W32,modules/navigator,1
2015-W32,modules/position_estimator_inav,2
2015-W32,modules/sensors,1
2015-W32,modules/simulator,1
2015-W32,modules/uORB,1
2015-W32,modules/uavcan,2
2015-W32,modules/vtol_att_control,12
2015-W32,platforms,2
2015-W32,platforms/posix,2
2015-W32,platforms/qurt,1
2015-W32,systemcmds/nshterm,1
2015-W32,systemcmds/param,1
2015-W33,drivers/blinkm,1
2015-W33,drivers/camera_trigger,2
2015-W33,drivers/device,2
2015-W33,drivers/ets_airspeed,1
2015-W33,drivers/gimbal,1
2015-W33,drivers/gps,1
2015-W33,drivers/hil,3
2015-W33,drivers/hmc5883,1
2015-W33,drivers/l3gd20,1
2015-W33,drivers/led,1
2015-W33,drivers/ll40ls,2
2015-W33,drivers/mb12xx,1
2015-W33,drivers/meas_airspeed,1
2015-W33,drivers/mkblctrl,1
2015-W33,drivers/mpu6000,2
2015-W33,drivers/ms5611,2
2015-W33,drivers/oreoled,1
2015-W33,drivers/pca9685,1
2015-W33,drivers/pwm_input,2
2015-W33,drivers/pwm_out_sim,4
2015-W33,drivers/px4flow,2
2015-W33,drivers/px4fmu,3
2015-W33,drivers/px4io,1
2015-W33,drivers/rgbled,1
2015-W33,drivers/sf0x,1
2015-W33,drivers/stm32,1
2015-W33,drivers/trone,1
2015-W33,lib,8
2015-W33,lib/ecl,1
2015-W33,lib/mathlib,1
2015-W33,modules/attitude_estimator_q,1
2015-W33,modules/commander,7
2015-W33,modules/ekf_att_pos_estimator,2
2015-W33,modules/fw_att_control,1
2015-W33,modules/land_detector,1
2015-W33,modules/mavlink,7
2015-W33,modules/mc_pos_control,4
2015-W33,modules/mc_pos_control_multiplatform,1
2015-W33,modules/navigator,4
2015-W33,modules/sdlog2,3
2015-W33,modules/sensors,2
2015-W33,modules/systemlib,1
2015-W33,modules/uORB,1
2015-W33,modules/uavcan,5
2015-W33,modules/vtol_att_control,5
2015-W33,platforms,2
2015-W33,platforms/posix,1
2015-W33,systemcmds/nshterm,2
2015-W33,systemcmds/tests,4
2015-W34,drivers,9
2015-W34,drivers/airspeed,1
2015-W34,drivers/bst,1
2015-W34,drivers/ets_airspeed,1
2015-W34,drivers/hil,2
2015-W34,drivers/meas_airspeed,1
2015-W34,drivers/ms5611,1
2015-W34,drivers/pwm_out_sim,1
2015-W34,drivers/px4fmu,4
2015-W34,drivers/px4io,1
2015-W34,examples/px4_daemon_app,1
2015-W34,examples/px4_mavlink_debug,1
2015-W34,examples/px4_simple_app,1
2015-W34,lib,6
2015-W34,lib/ecl,2
2015-W34,lib/external_lgpl,4
2015-W34,modules/commander,3
2015-W34,modules/dataman,1
2015-W34,modules/fw_att_control,4
2015-W34,modules/fw_pos_control_l1,8
2015-W34,modules/mavlink,7
2015-W34,modules/mc_pos_control,2
2015-W34,modules/navigator,5
2015-W34,modules/sdlog2,3
2015-W34,modules/sensors,2
2015-W34,modules/systemlib,11
2015-W34,modules/uORB,4
2015-W34,modules/uavcan,5
2015-W34,modules/vtol_att_control,6
2015-W34,systemcmds/top,2
2015-W35,drivers/batt_smbus,1
2015-W35,drivers/bst,1
2015-W35,drivers/device,1
2015-W35,drivers/frsky_telemetry,1
2015-W35,drivers/gimbal,1
2015-W35,drivers/hott,1
2015-W35,drivers/irlock,1
2015-W35,drivers/ms5611,1
2015-W35,drivers/pwm_input,1
2015-W35,drivers/pwm_out_sim,1
2015-W35,drivers/stm32,3
2015-W35,lib/ecl,5
2015-W35,lib/external_lgpl,1
2015-W35,lib/mathlib,3
2015-W35,modules/attitude_estimator_ekf,2
2015-W35,modules/attitude_estimator_q,3
2015-W35,modules/commander,4
2015-W35,modules/ekf_att_pos_estimator,6
2015-W35,modules/mavlink,3
2015-W35,modules/mc_att_control,1
2015-W35,modules/navigator,2
2015-W35,modules/position_estimator_inav,2
2015-W35,modules/sdlog2,3
2015-W35,modules/sensors,4
2015-W35,modules/systemlib,1
2015-W35,modules/uORB,2
2015-W35,modules/uavcan,2
2015-W35,modules/vtol_att_control,10
2015-W35,platforms,2
2015-W35,platforms/common,1
2015-W35,platforms/nuttx,1
2015-W35,platforms/posix,4
2015-W35,platforms/qurt,1
2015-W35,systemcmds/mixer,1
2015-W36,drivers/blinkm,1
2015-W36,drivers/bma180,1
2015-W36,drivers/boards,1
2015-W36,drivers/device,1
2015-W36,drivers/md25,1
2015-W36,drivers/ms5611,1
2015-W36,drivers/pca8574,1
2015-W36,drivers/pca9685,1
2015-W36,drivers/px4fmu,1
2015-W36,drivers/px4io,1
2015-W36,drivers/stm32,3
2015-W36,examples/fixedwing_control,1
2015-W36,examples/flow_position_estimator,1
2015-W36,examples/matlab_csv_serial,1
2015-W36,examples/publisher,1
2015-W36,examples/px4_daemon_app,1
2015-W36,examples/rover_steering_control,1
2015-W36,examples/subscriber,1
2015-W36,include/containers,1
2015-W36,include/mavlink,1
2015-W36,lib,1
2015-W36,lib/launchdetection,3
2015-W36,modules/attitude_estimator_q,2
2015-W36,modules/bottle_drop,1
2015-W36,modules/commander,2
2015-W36,modules/controllib,2
2015-W36,modules/dataman,1
2015-W36,modules/ekf_att_pos_estimator,2
2015-W36,modules/fixedwing_backside,1
2015-W36,modules/fw_att_control,1
2015-W36,modules/fw_pos_control_l1,2
2015-W36,modules/mavlink,9
2015-W36,modules/mc_att_control,1
2015-W36,modules/mc_pos_control,1
2015-W36,modules/muorb,1
2015-W36,modules/navigator,1
2015-W36,modules/sdlog2,1
2015-W36,modules/segway,1
2015-W36,modules/simulator,4
2015-W36,modules/systemlib,2
2015-W36,modules/uORB,1
2015-W36,modules/unit_test,1
2015-W36,modules/vtol_att_control,3
2015-W36,platforms,1
2015-W36,platforms/posix,3
2015-W36,platforms/qurt,1
2015-W36,systemcmds/bl_update,1
2015-W36,systemcmds/config,1
2015-W36,systemcmds/esc_calib,1
2015-W36,systemcmds/i2c,1
2015-W36,systemcmds/mixer,1
2015-W36,systemcmds/motor_test,1
2015-W36,systemcmds/mtd,1
2015-W36,systemcmds/nshterm,1
2015-W36,systemcmds/param,1
2015-W36,systemcmds/pwm,1
2015-W36,systemcmds/reboot,1
2015-W36,systemcmds/reflect,1
2015-W36,systemcmds/tests,1
2015-W36,systemcmds/ver,1
2015-W37,CMakeLists.txt,16
2015-W37,drivers,3
2015-W37,drivers/airspeed,1
2015-W37,drivers/ardrone_interface,1
2015-W37,drivers/batt_smbus,1
2015-W37,drivers/blinkm,1
2015-W37,drivers/bma180,1
2015-W37,drivers/boards,5
2015-W37,drivers/camera_trigger,1
2015-W37,drivers/device,2
2015-W37,drivers/ets_airspeed,1
2015-W37,drivers/frsky_telemetry,1
2015-W37,drivers/gimbal,1
2015-W37,drivers/gps,1
2015-W37,drivers/hmc5883,2
2015-W37,drivers/hott,1
2015-W37,drivers/irlock,1
2015-W37,drivers/l3gd20,1
2015-W37,drivers/led,1
2015-W37,drivers/ll40ls,2
2015-W37,drivers/lsm303d,1
2015-W37,drivers/mb12xx,1
2015-W37,drivers/md25,1
2015-W37,drivers/meas_airspeed,1
2015-W37,drivers/mkblctrl,1
2015-W37,drivers/mpu6000,1
2015-W37,drivers/mpu9250,1
2015-W37,drivers/ms5611,3
2015-W37,drivers/oreoled,1
2015-W37,drivers/pca8574,1
2015-W37,drivers/pca9685,1
2015-W37,drivers/pwm_input,1
2015-W37,drivers/pwm_out_sim,1
2015-W37,drivers/px4flow,1
2015-W37,drivers/px4fmu,1
2015-W37,drivers/px4io,3
2015-W37,drivers/rgbled,1
2015-W37,drivers/roboclaw,1
2015-W37,drivers/sf0x,1
2015-W37,drivers/stm32,1
2015-W37,drivers/trone,1
2015-W37,examples,2
2015-W37,examples/fixedwing_control,1
2015-W37,examples/flow_position_estimator,2
2015-W37,examples/hwtest,1
2015-W37,examples/matlab_csv_serial,1
2015-W37,examples/publisher,1
2015-W37,examples/px4_daemon_app,1
2015-W37,examples/px4_mavlink_debug,1
2015-W37,examples/px4_simple_app,1
2015-W37,examples/rover_steering_control,1
2015-W37,examples/subscriber,1
2015-W37,firmware,2
2015-W37,firmware/nuttx,14
2015-W37,firmware/posix,12
2015-W37,firmware/qurt,15
2015-W37,include,2
2015-W37,lib,7
2015-W37,lib/conversion,1
2015-W37,lib/ecl,3
2015-W37,lib/external_lgpl,1
2015-W37,lib/geo,1
2015-W37,lib/geo_lookup,1
2015-W37,lib/launchdetection,1
2015-W37,lib/mathlib,2
2015-W37,lib/rc,1
2015-W37,modules,2
2015-W37,modules/attitude_estimator_ekf,1
2015-W37,modules/attitude_estimator_q,2
2015-W37,modules/bottle_drop,1
2015-W37,modules/commander,3
2015-W37,modules/controllib,2
2015-W37,modules/dataman,1
2015-W37,modules/ekf_att_pos_estimator,4
2015-W37,modules/fixedwing_backside,1
2015-W37,modules/fw_att_control,4
2015-W37,modules/fw_pos_control_l1,8
2015-W37,modules/gpio_led,1
2015-W37,modules/land_detector,1
2015-W37,modules/mavlink,4
2015-W37,modules/mc_att_control,1
2015-W37,modules/mc_att_control_multiplatform,1
2015-W37,modules/mc_pos_control,2
2015-W37,modules/mc_pos_control_multiplatform,1
2015-W37,modules/muorb,3
2015-W37,modules/navigator,2
2015-W37,modules/param,1
2015-W37,modules/position_estimator_inav,1
2015-W37,modules/px4iofirmware,2
2015-W37,modules/sdlog2,2
2015-W37,modules/segway,1
2015-W37,modules/sensors,2
2015-W37,modules/simulator,4
2015-W37,modules/systemlib,9
2015-W37,modules/uORB,4
2015-W37,modules/uavcan,2
2015-W37,modules/unit_test,1
2015-W37,modules/vtol_att_control,2
2015-W37,platforms,7
2015-W37,platforms/common,6
2015-W37,platforms/nuttx,2
2015-W37,platforms/posix,8
2015-W37,platforms/qurt,5
2015-W37,systemcmds,4
2015-W37,systemcmds/bl_update,1
2015-W37,systemcmds/config,1
2015-W37,systemcmds/dumpfile,1
2015-W37,systemcmds/esc_calib,1
2015-W37,systemcmds/i2c,1
2015-W37,systemcmds/mixer,1
2015-W37,systemcmds/motor_test,1
2015-W37,systemcmds/mtd,1
2015-W37,systemcmds/nshterm,1
2015-W37,systemcmds/param,2
2015-W37,systemcmds/perf,1
2015-W37,systemcmds/pwm,1
2015-W37,systemcmds/reboot,1
2015-W37,systemcmds/reflect,1
2015-W37,systemcmds/tests,2
2015-W37,systemcmds/top,1
2015-W37,systemcmds/topic_listener,3
2015-W37,systemcmds/usb_connected,1
2015-W37,systemcmds/ver,1
2015-W38,drivers,1
2015-W38,drivers/device,5
2015-W38,drivers/gps,1
2015-W38,drivers/led,1
2015-W38,drivers/px4io,2
2015-W38,drivers/rgbled,2
2015-W38,firmware/nuttx,3
2015-W38,firmware/qurt,1
2015-W38,lib,1
2015-W38,lib/ecl,1
2015-W38,lib/runway_takeoff,1
2015-W38,lib/terrain_estimation,1
2015-W38,modules/attitude_estimator_q,2
2015-W38,modules/commander,1
2015-W38,modules/dataman,1
2015-W38,modules/ekf_att_pos_estimator,5
2015-W38,modules/fw_pos_control_l1,3
2015-W38,modules/land_detector,2
2015-W38,modules/mavlink,4
2015-W38,modules/navigator,1
2015-W38,modules/position_estimator_inav,2
2015-W38,modules/px4iofirmware,5
2015-W38,modules/sdlog2,4
2015-W38,modules/sensors,1
2015-W38,modules/simulator,9
2015-W38,modules/systemlib,2
2015-W38,modules/uavcan,1
2015-W38,platforms,6
2015-W38,platforms/posix,17
2015-W38,platforms/ros,1
2015-W38,systemcmds/mixer,1
2015-W38,systemcmds/param,2
2015-W38,systemcmds/tests,1
2015-W38,systemcmds/topic_listener,2
2015-W39,drivers,3
2015-W39,drivers/ms5611,1
2015-W39,drivers/px4flow,1
2015-W39,firmware/nuttx,1
2015-W39,lib,1
2015-W39,lib/ecl,3
2015-W39,lib/launchdetection,7
2015-W39,lib/runway_takeoff,5
2015-W39,modules/attitude_estimator_q,1
2015-W39,modules/commander,8
2015-W39,modules/controllib,1
2015-W39,modules/ekf_att_pos_estimator,1
2015-W39,modules/fw_att_control,4
2015-W39,modules/fw_pos_control_l1,4
2015-W39,modules/mavlink,3
2015-W39,modules/navigator,1
2015-W39,modules/px4iofirmware,1
2015-W39,modules/sensors,3
2015-W39,modules/systemlib,2
2015-W39,modules/uORB,1
2015-W39,modules/uavcan,5
2015-W39,platforms,3
2015-W39,platforms/posix,4
2015-W39,platforms/qurt,1
2015-W39,systemcmds/esc_calib,1
2015-W39,systemcmds/tests,1
2015-W40,drivers/boards,2
2015-W40,drivers/px4fmu,1
2015-W40,drivers/px4io,1
2015-W40,firmware/nuttx,1
2015-W40,lib,2
2015-W40,lib/ecl,4
2015-W40,lib/external_lgpl,1
2015-W40,modules/attitude_estimator_ekf,1
2015-W40,modules/attitude_estimator_q,1
2015-W40,modules/commander,2
2015-W40,modules/fw_pos_control_l1,2
2015-W40,modules/mavlink,1
2015-W40,modules/mc_pos_control,7
2015-W40,modules/px4iofirmware,1
2015-W40,modules/sdlog2,1
2015-W40,modules/sensors,2
2015-W40,modules/uavcan,1
2015-W41,drivers/airspeed,1
2015-W41,drivers/ardrone_interface,1
2015-W41,drivers/batt_smbus,1
2015-W41,drivers/blinkm,1
2015-W41,drivers/bma180,1
2015-W41,drivers/boards,1
2015-W41,drivers/camera_trigger,1
2015-W41,drivers/device,1
2015-W41,drivers/ets_airspeed,1
2015-W41,drivers/frsky_telemetry,1
2015-W41,drivers/gimbal,1
2015-W41,drivers/gps,2
2015-W41,drivers/hmc5883,1
2015-W41,drivers/hott,1
2015-W41,drivers/irlock,1
2015-W41,drivers/l3gd20,1
2015-W41,drivers/led,1
2015-W41,drivers/ll40ls,1
2015-W41,drivers/lsm303d,1
2015-W41,drivers/mb12xx,1
2015-W41,drivers/md25,1
2015-W41,drivers/meas_airspeed,1
2015-W41,drivers/mkblctrl,1
2015-W41,drivers/mpu6000,1
2015-W41,drivers/mpu9250,1
2015-W41,drivers/ms5611,3
2015-W41,drivers/oreoled,1
2015-W41,drivers/pca8574,1
2015-W41,drivers/pca9685,1
2015-W41,drivers/pwm_input,1
2015-W41,drivers/pwm_out_sim,1
2015-W41,drivers/px4flow,3
2015-W41,drivers/px4fmu,5
2015-W41,drivers/px4io,2
2015-W41,drivers/rgbled,1
2015-W41,drivers/roboclaw,1
2015-W41,drivers/sf0x,1
2015-W41,drivers/stm32,1
2015-W41,drivers/trone,1
2015-W41,examples/fixedwing_control,1
2015-W41,examples/hwtest,1
2015-W41,examples/matlab_csv_serial,1
2015-W41,examples/publisher,1
2015-W41,examples/px4_daemon_app,1
2015-W41,examples/px4_mavlink_debug,1
2015-W41,examples/rover_steering_control,1
2015-W41,examples/subscriber,1
2015-W41,firmware/nuttx,3
2015-W41,firmware/qurt,1
2015-W41,lib,1
2015-W41,lib/conversion,1
2015-W41,lib/ecl,2
2015-W41,lib/external_lgpl,1
2015-W41,lib/geo,1
2015-W41,lib/geo_lookup,1
2015-W41,lib/launchdetection,2
2015-W41,lib/mathlib,1
2015-W41,lib/rc,1
2015-W41,lib/runway_takeoff,2
2015-W41,modules/attitude_estimator_ekf,5
2015-W41,modules/attitude_estimator_q,4
2015-W41,modules/bottle_drop,2
2015-W41,modules/commander,11
2015-W41,modules/controllib,2
2015-W41,modules/dataman,4
2015-W41,modules/ekf_att_pos_estimator,4
2015-W41,modules/fixedwing_backside,1
2015-W41,modules/fw_att_control,4
2015-W41,modules/fw_pos_control_l1,7
2015-W41,modules/gpio_led,1
2015-W41,modules/land_detector,5
2015-W41,modules/mavlink,8
2015-W41,modules/mc_att_control,3
2015-W41,modules/mc_att_control_multiplatform,3
2015-W41,modules/mc_pos_control,2
2015-W41,modules/mc_pos_control_multiplatform,3
2015-W41,modules/muorb,1
2015-W41,modules/navigator,1
2015-W41,modules/param,1
2015-W41,modules/position_estimator_inav,3
2015-W41,modules/px4iofirmware,1
2015-W41,modules/sdlog2,5
2015-W41,modules/segway,1
2015-W41,modules/sensors,3
2015-W41,modules/simulator,3
2015-W41,modules/systemlib,3
2015-W41,modules/uORB,1
2015-W41,modules/uavcan,9
2015-W41,modules/unit_test,1
2015-W41,modules/vtol_att_control,1
2015-W41,platforms/posix,1
2015-W41,platforms/qurt,2
2015-W41,systemcmds/mixer,2
2015-W41,systemcmds/param,1
2015-W41,systemcmds/tests,1
2015-W41,systemcmds/topic_listener,1
2015-W42,examples/hwtest,1
2015-W42,lib,2
2015-W42,lib/ecl,1
2015-W42,lib/runway_takeoff,2
2015-W42,lib/terrain_estimation,1
2015-W42,modules/attitude_estimator_q,1
2015-W42,modules/commander,1
2015-W42,modules/ekf_att_pos_estimator,7
2015-W42,modules/fw_att_control,7
2015-W42,modules/fw_pos_control_l1,7
2015-W42,modules/mavlink,8
2015-W42,modules/mc_att_control,1
2015-W42,modules/mc_pos_control,2
2015-W42,modules/navigator,2
2015-W42,modules/position_estimator_inav,1
2015-W42,modules/sdlog2,1
2015-W42,modules/sensors,2
2015-W42,modules/systemlib,3
2015-W42,modules/uavcan,25
2015-W42,platforms,3
2015-W42,platforms/posix,2
2015-W43,drivers,1
2015-W43,drivers/airspeed,1
2015-W43,drivers/ardrone_interface,1
2015-W43,drivers/boards,6
2015-W43,drivers/camera_trigger,1
2015-W43,drivers/device,3
2015-W43,drivers/ets_airspeed,1
2015-W43,drivers/frsky_telemetry,1
2015-W43,drivers/gimbal,2
2015-W43,drivers/gps,1
2015-W43,drivers/hmc5883,1
2015-W43,drivers/hott,2
2015-W43,drivers/irlock,1
2015-W43,drivers/l3gd20,1
2015-W43,drivers/led,1
2015-W43,drivers/ll40ls,1
2015-W43,drivers/lsm303d,2
2015-W43,drivers/mb12xx,1
2015-W43,drivers/mkblctrl,1
2015-W43,drivers/mpu6000,1
2015-W43,drivers/mpu9250,1
2015-W43,drivers/pwm_input,1
2015-W43,drivers/pwm_out_sim,3
2015-W43,drivers/px4flow,1
2015-W43,drivers/px4io,1
2015-W43,drivers/rgbled,1
2015-W43,drivers/roboclaw,3
2015-W43,drivers/sf0x,1
2015-W43,drivers/srf02,5
2015-W43,drivers/stm32,1
2015-W43,drivers/trone,1
2015-W43,firmware/nuttx,3
2015-W43,firmware/posix,6
2015-W43,lib,4
2015-W43,lib/conversion,1
2015-W43,lib/geo,2
2015-W43,lib/geo_lookup,1
2015-W43,lib/mathlib,3
2015-W43,lib/rc,1
2015-W43,modules/attitude_estimator_ekf,1
2015-W43,modules/attitude_estimator_q,3
2015-W43,modules/commander,8
2015-W43,modules/controllib,5
2015-W43,modules/ekf_att_pos_estimator,6
2015-W43,modules/fixedwing_backside,1
2015-W43,modules/fw_att_control,2
2015-W43,modules/fw_pos_control_l1,5
2015-W43,modules/land_detector,1
2015-W43,modules/local_position_estimator,3
2015-W43,modules/mavlink,3
2015-W43,modules/mc_att_control,2
2015-W43,modules/mc_pos_control,1
2015-W43,modules/muorb,1
2015-W43,modules/navigator,3
2015-W43,modules/position_estimator_inav,1
2015-W43,modules/px4iofirmware,2
2015-W43,modules/sensors,3
2015-W43,modules/simulator,2
2015-W43,modules/systemlib,3
2015-W43,modules/uORB,4
2015-W43,platforms,5
2015-W43,platforms/common,2
2015-W43,platforms/nuttx,1
2015-W43,platforms/posix,7
2015-W43,platforms/qurt,1
2015-W43,platforms/ros,1
2015-W44,drivers/bst,1
2015-W44,drivers/ll40ls,4
2015-W44,drivers/mb12xx,2
2015-W44,drivers/pwm_out_sim,1
2015-W44,drivers/px4flow,3
2015-W44,drivers/sf0x,2
2015-W44,drivers/srf02,2
2015-W44,firmware/posix,1
2015-W44,lib,3
2015-W44,lib/ecl,1
2015-W44,lib/geo,2
2015-W44,modules/attitude_estimator_q,1
2015-W44,modules/commander,7
2015-W44,modules/ekf_att_pos_estimator,3
2015-W44,modules/fw_att_control,1
2015-W44,modules/fw_pos_control_l1,6
2015-W44,modules/local_position_estimator,1
2015-W44,modules/mavlink,5
2015-W44,modules/mc_att_control,1
2015-W44,modules/mc_pos_control,2
2015-W44,modules/navigator,3
2015-W44,modules/position_estimator_inav,1
2015-W44,modules/sdlog2,3
2015-W44,modules/sensors,1
2015-W44,modules/uavcan,1
2015-W44,modules/vtol_att_control,6
2015-W44,platforms,1
2015-W44,platforms/posix,8
2015-W45,drivers/boards,1
2015-W45,drivers/device,3
2015-W45,drivers/px4io,2
2015-W45,firmware/posix,5
2015-W45,lib,30
2015-W45,lib/ecl,1
2015-W45,lib/geo,1
2015-W45,lib/launchdetection,1
2015-W45,lib/mathlib,3
2015-W45,lib/runway_takeoff,2
2015-W45,lib/terrain_estimation,3
2015-W45,modules/attitude_estimator_q,6
2015-W45,modules/commander,5
2015-W45,modules/ekf_att_pos_estimator,2
2015-W45,modules/fw_pos_control_l1,1
2015-W45,modules/land_detector,1
2015-W45,modules/local_position_estimator,1
2015-W45,modules/mavlink,7
2015-W45,modules/mc_att_control_multiplatform,1
2015-W45,modules/mc_pos_control,2
2015-W45,modules/navigator,1
2015-W45,modules/param,1
2015-W45,modules/position_estimator_inav,3
2015-W45,modules/px4iofirmware,1
2015-W45,modules/sdlog2,1
2015-W45,modules/sensors,4
2015-W45,modules/simulator,1
2015-W45,modules/systemlib,3
2015-W45,modules/uORB,2
2015-W45,modules/vtol_att_control,2
2015-W45,platforms/common,1
2015-W45,platforms/posix,24
2015-W45,systemcmds/mixer,1
2015-W45,systemcmds/mtd,1
2015-W46,drivers,2
2015-W46,drivers/boards,1
2015-W46,drivers/device,3
2015-W46,drivers/meas_airspeed,1
2015-W46,drivers/px4fmu,1
2015-W46,drivers/px4io,2
2015-W46,drivers/stm32,1
2015-W46,firmware/nuttx,1
2015-W46,lib,6
2015-W46,lib/ecl,3
2015-W46,lib/geo,1
2015-W46,lib/version,1
2015-W46,modules/attitude_estimator_q,3
2015-W46,modules/commander,6
2015-W46,modules/ekf_att_pos_estimator,1
2015-W46,modules/land_detector,3
2015-W46,modules/mavlink,1
2015-W46,modules/mc_pos_control,1
2015-W46,modules/navigator,1
2015-W46,modules/sdlog2,4
2015-W46,modules/systemlib,4
2015-W46,platforms/posix,20
2015-W47,drivers,4
2015-W47,drivers/boards,4
2015-W47,drivers/bst,2
2015-W47,drivers/camera_trigger,1
2015-W47,drivers/crazyflie,1
2015-W47,drivers/device,4
2015-W47,drivers/ll40ls,2
2015-W47,drivers/lps25h,1
2015-W47,drivers/meas_airspeed,1
2015-W47,drivers/mpu6000,1
2015-W47,drivers/mpu9250,3
2015-W47,drivers/pwm_out_sim,2
2015-W47,drivers/px4flow,1
2015-W47,drivers/px4fmu,3
2015-W47,drivers/stm32,3
2015-W47,firmware/nuttx,2
2015-W47,firmware/posix,1
2015-W47,firmware/qurt,1
2015-W47,include/mavlink,1
2015-W47,lib,18
2015-W47,lib/ecl,1
2015-W47,lib/geo,1
2015-W47,lib/runway_takeoff,1
2015-W47,lib/terrain_estimation,1
2015-W47,lib/version,2
2015-W47,modules/commander,26
2015-W47,modules/dummy,1
2015-W47,modules/ekf_att_pos_estimator,2
2015-W47,modules/gpio_led,3
2015-W47,modules/mavlink,8
2015-W47,modules/mc_pos_control,2
2015-W47,modules/navigator,6
2015-W47,modules/position_estimator_inav,2
2015-W47,modules/screen,1
2015-W47,modules/sensors,3
2015-W47,modules/simulator,4
2015-W47,modules/uavcan,5
2015-W47,modules/vtol_att_control,3
2015-W47,platforms,1
2015-W47,platforms/posix,26
2015-W47,platforms/qurt,2
2015-W48,drivers/boards,15
2015-W48,drivers/device,1
2015-W48,drivers/gps,1
2015-W48,drivers/mpu6000,2
2015-W48,drivers/mpu9250,1
2015-W48,drivers/px4fmu,9
2015-W48,lib,4
2015-W48,lib/conversion,1
2015-W48,lib/ecl,1
2015-W48,lib/mathlib,1
2015-W48,lib/rc,10
2015-W48,modules/attitude_estimator_q,10
2015-W48,modules/commander,6
2015-W48,modules/ekf2,1
2015-W48,modules/ekf_att_pos_estimator,2
2015-W48,modules/local_position_estimator,1
2015-W48,modules/mavlink,8
2015-W48,modules/mc_pos_control,1
2015-W48,modules/navigator,3
2015-W48,modules/position_estimator_inav,7
2015-W48,modules/px4iofirmware,3
2015-W48,modules/sdlog2,1
2015-W48,modules/sensors,2
2015-W48,modules/simulator,2
2015-W48,modules/systemlib,2
2015-W48,modules/uORB,1
2015-W48,modules/uavcan,4
2015-W48,modules/vtol_att_control,1
2015-W48,platforms,2
2015-W48,platforms/posix,12
2015-W48,systemcmds/mixer,1
2015-W48,systemcmds/tests,2
2015-W49,drivers,1
2015-W49,drivers/device,7
2015-W49,drivers/mpu6000,2
2015-W49,drivers/pwm_input,2
2015-W49,drivers/pwm_out_sim,2
2015-W49,drivers/px4fmu,5
2015-W49,drivers/px4io,3
2015-W49,firmware/posix,1
2015-W49,lib/geo,2
2015-W49,lib/mathlib,1
2015-W49,lib/rc,14
2015-W49,lib/runway_takeoff,1
2015-W49,modules/commander,4
2015-W49,modules/dataman,1
2015-W49,modules/ekf2,1
2015-W49,modules/fw_att_control,1
2015-W49,modules/mavlink,5
2015-W49,modules/mc_pos_control,2
2015-W49,modules/muorb,2
2015-W49,modules/navigator,5
2015-W49,modules/position_estimator_inav,4
2015-W49,modules/sdlog2,4
2015-W49,modules/sensors,4
2015-W49,modules/simulator,8
2015-W49,modules/systemlib,2
2015-W49,modules/uavcan,2
2015-W49,platforms,3
2015-W49,platforms/posix,25
2015-W49,platforms/qurt,1
2015-W49,systemcmds/tests,1
2015-W50,drivers,1
2015-W50,lib,4
2015-W50,lib/conversion,1
2015-W50,lib/rc,1
2015-W50,lib/tailsitter_recovery,1
2015-W50,modules/attitude_estimator_q,1
2015-W50,modules/commander,2
2015-W50,modules/ekf2,1
2015-W50,modules/ekf_att_pos_estimator,2
2015-W50,modules/fw_att_control,2
2015-W50,modules/fw_pos_control_l1,2
2015-W50,modules/mavlink,4
2015-W50,modules/mc_att_control,2
2015-W50,modules/mc_pos_control,6
2015-W50,modules/position_estimator_inav,3
2015-W50,modules/px4iofirmware,2
2015-W50,modules/sensors,2
2015-W50,modules/uORB,1
2015-W50,modules/vtol_att_control,2
2015-W51,drivers,1
2015-W51,drivers/boards,8
2015-W51,lib,4
2015-W51,lib/rc,6
2015-W51,modules/commander,6
2015-W51,modules/ekf_att_pos_estimator,1
2015-W51,modules/land_detector,1
2015-W51,modules/mavlink,1
2015-W51,modules/mc_pos_control,7
2015-W51,modules/navigator,7
2015-W51,modules/position_estimator_inav,1
2015-W51,modules/px4iofirmware,2
2015-W51,modules/sensors,1
2015-W51,modules/simulator,1
2015-W51,modules/vtol_att_control,1
2015-W51,systemcmds/tests,1
2015-W52,examples/px4_simple_app,2
2015-W52,lib,4
2015-W52,lib/conversion,3
2015-W52,modules/attitude_estimator_q,1
2015-W52,modules/commander,3
2015-W52,modules/ekf2,3
2015-W52,modules/fw_pos_control_l1,1
2015-W52,modules/mavlink,5
2015-W52,modules/mc_att_control,2
2015-W52,modules/mc_pos_control,8
2015-W52,modules/navigator,4
2015-W52,modules/uORB,1
2015-W52,modules/vtol_att_control,1
2015-W52,platforms/posix,3
2015-W53,drivers,1
2015-W53,drivers/batt_smbus,3
2015-W53,drivers/boards,3
2015-W53,drivers/camera_trigger,3
2015-W53,drivers/device,2
2015-W53,drivers/ms5611,2
2015-W53,lib,4
2015-W53,modules/attitude_estimator_q,1
2015-W53,modules/commander,3
2015-W53,modules/ekf2,2
2015-W53,modules/mavlink,5
2015-W53,modules/mc_pos_control,3
2015-W53,modules/navigator,4
2015-W53,modules/sdlog2,1
2015-W53,modules/simulator,2
2015-W53,modules/systemlib,1
2015-W53,modules/vtol_att_control,4
2015-W53,platforms/qurt,1
2016-W01,drivers/boards,3
2016-W01,drivers/camera_trigger,1
2016-W01,drivers/device,6
2016-W01,drivers/gimbal,1
2016-W01,drivers/gps,2
2016-W01,drivers/hott,3
2016-W01,drivers/ms5611,1
2016-W01,drivers/pwm_input,1
2016-W01,drivers/px4fmu,11
2016-W01,drivers/stm32,1
2016-W01,examples/hwtest,1
2016-W01,examples/matlab_csv_serial,1
2016-W01,examples/px4_simple_app,1
2016-W01,firmware/qurt,2
2016-W01,lib,7
2016-W01,lib/launchdetection,1
2016-W01,lib/rc,1
2016-W01,modules/attitude_estimator_ekf,1
2016-W01,modules/commander,2
2016-W01,modules/controllib,1
2016-W01,modules/ekf2,2
2016-W01,modules/ekf_att_pos_estimator,1
2016-W01,modules/fixedwing_backside,1
2016-W01,modules/local_position_estimator,1
2016-W01,modules/mavlink,9
2016-W01,modules/mc_att_control,1
2016-W01,modules/mc_pos_control,3
2016-W01,modules/muorb,2
2016-W01,modules/navigator,2
2016-W01,modules/sensors,1
2016-W01,modules/simulator,2
2016-W01,modules/systemlib,4
2016-W01,modules/vtol_att_control,3
2016-W01,platforms,4
2016-W01,platforms/posix,3
2016-W01,platforms/qurt,5
2016-W01,platforms/ros,1
2016-W01,systemcmds/pwm,1
2016-W01,systemcmds/tests,2
2016-W02,drivers/boards,7
2016-W02,drivers/camera_trigger,1
2016-W02,drivers/frsky_telemetry,1
2016-W02,drivers/ms5611,1
2016-W02,drivers/pwm_out_sim,1
2016-W02,drivers/px4fmu,10
2016-W02,drivers/px4io,2
2016-W02,drivers/sPort_telemetry,3
2016-W02,drivers/sf10a,1
2016-W02,firmware/posix,1
2016-W02,lib,5
2016-W02,lib/version,1
2016-W02,modules/commander,3
2016-W02,modules/ekf2,2
2016-W02,modules/fw_pos_control_l1,1
2016-W02,modules/mavlink,3
2016-W02,modules/mc_pos_control,6
2016-W02,modules/navigator,2
2016-W02,modules/position_estimator_inav,2
2016-W02,modules/sdlog2,1
2016-W02,modules/sensors,3
2016-W02,modules/simulator,1
2016-W02,modules/uORB,1
2016-W03,drivers/batt_smbus,1
2016-W03,drivers/boards,5
2016-W03,drivers/device,2
2016-W03,drivers/frsky_telemetry,6
2016-W03,drivers/gps,1
2016-W03,drivers/ms5611,4
2016-W03,drivers/px4fmu,2
2016-W03,drivers/sPort_telemetry,13
2016-W03,drivers/sf10a,3
2016-W03,drivers/stm32,1
2016-W03,firmware/posix,3
2016-W03,firmware/qurt,2
2016-W03,include/mavlink,8
2016-W03,lib,6
2016-W03,modules/attitude_estimator_q,4
2016-W03,modules/commander,15
2016-W03,modules/ekf2,5
2016-W03,modules/fw_pos_control_l1,1
2016-W03,modules/mavlink,7
2016-W03,modules/mc_att_control,1
2016-W03,modules/mc_pos_control,8
2016-W03,modules/muorb,10
2016-W03,modules/navigator,10
2016-W03,modules/position_estimator_inav,2
2016-W03,modules/px4iofirmware,1
2016-W03,modules/sensors,6
2016-W03,modules/simulator,4
2016-W03,modules/systemlib,20
2016-W03,modules/uORB,6
2016-W03,modules/uavcan,8
2016-W03,platforms,5
2016-W03,platforms/posix,14
2016-W03,platforms/qurt,12
2016-W03,systemcmds/mixer,8
2016-W03,systemcmds/param,2
2016-W04,drivers,2
2016-W04,drivers/boards,7
2016-W04,drivers/frsky_telemetry,5
2016-W04,drivers/gps,1
2016-W04,drivers/mpu9250,1
2016-W04,drivers/pwm_input,1
2016-W04,drivers/px4fmu,6
2016-W04,drivers/stm32,7
2016-W04,firmware/posix,1
2016-W04,lib,3
2016-W04,modules/commander,3
2016-W04,modules/ekf2,10
2016-W04,modules/land_detector,5
2016-W04,modules/mavlink,3
2016-W04,modules/mc_att_control,4
2016-W04,modules/mc_pos_control,5
2016-W04,modules/navigator,10
2016-W04,modules/px4iofirmware,2
2016-W04,modules/uavcan,9
2016-W04,modules/vtol_att_control,1
2016-W04,platforms/posix,2
2016-W04,platforms/qurt,4
2016-W04,systemcmds/tests,1
2016-W05,drivers,3
2016-W05,drivers/boards,3
2016-W05,drivers/device,4
2016-W05,drivers/frsky_telemetry,3
2016-W05,drivers/ms5611,1
2016-W05,drivers/px4fmu,1
2016-W05,drivers/sf10a,1
2016-W05,drivers/stm32,1
2016-W05,firmware/posix,1
2016-W05,firmware/qurt,2
2016-W05,lib,2
2016-W05,lib/external_lgpl,5
2016-W05,modules/commander,2
2016-W05,modules/ekf2,4
2016-W05,modules/fw_pos_control_l1,2
2016-W05,modules/mavlink,4
2016-W05,modules/mc_att_control,1
2016-W05,modules/mc_pos_control,1
2016-W05,modules/muorb,1
2016-W05,modules/navigator,18
2016-W05,modules/position_estimator_inav,5
2016-W05,modules/sensors,4
2016-W05,modules/simulator,2
2016-W05,modules/systemlib,5
2016-W05,modules/uORB,1
2016-W05,modules/uavcan,7
2016-W05,modules/vtol_att_control,3
2016-W05,platforms,3
2016-W05,platforms/posix,6
2016-W05,platforms/qurt,2
2016-W05,systemcmds/mixer,1
2016-W05,systemcmds/param,1
2016-W06,drivers/device,1
2016-W06,drivers/frsky_telemetry,1
2016-W06,drivers/ll40ls,1
2016-W06,drivers/px4fmu,4
2016-W06,firmware/posix,3
2016-W06,firmware/qurt,3
2016-W06,lib,6
2016-W06,lib/launchdetection,1
2016-W06,modules/attitude_estimator_q,2
2016-W06,modules/commander,9
2016-W06,modules/dataman,1
2016-W06,modules/ekf2,6
2016-W06,modules/fw_pos_control_l1,5
2016-W06,modules/land_detector,1
2016-W06,modules/mavlink,3
2016-W06,modules/mc_att_control,5
2016-W06,modules/mc_pos_control,7
2016-W06,modules/muorb,2
2016-W06,modules/navigator,10
2016-W06,modules/position_estimator_inav,2
2016-W06,modules/px4iofirmware,1
2016-W06,modules/sdlog2,3
2016-W06,modules/sensors,5
2016-W06,modules/systemlib,2
2016-W06,modules/uORB,2
2016-W06,modules/vtol_att_control,5
2016-W06,platforms/posix,14
2016-W06,platforms/qurt,11
2016-W06,systemcmds/mixer,1
2016-W07,drivers,1
2016-W07,drivers/boards,3
2016-W07,drivers/camera_trigger,2
2016-W07,drivers/device,3
2016-W07,drivers/frsky_telemetry,1
2016-W07,drivers/gps,1
2016-W07,drivers/mpu9250,1
2016-W07,drivers/px4flow,1
2016-W07,drivers/px4fmu,2
2016-W07,drivers/px4io,2
2016-W07,drivers/stm32,1
2016-W07,lib,8
2016-W07,lib/external_lgpl,2
2016-W07,modules/attitude_estimator_q,1
2016-W07,modules/commander,7
2016-W07,modules/ekf2,5
2016-W07,modules/ekf2_replay,1
2016-W07,modules/fw_pos_control_l1,4
2016-W07,modules/mavlink,6
2016-W07,modules/mc_att_control,1
2016-W07,modules/mc_pos_control,2
2016-W07,modules/muorb,3
2016-W07,modules/navigator,5
2016-W07,modules/position_estimator_inav,1
2016-W07,modules/px4iofirmware,1
2016-W07,modules/sdlog2,5
2016-W07,modules/sensors,13
2016-W07,modules/systemlib,4
2016-W07,modules/uORB,3
2016-W07,modules/uavcan,1
2016-W07,modules/vtol_att_control,6
2016-W07,platforms,1
2016-W07,platforms/posix,13
2016-W07,platforms/qurt,2
2016-W07,systemcmds/mag,1
2016-W07,systemcmds/param,3
2016-W08,drivers,1
2016-W08,drivers/blinkm,2
2016-W08,drivers/camera_trigger,1
2016-W08,drivers/frsky_telemetry,9
2016-W08,drivers/gps,5
2016-W08,drivers/hott,1
2016-W08,drivers/mpu6000,1
2016-W08,drivers/px4fmu,1
2016-W08,drivers/px4io,3
2016-W08,lib,1
2016-W08,modules/attitude_estimator_q,1
2016-W08,modules/commander,27
2016-W08,modules/ekf2,3
2016-W08,modules/ekf2_replay,2
2016-W08,modules/ekf_att_pos_estimator,1
2016-W08,modules/fw_att_control,1
2016-W08,modules/fw_pos_control_l1,2
2016-W08,modules/gpio_led,1
2016-W08,modules/land_detector,5
2016-W08,modules/load_mon,1
2016-W08,modules/mavlink,10
2016-W08,modules/mc_att_control,3
2016-W08,modules/mc_pos_control,5
2016-W08,modules/navigator,7
2016-W08,modules/px4iofirmware,2
2016-W08,modules/sdlog2,16
2016-W08,modules/sensors,5
2016-W08,modules/simulator,3
2016-W08,modules/systemlib,5
2016-W08,modules/uORB,2
2016-W08,modules/vtol_att_control,8
2016-W08,platforms/posix,1
2016-W09,drivers/frsky_telemetry,5
2016-W09,drivers/gps,1
2016-W09,drivers/mpu9250,2
2016-W09,drivers/px4fmu,4
2016-W09,lib,3
2016-W09,lib/external_lgpl,2
2016-W09,modules/attitude_estimator_q,1
2016-W09,modules/commander,9
2016-W09,modules/ekf2,2
2016-W09,modules/fw_pos_control_l1,3
2016-W09,modules/land_detector,1
2016-W09,modules/mavlink,2
2016-W09,modules/mc_pos_control,3
2016-W09,modules/navigator,3
2016-W09,modules/sdlog2,6
2016-W09,modules/sensors,6
2016-W09,modules/systemlib,3
2016-W09,modules/uavcan,1
2016-W09,modules/vtol_att_control,4
2016-W09,systemcmds/mag,1
2016-W10,drivers,4
2016-W10,drivers/bma180,1
2016-W10,drivers/boards,3
2016-W10,drivers/camera_trigger,3
2016-W10,drivers/gimbal,2
2016-W10,drivers/gps,2
2016-W10,drivers/hc_sr04,1
2016-W10,drivers/hmc5883,4
2016-W10,drivers/l3gd20,2
2016-W10,drivers/lsm303d,2
2016-W10,drivers/meas_airspeed,1
2016-W10,drivers/mkblctrl,1
2016-W10,drivers/mpu6000,1
2016-W10,drivers/mpu6500,1
2016-W10,drivers/mpu9250,9
2016-W10,drivers/px4fmu,3
2016-W10,drivers/px4io,3
2016-W10,drivers/rgbled,2
2016-W10,drivers/rgbled_pwm,1
2016-W10,drivers/srf02_i2c,1
2016-W10,drivers/stm32,1
2016-W10,drivers/test_ppm,1
2016-W10,drivers/uart_esc,6
2016-W10,examples/subscriber,1
2016-W10,firmware/posix,1
2016-W10,include/mavlink,1
2016-W10,lib,5
2016-W10,lib/launchdetection,1
2016-W10,lib/rc,1
2016-W10,lib/runway_takeoff,3
2016-W10,lib/version,1
2016-W10,modules/attitude_estimator_q,4
2016-W10,modules/bottle_drop,2
2016-W10,modules/commander,18
2016-W10,modules/controllib,4
2016-W10,modules/ekf2,15
2016-W10,modules/ekf2_replay,5
2016-W10,modules/ekf_att_pos_estimator,2
2016-W10,modules/fw_att_control,2
2016-W10,modules/fw_pos_control_l1,5
2016-W10,modules/gpio_led,1
2016-W10,modules/land_detector,3
2016-W10,modules/local_position_estimator,10
2016-W10,modules/mavlink,6
2016-W10,modules/mc_att_control,4
2016-W10,modules/mc_att_control_multiplatform,2
2016-W10,modules/mc_pos_control,6
2016-W10,modules/mc_pos_control_multiplatform,2
2016-W10,modules/navigator,15
2016-W10,modules/position_estimator_inav,3
2016-W10,modules/px4iofirmware,3
2016-W10,modules/sdlog2,8
2016-W10,modules/segway,1
2016-W10,modules/sensors,11
2016-W10,modules/simulator,1
2016-W10,modules/systemlib,4
2016-W10,modules/uORB,2
2016-W10,modules/uavcan,2
2016-W10,modules/vtol_att_control,5
2016-W10,platforms/posix,15
2016-W10,platforms/qurt,2
2016-W10,systemcmds/config,1
2016-W10,systemcmds/mag,1
2016-W10,systemcmds/tests,2
2016-W11,drivers,1
2016-W11,drivers/boards,2
2016-W11,drivers/camera_trigger,1
2016-W11,drivers/device,1
2016-W11,drivers/lis3mdl,1
2016-W11,drivers/md25,1
2016-W11,drivers/px4flow,1
2016-W11,drivers/px4fmu,5
2016-W11,drivers/px4io,2
2016-W11,drivers/qshell,1
2016-W11,drivers/rgbled_pwm,1
2016-W11,drivers/roboclaw,1
2016-W11,drivers/snapdragon_rc_pwm,1
2016-W11,drivers/uart_esc,1
2016-W11,lib,5
2016-W11,lib/runway_takeoff,1
2016-W11,modules/attitude_estimator_q,2
2016-W11,modules/bottle_drop,1
2016-W11,modules/commander,2
2016-W11,modules/ekf2,6
2016-W11,modules/ekf2_replay,1
2016-W11,modules/ekf_att_pos_estimator,1
2016-W11,modules/fw_pos_control_l1,1
2016-W11,modules/local_position_estimator,2
2016-W11,modules/mavlink,7
2016-W11,modules/mc_pos_control,2
2016-W11,modules/mc_pos_control_multiplatform,2
2016-W11,modules/navigator,7
2016-W11,modules/position_estimator_inav,1
2016-W11,modules/px4iofirmware,2
2016-W11,modules/sdlog2,7
2016-W11,modules/sensors,2
2016-W11,modules/systemlib,4
2016-W11,modules/uORB,2
2016-W11,modules/vtol_att_control,1
2016-W11,platforms/posix,1
2016-W12,drivers/camera_trigger,2
2016-W12,drivers/gimbal,3
2016-W12,drivers/lis3mdl,1
2016-W12,drivers/mkblctrl,1
2016-W12,drivers/mpu9250,1
2016-W12,drivers/px4flow,1
2016-W12,drivers/px4fmu,1
2016-W12,drivers/px4io,1
2016-W12,drivers/snapdragon_rc_pwm,5
2016-W12,drivers/uart_esc,6
2016-W12,lib,3
2016-W12,lib/launchdetection,1
2016-W12,lib/mathlib,1
2016-W12,lib/runway_takeoff,3
2016-W12,modules/attitude_estimator_q,3
2016-W12,modules/commander,11
2016-W12,modules/ekf2,2
2016-W12,modules/fw_att_control,2
2016-W12,modules/fw_pos_control_l1,2
2016-W12,modules/local_position_estimator,1
2016-W12,modules/mavlink,9
2016-W12,modules/mc_pos_control,3
2016-W12,modules/navigator,31
2016-W12,modules/position_estimator_inav,1
2016-W12,modules/px4iofirmware,1
2016-W12,modules/sdlog2,5
2016-W12,modules/sensors,2
2016-W12,modules/systemlib,4
2016-W12,modules/uavcan,2
2016-W12,modules/vtol_att_control,5
2016-W12,platforms/posix,3
2016-W12,platforms/qurt,1
2016-W13,drivers,1
2016-W13,drivers/airspeed,1
2016-W13,drivers/gimbal,1
2016-W13,drivers/gps,1
2016-W13,drivers/hmc5883,2
2016-W13,drivers/l3gd20,1
2016-W13,drivers/lis3mdl,3
2016-W13,drivers/lsm303d,1
2016-W13,drivers/mb12xx,1
2016-W13,drivers/mpu6000,1
2016-W13,drivers/mpu9250,1
2016-W13,drivers/ms5611,1
2016-W13,drivers/pca9685,1
2016-W13,drivers/px4flow,1
2016-W13,drivers/sf0x,1
2016-W13,drivers/sf10a,1
2016-W13,drivers/srf02,1
2016-W13,drivers/trone,1
2016-W13,firmware/posix,1
2016-W13,firmware/qurt,1
2016-W13,lib,2
2016-W13,modules/attitude_estimator_q,2
2016-W13,modules/commander,5
2016-W13,modules/ekf2,6
2016-W13,modules/ekf2_replay,2
2016-W13,modules/mavlink,7
2016-W13,modules/navigator,3
2016-W13,modules/sdlog2,7
2016-W13,modules/sensors,2
2016-W13,modules/simulator,1
2016-W13,modules/vtol_att_control,2
2016-W14,drivers,2
2016-W14,drivers/gps,9
2016-W14,drivers/mpu6500,1
2016-W14,drivers/uart_esc,1
2016-W14,firmware/qurt,1
2016-W14,lib,5
2016-W14,modules/commander,20
2016-W14,modules/ekf2,5
2016-W14,modules/ekf2_replay,3
2016-W14,modules/land_detector,1
2016-W14,modules/mavlink,7
2016-W14,modules/mc_att_control,1
2016-W14,modules/mc_pos_control,2
2016-W14,modules/muorb,3
2016-W14,modules/navigator,5
2016-W14,modules/sdlog2,4
2016-W14,modules/simulator,8
2016-W14,modules/systemlib,4
2016-W14,modules/uavcan,1
2016-W14,platforms,2
2016-W14,platforms/posix,10
2016-W14,platforms/ros,1
2016-W14,systemcmds/motor_ramp,1
2016-W15,drivers,7
2016-W15,drivers/ardrone_interface,1
2016-W15,drivers/boards,1
2016-W15,drivers/bst,1
2016-W15,drivers/camera_trigger,1
2016-W15,drivers/ets_airspeed,1
2016-W15,drivers/frsky_telemetry,2
2016-W15,drivers/gimbal,1
2016-W15,drivers/gps,2
2016-W15,drivers/hc_sr04,2
2016-W15,drivers/hmc5883,1
2016-W15,drivers/irlock,1
2016-W15,drivers/l3gd20,1
2016-W15,drivers/lsm303d,1
2016-W15,drivers/meas_airspeed,1
2016-W15,drivers/mpu6000,1
2016-W15,drivers/mpu6500,1
2016-W15,drivers/mpu9250,1
2016-W15,drivers/oreoled,2
2016-W15,drivers/pwm_input,1
2016-W15,drivers/pwm_out_sim,1
2016-W15,drivers/px4flow,1
2016-W15,drivers/px4fmu,5
2016-W15,drivers/px4io,5
2016-W15,drivers/sf0x,1
2016-W15,drivers/srf02_i2c,1
2016-W15,drivers/stm32,1
2016-W15,drivers/test_ppm,1
2016-W15,drivers/trone,1
2016-W15,examples/fixedwing_control,1
2016-W15,examples/hwtest,1
2016-W15,examples/matlab_csv_serial,1
2016-W15,examples/publisher,1
2016-W15,examples/px4_daemon_app,1
2016-W15,examples/px4_mavlink_debug,1
2016-W15,examples/px4_simple_app,1
2016-W15,examples/rover_steering_control,1
2016-W15,examples/subscriber,1
2016-W15,firmware/posix,1
2016-W15,firmware/qurt,1
2016-W15,lib,5
2016-W15,lib/controllib,1
2016-W15,lib/rc,2
2016-W15,lib/tailsitter_recovery,1
2016-W15,lib/terrain_estimation,1
2016-W15,modules/attitude_estimator_ekf,1
2016-W15,modules/attitude_estimator_q,3
2016-W15,modules/bottle_drop,1
2016-W15,modules/commander,4
2016-W15,modules/controllib,1
2016-W15,modules/controllib_test,1
2016-W15,modules/dataman,1
2016-W15,modules/ekf2,11
2016-W15,modules/ekf2_replay,1
2016-W15,modules/ekf_att_pos_estimator,1
2016-W15,modules/fw_att_control,1
2016-W15,modules/fw_pos_control_l1,1
2016-W15,modules/land_detector,4
2016-W15,modules/local_position_estimator,2
2016-W15,modules/mavlink,7
2016-W15,modules/mc_att_control,1
2016-W15,modules/mc_pos_control,4
2016-W15,modules/mc_pos_control_multiplatform,1
2016-W15,modules/navigator,9
2016-W15,modules/position_estimator_inav,2
2016-W15,modules/sdlog2,4
2016-W15,modules/sensors,3
2016-W15,modules/systemlib,4
2016-W15,modules/uORB,11
2016-W15,modules/uavcan,3
2016-W15,modules/vtol_att_control,2
2016-W15,platforms/posix,1
2016-W15,platforms/qurt,1
2016-W15,systemcmds/bl_update,1
2016-W15,systemcmds/config,1
2016-W15,systemcmds/esc_calib,1
2016-W15,systemcmds/mixer,1
2016-W15,systemcmds/motor_ramp,6
2016-W15,systemcmds/motor_test,2
2016-W15,systemcmds/nshterm,1
2016-W15,systemcmds/param,1
2016-W15,systemcmds/perf,2
2016-W15,systemcmds/pwm,1
2016-W15,systemcmds/reboot,1
2016-W15,systemcmds/tests,3
2016-W15,systemcmds/top,1
2016-W15,systemcmds/topic_listener,1
2016-W15,systemcmds/ver,1
2016-W16,drivers,1
2016-W16,drivers/boards,1
2016-W16,drivers/bst,1
2016-W16,drivers/device,4
2016-W16,drivers/frsky_telemetry,1
2016-W16,drivers/gps,8
2016-W16,drivers/lis3mdl,1
2016-W16,drivers/px4io,3
2016-W16,drivers/snapdragon_rc_pwm,1
2016-W16,drivers/stm32,1
2016-W16,examples/attitude_estimator_ekf,2
2016-W16,examples/ekf_att_pos_estimator,3
2016-W16,examples/mc_att_control_multiplatform,1
2016-W16,examples/mc_pos_control_multiplatform,1
2016-W16,examples/px4_simple_app,2
2016-W16,examples/rover_steering_control,1
2016-W16,firmware/nuttx,1
2016-W16,firmware/posix,1
2016-W16,firmware/qurt,1
2016-W16,lib,4
2016-W16,lib/terrain_estimation,1
2016-W16,modules/attitude_estimator_q,3
2016-W16,modules/commander,21
2016-W16,modules/controllib_test,1
2016-W16,modules/ekf2,2
2016-W16,modules/ekf2_replay,2
2016-W16,modules/fw_att_control,1
2016-W16,modules/fw_pos_control_l1,1
2016-W16,modules/mavlink,17
2016-W16,modules/mc_att_control,1
2016-W16,modules/navigator,12
2016-W16,modules/position_estimator_inav,2
2016-W16,modules/sdlog2,4
2016-W16,modules/sensors,4
2016-W16,modules/simulator,4
2016-W16,modules/systemlib,11
2016-W16,modules/uORB,8
2016-W16,modules/uavcan,1
2016-W16,modules/unit_test,2
2016-W16,modules/vtol_att_control,1
2016-W16,platforms/posix,5
2016-W16,systemcmds/motor_ramp,1
2016-W16,systemcmds/tests,3
2016-W17,drivers/airspeed,1
2016-W17,drivers/ardrone_interface,1
2016-W17,drivers/boards,1
2016-W17,drivers/camera_trigger,1
2016-W17,drivers/device,2
2016-W17,drivers/frsky_telemetry,2
2016-W17,drivers/gps,7
2016-W17,drivers/l3gd20,1
2016-W17,drivers/lis3mdl,1
2016-W17,drivers/lsm303d,1
2016-W17,drivers/mb12xx,1
2016-W17,drivers/mkblctrl,1
2016-W17,drivers/mpu6000,1
2016-W17,drivers/mpu6500,1
2016-W17,drivers/mpu9250,1
2016-W17,drivers/pwm_out_sim,1
2016-W17,drivers/px4flow,2
2016-W17,drivers/px4fmu,6
2016-W17,drivers/px4io,1
2016-W17,drivers/roboclaw,1
2016-W17,drivers/snapdragon_rc_pwm,3
2016-W17,drivers/srf02,1
2016-W17,drivers/stm32,1
2016-W17,drivers/trone,1
2016-W17,drivers/uart_esc,1
2016-W17,examples/fixedwing_control,1
2016-W17,examples/hwtest,1
2016-W17,examples/rover_steering_control,1
2016-W17,firmware/posix,1
2016-W17,firmware/qurt,1
2016-W17,lib,4
2016-W17,lib/controllib,1
2016-W17,lib/conversion,1
2016-W17,modules/attitude_estimator_q,2
2016-W17,modules/bottle_drop,1
2016-W17,modules/commander,9
2016-W17,modules/ekf2,2
2016-W17,modules/ekf_att_pos_estimator,2
2016-W17,modules/fw_att_control,1
2016-W17,modules/fw_pos_control_l1,2
2016-W17,modules/land_detector,6
2016-W17,modules/load_mon,3
2016-W17,modules/logger,13
2016-W17,modules/mavlink,12
2016-W17,modules/mc_att_control,1
2016-W17,modules/mc_pos_control,2
2016-W17,modules/navigator,2
2016-W17,modules/position_estimator_inav,1
2016-W17,modules/sdlog2,7
2016-W17,modules/sensors,12
2016-W17,modules/systemlib,12
2016-W17,modules/uORB,14
2016-W17,modules/vtol_att_control,1
2016-W17,platforms,3
2016-W17,platforms/posix,11
2016-W17,platforms/qurt,2
2016-W17,systemcmds/esc_calib,1
2016-W17,systemcmds/motor_ramp,1
2016-W17,systemcmds/topic_listener,1
2016-W18,drivers,2
2016-W18,drivers/bmi160,1
2016-W18,drivers/bmp280,2
2016-W18,drivers/boards,2
2016-W18,drivers/camera_trigger,1
2016-W18,drivers/device,2
2016-W18,drivers/gps,8
2016-W18,drivers/hmc5883,1
2016-W18,drivers/l3gd20,1
2016-W18,drivers/lsm303d,1
2016-W18,drivers/mpu6000,1
2016-W18,drivers/mpu6500,1
2016-W18,drivers/mpu9250,1
2016-W18,drivers/pwm_out_sim,1
2016-W18,drivers/px4flow,1
2016-W18,drivers/px4fmu,1
2016-W18,drivers/px4io,2
2016-W18,drivers/snapdragon_rc_pwm,1
2016-W18,drivers/uart_esc,1
2016-W18,firmware/nuttx,1
2016-W18,firmware/posix,2
2016-W18,firmware/qurt,1
2016-W18,lib,6
2016-W18,lib/conversion,2
2016-W18,lib/external_lgpl,1
2016-W18,lib/launchdetection,1
2016-W18,lib/mathlib,2
2016-W18,lib/runway_takeoff,1
2016-W18,lib/version,1
2016-W18,modules/commander,9
2016-W18,modules/ekf2,2
2016-W18,modules/ekf_att_pos_estimator,2
2016-W18,modules/fw_att_control,2
2016-W18,modules/fw_pos_control_l1,2
2016-W18,modules/logger,25
2016-W18,modules/mavlink,6
2016-W18,modules/mc_pos_control,3
2016-W18,modules/muorb,1
2016-W18,modules/navigator,7
2016-W18,modules/position_estimator_inav,1
2016-W18,modules/sdlog2,5
2016-W18,modules/sensors,2
2016-W18,modules/simulator,2
2016-W18,modules/systemlib,10
2016-W18,modules/uORB,5
2016-W18,modules/uavcan,1
2016-W18,modules/vtol_att_control,1
2016-W18,platforms,1
2016-W18,platforms/posix,9
2016-W18,platforms/qurt,4
2016-W18,systemcmds/ver,2
2016-W19,drivers/bma180,1
2016-W19,drivers/bmp280,1
2016-W19,drivers/boards,1
2016-W19,drivers/camera_trigger,1
2016-W19,drivers/device,1
2016-W19,drivers/gps,2
2016-W19,drivers/mkblctrl,1
2016-W19,drivers/px4io,3
2016-W19,lib,3
2016-W19,lib/launchdetection,1
2016-W19,lib/runway_takeoff,1
2016-W19,modules/attitude_estimator_ekf,1
2016-W19,modules/attitude_estimator_q,1
2016-W19,modules/commander,9
2016-W19,modules/dataman,1
2016-W19,modules/ekf2,8
2016-W19,modules/ekf2_replay,2
2016-W19,modules/ekf_att_pos_estimator,1
2016-W19,modules/fw_pos_control_l1,2
2016-W19,modules/land_detector,1
2016-W19,modules/load_mon,2
2016-W19,modules/local_position_estimator,1
2016-W19,modules/logger,16
2016-W19,modules/mavlink,13
2016-W19,modules/mc_pos_control,3
2016-W19,modules/navigator,12
2016-W19,modules/position_estimator_inav,1
2016-W19,modules/sdlog2,8
2016-W19,modules/sensors,2
2016-W19,modules/systemlib,6
2016-W19,modules/uavcan,1
2016-W19,modules/vtol_att_control,7
2016-W19,platforms,2
2016-W19,platforms/posix,6
2016-W19,platforms/qurt,1
2016-W19,systemcmds/pwm,1
2016-W19,systemcmds/sd_bench,1
2016-W19,systemcmds/tests,1
2016-W19,systemcmds/ver,1
2016-W20,drivers,1
2016-W20,drivers/batt_smbus,1
2016-W20,drivers/boards,1
2016-W20,drivers/gimbal,1
2016-W20,drivers/gps,2
2016-W20,drivers/mpu6000,1
2016-W20,drivers/ms5611,2
2016-W20,drivers/pwm_out_sim,1
2016-W20,drivers/px4flow,1
2016-W20,drivers/snapdragon_rc_pwm,1
2016-W20,drivers/uart_esc,1
2016-W20,drivers/vmount,1
2016-W20,firmware/posix,2
2016-W20,lib,8
2016-W20,lib/rc,1
2016-W20,lib/version,1
2016-W20,modules/bottle_drop,1
2016-W20,modules/commander,9
2016-W20,modules/ekf2,3
2016-W20,modules/ekf2_replay,1
2016-W20,modules/ekf_att_pos_estimator,2
2016-W20,modules/fw_att_control,1
2016-W20,modules/fw_pos_control_l1,1
2016-W20,modules/local_position_estimator,1
2016-W20,modules/logger,13
2016-W20,modules/mavlink,4
2016-W20,modules/mc_pos_control,1
2016-W20,modules/navigator,9
2016-W20,modules/sdlog2,1
2016-W20,modules/sensors,4
2016-W20,modules/simulator,1
2016-W20,modules/systemlib,3
2016-W20,modules/uORB,4
2016-W20,modules/uavcan,2
2016-W20,modules/vtol_att_control,5
2016-W20,platforms/posix,2
2016-W20,platforms/qurt,1
2016-W20,systemcmds/mtd,1
2016-W20,systemcmds/tests,2
2016-W20,systemcmds/topic_listener,1
2016-W21,drivers/airspeed,1
2016-W21,drivers/bma180,1
2016-W21,drivers/bmi160,1
2016-W21,drivers/bmp280,1
2016-W21,drivers/boards,1
2016-W21,drivers/camera_trigger,1
2016-W21,drivers/device,2
2016-W21,drivers/gps,2
2016-W21,drivers/hc_sr04,1
2016-W21,drivers/hmc5883,1
2016-W21,drivers/l3gd20,1
2016-W21,drivers/lis3mdl,1
2016-W21,drivers/ll40ls,1
2016-W21,drivers/lsm303d,1
2016-W21,drivers/mb12xx,1
2016-W21,drivers/mpu6000,1
2016-W21,drivers/mpu6500,1
2016-W21,drivers/mpu9250,1
2016-W21,drivers/ms5611,1
2016-W21,drivers/pwm_input,1
2016-W21,drivers/pwm_out_rc_in,3
2016-W21,drivers/px4flow,1
2016-W21,drivers/px4fmu,1
2016-W21,drivers/px4io,1
2016-W21,drivers/rgbled_pwm,1
2016-W21,drivers/sf0x,1
2016-W21,drivers/sf10a,1
2016-W21,drivers/snapdragon_rc_pwm,2
2016-W21,drivers/srf02,1
2016-W21,drivers/srf02_i2c,1
2016-W21,drivers/stm32,1
2016-W21,drivers/test_ppm,1
2016-W21,drivers/trone,1
2016-W21,lib,7
2016-W21,modules/attitude_estimator_q,1
2016-W21,modules/commander,6
2016-W21,modules/controllib_test,1
2016-W21,modules/ekf2,5
2016-W21,modules/ekf2_replay,1
2016-W21,modules/ekf_att_pos_estimator,1
2016-W21,modules/land_detector,1
2016-W21,modules/load_mon,1
2016-W21,modules/local_position_estimator,1
2016-W21,modules/logger,4
2016-W21,modules/mavlink,5
2016-W21,modules/mc_att_control,1
2016-W21,modules/mc_pos_control,1
2016-W21,modules/muorb,1
2016-W21,modules/navigator,3
2016-W21,modules/position_estimator_inav,1
2016-W21,modules/px4iofirmware,1
2016-W21,modules/sdlog2,2
2016-W21,modules/sensors,4
2016-W21,modules/systemlib,7
2016-W21,modules/uORB,5
2016-W21,modules/uavcan,3
2016-W21,modules/vtol_att_control,4
2016-W21,platforms,1
2016-W21,platforms/posix,6
2016-W21,platforms/qurt,5
2016-W21,systemcmds/i2c,1
2016-W21,systemcmds/mtd,1
2016-W21,systemcmds/tests,1
2016-W21,systemcmds/top,2
2016-W21,systemcmds/usb_connected,1
2016-W21,systemcmds/ver,2
2016-W22,drivers/boards,6
2016-W22,drivers/gps,2
2016-W22,drivers/pwm_out_rc_in,1
2016-W22,drivers/pwm_out_sim,2
2016-W22,drivers/px4io,1
2016-W22,drivers/qshell,1
2016-W22,drivers/stm32,3
2016-W22,firmware/posix,1
2016-W22,lib,4
2016-W22,lib/version,1
2016-W22,modules/commander,10
2016-W22,modules/dataman,1
2016-W22,modules/land_detector,3
2016-W22,modules/logger,9
2016-W22,modules/mavlink,8
2016-W22,modules/muorb,1
2016-W22,modules/navigator,1
2016-W22,modules/sdlog2,1
2016-W22,modules/sensors,1
2016-W22,modules/systemlib,7
2016-W22,modules/uORB,1
2016-W22,modules/vtol_att_control,1
2016-W22,platforms,3
2016-W22,platforms/posix,20
2016-W22,platforms/qurt,5
2016-W22,systemcmds/param,3
2016-W22,systemcmds/pwm,1
2016-W22,systemcmds/ver,1
2016-W23,drivers,1
2016-W23,drivers/camera_trigger,9
2016-W23,drivers/frsky_telemetry,1
2016-W23,drivers/pwm_out_sim,2
2016-W23,firmware/posix,2
2016-W23,lib,1
2016-W23,modules/attitude_estimator_q,2
2016-W23,modules/commander,11
2016-W23,modules/ekf2,9
2016-W23,modules/ekf2_replay,2
2016-W23,modules/fw_att_control,3
2016-W23,modules/fw_pos_control_l1,4
2016-W23,modules/local_position_estimator,4
2016-W23,modules/logger,6
2016-W23,modules/mavlink,6
2016-W23,modules/mc_pos_control,2
2016-W23,modules/navigator,4
2016-W23,modules/replay,1
2016-W23,modules/sdlog2,3
2016-W23,modules/sensors,1
2016-W23,modules/simulator,1
2016-W23,modules/systemlib,4
2016-W23,modules/uORB,4
2016-W23,modules/vtol_att_control,3
2016-W23,platforms,3
2016-W23,platforms/nuttx,2
2016-W23,platforms/posix,9
2016-W23,platforms/qurt,1
2016-W24,drivers/camera_trigger,4
2016-W24,drivers/gps,2
2016-W24,drivers/pwm_out_sim,1
2016-W24,lib,2
2016-W24,lib/terrain_estimation,1
2016-W24,modules/attitude_estimator_ekf,1
2016-W24,modules/commander,6
2016-W24,modules/ekf2,2
2016-W24,modules/ekf2_replay,1
2016-W24,modules/ekf_att_pos_estimator,1
2016-W24,modules/fw_pos_control_l1,1
2016-W24,modules/local_position_estimator,1
2016-W24,modules/mavlink,6
2016-W24,modules/position_estimator_inav,2
2016-W24,modules/replay,2
2016-W24,modules/simulator,2
2016-W24,modules/systemlib,1
2016-W24,modules/uavcan,2
2016-W24,platforms,1
2016-W24,platforms/common,2
2016-W24,platforms/posix,2
2016-W25,drivers/boards,1
2016-W25,drivers/frsky_telemetry,2
2016-W25,drivers/gps,1
2016-W25,drivers/hott,1
2016-W25,drivers/ms5611,1
2016-W25,drivers/px4fmu,3
2016-W25,drivers/px4io,1
2016-W25,drivers/sf10a,2
2016-W25,drivers/tap_esc,3
2016-W25,examples/px4_simple_app,2
2016-W25,firmware/qurt,2
2016-W25,lib,5
2016-W25,lib/terrain_estimation,2
2016-W25,modules/attitude_estimator_ekf,4
2016-W25,modules/attitude_estimator_q,6
2016-W25,modules/commander,9
2016-W25,modules/ekf2,8
2016-W25,modules/ekf2_replay,4
2016-W25,modules/ekf_att_pos_estimator,5
2016-W25,modules/fw_pos_control_l1,4
2016-W25,modules/land_detector,1
2016-W25,modules/local_position_estimator,2
2016-W25,modules/mavlink,13
2016-W25,modules/mc_pos_control,2
2016-W25,modules/muorb,4
2016-W25,modules/navigator,4
2016-W25,modules/position_estimator_inav,4
2016-W25,modules/sdlog2,5
2016-W25,modules/sensors,13
2016-W25,modules/simulator,1
2016-W25,modules/systemlib,3
2016-W25,modules/uORB,2
2016-W25,modules/uavcan,1
2016-W25,modules/vtol_att_control,4
2016-W25,platforms,1
2016-W25,platforms/common,1
2016-W25,platforms/posix,12
2016-W25,platforms/qurt,3
2016-W25,systemcmds/motor_ramp,5
2016-W25,systemcmds/ver,1
2016-W26,drivers/camera_trigger,4
2016-W26,drivers/hott,1
2016-W26,drivers/navio_sysfs_pwm_out,1
2016-W26,drivers/navio_sysfs_rc_in,1
2016-W26,drivers/pwm_out,2
2016-W26,drivers/px4io,1
2016-W26,drivers/qshell,1
2016-W26,drivers/stm32,1
2016-W26,examples/px4_simple_app,1
2016-W26,lib,1
2016-W26,lib/controllib,1
2016-W26,lib/mathlib,3
2016-W26,lib/version,2
2016-W26,modules/attitude_estimator_q,1
2016-W26,modules/commander,5
2016-W26,modules/ekf2,2
2016-W26,modules/fw_att_control,1
2016-W26,modules/fw_pos_control_l1,4
2016-W26,modules/local_position_estimator,3
2016-W26,modules/mavlink,3
2016-W26,modules/mc_att_control,1
2016-W26,modules/mc_pos_control,1
2016-W26,modules/muorb,1
2016-W26,modules/navigator,2
2016-W26,modules/position_estimator_inav,1
2016-W26,modules/rcinput,1
2016-W26,modules/sdlog2,1
2016-W26,modules/sensors,6
2016-W26,modules/systemlib,2
2016-W26,platforms,2
2016-W26,platforms/common,1
2016-W26,platforms/nuttx,1
2016-W26,platforms/posix,3
2016-W26,platforms/qurt,1
2016-W26,systemcmds/bl_update,1
2016-W26,systemcmds/config,1
2016-W26,systemcmds/dumpfile,1
2016-W26,systemcmds/esc_calib,1
2016-W26,systemcmds/i2c,1
2016-W26,systemcmds/mixer,1
2016-W26,systemcmds/motor_ramp,1
2016-W26,systemcmds/motor_test,1
2016-W26,systemcmds/mtd,1
2016-W26,systemcmds/nshterm,1
2016-W26,systemcmds/perf,1
2016-W26,systemcmds/pwm,1
2016-W26,systemcmds/reboot,1
2016-W26,systemcmds/reflect,1
2016-W26,systemcmds/top,1
2016-W26,systemcmds/topic_listener,1
2016-W26,systemcmds/usb_connected,1
2016-W26,systemcmds/ver,4
2016-W27,drivers,3
2016-W27,drivers/boards,4
2016-W27,drivers/camera_trigger,2
2016-W27,drivers/frsky_telemetry,1
2016-W27,drivers/gps,1
2016-W27,drivers/pwm_out_rc_in,1
2016-W27,drivers/px4flow,1
2016-W27,drivers/px4fmu,1
2016-W27,drivers/px4io,1
2016-W27,drivers/rgbled_pwm,1
2016-W27,drivers/sf10a,1
2016-W27,drivers/stm32,1
2016-W27,examples/px4_simple_app,1
2016-W27,lib,8
2016-W27,lib/controllib,1
2016-W27,lib/terrain_estimation,1
2016-W27,modules/attitude_estimator_ekf,2
2016-W27,modules/attitude_estimator_q,2
2016-W27,modules/commander,3
2016-W27,modules/ekf2,3
2016-W27,modules/ekf2_replay,1
2016-W27,modules/ekf_att_pos_estimator,1
2016-W27,modules/fw_pos_control_l1,1
2016-W27,modules/local_position_estimator,4
2016-W27,modules/logger,4
2016-W27,modules/mavlink,9
2016-W27,modules/navigator,2
2016-W27,modules/position_estimator_inav,2
2016-W27,modules/px4iofirmware,2
2016-W27,modules/sdlog2,6
2016-W27,modules/sensors,1
2016-W27,modules/systemlib,2
2016-W27,modules/vtol_att_control,1
2016-W27,platforms,2
2016-W27,platforms/posix,5
2016-W27,systemcmds/pwm,1
2016-W27,systemcmds/tests,2
2016-W28,drivers,1
2016-W28,drivers/boards,3
2016-W28,drivers/irlock,1
2016-W28,drivers/px4fmu,1
2016-W28,drivers/px4io,4
2016-W28,firmware/nuttx,1
2016-W28,firmware/posix,1
2016-W28,lib,2
2016-W28,lib/controllib,1
2016-W28,lib/external_lgpl,1
2016-W28,lib/launchdetection,1
2016-W28,lib/version,1
2016-W28,modules/commander,8
2016-W28,modules/ekf2_replay,1
2016-W28,modules/fw_pos_control_l1,2
2016-W28,modules/land_detector,3
2016-W28,modules/local_position_estimator,3
2016-W28,modules/logger,2
2016-W28,modules/mavlink,6
2016-W28,modules/mc_pos_control,2
2016-W28,modules/navigator,2
2016-W28,modules/px4iofirmware,8
2016-W28,modules/sdlog2,1
2016-W28,modules/sensors,3
2016-W28,modules/systemlib,9
2016-W28,modules/uORB,2
2016-W28,modules/vtol_att_control,1
2016-W28,platforms,1
2016-W28,systemcmds/param,1
2016-W29,drivers,1
2016-W29,drivers/boards,3
2016-W29,drivers/mpu6000,4
2016-W29,drivers/ms5611,1
2016-W29,drivers/navio_gpio,4
2016-W29,drivers/navio_rgbled,3
2016-W29,drivers/qshell,2
2016-W29,drivers/tap_esc,5
2016-W29,firmware/posix,1
2016-W29,lib,1
2016-W29,lib/version,1
2016-W29,modules/commander,5
2016-W29,modules/fw_att_control,2
2016-W29,modules/fw_pos_control_l1,12
2016-W29,modules/land_detector,2
2016-W29,modules/local_position_estimator,2
2016-W29,modules/mavlink,2
2016-W29,modules/muorb,1
2016-W29,modules/navigator,1
2016-W29,modules/sdlog2,1
2016-W29,modules/sensors,3
2016-W29,modules/simulator,1
2016-W29,modules/uORB,3
2016-W29,modules/vtol_att_control,2
2016-W29,platforms/posix,4
2016-W30,drivers/gps,2
2016-W30,drivers/mpu9250,1
2016-W30,drivers/ms5611,2
2016-W30,drivers/navio_gpio,1
2016-W30,drivers/navio_rgbled,1
2016-W30,drivers/px4fmu,4
2016-W30,drivers/sf0x,1
2016-W30,drivers/sf1xx,4
2016-W30,drivers/tap_esc,8
2016-W30,firmware/posix,2
2016-W30,firmware/qurt,1
2016-W30,lib,2
2016-W30,lib/rc,1
2016-W30,modules/commander,3
2016-W30,modules/ekf2,2
2016-W30,modules/fw_pos_control_l1,2
2016-W30,modules/land_detector,1
2016-W30,modules/logger,1
2016-W30,modules/mavlink,4
2016-W30,modules/mc_att_control,1
2016-W30,modules/mc_pos_control,2
2016-W30,modules/navigator,6
2016-W30,modules/sdlog2,1
2016-W30,modules/sensors,3
2016-W30,modules/uORB,1
2016-W30,modules/unit_test,2
2016-W30,modules/vtol_att_control,3
2016-W30,platforms/posix,1
2016-W30,platforms/qurt,1
2016-W30,systemcmds/motor_test,2
2016-W30,systemcmds/tests,2
2016-W31,drivers,1
2016-W31,drivers/boards,1
2016-W31,drivers/camera_trigger,2
2016-W31,drivers/gps,1
2016-W31,drivers/mpu6000,2
2016-W31,drivers/px4fmu,1
2016-W31,drivers/sf1xx,1
2016-W31,examples/attitude_estimator_ekf,2
2016-W31,examples/ekf_att_pos_estimator,2
2016-W31,examples/mc_att_control_multiplatform,2
2016-W31,examples/mc_pos_control_multiplatform,2
2016-W31,firmware/nuttx,2
2016-W31,firmware/posix,2
2016-W31,firmware/qurt,2
2016-W31,lib,2
2016-W31,lib/rc,2
2016-W31,modules/attitude_estimator_q,3
2016-W31,modules/commander,4
2016-W31,modules/ekf2,2
2016-W31,modules/ekf2_replay,1
2016-W31,modules/fw_att_control,1
2016-W31,modules/fw_pos_control_l1,1
2016-W31,modules/local_position_estimator,4
2016-W31,modules/mavlink,2
2016-W31,modules/mc_att_control,1
2016-W31,modules/mc_pos_control,3
2016-W31,modules/muorb,2
2016-W31,modules/navigator,9
2016-W31,modules/param,2
2016-W31,modules/position_estimator_inav,1
2016-W31,modules/px4iofirmware,2
2016-W31,modules/sdlog2,1
2016-W31,modules/systemlib,5
2016-W31,modules/uORB,2
2016-W31,modules/uavcan,11
2016-W31,modules/vtol_att_control,10
2016-W31,platforms/posix,3
2016-W31,platforms/qurt,3
2016-W31,systemcmds/tests,5
2016-W31,systemcmds/topic_listener,2
2016-W32,drivers/boards,8
2016-W32,drivers/device,1
2016-W32,drivers/gps,2
2016-W32,drivers/hott,1
2016-W32,drivers/mpu6000,1
2016-W32,drivers/px4fmu,3
2016-W32,drivers/px4io,1
2016-W32,drivers/tap_esc,2
2016-W32,lib,1
2016-W32,modules/attitude_estimator_q,1
2016-W32,modules/ekf2,1
2016-W32,modules/local_position_estimator,2
2016-W32,modules/logger,3
2016-W32,modules/mavlink,2
2016-W32,modules/mc_att_control,1
2016-W32,modules/mc_pos_control,1
2016-W32,modules/muorb,1
2016-W32,modules/navigator,3
2016-W32,modules/px4iofirmware,1
2016-W32,modules/sdlog2,2
2016-W32,modules/sensors,4
2016-W32,modules/systemlib,5
2016-W32,modules/uORB,3
2016-W32,modules/uavcan,1
2016-W32,modules/vtol_att_control,1
2016-W32,platforms,4
2016-W32,platforms/posix,2
2016-W32,systemcmds/tests,2
2016-W33,drivers,2
2016-W33,drivers/boards,8
2016-W33,drivers/crazyflie,1
2016-W33,drivers/l3gd20,1
2016-W33,drivers/lsm303d,1
2016-W33,drivers/mpu6000,6
2016-W33,drivers/mpu6500,1
2016-W33,drivers/mpu9250,1
2016-W33,drivers/navio_sysfs_rc_in,1
2016-W33,drivers/pwm_out_rc_in,1
2016-W33,drivers/px4fmu,2
2016-W33,drivers/px4io,1
2016-W33,drivers/snapdragon_rc_pwm,1
2016-W33,drivers/tap_esc,3
2016-W33,firmware/nuttx,1
2016-W33,firmware/posix,1
2016-W33,firmware/qurt,1
2016-W33,lib,3
2016-W33,lib/rc,2
2016-W33,modules/commander,1
2016-W33,modules/ekf2,3
2016-W33,modules/fw_pos_control_l1,1
2016-W33,modules/load_mon,2
2016-W33,modules/logger,2
2016-W33,modules/mavlink,7
2016-W33,modules/mc_att_control,2
2016-W33,modules/muorb,2
2016-W33,modules/navigator,1
2016-W33,modules/param,1
2016-W33,modules/px4iofirmware,1
2016-W33,modules/simulator,1
2016-W33,modules/systemlib,2
2016-W33,modules/uORB,1
2016-W33,modules/uavcan,2
2016-W33,modules/vtol_att_control,3
2016-W33,platforms/posix,2
2016-W33,platforms/qurt,2
2016-W33,systemcmds/mixer,1
2016-W33,systemcmds/mtd,1
2016-W33,systemcmds/tests,2
2016-W33,systemcmds/topic_listener,1
2016-W34,drivers,1
2016-W34,drivers/boards,3
2016-W34,drivers/crazyflie,2
2016-W34,drivers/lps25h,2
2016-W34,drivers/mpu9250,1
2016-W34,drivers/navio_gpio,1
2016-W34,drivers/navio_sysfs_pwm_out,1
2016-W34,drivers/px4flow,1
2016-W34,drivers/px4fmu,1
2016-W34,drivers/vmount,1
2016-W34,firmware/posix,1
2016-W34,lib/rc,1
2016-W34,modules/commander,3
2016-W34,modules/dummy,1
2016-W34,modules/ekf2_replay,1
2016-W34,modules/local_position_estimator,3
2016-W34,modules/mavlink,11
2016-W34,modules/mc_pos_control,1
2016-W34,modules/navigator,2
2016-W34,modules/px4iofirmware,1
2016-W34,modules/screen,1
2016-W34,modules/sensors,1
2016-W34,modules/syslink,2
2016-W34,modules/systemlib,2
2016-W34,platforms/posix,4
2016-W34,systemcmds/esc_calib,1
2016-W34,systemcmds/tests,1
2016-W35,drivers,1
2016-W35,drivers/device,1
2016-W35,drivers/gps,4
2016-W35,drivers/hmc5883,1
2016-W35,drivers/lps25h,1
2016-W35,drivers/mpu6000,1
2016-W35,drivers/mpu9250,1
2016-W35,drivers/navio_gpio,1
2016-W35,drivers/pwm_out_sim,1
2016-W35,drivers/px4io,1
2016-W35,drivers/vmount,2
2016-W35,firmware/posix,3
2016-W35,modules/commander,3
2016-W35,modules/fw_att_control,1
2016-W35,modules/local_position_estimator,3
2016-W35,modules/mavlink,5
2016-W35,modules/mc_pos_control,1
2016-W35,modules/navigator,3
2016-W35,modules/px4iofirmware,1
2016-W35,modules/sdlog2,1
2016-W35,modules/sensors,1
2016-W35,modules/simulator,1
2016-W35,modules/uORB,1
2016-W35,platforms/posix,3
2016-W35,systemcmds/ver,1
2016-W36,drivers,1
2016-W36,drivers/boards,9
2016-W36,drivers/camera_trigger,1
2016-W36,drivers/gps,1
2016-W36,drivers/navio_sysfs_pwm_out,1
2016-W36,drivers/px4io,1
2016-W36,drivers/stm32,1
2016-W36,drivers/tap_esc,1
2016-W36,drivers/vmount,2
2016-W36,examples/px4_simple_app,1
2016-W36,lib,1
2016-W36,modules/commander,7
2016-W36,modules/ekf2,1
2016-W36,modules/local_position_estimator,2
2016-W36,modules/logger,1
2016-W36,modules/mavlink,5
2016-W36,modules/navigator,2
2016-W36,modules/sdlog2,1
2016-W36,modules/simulator,1
2016-W36,modules/syslink,2
2016-W36,modules/uORB,8
2016-W36,modules/uavcan,1
2016-W36,platforms,1
2016-W36,platforms/posix,3
2016-W36,platforms/qurt,1
2016-W36,systemcmds/mixer,1
2016-W36,systemcmds/pwm,1
2016-W37,drivers/boards,2
2016-W37,drivers/px4fmu,2
2016-W37,drivers/tap_esc,1
2016-W37,modules/commander,1
2016-W37,modules/fw_att_control,1
2016-W37,modules/logger,2
2016-W37,modules/mavlink,5
2016-W37,modules/mc_pos_control,2
2016-W37,modules/navigator,2
2016-W37,modules/px4iofirmware,1
2016-W37,modules/simulator,2
2016-W37,modules/syslink,2
2016-W37,modules/systemlib,1
2016-W37,modules/unit_test,1
2016-W37,systemcmds/mixer,1
2016-W37,systemcmds/tests,1
2016-W38,drivers/airspeed,1
2016-W38,drivers/bma180,1
2016-W38,drivers/boards,2
2016-W38,drivers/ets_airspeed,1
2016-W38,drivers/hc_sr04,1
2016-W38,drivers/hmc5883,1
2016-W38,drivers/hott,1
2016-W38,drivers/l3gd20,1
2016-W38,drivers/lis3mdl,1
2016-W38,drivers/ll40ls,1
2016-W38,drivers/lps25h,2
2016-W38,drivers/lsm303d,1
2016-W38,drivers/mb12xx,1
2016-W38,drivers/meas_airspeed,1
2016-W38,drivers/ms5611,1
2016-W38,drivers/pca9685,1
2016-W38,drivers/px4flow,1
2016-W38,drivers/px4fmu,1
2016-W38,drivers/px4io,1
2016-W38,drivers/sf0x,1
2016-W38,drivers/sf1xx,1
2016-W38,drivers/srf02,1
2016-W38,drivers/srf02_i2c,1
2016-W38,drivers/trone,1
2016-W38,drivers/vmount,2
2016-W38,examples/ekf_att_pos_estimator,1
2016-W38,examples/mc_att_control_multiplatform,1
2016-W38,lib,1
2016-W38,lib/external_lgpl,1
2016-W38,modules/commander,5
2016-W38,modules/controllib_test,1
2016-W38,modules/dataman,4
2016-W38,modules/fw_att_control,1
2016-W38,modules/fw_pos_control_l1,3
2016-W38,modules/land_detector,1
2016-W38,modules/local_position_estimator,1
2016-W38,modules/logger,1
2016-W38,modules/mavlink,2
2016-W38,modules/navigator,4
2016-W38,modules/sdlog2,1
2016-W38,modules/sensors,1
2016-W38,modules/simulator,2
2016-W38,modules/syslink,2
2016-W38,modules/systemlib,1
2016-W38,modules/uORB,1
2016-W38,modules/vtol_att_control,4
2016-W38,platforms,2
2016-W38,platforms/posix,7
2016-W38,platforms/qurt,1
2016-W38,systemcmds/motor_ramp,2
2016-W38,systemcmds/tests,2
2016-W39,drivers,1
2016-W39,drivers/airspeed,1
2016-W39,drivers/ardrone_interface,2
2016-W39,drivers/batt_smbus,1
2016-W39,drivers/blinkm,1
2016-W39,drivers/bma180,1
2016-W39,drivers/bmi160,1
2016-W39,drivers/bmp280,1
2016-W39,drivers/boards,1
2016-W39,drivers/bst,2
2016-W39,drivers/camera_trigger,1
2016-W39,drivers/ets_airspeed,1
2016-W39,drivers/frsky_telemetry,2
2016-W39,drivers/gps,6
2016-W39,drivers/hc_sr04,1
2016-W39,drivers/hmc5883,1
2016-W39,drivers/hott,1
2016-W39,drivers/irlock,1
2016-W39,drivers/l3gd20,1
2016-W39,drivers/led,1
2016-W39,drivers/lis3mdl,1
2016-W39,drivers/ll40ls,1
2016-W39,drivers/lps25h,1
2016-W39,drivers/lsm303d,1
2016-W39,drivers/mb12xx,1
2016-W39,drivers/md25,1
2016-W39,drivers/meas_airspeed,1
2016-W39,drivers/mkblctrl,2
2016-W39,drivers/mpu6000,1
2016-W39,drivers/mpu6500,1
2016-W39,drivers/mpu9250,1
2016-W39,drivers/ms5611,1
2016-W39,drivers/navio_gpio,1
2016-W39,drivers/navio_rgbled,1
2016-W39,drivers/navio_sysfs_pwm_out,1
2016-W39,drivers/navio_sysfs_rc_in,1
2016-W39,drivers/oreoled,1
2016-W39,drivers/pca8574,1
2016-W39,drivers/pwm_out_rc_in,1
2016-W39,drivers/pwm_out_sim,1
2016-W39,drivers/px4flow,1
2016-W39,drivers/px4fmu,2
2016-W39,drivers/px4io,1
2016-W39,drivers/rgbled,1
2016-W39,drivers/rgbled_pwm,1
2016-W39,drivers/roboclaw,1
2016-W39,drivers/sf0x,1
2016-W39,drivers/sf1xx,1
2016-W39,drivers/snapdragon_rc_pwm,1
2016-W39,drivers/srf02,1
2016-W39,drivers/srf02_i2c,1
2016-W39,drivers/stm32,1
2016-W39,drivers/tap_esc,2
2016-W39,drivers/test_ppm,1
2016-W39,drivers/trone,1
2016-W39,drivers/vmount,3
2016-W39,examples/attitude_estimator_ekf,5
2016-W39,examples/ekf_att_pos_estimator,4
2016-W39,examples/fixedwing_control,3
2016-W39,examples/mc_att_control_multiplatform,3
2016-W39,examples/mc_pos_control_multiplatform,3
2016-W39,examples/rover_steering_control,4
2016-W39,lib,7
2016-W39,lib/controllib,1
2016-W39,lib/conversion,1
2016-W39,lib/external_lgpl,1
2016-W39,lib/geo_lookup,1
2016-W39,lib/launchdetection,1
2016-W39,lib/mathlib,1
2016-W39,lib/rc,1
2016-W39,lib/runway_takeoff,1
2016-W39,lib/tailsitter_recovery,1
2016-W39,lib/terrain_estimation,3
2016-W39,modules/attitude_estimator_q,3
2016-W39,modules/bottle_drop,2
2016-W39,modules/commander,7
2016-W39,modules/controllib_test,1
2016-W39,modules/dataman,3
2016-W39,modules/dummy,1
2016-W39,modules/ekf2,3
2016-W39,modules/ekf2_replay,1
2016-W39,modules/fw_att_control,1
2016-W39,modules/fw_pos_control_l1,3
2016-W39,modules/gpio_led,1
2016-W39,modules/land_detector,1
2016-W39,modules/load_mon,1
2016-W39,modules/local_position_estimator,6
2016-W39,modules/logger,2
2016-W39,modules/mavlink,7
2016-W39,modules/mc_att_control,1
2016-W39,modules/mc_pos_control,2
2016-W39,modules/muorb,1
2016-W39,modules/navigator,4
2016-W39,modules/param,1
2016-W39,modules/position_estimator_inav,5
2016-W39,modules/px4iofirmware,1
2016-W39,modules/sdlog2,2
2016-W39,modules/sensors,2
2016-W39,modules/simulator,4
2016-W39,modules/systemlib,7
2016-W39,modules/uORB,4
2016-W39,modules/uavcan,1
2016-W39,modules/unit_test,2
2016-W39,modules/vtol_att_control,4
2016-W39,platforms,1
2016-W39,platforms/nuttx,1
2016-W39,platforms/posix,6
2016-W39,platforms/qurt,1
2016-W39,platforms/ros,1
2016-W39,systemcmds/bl_update,1
2016-W39,systemcmds/config,1
2016-W39,systemcmds/dumpfile,1
2016-W39,systemcmds/esc_calib,1
2016-W39,systemcmds/i2c,1
2016-W39,systemcmds/mixer,1
2016-W39,systemcmds/motor_test,1
2016-W39,systemcmds/mtd,1
2016-W39,systemcmds/nshterm,1
2016-W39,systemcmds/param,1
2016-W39,systemcmds/perf,1
2016-W39,systemcmds/pwm,1
2016-W39,systemcmds/reboot,1
2016-W39,systemcmds/reflect,1
2016-W39,systemcmds/sd_bench,1
2016-W39,systemcmds/tests,2
2016-W39,systemcmds/top,1
2016-W39,systemcmds/topic_listener,1
2016-W39,systemcmds/usb_connected,1
2016-W39,systemcmds/ver,1
2016-W40,drivers/bmi160,4
2016-W40,drivers/boards,2
2016-W40,drivers/kinetis,1
2016-W40,drivers/navio_sysfs_pwm_out,1
2016-W40,drivers/navio_sysfs_rc_in,1
2016-W40,drivers/px4fmu,4
2016-W40,drivers/px4io,1
2016-W40,drivers/qshell,1
2016-W40,examples/attitude_estimator_ekf,1
2016-W40,firmware/nuttx,1
2016-W40,lib,2
2016-W40,lib/conversion,1
2016-W40,lib/rc,1
2016-W40,modules/ekf2,5
2016-W40,modules/ekf2_replay,2
2016-W40,modules/fw_pos_control_l1,1
2016-W40,modules/local_position_estimator,3
2016-W40,modules/logger,6
2016-W40,modules/mavlink,6
2016-W40,modules/mc_att_control,1
2016-W40,modules/mc_pos_control,1
2016-W40,modules/navigator,2
2016-W40,modules/px4iofirmware,1
2016-W40,modules/replay,1
2016-W40,modules/sdlog2,2
2016-W40,modules/sensors,1
2016-W40,modules/simulator,1
2016-W40,modules/syslink,1
2016-W40,modules/systemlib,2
2016-W40,platforms,1
2016-W40,platforms/qurt,1
2016-W41,drivers,1
2016-W41,drivers/boards,2
2016-W41,drivers/device,1
2016-W41,drivers/ist8310,1
2016-W41,drivers/navio_sysfs_rc_in,1
2016-W41,firmware/nuttx,1
2016-W41,firmware/qurt,1
2016-W41,lib,3
2016-W41,modules/commander,3
2016-W41,modules/ekf2,1
2016-W41,modules/fw_pos_control_l1,3
2016-W41,modules/local_position_estimator,4
2016-W41,modules/logger,7
2016-W41,modules/mavlink,4
2016-W41,modules/navigator,2
2016-W41,modules/systemlib,4
2016-W41,platforms,1
2016-W42,drivers,2
2016-W42,drivers/boards,4
2016-W42,drivers/device,3
2016-W42,drivers/gps,1
2016-W42,drivers/hmc5883,1
2016-W42,drivers/ms5611,1
2016-W42,drivers/navio_sysfs_pwm_out,3
2016-W42,drivers/px4fmu,8
2016-W42,drivers/px4io,2
2016-W42,drivers/qshell,1
2016-W42,drivers/stm32,2
2016-W42,drivers/vmount,1
2016-W42,examples/mc_pos_control_multiplatform,2
2016-W42,firmware/posix,1
2016-W42,firmware/qurt,1
2016-W42,lib,2
2016-W42,lib/controllib,1
2016-W42,lib/external_lgpl,3
2016-W42,lib/geo,1
2016-W42,lib/rc,2
2016-W42,modules/commander,1
2016-W42,modules/dataman,7
2016-W42,modules/ekf2,2
2016-W42,modules/fw_att_control,1
2016-W42,modules/fw_pos_control_l1,2
2016-W42,modules/logger,7
2016-W42,modules/mavlink,12
2016-W42,modules/mc_att_control,2
2016-W42,modules/mc_pos_control,6
2016-W42,modules/navigator,11
2016-W42,modules/px4iofirmware,2
2016-W42,modules/sensors,1
2016-W42,modules/simulator,2
2016-W42,modules/systemlib,3
2016-W42,modules/uORB,2
2016-W42,modules/uavcan,3
2016-W42,modules/vtol_att_control,1
2016-W42,platforms,1
2016-W42,platforms/posix,2
2016-W42,platforms/qurt,2
2016-W42,platforms/ros,1
2016-W43,drivers/aerofc_adc,1
2016-W43,drivers/boards,2
2016-W43,drivers/frsky_telemetry,1
2016-W43,drivers/mkblctrl,1
2016-W43,drivers/mpu9250,1
2016-W43,drivers/navio_sysfs_pwm_out,1
2016-W43,drivers/px4fmu,3
2016-W43,drivers/tap_esc,1
2016-W43,drivers/vmount,1
2016-W43,lib,1
2016-W43,lib/controllib,1
2016-W43,lib/mathlib,3
2016-W43,modules/commander,3
2016-W43,modules/controllib_test,1
2016-W43,modules/ekf2,1
2016-W43,modules/fw_pos_control_l1,1
2016-W43,modules/logger,2
2016-W43,modules/mavlink,4
2016-W43,modules/mc_pos_control,2
2016-W43,modules/position_estimator_inav,1
2016-W43,modules/px4iofirmware,1
2016-W43,modules/systemlib,3
2016-W43,modules/uORB,1
2016-W43,modules/uavcan,2
2016-W43,platforms,4
2016-W43,platforms/posix,2
2016-W43,platforms/qurt,1
2016-W44,drivers,3
2016-W44,drivers/boards,2
2016-W44,drivers/navio_sysfs_pwm_out,3
2016-W44,drivers/px4fmu,1
2016-W44,drivers/stm32,2
2016-W44,lib,2
2016-W44,lib/external_lgpl,3
2016-W44,lib/version,1
2016-W44,modules/commander,1
2016-W44,modules/ekf2,6
2016-W44,modules/ekf2_replay,1
2016-W44,modules/fw_att_control,1
2016-W44,modules/logger,1
2016-W44,modules/mavlink,1
2016-W44,modules/navigator,5
2016-W44,modules/sensors,1
2016-W44,modules/systemlib,2
2016-W44,modules/uORB,1
2016-W44,modules/uavcan,1
2016-W44,platforms,1
2016-W44,platforms/posix,1
2016-W44,systemcmds/config,1
2016-W44,systemcmds/tests,2
2016-W45,drivers,1
2016-W45,drivers/boards,5
2016-W45,drivers/device,1
2016-W45,drivers/navio_sysfs_pwm_out,3
2016-W45,drivers/pwm_out_rc_in,1
2016-W45,drivers/px4fmu,5
2016-W45,drivers/px4io,2
2016-W45,drivers/vmount,1
2016-W45,lib,4
2016-W45,lib/rc,1
2016-W45,modules/commander,2
2016-W45,modules/ekf2,4
2016-W45,modules/ekf2_replay,2
2016-W45,modules/local_position_estimator,1
2016-W45,modules/logger,2
2016-W45,modules/mavlink,8
2016-W45,modules/mc_pos_control,1
2016-W45,modules/px4iofirmware,3
2016-W45,modules/sdlog2,1
2016-W45,modules/sensors,1
2016-W45,modules/simulator,1
2016-W45,modules/systemlib,2
2016-W45,systemcmds/pwm,1
2016-W45,systemcmds/tests,1
2016-W46,drivers,1
2016-W46,drivers/iridiumsbd,1
2016-W46,lib,1
2016-W46,modules/commander,6
2016-W46,modules/ekf2,1
2016-W46,modules/ekf2_replay,1
2016-W46,modules/logger,2
2016-W46,modules/mavlink,7
2016-W46,modules/mc_att_control,2
2016-W46,modules/mc_pos_control,9
2016-W46,modules/sensors,5
2016-W46,modules/simulator,1
2016-W46,modules/systemlib,3
2016-W46,modules/uavcan,1
2016-W46,platforms/posix,1
2016-W46,systemcmds/pwm,2
2016-W47,drivers,1
2016-W47,drivers/boards,2
2016-W47,drivers/navio_sysfs_pwm_out,1
2016-W47,drivers/px4fmu,1
2016-W47,drivers/px4io,2
2016-W47,drivers/tap_esc,1
2016-W47,firmware/posix,1
2016-W47,lib,2
2016-W47,lib/mathlib,1
2016-W47,modules/commander,4
2016-W47,modules/ekf2,1
2016-W47,modules/gpio_led,1
2016-W47,modules/load_mon,1
2016-W47,modules/logger,1
2016-W47,modules/mavlink,3
2016-W47,modules/mc_att_control,1
2016-W47,modules/mc_pos_control,4
2016-W47,modules/px4iofirmware,1
2016-W47,modules/sdlog2,1
2016-W47,modules/systemlib,2
2016-W47,modules/vtol_att_control,3
2016-W48,drivers/boards,3
2016-W48,drivers/px4io,2
2016-W48,drivers/spektrum_rc,4
2016-W48,drivers/vmount,1
2016-W48,lib,1
2016-W48,lib/rc,2
2016-W48,modules/commander,4
2016-W48,modules/load_mon,4
2016-W48,modules/local_position_estimator,1
2016-W48,modules/mavlink,3
2016-W48,modules/mc_pos_control,2
2016-W48,modules/px4iofirmware,3
2016-W48,modules/sensors,3
2016-W48,modules/simulator,1
2016-W48,modules/systemlib,2
2016-W48,platforms/posix,3
2016-W49,drivers,1
2016-W49,drivers/boards,3
2016-W49,drivers/device,1
2016-W49,drivers/hmc5883,1
2016-W49,drivers/mpu9250,1
2016-W49,drivers/sf0x,1
2016-W49,drivers/spektrum_rc,5
2016-W49,firmware/posix,2
2016-W49,lib/rc,2
2016-W49,modules/commander,4
2016-W49,modules/load_mon,1
2016-W49,modules/mc_att_control,1
2016-W49,modules/mc_pos_control,7
2016-W49,modules/navigator,2
2016-W49,modules/sensors,2
2016-W49,modules/syslink,2
2016-W49,modules/systemlib,2
2016-W49,modules/vtol_att_control,1
2016-W49,platforms/posix,2
2016-W49,systemcmds/pwm,1
2016-W50,drivers,1
2016-W50,drivers/aerofc_adc,1
2016-W50,drivers/ardrone_interface,1
2016-W50,drivers/boards,29
2016-W50,drivers/bootloaders,1
2016-W50,drivers/device,3
2016-W50,drivers/gps,7
2016-W50,drivers/hc_sr04,1
2016-W50,drivers/hmc5883,4
2016-W50,drivers/lis3mdl,1
2016-W50,drivers/mkblctrl,1
2016-W50,drivers/mpu6000,5
2016-W50,drivers/ms5611,1
2016-W50,drivers/navio_sysfs_pwm_out,1
2016-W50,drivers/pwm_input,1
2016-W50,drivers/pwm_out_sim,1
2016-W50,drivers/px4fmu,6
2016-W50,drivers/px4io,5
2016-W50,drivers/snapdragon_pwm_out,1
2016-W50,drivers/stm32,4
2016-W50,drivers/tap_esc,2
2016-W50,examples/attitude_estimator_ekf,1
2016-W50,examples/px4_simple_app,1
2016-W50,firmware/nuttx,1
2016-W50,firmware/posix,2
2016-W50,lib,8
2016-W50,lib/controllib,1
2016-W50,lib/version,1
2016-W50,modules/attitude_estimator_q,1
2016-W50,modules/commander,2
2016-W50,modules/dataman,1
2016-W50,modules/ekf2,1
2016-W50,modules/gpio_led,1
2016-W50,modules/load_mon,2
2016-W50,modules/local_position_estimator,3
2016-W50,modules/logger,1
2016-W50,modules/mavlink,8
2016-W50,modules/mc_att_control,2
2016-W50,modules/mc_pos_control,4
2016-W50,modules/muorb,1
2016-W50,modules/navigator,7
2016-W50,modules/position_estimator_inav,1
2016-W50,modules/px4iofirmware,2
2016-W50,modules/sdlog2,2
2016-W50,modules/sensors,7
2016-W50,modules/simulator,2
2016-W50,modules/syslink,2
2016-W50,modules/systemlib,9
2016-W50,modules/tempcal,1
2016-W50,modules/uORB,3
2016-W50,modules/uavcan,6
2016-W50,modules/uavcanesc,1
2016-W50,modules/uavcannode,1
2016-W50,platforms,7
2016-W50,platforms/nuttx,1
2016-W50,platforms/posix,5
2016-W50,platforms/qurt,1
2016-W50,systemcmds/hardfault_log,1
2016-W50,systemcmds/i2c,1
2016-W50,systemcmds/mtd,1
2016-W50,systemcmds/nshterm,1
2016-W50,systemcmds/pwm,2
2016-W50,systemcmds/tests,3
2016-W50,systemcmds/ver,1
2016-W51,drivers/boards,2
2016-W51,drivers/mpu6000,3
2016-W51,drivers/stm32,1
2016-W51,drivers/ulanding,2
2016-W51,lib,2
2016-W51,lib/rc,1
2016-W51,lib/version,4
2016-W51,modules/commander,2
2016-W51,modules/ekf2,1
2016-W51,modules/fw_att_control,4
2016-W51,modules/land_detector,3
2016-W51,modules/local_position_estimator,2
2016-W51,modules/logger,4
2016-W51,modules/mavlink,7
2016-W51,modules/mc_pos_control,1
2016-W51,modules/muorb,1
2016-W51,modules/sdlog2,2
2016-W51,modules/sensors,1
2016-W51,modules/simulator,1
2016-W51,modules/systemlib,2
2016-W51,modules/uavcan,5
2016-W51,modules/uavcanesc,2
2016-W51,modules/uavcannode,2
2016-W51,modules/vtol_att_control,1
2016-W51,platforms/posix,3
2016-W51,systemcmds/hardfault_log,1
2016-W51,systemcmds/motor_test,1
2016-W51,systemcmds/pwm,1
2016-W51,systemcmds/ver,3
2016-W52,drivers/boards,11
2016-W52,drivers/hott,1
2016-W52,drivers/ll40ls,2
2016-W52,drivers/px4flow,1
2016-W52,drivers/px4fmu,1
2016-W52,drivers/ulanding,2
2016-W52,examples/fixedwing_control,1
2016-W52,firmware/posix,7
2016-W52,modules/commander,2
2016-W52,modules/dataman,1
2016-W52,modules/ekf2,1
2016-W52,modules/land_detector,3
2016-W52,modules/local_position_estimator,1
2016-W52,modules/mavlink,3
2016-W52,modules/mc_pos_control,3
2016-W52,modules/navigator,3
2016-W52,modules/position_estimator_inav,1
2016-W52,modules/px4iofirmware,2
2016-W52,modules/sensors,3
2016-W52,modules/simulator,1
2016-W52,modules/systemlib,4
2016-W52,modules/uORB,1
2016-W52,modules/uavcan,1
2016-W52,modules/unit_test,1
2016-W52,modules/vtol_att_control,1
2016-W52,platforms,1
2016-W52,platforms/posix,1
2016-W52,systemcmds/tests,6
2017-W01,drivers/boards,1
2017-W01,drivers/camera_trigger,1
2017-W01,drivers/gps,1
2017-W01,drivers/hmc5883,1
2017-W01,drivers/px4fmu,1
2017-W01,firmware/posix,3
2017-W01,lib/controllib,3
2017-W01,lib/launchdetection,1
2017-W01,lib/rc,2
2017-W01,lib/tailsitter_recovery,1
2017-W01,modules/attitude_estimator_q,2
2017-W01,modules/commander,1
2017-W01,modules/dataman,1
2017-W01,modules/ekf2,1
2017-W01,modules/fw_att_control,1
2017-W01,modules/land_detector,1
2017-W01,modules/logger,3
2017-W01,modules/mavlink,4
2017-W01,modules/mc_att_control,1
2017-W01,modules/navigator,5
2017-W01,modules/px4iofirmware,2
2017-W01,modules/sdlog2,1
2017-W01,modules/sensors,2
2017-W01,modules/systemlib,4
2017-W01,modules/uORB,2
2017-W01,modules/uavcan,1
2017-W01,modules/unit_test,1
2017-W01,modules/vtol_att_control,3
2017-W01,platforms,2
2017-W01,platforms/nuttx,1
2017-W01,platforms/posix,2
2017-W01,systemcmds/param,6
2017-W01,systemcmds/tests,8
2017-W02,drivers/bmi160,2
2017-W02,drivers/bmp280,1
2017-W02,drivers/boards,2
2017-W02,drivers/device,1
2017-W02,drivers/ets_airspeed,1
2017-W02,drivers/gps,1
2017-W02,drivers/l3gd20,2
2017-W02,drivers/lis3mdl,1
2017-W02,drivers/lps25h,1
2017-W02,drivers/lsm303d,2
2017-W02,drivers/meas_airspeed,1
2017-W02,drivers/mpu6000,2
2017-W02,drivers/mpu6500,2
2017-W02,drivers/mpu9250,2
2017-W02,drivers/ms5611,1
2017-W02,drivers/pwm_out_sim,1
2017-W02,drivers/stm32,1
2017-W02,examples/ekf_att_pos_estimator,2
2017-W02,lib,1
2017-W02,lib/rc,1
2017-W02,lib/version,2
2017-W02,modules/commander,4
2017-W02,modules/dataman,2
2017-W02,modules/ekf2,1
2017-W02,modules/logger,1
2017-W02,modules/mavlink,8
2017-W02,modules/mc_pos_control,1
2017-W02,modules/muorb,2
2017-W02,modules/navigator,3
2017-W02,modules/px4iofirmware,1
2017-W02,modules/sdlog2,2
2017-W02,modules/sensors,2
2017-W02,modules/simulator,1
2017-W02,modules/systemlib,1
2017-W02,modules/uORB,2
2017-W02,modules/uavcan,3
2017-W02,platforms,3
2017-W02,platforms/posix,9
2017-W02,platforms/qurt,1
2017-W02,systemcmds/motor_test,2
2017-W02,systemcmds/param,2
2017-W02,systemcmds/tests,7
2017-W03,drivers,14
2017-W03,drivers/bmi160,3
2017-W03,drivers/bmp280,2
2017-W03,drivers/boards,37
2017-W03,drivers/l3gd20,2
2017-W03,drivers/lps25h,2
2017-W03,drivers/lsm303d,3
2017-W03,drivers/mpu6000,3
2017-W03,drivers/mpu6500,3
2017-W03,drivers/mpu9250,2
2017-W03,drivers/ms5611,2
2017-W03,drivers/px4fmu,3
2017-W03,drivers/px4io,1
2017-W03,drivers/stm32,2
2017-W03,drivers/tap_esc,3
2017-W03,lib,1
2017-W03,lib/rc,2
2017-W03,lib/version,1
2017-W03,modules/commander,6
2017-W03,modules/events,1
2017-W03,modules/gpio_led,1
2017-W03,modules/land_detector,6
2017-W03,modules/local_position_estimator,3
2017-W03,modules/logger,1
2017-W03,modules/mavlink,2
2017-W03,modules/mc_att_control,8
2017-W03,modules/mc_pos_control,3
2017-W03,modules/muorb,1
2017-W03,modules/px4iofirmware,1
2017-W03,modules/sensors,27
2017-W03,modules/simulator,1
2017-W03,modules/systemlib,2
2017-W03,modules/tempcal,3
2017-W03,modules/uORB,1
2017-W03,platforms,3
2017-W03,platforms/posix,4
2017-W03,systemcmds/mtd,2
2017-W03,systemcmds/tests,3
2017-W04,drivers,2
2017-W04,drivers/ardrone_interface,1
2017-W04,drivers/bma180,1
2017-W04,drivers/bmi160,2
2017-W04,drivers/bmp280,1
2017-W04,drivers/boards,73
2017-W04,drivers/bootloaders,2
2017-W04,drivers/camera_trigger,1
2017-W04,drivers/device,5
2017-W04,drivers/gps,5
2017-W04,drivers/hmc5883,2
2017-W04,drivers/lis3mdl,2
2017-W04,drivers/lps25h,1
2017-W04,drivers/mkblctrl,1
2017-W04,drivers/mpu6000,4
2017-W04,drivers/mpu6500,1
2017-W04,drivers/mpu9250,4
2017-W04,drivers/ms5611,1
2017-W04,drivers/pwm_out_sim,2
2017-W04,drivers/px4fmu,3
2017-W04,drivers/sf0x,1
2017-W04,drivers/stm32,1
2017-W04,drivers/test_ppm,1
2017-W04,drivers/vmount,3
2017-W04,examples/attitude_estimator_ekf,1
2017-W04,examples/ekf_att_pos_estimator,3
2017-W04,examples/fixedwing_control,1
2017-W04,examples/hwtest,1
2017-W04,examples/mc_att_control_multiplatform,1
2017-W04,examples/mc_pos_control_multiplatform,1
2017-W04,firmware/nuttx,1
2017-W04,lib,1
2017-W04,lib/controllib,1
2017-W04,lib/external_lgpl,1
2017-W04,lib/geo,1
2017-W04,lib/launchdetection,1
2017-W04,lib/mathlib,2
2017-W04,lib/rc,2
2017-W04,lib/runway_takeoff,1
2017-W04,lib/version,1
2017-W04,modules/commander,20
2017-W04,modules/controllib_test,1
2017-W04,modules/ekf2,1
2017-W04,modules/events,15
2017-W04,modules/fw_att_control,1
2017-W04,modules/fw_pos_control_l1,2
2017-W04,modules/land_detector,5
2017-W04,modules/local_position_estimator,1
2017-W04,modules/logger,6
2017-W04,modules/mavlink,4
2017-W04,modules/mc_att_control,4
2017-W04,modules/mc_pos_control,8
2017-W04,modules/muorb,1
2017-W04,modules/navigator,3
2017-W04,modules/position_estimator_inav,2
2017-W04,modules/replay,1
2017-W04,modules/sdlog2,1
2017-W04,modules/sensors,11
2017-W04,modules/simulator,1
2017-W04,modules/systemlib,10
2017-W04,modules/tempcal,1
2017-W04,modules/uORB,5
2017-W04,modules/uavcan,1
2017-W04,modules/uavcanesc,2
2017-W04,modules/uavcannode,2
2017-W04,modules/unit_test,1
2017-W04,modules/vtol_att_control,2
2017-W04,platforms,5
2017-W04,platforms/nuttx,1
2017-W04,platforms/posix,10
2017-W04,platforms/qurt,3
2017-W04,platforms/ros,1
2017-W04,systemcmds/hardfault_log,1
2017-W04,systemcmds/motor_ramp,1
2017-W04,systemcmds/tests,3
2017-W04,systemcmds/ver,4
2017-W05,drivers/boards,15
2017-W05,drivers/device,1
2017-W05,drivers/l3gd20,1
2017-W05,drivers/lis3mdl,2
2017-W05,drivers/meas_airspeed,1
2017-W05,drivers/mpu6000,2
2017-W05,drivers/pwm_out_sim,1
2017-W05,drivers/px4fmu,1
2017-W05,drivers/sf0x,1
2017-W05,drivers/spektrum_rc,1
2017-W05,examples/mc_pos_control_multiplatform,1
2017-W05,lib,3
2017-W05,lib/geo_lookup,4
2017-W05,lib/rc,1
2017-W05,modules/commander,8
2017-W05,modules/events,16
2017-W05,modules/land_detector,2
2017-W05,modules/load_mon,2
2017-W05,modules/logger,2
2017-W05,modules/mavlink,1
2017-W05,modules/mc_att_control,1
2017-W05,modules/mc_pos_control,5
2017-W05,modules/navigator,1
2017-W05,modules/param,1
2017-W05,modules/sdlog2,1
2017-W05,modules/sensors,5
2017-W05,modules/systemlib,5
2017-W05,modules/uavcan,1
2017-W05,modules/uavcanesc,1
2017-W05,modules/uavcannode,1
2017-W05,modules/unit_test,1
2017-W05,platforms,3
2017-W05,systemcmds/tests,3
2017-W06,drivers,1
2017-W06,drivers/bmi055,1
2017-W06,drivers/boards,2
2017-W06,drivers/camera_trigger,5
2017-W06,drivers/frsky_telemetry,2
2017-W06,drivers/lis3mdl,1
2017-W06,drivers/ms5611,1
2017-W06,lib,4
2017-W06,modules/commander,6
2017-W06,modules/events,8
2017-W06,modules/fw_att_control,2
2017-W06,modules/fw_pos_control_l1,8
2017-W06,modules/land_detector,3
2017-W06,modules/mavlink,2
2017-W06,modules/mc_pos_control,1
2017-W06,modules/navigator,4
2017-W06,modules/sensors,3
2017-W06,modules/systemlib,5
2017-W06,modules/vtol_att_control,1
2017-W06,platforms,1
2017-W06,systemcmds/bl_update,1
2017-W07,drivers,1
2017-W07,drivers/bmi055,1
2017-W07,drivers/boards,5
2017-W07,drivers/device,1
2017-W07,drivers/frsky_telemetry,1
2017-W07,drivers/gps,1
2017-W07,drivers/led,1
2017-W07,drivers/pwm_out_sim,2
2017-W07,drivers/px4fmu,2
2017-W07,drivers/px4io,1
2017-W07,drivers/rgbled,1
2017-W07,drivers/stm32,3
2017-W07,examples/fixedwing_control,1
2017-W07,firmware/posix,3
2017-W07,lib,1
2017-W07,lib/tunes,3
2017-W07,modules/commander,8
2017-W07,modules/dataman,1
2017-W07,modules/events,5
2017-W07,modules/fw_att_control,6
2017-W07,modules/fw_pos_control_l1,1
2017-W07,modules/land_detector,2
2017-W07,modules/mavlink,6
2017-W07,modules/mc_att_control,1
2017-W07,modules/mc_pos_control,1
2017-W07,modules/navigator,3
2017-W07,modules/px4iofirmware,2
2017-W07,modules/simulator,2
2017-W07,modules/systemlib,5
2017-W07,platforms,2
2017-W07,platforms/posix,3
2017-W07,platforms/qurt,1
2017-W07,systemcmds/bl_update,2
2017-W07,systemcmds/param,2
2017-W07,systemcmds/pwm,3
2017-W07,systemcmds/tests,2
2017-W07,systemcmds/tune_control,3
2017-W08,drivers,3
2017-W08,drivers/boards,4
2017-W08,drivers/frsky_telemetry,1
2017-W08,drivers/led,1
2017-W08,drivers/navio_rgbled,2
2017-W08,drivers/px4fmu,2
2017-W08,drivers/rgbled,2
2017-W08,drivers/rgbled_pwm,3
2017-W08,drivers/rpi_pca9685_pwm_out,1
2017-W08,drivers/rpi_rc_in,2
2017-W08,drivers/stm32,2
2017-W08,drivers/tap_esc,1
2017-W08,examples/publisher,1
2017-W08,examples/px4_daemon_app,1
2017-W08,examples/rover_steering_control,1
2017-W08,examples/segway,2
2017-W08,examples/subscriber,1
2017-W08,lib,2
2017-W08,lib/controllib,1
2017-W08,lib/external_lgpl,1
2017-W08,lib/led,6
2017-W08,lib/mathlib,1
2017-W08,lib/tunes,1
2017-W08,modules/attitude_estimator_q,1
2017-W08,modules/bottle_drop,1
2017-W08,modules/commander,5
2017-W08,modules/ekf2,2
2017-W08,modules/events,4
2017-W08,modules/fw_att_control,1
2017-W08,modules/fw_pos_control_l1,2
2017-W08,modules/land_detector,2
2017-W08,modules/mavlink,3
2017-W08,modules/mc_pos_control,9
2017-W08,modules/navigator,3
2017-W08,modules/px4iofirmware,1
2017-W08,modules/segway,1
2017-W08,modules/sensors,1
2017-W08,modules/simulator,2
2017-W08,modules/syslink,1
2017-W08,modules/systemlib,2
2017-W08,modules/uORB,1
2017-W08,platforms/posix,2
2017-W08,systemcmds/led_control,3
2017-W08,systemcmds/param,1
2017-W08,systemcmds/pwm,1
2017-W08,systemcmds/tests,1
2017-W08,systemcmds/tune_control,3
2017-W09,drivers,2
2017-W09,drivers/bmm150,1
2017-W09,drivers/boards,5
2017-W09,drivers/device,1
2017-W09,drivers/kinetis,1
2017-W09,drivers/lis3mdl,1
2017-W09,drivers/pwm_input,1
2017-W09,drivers/pwm_out_sim,1
2017-W09,drivers/px4fmu,8
2017-W09,drivers/px4io,1
2017-W09,drivers/rgbled,1
2017-W09,drivers/stm32,7
2017-W09,drivers/tap_esc,2
2017-W09,lib/external_lgpl,1
2017-W09,lib/launchdetection,2
2017-W09,lib/tunes,4
2017-W09,modules/commander,2
2017-W09,modules/dataman,2
2017-W09,modules/ekf2,4
2017-W09,modules/ekf2_replay,2
2017-W09,modules/fw_att_control,1
2017-W09,modules/fw_pos_control_l1,1
2017-W09,modules/land_detector,6
2017-W09,modules/logger,3
2017-W09,modules/mavlink,2
2017-W09,modules/mc_att_control,2
2017-W09,modules/mc_pos_control,6
2017-W09,modules/navigator,1
2017-W09,modules/px4iofirmware,3
2017-W09,modules/replay,10
2017-W09,modules/sdlog2,2
2017-W09,modules/sensors,2
2017-W09,modules/systemlib,1
2017-W09,modules/uavcan,2
2017-W09,modules/vtol_att_control,1
2017-W09,systemcmds/pwm,5
2017-W09,systemcmds/tune_control,1
2017-W10,drivers,1
2017-W10,drivers/bmi160,1
2017-W10,drivers/boards,13
2017-W10,drivers/lis3mdl,1
2017-W10,drivers/mpu6500,1
2017-W10,drivers/px4fmu,2
2017-W10,drivers/px4io,1
2017-W10,drivers/stm32,1
2017-W10,examples/ekf_att_pos_estimator,1
2017-W10,lib/rc,1
2017-W10,modules/commander,6
2017-W10,modules/dataman,2
2017-W10,modules/ekf2,2
2017-W10,modules/land_detector,3
2017-W10,modules/local_position_estimator,1
2017-W10,modules/logger,3
2017-W10,modules/mavlink,2
2017-W10,modules/navigator,1
2017-W10,modules/position_estimator_inav,1
2017-W10,modules/px4iofirmware,1
2017-W10,modules/sensors,3
2017-W10,modules/simulator,1
2017-W10,modules/systemlib,3
2017-W10,modules/uavcan,3
2017-W10,platforms/qurt,2
2017-W10,systemcmds/pwm,1
2017-W10,systemcmds/tests,1
2017-W10,systemcmds/usb_connected,1
2017-W11,drivers/airspeed,1
2017-W11,drivers/bmp280,1
2017-W11,drivers/boards,4
2017-W11,drivers/frsky_telemetry,1
2017-W11,drivers/hc_sr04,1
2017-W11,drivers/hmc5883,1
2017-W11,drivers/ist8310,4
2017-W11,drivers/lis3mdl,1
2017-W11,drivers/ll40ls,1
2017-W11,drivers/lps25h,1
2017-W11,drivers/mb12xx,1
2017-W11,drivers/mpu9250,1
2017-W11,drivers/ms5611,3
2017-W11,drivers/px4flow,1
2017-W11,drivers/px4io,1
2017-W11,drivers/sf0x,1
2017-W11,drivers/sf1xx,1
2017-W11,drivers/srf02,1
2017-W11,drivers/srf02_i2c,1
2017-W11,drivers/trone,1
2017-W11,examples/ekf_att_pos_estimator,1
2017-W11,firmware/posix,1
2017-W11,lib,4
2017-W11,lib/geo,1
2017-W11,lib/tunes,2
2017-W11,modules/attitude_estimator_q,1
2017-W11,modules/commander,2
2017-W11,modules/controllib_test,1
2017-W11,modules/ekf2,1
2017-W11,modules/fw_pos_control_l1,1
2017-W11,modules/land_detector,1
2017-W11,modules/logger,4
2017-W11,modules/mavlink,3
2017-W11,modules/mc_pos_control,5
2017-W11,modules/sensors,1
2017-W11,modules/systemlib,10
2017-W11,modules/uavcan,3
2017-W11,modules/unit_test,1
2017-W11,modules/vtol_att_control,1
2017-W11,platforms/posix,2
2017-W11,platforms/qurt,1
2017-W11,platforms/ros,1
2017-W11,systemcmds/param,1
2017-W11,systemcmds/tests,4
2017-W11,systemcmds/tune_control,2
2017-W12,drivers/boards,8
2017-W12,drivers/bootloaders,1
2017-W12,drivers/ist8310,1
2017-W12,firmware/nuttx,1
2017-W12,lib,1
2017-W12,lib/controllib,1
2017-W12,lib/mathlib,1
2017-W12,modules/commander,3
2017-W12,modules/dataman,1
2017-W12,modules/events,1
2017-W12,modules/fw_pos_control_l1,1
2017-W12,modules/land_detector,1
2017-W12,modules/local_position_estimator,1
2017-W12,modules/mavlink,7
2017-W12,modules/mc_pos_control,14
2017-W12,modules/navigator,3
2017-W12,modules/systemlib,4
2017-W12,modules/uORB,1
2017-W12,modules/vtol_att_control,1
2017-W12,systemcmds/param,2
2017-W13,drivers,2
2017-W13,drivers/bmm150,2
2017-W13,drivers/bmp285,1
2017-W13,drivers/boards,6
2017-W13,drivers/bootloaders,2
2017-W13,drivers/gps,1
2017-W13,drivers/kinetis,1
2017-W13,drivers/mpu6000,2
2017-W13,drivers/mpu9250,1
2017-W13,drivers/ocpoc_adc,1
2017-W13,drivers/ocpoc_mmap_pwm_out,2
2017-W13,drivers/ocpoc_sbus_rc_in,2
2017-W13,drivers/px4fmu,3
2017-W13,drivers/spektrum_rc,1
2017-W13,include,1
2017-W13,lib,1
2017-W13,lib/rc,3
2017-W13,modules/commander,4
2017-W13,modules/ekf2,1
2017-W13,modules/land_detector,1
2017-W13,modules/logger,1
2017-W13,modules/mavlink,2
2017-W13,modules/mc_pos_control,3
2017-W13,modules/muorb,1
2017-W13,modules/navigator,5
2017-W13,modules/position_estimator_inav,1
2017-W13,modules/replay,1
2017-W13,modules/sensors,2
2017-W13,modules/systemlib,2
2017-W13,modules/uORB,1
2017-W13,modules/uavcanesc,1
2017-W13,modules/uavcannode,1
2017-W13,platforms,1
2017-W13,platforms/nuttx,1
2017-W13,platforms/posix,1
2017-W13,platforms/qurt,1
2017-W13,systemcmds/hardfault_log,1
2017-W13,systemcmds/pwm,2
2017-W14,drivers,1
2017-W14,drivers/batt_smbus,1
2017-W14,drivers/bmi160,1
2017-W14,drivers/boards,4
2017-W14,drivers/camera_trigger,4
2017-W14,drivers/gps,1
2017-W14,drivers/iridiumsbd,1
2017-W14,drivers/kinetis,1
2017-W14,drivers/lsm303d,1
2017-W14,drivers/mpu6000,1
2017-W14,drivers/stm32,4
2017-W14,drivers/tap_esc,3
2017-W14,firmware/posix,1
2017-W14,lib,1
2017-W14,lib/controllib,1
2017-W14,modules/commander,2
2017-W14,modules/ekf2,2
2017-W14,modules/fw_att_control,1
2017-W14,modules/fw_pos_control_l1,1
2017-W14,modules/land_detector,1
2017-W14,modules/local_position_estimator,1
2017-W14,modules/logger,2
2017-W14,modules/mavlink,2
2017-W14,modules/mc_att_control,1
2017-W14,modules/mc_pos_control,2
2017-W14,modules/navigator,6
2017-W14,modules/replay,1
2017-W14,modules/sdlog2,1
2017-W14,modules/uavcan,7
2017-W14,modules/vtol_att_control,2
2017-W14,platforms/posix,1
2017-W14,systemcmds/tests,1
2017-W15,drivers/bmi160,1
2017-W15,drivers/bmm150,1
2017-W15,drivers/bmp280,1
2017-W15,drivers/bmp285,1
2017-W15,drivers/boards,4
2017-W15,drivers/camera_trigger,11
2017-W15,drivers/gps,1
2017-W15,drivers/hmc5883,1
2017-W15,drivers/ist8310,1
2017-W15,drivers/l3gd20,1
2017-W15,drivers/lis3mdl,1
2017-W15,drivers/lps25h,1
2017-W15,drivers/lsm303d,1
2017-W15,drivers/meas_airspeed,1
2017-W15,drivers/mpu6000,2
2017-W15,drivers/mpu6500,2
2017-W15,drivers/mpu9250,2
2017-W15,drivers/ms5611,1
2017-W15,drivers/px4fmu,3
2017-W15,drivers/snapdragon_pwm_out,1
2017-W15,drivers/stm32,2
2017-W15,drivers/test_ppm,1
2017-W15,drivers/vmount,16
2017-W15,examples/ekf_att_pos_estimator,1
2017-W15,firmware/posix,2
2017-W15,lib,1
2017-W15,modules/commander,7
2017-W15,modules/fw_pos_control_l1,3
2017-W15,modules/land_detector,1
2017-W15,modules/logger,1
2017-W15,modules/mavlink,2
2017-W15,modules/mc_pos_control,2
2017-W15,modules/navigator,4
2017-W15,modules/sensors,1
2017-W15,modules/simulator,3
2017-W15,modules/systemlib,2
2017-W15,platforms/qurt,1
2017-W16,drivers/bmi055,2
2017-W16,drivers/bmm150,1
2017-W16,drivers/boards,8
2017-W16,drivers/device,2
2017-W16,drivers/kinetis,4
2017-W16,drivers/px4fmu,2
2017-W16,drivers/stm32,1
2017-W16,drivers/vmount,1
2017-W16,examples/ekf_att_pos_estimator,1
2017-W16,examples/segway,1
2017-W16,lib,2
2017-W16,lib/controllib,2
2017-W16,lib/mathlib,3
2017-W16,lib/runway_takeoff,1
2017-W16,lib/terrain_estimation,1
2017-W16,modules/commander,10
2017-W16,modules/ekf2,5
2017-W16,modules/ekf2_replay,1
2017-W16,modules/fw_att_control,1
2017-W16,modules/fw_pos_control_l1,2
2017-W16,modules/land_detector,4
2017-W16,modules/local_position_estimator,2
2017-W16,modules/logger,1
2017-W16,modules/mavlink,4
2017-W16,modules/mc_pos_control,2
2017-W16,modules/navigator,7
2017-W16,modules/px4iofirmware,1
2017-W16,modules/sensors,5
2017-W16,modules/systemlib,10
2017-W16,modules/uORB,1
2017-W16,modules/uavcan,1
2017-W16,modules/vtol_att_control,1
2017-W16,platforms,3
2017-W16,platforms/common,4
2017-W16,platforms/posix,5
2017-W16,platforms/qurt,2
2017-W16,systemcmds/reboot,1
2017-W16,systemcmds/tests,1
2017-W17,drivers,1
2017-W17,drivers/boards,2
2017-W17,drivers/camera_trigger,5
2017-W17,drivers/gps,1
2017-W17,drivers/px4fmu,3
2017-W17,drivers/rpi_pca9685_pwm_out,2
2017-W17,drivers/rpi_rc_in,1
2017-W17,drivers/stm32,1
2017-W17,drivers/vmount,1
2017-W17,examples/ekf_att_pos_estimator,1
2017-W17,lib,1
2017-W17,lib/mathlib,1
2017-W17,modules/commander,1
2017-W17,modules/ekf2,2
2017-W17,modules/ekf2_replay,2
2017-W17,modules/events,3
2017-W17,modules/fw_pos_control_l1,9
2017-W17,modules/land_detector,1
2017-W17,modules/local_position_estimator,1
2017-W17,modules/logger,3
2017-W17,modules/mavlink,2
2017-W17,modules/mc_pos_control,12
2017-W17,modules/navigator,1
2017-W17,modules/position_estimator_inav,1
2017-W17,modules/sensors,3
2017-W17,modules/systemlib,1
2017-W17,modules/uORB,1
2017-W17,platforms,3
2017-W17,platforms/common,1
2017-W17,platforms/posix,1
2017-W17,systemcmds/param,1
2017-W17,systemcmds/pwm,3
2017-W17,systemcmds/top,1
2017-W18,drivers/aerofc_adc,1
2017-W18,drivers/bma180,1
2017-W18,drivers/bmi055,1
2017-W18,drivers/bmi160,1
2017-W18,drivers/bmp280,1
2017-W18,drivers/boards,22
2017-W18,drivers/camera_trigger,2
2017-W18,drivers/device,1
2017-W18,drivers/gps,1
2017-W18,drivers/hmc5883,1
2017-W18,drivers/kinetis,1
2017-W18,drivers/l3gd20,1
2017-W18,drivers/lis3mdl,1
2017-W18,drivers/ll40ls,1
2017-W18,drivers/lps25h,1
2017-W18,drivers/lsm303d,1
2017-W18,drivers/mpu6000,1
2017-W18,drivers/mpu6500,1
2017-W18,drivers/mpu9250,2
2017-W18,drivers/ms5611,1
2017-W18,drivers/px4fmu,4
2017-W18,drivers/rpi_pca9685_pwm_out,2
2017-W18,drivers/rpi_rc_in,1
2017-W18,drivers/stm32,1
2017-W18,lib/rc,1
2017-W18,lib/version,2
2017-W18,mainpage.dox,1
2017-W18,modules/commander,4
2017-W18,modules/ekf2,1
2017-W18,modules/events,2
2017-W18,modules/logger,4
2017-W18,modules/mavlink,6
2017-W18,modules/mc_pos_control,15
2017-W18,modules/navigator,5
2017-W18,modules/px4iofirmware,6
2017-W18,modules/sensors,1
2017-W18,modules/systemlib,2
2017-W18,modules/uORB,1
2017-W18,modules/uavcan,1
2017-W18,platforms,3
2017-W18,platforms/common,1
2017-W18,systemcmds/bl_update,2
2017-W18,systemcmds/config,1
2017-W18,systemcmds/dumpfile,2
2017-W18,systemcmds/esc_calib,1
2017-W18,systemcmds/hardfault_log,1
2017-W18,systemcmds/i2c,1
2017-W18,systemcmds/led_control,1
2017-W18,systemcmds/mixer,2
2017-W18,systemcmds/motor_ramp,1
2017-W18,systemcmds/motor_test,1
2017-W18,systemcmds/mtd,2
2017-W18,systemcmds/nshterm,1
2017-W18,systemcmds/param,2
2017-W18,systemcmds/perf,1
2017-W18,systemcmds/pwm,4
2017-W18,systemcmds/reboot,1
2017-W18,systemcmds/sd_bench,1
2017-W18,systemcmds/top,1
2017-W18,systemcmds/topic_listener,1
2017-W18,systemcmds/usb_connected,1
2017-W18,systemcmds/ver,2
2017-W19,drivers,1
2017-W19,drivers/aerofc_adc,1
2017-W19,drivers/boards,18
2017-W19,drivers/camera_trigger,4
2017-W19,drivers/gps,2
2017-W19,drivers/kinetis,1
2017-W19,drivers/linux_gpio,2
2017-W19,drivers/mpl3115a2,1
2017-W19,drivers/navio_adc,2
2017-W19,drivers/navio_gpio,1
2017-W19,drivers/navio_rgbled,1
2017-W19,drivers/rpi_pca9685_pwm_out,2
2017-W19,drivers/rpi_pwm_out,3
2017-W19,drivers/rpi_rc_in,1
2017-W19,drivers/vmount,1
2017-W19,lib,1
2017-W19,modules/camera_feedback,3
2017-W19,modules/commander,4
2017-W19,modules/dataman,1
2017-W19,modules/ekf2,2
2017-W19,modules/events,1
2017-W19,modules/land_detector,3
2017-W19,modules/load_mon,1
2017-W19,modules/logger,2
2017-W19,modules/mavlink,16
2017-W19,modules/mc_pos_control,9
2017-W19,modules/navigator,4
2017-W19,modules/replay,1
2017-W19,modules/sensors,2
2017-W19,modules/simulator,2
2017-W19,modules/uORB,1
2017-W19,platforms/posix,1
2017-W19,systemcmds/param,1
2017-W19,systemcmds/pwm,1
2017-W19,systemcmds/tests,1
2017-W20,drivers,1
2017-W20,drivers/boards,13
2017-W20,drivers/kinetis,2
2017-W20,drivers/linux_gpio,2
2017-W20,drivers/navio_adc,1
2017-W20,drivers/protocol_splitter,1
2017-W20,drivers/px4fmu,3
2017-W20,drivers/stm32,3
2017-W20,firmware/posix,1
2017-W20,lib,2
2017-W20,lib/FlightTasks,3
2017-W20,lib/mathlib,1
2017-W20,modules/commander,1
2017-W20,modules/dataman,3
2017-W20,modules/ekf2,4
2017-W20,modules/mavlink,10
2017-W20,modules/mc_pos_control,3
2017-W20,modules/micrortps_bridge,1
2017-W20,modules/navigator,5
2017-W20,platforms,1
2017-W20,platforms/posix,1
2017-W20,systemcmds/usb_connected,1
2017-W21,drivers,1
2017-W21,drivers/airspeed,1
2017-W21,drivers/boards,26
2017-W21,drivers/ets_airspeed,1
2017-W21,drivers/kinetis,1
2017-W21,drivers/lis3mdl,1
2017-W21,drivers/meas_airspeed,1
2017-W21,drivers/mpu9250,1
2017-W21,drivers/ms5525_airspeed,1
2017-W21,drivers/ocpoc_mmap_pwm_out,3
2017-W21,drivers/ocpoc_sbus_rc_in,2
2017-W21,drivers/tap_esc,1
2017-W21,lib/FlightTasks,2
2017-W21,lib/rc,2
2017-W21,modules/commander,10
2017-W21,modules/land_detector,3
2017-W21,modules/local_position_estimator,1
2017-W21,modules/mc_pos_control,1
2017-W21,modules/navigator,1
2017-W21,modules/px4iofirmware,2
2017-W21,modules/sensors,4
2017-W21,modules/systemlib,1
2017-W22,drivers/bmi055,2
2017-W22,drivers/bmi160,2
2017-W22,drivers/bmm150,1
2017-W22,drivers/boards,1
2017-W22,drivers/bootloaders,1
2017-W22,drivers/camera_trigger,1
2017-W22,drivers/device,2
2017-W22,drivers/gps,2
2017-W22,drivers/hmc5883,1
2017-W22,drivers/linux_gpio,1
2017-W22,drivers/lis3mdl,1
2017-W22,drivers/mkblctrl,2
2017-W22,drivers/mpu9250,1
2017-W22,drivers/navio_adc,1
2017-W22,drivers/navio_rgbled,1
2017-W22,drivers/pca9685,1
2017-W22,drivers/pwm_out_sim,2
2017-W22,drivers/qshell,1
2017-W22,drivers/stm32,3
2017-W22,drivers/tap_esc,2
2017-W22,drivers/vmount,2
2017-W22,examples/fixedwing_control,1
2017-W22,examples/mc_att_control_multiplatform,1
2017-W22,examples/publisher,1
2017-W22,examples/rover_steering_control,1
2017-W22,examples/segway,2
2017-W22,examples/subscriber,1
2017-W22,firmware/nuttx,1
2017-W22,firmware/posix,2
2017-W22,firmware/qurt,1
2017-W22,include,2
2017-W22,include/containers,2
2017-W22,lib,2
2017-W22,lib/FlightTasks,5
2017-W22,lib/controllib,6
2017-W22,lib/launchdetection,1
2017-W22,lib/runway_takeoff,1
2017-W22,lib/terrain_estimation,1
2017-W22,lib/tunes,1
2017-W22,lib/version,1
2017-W22,modules/commander,4
2017-W22,modules/ekf2,4
2017-W22,modules/fw_att_control,1
2017-W22,modules/fw_pos_control_l1,2
2017-W22,modules/land_detector,7
2017-W22,modules/mavlink,4
2017-W22,modules/mc_pos_control,4
2017-W22,modules/navigator,5
2017-W22,modules/position_estimator_inav,1
2017-W22,modules/replay,1
2017-W22,modules/sdlog2,1
2017-W22,modules/sensors,1
2017-W22,modules/simulator,1
2017-W22,modules/systemlib,3
2017-W22,modules/uavcan,1
2017-W22,modules/uavcanesc,1
2017-W22,modules/uavcannode,1
2017-W22,modules/vtol_att_control,1
2017-W22,platforms,1
2017-W22,platforms/posix,2
2017-W22,platforms/qurt,1
2017-W22,systemcmds/tests,2
2017-W23,drivers,1
2017-W23,drivers/aerofc_adc,1
2017-W23,drivers/boards,6
2017-W23,drivers/device,3
2017-W23,drivers/iridiumsbd,1
2017-W23,drivers/ist8310,1
2017-W23,drivers/linux_pwm_out,3
2017-W23,drivers/md25,1
2017-W23,drivers/ocpoc_adc,1
2017-W23,drivers/ocpoc_mmap_pwm_out,1
2017-W23,drivers/sdp3x_airspeed,3
2017-W23,drivers/ulanding,1
2017-W23,examples/px4_mavlink_debug,2
2017-W23,firmware/posix,2
2017-W23,firmware/qurt,1
2017-W23,lib/controllib,1
2017-W23,lib/mathlib,1
2017-W23,modules/attitude_estimator_q,1
2017-W23,modules/commander,3
2017-W23,modules/gnd_att_control,1
2017-W23,modules/gnd_pos_control,1
2017-W23,modules/land_detector,4
2017-W23,modules/local_position_estimator,1
2017-W23,modules/mavlink,6
2017-W23,modules/mc_att_control,1
2017-W23,modules/mc_pos_control,7
2017-W23,modules/navigator,4
2017-W23,modules/param,1
2017-W23,modules/sensors,2
2017-W23,modules/systemlib,3
2017-W23,modules/uavcanesc,1
2017-W23,platforms,2
2017-W23,systemcmds/hardfault_log,1
2017-W23,systemcmds/mtd,1
2017-W23,systemcmds/tests,1
2017-W24,drivers/bmm150,1
2017-W24,drivers/bmp280,1
2017-W24,drivers/boards,1
2017-W24,drivers/hmc5883,1
2017-W24,drivers/ist8310,1
2017-W24,drivers/lis3mdl,1
2017-W24,drivers/lps25h,1
2017-W24,drivers/lsm303d,1
2017-W24,drivers/mpl3115a2,1
2017-W24,drivers/mpu9250,1
2017-W24,drivers/ms4525_airspeed,1
2017-W24,drivers/ms5525_airspeed,1
2017-W24,drivers/pwm_out_rc_in,1
2017-W24,drivers/px4flow,2
2017-W24,drivers/px4io,1
2017-W24,drivers/samv7,1
2017-W24,drivers/sdp3x_airspeed,1
2017-W24,drivers/snapdragon_rc_pwm,1
2017-W24,lib,1
2017-W24,modules/commander,4
2017-W24,modules/dataman,1
2017-W24,modules/ekf2,1
2017-W24,modules/gpio_led,1
2017-W24,modules/land_detector,1
2017-W24,modules/mavlink,6
2017-W24,modules/mc_pos_control,10
2017-W24,modules/navigator,8
2017-W24,modules/sensors,8
2017-W24,modules/simulator,1
2017-W24,modules/uORB,4
2017-W24,modules/uavcan,3
2017-W24,platforms,1
2017-W24,platforms/posix,2
2017-W24,systemcmds/mtd,1
2017-W25,drivers,1
2017-W25,drivers/airspeed,1
2017-W25,drivers/boards,22
2017-W25,drivers/ets_airspeed,1
2017-W25,drivers/fxos8700cq,1
2017-W25,drivers/gps,1
2017-W25,drivers/kinetis,1
2017-W25,drivers/meas_airspeed,1
2017-W25,drivers/ms4525_airspeed,1
2017-W25,drivers/ms5525_airspeed,1
2017-W25,drivers/sdp3x_airspeed,2
2017-W25,examples/mc_pos_control_multiplatform,1
2017-W25,modules/commander,3
2017-W25,modules/ekf2,2
2017-W25,modules/logger,1
2017-W25,modules/mavlink,2
2017-W25,modules/mc_pos_control,4
2017-W25,modules/sdlog2,2
2017-W25,modules/systemlib,1
2017-W25,platforms,1
2017-W25,platforms/posix,1
2017-W26,drivers,1
2017-W26,drivers/aerofc_adc,1
2017-W26,drivers/boards,19
2017-W26,drivers/device,2
2017-W26,drivers/navio_adc,1
2017-W26,drivers/ocpoc_adc,1
2017-W26,drivers/px4io,1
2017-W26,drivers/stm32,2
2017-W26,modules/commander,2
2017-W26,modules/land_detector,2
2017-W26,modules/logger,3
2017-W26,modules/mavlink,1
2017-W26,modules/mc_pos_control,3
2017-W26,modules/navigator,3
2017-W26,modules/sensors,2
2017-W26,modules/simulator,1
2017-W26,modules/syslink,1
2017-W26,modules/systemlib,3
2017-W26,modules/vtol_att_control,2
2017-W26,platforms,2
2017-W26,platforms/posix,4
2017-W26,systemcmds/hardfault_log,1
2017-W26,systemcmds/tests,1
2017-W27,drivers/bmp280,1
2017-W27,drivers/boards,1
2017-W27,drivers/bootloaders,1
2017-W27,drivers/camera_trigger,2
2017-W27,drivers/ets_airspeed,1
2017-W27,drivers/frsky_telemetry,1
2017-W27,drivers/gps,2
2017-W27,drivers/mpu6000,1
2017-W27,drivers/mpu9250,13
2017-W27,drivers/ms5611,1
2017-W27,drivers/px4fmu,4
2017-W27,drivers/px4io,2
2017-W27,drivers/vmount,1
2017-W27,lib,1
2017-W27,lib/FlightTasks,1
2017-W27,lib/tunes,2
2017-W27,lib/version,4
2017-W27,modules/commander,9
2017-W27,modules/ekf2,6
2017-W27,modules/fw_att_control,3
2017-W27,modules/fw_pos_control_l1,2
2017-W27,modules/gnd_pos_control,1
2017-W27,modules/land_detector,3
2017-W27,modules/logger,14
2017-W27,modules/mavlink,17
2017-W27,modules/mc_att_control,2
2017-W27,modules/mc_pos_control,5
2017-W27,modules/navigator,6
2017-W27,modules/replay,1
2017-W27,modules/sdlog2,1
2017-W27,modules/sensors,5
2017-W27,modules/systemlib,6
2017-W27,modules/uORB,1
2017-W27,modules/uavcan,2
2017-W27,modules/vtol_att_control,2
2017-W27,platforms,1
2017-W27,systemcmds/hardfault_log,3
2017-W28,drivers/boards,2
2017-W28,drivers/hmc5883,1
2017-W28,drivers/iridiumsbd,1
2017-W28,drivers/mpu6000,1
2017-W28,drivers/mpu9250,3
2017-W28,examples/ekf_att_pos_estimator,1
2017-W28,lib/tunes,2
2017-W28,modules/dataman,3
2017-W28,modules/ekf2,1
2017-W28,modules/events,1
2017-W28,modules/land_detector,2
2017-W28,modules/logger,1
2017-W28,modules/mavlink,5
2017-W28,modules/mc_pos_control,1
2017-W28,modules/navigator,4
2017-W28,modules/replay,2
2017-W28,modules/sdlog2,2
2017-W28,modules/sensors,1
2017-W28,modules/uavcan,1
2017-W28,modules/uavcanesc,1
2017-W28,modules/uavcannode,1
2017-W28,modules/vtol_att_control,2
2017-W28,platforms/posix,2
2017-W28,systemcmds/pwm,1
2017-W28,systemcmds/tune_control,1
2017-W28,systemcmds/ver,1
2017-W29,drivers/bmi160,1
2017-W29,drivers/boards,7
2017-W29,drivers/mpu9250,2
2017-W29,drivers/ocpoc_adc,1
2017-W29,drivers/px4fmu,5
2017-W29,lib,2
2017-W29,lib/version,1
2017-W29,modules/dataman,1
2017-W29,modules/ekf2,5
2017-W29,modules/mavlink,13
2017-W29,modules/mc_pos_control,1
2017-W29,modules/simulator,1
2017-W29,modules/syslink,1
2017-W29,modules/systemlib,5
2017-W29,modules/vtol_att_control,1
2017-W29,platforms,1
2017-W29,systemcmds/tests,1
2017-W29,systemcmds/ver,1
2017-W30,drivers/boards,4
2017-W30,drivers/camera_trigger,2
2017-W30,drivers/gps,1
2017-W30,drivers/iridiumsbd,1
2017-W30,drivers/linux_pwm_out,1
2017-W30,drivers/protocol_splitter,1
2017-W30,drivers/px4io,1
2017-W30,drivers/sf0x,1
2017-W30,drivers/tap_esc,1
2017-W30,drivers/ulanding,1
2017-W30,drivers/vmount,2
2017-W30,lib,2
2017-W30,lib/controllib,1
2017-W30,modules/commander,7
2017-W30,modules/dataman,1
2017-W30,modules/ekf2,2
2017-W30,modules/ekf2_replay,1
2017-W30,modules/events,2
2017-W30,modules/fw_pos_control_l1,1
2017-W30,modules/land_detector,3
2017-W30,modules/local_position_estimator,1
2017-W30,modules/logger,3
2017-W30,modules/mavlink,11
2017-W30,modules/mc_pos_control,1
2017-W30,modules/micrortps_bridge,1
2017-W30,modules/navigator,3
2017-W30,modules/replay,1
2017-W30,modules/sdlog2,2
2017-W30,modules/sensors,5
2017-W30,modules/simulator,1
2017-W30,modules/syslink,1
2017-W30,modules/systemlib,6
2017-W30,modules/uORB,1
2017-W30,modules/uavcan,1
2017-W30,modules/vtol_att_control,2
2017-W30,platforms,2
2017-W30,platforms/common,4
2017-W30,platforms/posix,3
2017-W30,platforms/qurt,2
2017-W30,systemcmds/motor_ramp,1
2017-W30,systemcmds/pwm,1
2017-W30,systemcmds/reboot,1
2017-W30,systemcmds/sd_bench,1
2017-W30,systemcmds/tests,1
2017-W31,drivers,1
2017-W31,drivers/boards,1
2017-W31,drivers/camera_trigger,2
2017-W31,drivers/frsky_telemetry,6
2017-W31,drivers/protocol_splitter,2
2017-W31,drivers/vmount,1
2017-W31,examples/ekf_att_pos_estimator,1
2017-W31,lib,2
2017-W31,lib/geo,1
2017-W31,modules/ekf2,2
2017-W31,modules/events,1
2017-W31,modules/fw_pos_control_l1,1
2017-W31,modules/land_detector,1
2017-W31,modules/mavlink,2
2017-W31,modules/micrortps_bridge,13
2017-W31,modules/navigator,3
2017-W31,modules/sensors,4
2017-W31,modules/simulator,3
2017-W31,modules/systemlib,1
2017-W31,modules/vtol_att_control,2
2017-W31,platforms,1
2017-W31,platforms/posix,5
2017-W31,systemcmds/bl_update,1
2017-W32,drivers,2
2017-W32,drivers/airspeed,1
2017-W32,drivers/ardrone_interface,1
2017-W32,drivers/boards,12
2017-W32,drivers/device,2
2017-W32,drivers/ets_airspeed,1
2017-W32,drivers/mkblctrl,1
2017-W32,drivers/ms4525_airspeed,1
2017-W32,drivers/ms5525_airspeed,1
2017-W32,drivers/pwm_out_sim,1
2017-W32,drivers/px4fmu,3
2017-W32,drivers/px4io,1
2017-W32,drivers/rgbled,1
2017-W32,drivers/sdp3x_airspeed,1
2017-W32,drivers/vmount,11
2017-W32,examples/auv_hippocampus_example_app,1
2017-W32,examples/ekf_att_pos_estimator,1
2017-W32,lib/rc,1
2017-W32,lib/tunes,3
2017-W32,modules/commander,6
2017-W32,modules/ekf2_replay,2
2017-W32,modules/fw_att_control,1
2017-W32,modules/fw_pos_control_l1,1
2017-W32,modules/gpio_led,2
2017-W32,modules/land_detector,4
2017-W32,modules/mc_pos_control,7
2017-W32,modules/navigator,2
2017-W32,modules/px4iofirmware,2
2017-W32,modules/sensors,5
2017-W32,modules/systemlib,2
2017-W32,modules/uORB,2
2017-W32,modules/uavcan,1
2017-W32,modules/vtol_att_control,9
2017-W32,platforms,5
2017-W32,platforms/posix,2
2017-W32,platforms/qurt,1
2017-W32,systemcmds/sd_bench,1
2017-W32,systemcmds/tests,6
2017-W33,drivers,1
2017-W33,drivers/aerofc_adc,1
2017-W33,drivers/bst,1
2017-W33,drivers/camera_trigger,1
2017-W33,drivers/device,1
2017-W33,drivers/linux_pwm_out,2
2017-W33,drivers/linux_sbus,1
2017-W33,drivers/rgbled,1
2017-W33,drivers/sf0x,1
2017-W33,drivers/ulanding,3
2017-W33,drivers/vmount,2
2017-W33,examples/ekf_att_pos_estimator,1
2017-W33,include/containers,1
2017-W33,lib/FlightTasks,3
2017-W33,lib/controllib,1
2017-W33,modules/commander,3
2017-W33,modules/ekf2,1
2017-W33,modules/ekf2_replay,1
2017-W33,modules/events,1
2017-W33,modules/fw_att_control,2
2017-W33,modules/fw_pos_control_l1,1
2017-W33,modules/land_detector,7
2017-W33,modules/logger,5
2017-W33,modules/mavlink,5
2017-W33,modules/mc_pos_control,1
2017-W33,modules/micrortps_bridge,1
2017-W33,modules/navigator,3
2017-W33,modules/position_estimator_inav,1
2017-W33,modules/sensors,1
2017-W33,modules/simulator,3
2017-W33,modules/uORB,1
2017-W33,modules/uavcan,1
2017-W33,modules/vtol_att_control,5
2017-W33,platforms,1
2017-W33,systemcmds/motor_ramp,1
2017-W34,drivers,2
2017-W34,drivers/airspeed,1
2017-W34,drivers/boards,7
2017-W34,drivers/device,3
2017-W34,drivers/ets_airspeed,1
2017-W34,drivers/iridiumsbd,1
2017-W34,drivers/ist8310,2
2017-W34,drivers/led,1
2017-W34,drivers/linux_pwm_out,1
2017-W34,drivers/ms4525_airspeed,2
2017-W34,drivers/ms5525_airspeed,1
2017-W34,drivers/pwm_out_sim,1
2017-W34,drivers/px4flow,1
2017-W34,drivers/rgbled_pwm,2
2017-W34,drivers/sdp3x_airspeed,1
2017-W34,drivers/sf0x,1
2017-W34,drivers/stm32,1
2017-W34,drivers/vmount,1
2017-W34,firmware/nuttx,1
2017-W34,include,1
2017-W34,lib,2
2017-W34,lib/rc,1
2017-W34,lib/tunes,1
2017-W34,modules/commander,4
2017-W34,modules/dummy,1
2017-W34,modules/mavlink,3
2017-W34,modules/mc_pos_control,1
2017-W34,modules/micrortps_bridge,1
2017-W34,modules/simulator,1
2017-W34,modules/systemlib,1
2017-W34,modules/uORB,1
2017-W34,modules/uavcan,2
2017-W34,modules/uavcanesc,2
2017-W34,modules/uavcannode,1
2017-W34,modules/unit_test,1
2017-W34,modules/vtol_att_control,2
2017-W34,platforms/posix,1
2017-W34,platforms/qurt,1
2017-W34,systemcmds/tests,1
2017-W34,systemcmds/topic_listener,3
2017-W35,drivers/airspeed,1
2017-W35,drivers/batt_smbus,1
2017-W35,drivers/bmi160,1
2017-W35,drivers/boards,3
2017-W35,drivers/bootloaders,1
2017-W35,drivers/device,2
2017-W35,drivers/fxas21002c,1
2017-W35,drivers/fxos8700cq,1
2017-W35,drivers/pwm_out_rc_in,1
2017-W35,drivers/px4io,1
2017-W35,drivers/qshell,1
2017-W35,drivers/ulanding,3
2017-W35,firmware/nuttx,1
2017-W35,firmware/posix,2
2017-W35,firmware/qurt,1
2017-W35,lib,1
2017-W35,lib/external_lgpl,1
2017-W35,lib/version,1
2017-W35,modules/commander,2
2017-W35,modules/fw_pos_control_l1,1
2017-W35,modules/gnd_pos_control,1
2017-W35,modules/mavlink,1
2017-W35,modules/micrortps_bridge,1
2017-W35,modules/muorb,1
2017-W35,modules/px4iofirmware,1
2017-W35,modules/systemlib,1
2017-W35,modules/uORB,1
2017-W35,modules/uavcan,1
2017-W35,modules/uavcanesc,1
2017-W35,modules/uavcannode,1
2017-W35,modules/vtol_att_control,1
2017-W35,platforms/common,1
2017-W35,platforms/posix,2
2017-W36,drivers/boards,11
2017-W36,drivers/bootloaders,1
2017-W36,drivers/camera_trigger,1
2017-W36,drivers/linux_pwm_out,1
2017-W36,drivers/mkblctrl,1
2017-W36,drivers/pwm_out_rc_in,1
2017-W36,drivers/pwm_out_sim,1
2017-W36,drivers/px4fmu,2
2017-W36,drivers/px4io,2
2017-W36,drivers/sf1xx,2
2017-W36,drivers/snapdragon_pwm_out,1
2017-W36,drivers/spektrum_rc,1
2017-W36,drivers/stm32,1
2017-W36,drivers/tap_esc,1
2017-W36,drivers/vmount,1
2017-W36,examples/uuv_example_app,1
2017-W36,firmware/nuttx,1
2017-W36,lib,1
2017-W36,lib/mixer,5
2017-W36,modules/commander,2
2017-W36,modules/dataman,1
2017-W36,modules/ekf2,3
2017-W36,modules/events,1
2017-W36,modules/fw_att_control,1
2017-W36,modules/fw_pos_control_l1,2
2017-W36,modules/local_position_estimator,1
2017-W36,modules/logger,5
2017-W36,modules/mavlink,2
2017-W36,modules/mc_att_control,2
2017-W36,modules/mc_pos_control,6
2017-W36,modules/navigator,3
2017-W36,modules/px4iofirmware,1
2017-W36,modules/sensors,4
2017-W36,modules/systemlib,3
2017-W36,modules/uavcan,2
2017-W36,modules/uavcanesc,1
2017-W36,modules/uavcannode,1
2017-W36,modules/vtol_att_control,7
2017-W36,platforms,1
2017-W36,platforms/posix,1
2017-W36,platforms/qurt,1
2017-W36,systemcmds/tests,1
2017-W36,systemcmds/ver,1
2017-W37,drivers/bmp280,1
2017-W37,drivers/boards,20
2017-W37,drivers/hmc5883,1
2017-W37,drivers/kinetis,1
2017-W37,drivers/px4io,1
2017-W37,drivers/stm32,3
2017-W37,drivers/teraranger,2
2017-W37,drivers/trevo,2
2017-W37,drivers/vmount,1
2017-W37,lib,1
2017-W37,modules/commander,1
2017-W37,modules/mc_pos_control,1
2017-W37,modules/sensors,3
2017-W37,modules/systemlib,1
2017-W37,systemcmds/motor_ramp,1
2017-W37,systemcmds/ver,2
2017-W38,drivers/bma180,1
2017-W38,drivers/boards,2
2017-W38,drivers/frsky_telemetry,1
2017-W38,drivers/kinetis,1
2017-W38,drivers/l3gd20,1
2017-W38,drivers/ll40ls,1
2017-W38,drivers/lsm303d,1
2017-W38,drivers/mb12xx,1
2017-W38,drivers/mkblctrl,1
2017-W38,drivers/pwm_out_sim,1
2017-W38,drivers/px4flow,1
2017-W38,drivers/px4io,1
2017-W38,drivers/sf0x,1
2017-W38,drivers/sf1xx,1
2017-W38,drivers/srf02,1
2017-W38,drivers/srf02_i2c,1
2017-W38,drivers/stm32,1
2017-W38,drivers/teraranger,1
2017-W38,drivers/ulanding,1
2017-W38,examples/ekf_att_pos_estimator,1
2017-W38,examples/segway,1
2017-W38,examples/uuv_example_app,1
2017-W38,lib,1
2017-W38,lib/FlightTasks,1
2017-W38,lib/geo,1
2017-W38,lib/mixer,1
2017-W38,modules/attitude_estimator_q,1
2017-W38,modules/commander,3
2017-W38,modules/ekf2,5
2017-W38,modules/ekf2_replay,1
2017-W38,modules/fw_att_control,1
2017-W38,modules/fw_pos_control_l1,2
2017-W38,modules/gnd_att_control,1
2017-W38,modules/gnd_pos_control,1
2017-W38,modules/land_detector,1
2017-W38,modules/local_position_estimator,2
2017-W38,modules/mavlink,9
2017-W38,modules/mc_att_control,8
2017-W38,modules/mc_pos_control,8
2017-W38,modules/navigator,1
2017-W38,modules/position_estimator_inav,2
2017-W38,modules/sdlog2,2
2017-W38,modules/sensors,2
2017-W38,modules/simulator,1
2017-W38,modules/uORB,1
2017-W38,modules/vtol_att_control,1
2017-W38,platforms/posix,3
2017-W38,systemcmds/i2c,1
2017-W38,systemcmds/ver,1
2017-W39,drivers/bmi055,1
2017-W39,drivers/boards,7
2017-W39,drivers/ets_airspeed,1
2017-W39,drivers/fxos8700cq,1
2017-W39,drivers/kinetis,5
2017-W39,drivers/ll40ls,1
2017-W39,drivers/mpu6000,1
2017-W39,drivers/mpu9250,1
2017-W39,drivers/ms4525_airspeed,1
2017-W39,drivers/ms5525_airspeed,1
2017-W39,drivers/px4fmu,1
2017-W39,drivers/sdp3x_airspeed,1
2017-W39,drivers/stm32,1
2017-W39,drivers/vmount,1
2017-W39,firmware/nuttx,2
2017-W39,firmware/posix,1
2017-W39,lib/FlightTasks,13
2017-W39,modules/commander,1
2017-W39,modules/mavlink,3
2017-W39,modules/mc_att_control,1
2017-W39,modules/micrortps_bridge,1
2017-W39,modules/navigator,2
2017-W39,modules/sensors,1
2017-W39,modules/systemlib,2
2017-W39,modules/uORB,1
2017-W39,platforms/common,1
2017-W39,platforms/posix,1
2017-W39,systemcmds/tests,3
2017-W39,systemcmds/topic_listener,1
2017-W40,drivers,1
2017-W40,drivers/airspeed,1
2017-W40,drivers/boards,10
2017-W40,drivers/ets_airspeed,1
2017-W40,drivers/fxos8701cq,1
2017-W40,drivers/gps,2
2017-W40,drivers/ist8310,1
2017-W40,drivers/kinetis,1
2017-W40,drivers/ms4525_airspeed,1
2017-W40,drivers/ms5525_airspeed,1
2017-W40,drivers/protocol_splitter,1
2017-W40,drivers/sdp3x_airspeed,1
2017-W40,drivers/tap_esc,1
2017-W40,firmware/nuttx,2
2017-W40,firmware/posix,2
2017-W40,lib/controllib,1
2017-W40,lib/led,1
2017-W40,lib/mathlib,1
2017-W40,lib/version,3
2017-W40,modules/commander,5
2017-W40,modules/ekf2,3
2017-W40,modules/events,1
2017-W40,modules/fw_pos_control_l1,1
2017-W40,modules/land_detector,1
2017-W40,modules/logger,2
2017-W40,modules/mavlink,2
2017-W40,modules/mc_att_control,2
2017-W40,modules/mc_pos_control,5
2017-W40,modules/navigator,1
2017-W40,modules/sdlog2,1
2017-W40,modules/sensors,1
2017-W40,modules/systemlib,4
2017-W40,modules/uavcanesc,1
2017-W40,platforms,1
2017-W40,platforms/posix,4
2017-W40,systemcmds/hardfault_log,1
2017-W40,systemcmds/led_control,1
2017-W40,systemcmds/tests,2
2017-W40,systemcmds/ver,2
2017-W41,drivers/airspeed,2
2017-W41,drivers/blinkm,1
2017-W41,drivers/boards,4
2017-W41,drivers/device,1
2017-W41,drivers/linux_gpio,1
2017-W41,drivers/linux_pwm_out,1
2017-W41,drivers/linux_sbus,1
2017-W41,drivers/mkblctrl,1
2017-W41,drivers/mpl3115a2,1
2017-W41,drivers/mpu6000,2
2017-W41,drivers/pwm_out_rc_in,1
2017-W41,drivers/pwm_out_sim,1
2017-W41,drivers/px4fmu,2
2017-W41,drivers/px4io,1
2017-W41,drivers/sdp3x_airspeed,1
2017-W41,drivers/sf0x,1
2017-W41,drivers/snapdragon_pwm_out,1
2017-W41,drivers/stm32,1
2017-W41,drivers/tap_esc,1
2017-W41,drivers/vmount,1
2017-W41,firmware/posix,1
2017-W41,lib,1
2017-W41,lib/mixer,9
2017-W41,lib/rc,2
2017-W41,lib/tailsitter_recovery,1
2017-W41,lib/terrain_estimation,1
2017-W41,lib/version,2
2017-W41,modules/attitude_estimator_q,1
2017-W41,modules/commander,1
2017-W41,modules/ekf2,1
2017-W41,modules/land_detector,1
2017-W41,modules/logger,3
2017-W41,modules/mavlink,2
2017-W41,modules/mc_att_control,1
2017-W41,modules/micrortps_bridge,2
2017-W41,modules/navigator,3
2017-W41,modules/position_estimator_inav,1
2017-W41,modules/px4iofirmware,3
2017-W41,modules/sdlog2,1
2017-W41,modules/sensors,1
2017-W41,modules/syslink,1
2017-W41,modules/systemlib,5
2017-W41,modules/uORB,1
2017-W41,modules/uavcan,1
2017-W41,modules/uavcanesc,1
2017-W41,modules/uavcannode,1
2017-W41,platforms,1
2017-W41,platforms/posix,4
2017-W41,platforms/qurt,2
2017-W41,platforms/ros,1
2017-W41,systemcmds/mixer,1
2017-W41,systemcmds/tests,5
2017-W42,drivers,1
2017-W42,drivers/device,2
2017-W42,drivers/vmount,2
2017-W42,lib,3
2017-W42,lib/FlightTasks,1
2017-W42,lib/mixer,1
2017-W42,modules/commander,3
2017-W42,modules/dataman,1
2017-W42,modules/ekf2,3
2017-W42,modules/fw_pos_control_l1,1
2017-W42,modules/logger,5
2017-W42,modules/mavlink,2
2017-W42,modules/mc_att_control,1
2017-W42,modules/mc_pos_control,2
2017-W42,modules/micrortps_bridge,1
2017-W42,modules/navigator,1
2017-W42,modules/sensors,1
2017-W42,modules/simulator,1
2017-W42,modules/systemlib,1
2017-W42,modules/uORB,2
2017-W42,modules/vtol_att_control,2
2017-W43,drivers/boards,1
2017-W43,drivers/camera_trigger,1
2017-W43,drivers/pwm_out_rc_in,1
2017-W43,drivers/sdp3x_airspeed,1
2017-W43,drivers/snapdragon_pwm_out,1
2017-W43,drivers/vmount,2
2017-W43,examples/bottle_drop,1
2017-W43,lib,1
2017-W43,lib/mixer,1
2017-W43,modules/camera_feedback,1
2017-W43,modules/commander,7
2017-W43,modules/ekf2,2
2017-W43,modules/events,2
2017-W43,modules/land_detector,1
2017-W43,modules/local_position_estimator,1
2017-W43,modules/logger,1
2017-W43,modules/mavlink,1
2017-W43,modules/mc_att_control,1
2017-W43,modules/mc_pos_control,1
2017-W43,modules/navigator,2
2017-W43,modules/px4iofirmware,1
2017-W43,modules/sensors,7
2017-W43,modules/simulator,1
2017-W43,modules/syslink,1
2017-W43,modules/systemlib,9
2017-W43,platforms/qurt,1
2017-W43,systemcmds/ver,1
2017-W44,drivers/ocpoc_sbus_rc_in,1
2017-W44,drivers/protocol_splitter,1
2017-W44,drivers/vmount,2
2017-W44,firmware/posix,1
2017-W44,lib,1
2017-W44,lib/FlightTasks,6
2017-W44,modules/commander,1
2017-W44,modules/ekf2,1
2017-W44,modules/local_position_estimator,6
2017-W44,modules/mavlink,5
2017-W44,modules/navigator,2
2017-W44,modules/sensors,2
2017-W44,modules/systemlib,1
2017-W44,systemcmds/esc_calib,1
2017-W45,drivers/device,4
2017-W45,drivers/tap_esc,1
2017-W45,lib/FlightTasks,6
2017-W45,lib/version,1
2017-W45,modules/ekf2,1
2017-W45,modules/mavlink,1
2017-W45,modules/mc_pos_control,1
2017-W45,modules/navigator,2
2017-W45,modules/vtol_att_control,1
2017-W45,systemcmds/tests,1
2017-W45,systemcmds/topic_listener,2
2017-W46,drivers/batt_smbus,1
2017-W46,drivers/bmi055,1
2017-W46,drivers/bmi160,1
2017-W46,drivers/bmm150,2
2017-W46,drivers/boards,1
2017-W46,drivers/bst,1
2017-W46,drivers/device,3
2017-W46,drivers/fxas21002c,1
2017-W46,drivers/fxos8701cq,1
2017-W46,drivers/hmc5883,1
2017-W46,drivers/l3gd20,1
2017-W46,drivers/lis3mdl,1
2017-W46,drivers/ll40ls,1
2017-W46,drivers/lsm303d,1
2017-W46,drivers/mb12xx,1
2017-W46,drivers/md25,1
2017-W46,drivers/mkblctrl,1
2017-W46,drivers/mpl3115a2,1
2017-W46,drivers/mpu6000,1
2017-W46,drivers/mpu9250,2
2017-W46,drivers/ms5611,1
2017-W46,drivers/oreoled,1
2017-W46,drivers/sdp3x_airspeed,1
2017-W46,drivers/sf1xx,1
2017-W46,drivers/srf02,1
2017-W46,drivers/srf02_i2c,1
2017-W46,drivers/teraranger,1
2017-W46,examples/bottle_drop,1
2017-W46,firmware/nuttx,1
2017-W46,lib,1
2017-W46,lib/FlightTasks,2
2017-W46,lib/rc,1
2017-W46,lib/version,1
2017-W46,modules/commander,1
2017-W46,modules/dataman,1
2017-W46,modules/ekf2,2
2017-W46,modules/fw_pos_control_l1,1
2017-W46,modules/logger,1
2017-W46,modules/mavlink,2
2017-W46,modules/mc_att_control,1
2017-W46,modules/navigator,6
2017-W46,modules/sdlog2,1
2017-W46,modules/sensors,4
2017-W46,modules/systemlib,1
2017-W46,platforms,1
2017-W46,platforms/posix,1
2017-W46,platforms/qurt,3
2017-W47,drivers,2
2017-W47,drivers/adis16448,1
2017-W47,drivers/boards,3
2017-W47,drivers/device,1
2017-W47,drivers/gps,1
2017-W47,drivers/px4io,1
2017-W47,examples/attitude_estimator_ekf,1
2017-W47,examples/ekf_att_pos_estimator,1
2017-W47,examples/mc_att_control_multiplatform,1
2017-W47,examples/mc_pos_control_multiplatform,1
2017-W47,firmware/nuttx,1
2017-W47,firmware/posix,1
2017-W47,lib/FlightTasks,7
2017-W47,lib/mixer,2
2017-W47,lib/version,1
2017-W47,modules/commander,2
2017-W47,modules/ekf2,2
2017-W47,modules/fw_att_control,1
2017-W47,modules/fw_pos_control_l1,2
2017-W47,modules/logger,1
2017-W47,modules/mavlink,2
2017-W47,modules/mc_att_control,1
2017-W47,modules/mc_pos_control,1
2017-W47,modules/micrortps_bridge,2
2017-W47,modules/navigator,2
2017-W47,modules/px4iofirmware,1
2017-W47,modules/sdlog2,1
2017-W47,modules/sensors,4
2017-W47,modules/simulator,2
2017-W47,modules/systemlib,4
2017-W47,modules/uORB,1
2017-W47,modules/uavcan,1
2017-W47,platforms/qurt,1
2017-W47,platforms/ros,1
2017-W48,drivers/boards,1
2017-W48,drivers/distance_sensor,1
2017-W48,drivers/px4io,3
2017-W48,drivers/tap_esc,2
2017-W48,lib/FlightTasks,8
2017-W48,modules/commander,5
2017-W48,modules/micrortps_bridge,1
2017-W48,modules/navigator,1
2017-W48,modules/sensors,4
2017-W48,modules/systemlib,3
2017-W48,modules/uORB,1
2017-W48,modules/vtol_att_control,1
2017-W49,drivers/boards,3
2017-W49,drivers/imu,1
2017-W49,drivers/ist8310,1
2017-W49,drivers/lis3mdl,1
2017-W49,drivers/mpu6000,1
2017-W49,drivers/mpu9250,1
2017-W49,drivers/protocol_splitter,1
2017-W49,drivers/pwm_out_rc_in,1
2017-W49,drivers/px4io,2
2017-W49,drivers/snapdragon_rc_pwm,1
2017-W49,firmware/nuttx,2
2017-W49,lib,1
2017-W49,lib/FlightTasks,7
2017-W49,modules/commander,4
2017-W49,modules/ekf2,3
2017-W49,modules/land_detector,1
2017-W49,modules/load_mon,1
2017-W49,modules/local_position_estimator,1
2017-W49,modules/logger,2
2017-W49,modules/mavlink,4
2017-W49,modules/mc_att_control,1
2017-W49,modules/mc_pos_control,2
2017-W49,modules/micrortps_bridge,1
2017-W49,modules/navigator,3
2017-W49,modules/simulator,1
2017-W49,modules/uavcanesc,1
2017-W49,modules/uavcannode,1
2017-W49,modules/vtol_att_control,1
2017-W49,systemcmds/tune_control,1
2017-W50,drivers,30
2017-W50,drivers/adis16448,6
2017-W50,drivers/barometer,1
2017-W50,drivers/bma180,3
2017-W50,drivers/bmi055,9
2017-W50,drivers/bmi160,9
2017-W50,drivers/bmm150,2
2017-W50,drivers/bmp280,1
2017-W50,drivers/boards,1
2017-W50,drivers/camera_trigger,1
2017-W50,drivers/fxas21002c,3
2017-W50,drivers/fxos8701cq,4
2017-W50,drivers/hc_sr04,2
2017-W50,drivers/hmc5883,2
2017-W50,drivers/ist8310,2
2017-W50,drivers/l3gd20,3
2017-W50,drivers/lis3mdl,2
2017-W50,drivers/ll40ls,2
2017-W50,drivers/lps25h,1
2017-W50,drivers/lsm303d,4
2017-W50,drivers/mb12xx,2
2017-W50,drivers/mpl3115a2,1
2017-W50,drivers/mpu6000,7
2017-W50,drivers/mpu9250,9
2017-W50,drivers/ms5611,1
2017-W50,drivers/pwm_input,1
2017-W50,drivers/pwm_out_sim,1
2017-W50,drivers/px4flow,3
2017-W50,drivers/px4fmu,10
2017-W50,drivers/px4io,6
2017-W50,drivers/sf0x,2
2017-W50,drivers/sf1xx,2
2017-W50,drivers/srf02,2
2017-W50,drivers/srf02_i2c,2
2017-W50,drivers/telemetry,1
2017-W50,drivers/teraranger,2
2017-W50,lib/FlightTasks,16
2017-W50,lib/mathlib,1
2017-W50,lib/rc,1
2017-W50,lib/tunes,1
2017-W50,modules/commander,4
2017-W50,modules/ekf2,1
2017-W50,modules/local_position_estimator,1
2017-W50,modules/logger,2
2017-W50,modules/mavlink,8
2017-W50,modules/mc_pos_control,3
2017-W50,modules/navigator,2
2017-W50,modules/position_estimator_inav,1
2017-W50,modules/sensors,7
2017-W50,modules/simulator,3
2017-W50,modules/systemlib,2
2017-W50,modules/uORB,1
2017-W50,modules/uavcan,2
2017-W50,platforms,1
2017-W50,platforms/posix,5
2017-W50,platforms/ros,1
2017-W50,systemcmds/tests,2
2017-W51,drivers/adis16448,1
2017-W51,drivers/boards,1
2017-W51,drivers/imu,1
2017-W51,drivers/kinetis,1
2017-W51,drivers/px4fmu,1
2017-W51,drivers/telemetry,2
2017-W51,lib/FlightTasks,15
2017-W51,lib/controllib,1
2017-W51,lib/launchdetection,1
2017-W51,lib/runway_takeoff,1
2017-W51,modules/commander,18
2017-W51,modules/ekf2,3
2017-W51,modules/fw_att_control,1
2017-W51,modules/fw_pos_control_l1,1
2017-W51,modules/land_detector,1
2017-W51,modules/logger,1
2017-W51,modules/mavlink,1
2017-W51,modules/mc_pos_control,23
2017-W51,modules/navigator,3
2017-W51,systemcmds/tests,1
2017-W52,drivers/pwm_out_sim,1
2017-W52,drivers/tfmini,1
2017-W52,lib,1
2017-W52,lib/FlightTasks,15
2017-W52,modules/commander,13
2017-W52,modules/fw_pos_control_l1,1
2017-W52,modules/mc_pos_control,6
2017-W52,modules/micrortps_bridge,1
2017-W52,modules/muorb,1
2017-W52,modules/navigator,2
2017-W52,modules/px4iofirmware,9
2017-W52,modules/sdlog2,1
2017-W52,modules/sensors,2
2017-W52,modules/simulator,1
2017-W52,modules/vtol_att_control,2
2017-W52,platforms/common,1
2017-W52,platforms/posix,3
2017-W52,systemcmds/topic_listener,1
2018-W01,drivers/adis16448,1
2018-W01,drivers/boards,3
2018-W01,drivers/camera_trigger,1
2018-W01,drivers/differential_pressure,1
2018-W01,drivers/distance_sensor,1
2018-W01,drivers/imu,1
2018-W01,drivers/mpu6000,1
2018-W01,drivers/pwm_out_rc_in,2
2018-W01,drivers/px4fmu,1
2018-W01,drivers/px4io,2
2018-W01,drivers/snapdragon_rc_pwm,1
2018-W01,drivers/telemetry,1
2018-W01,drivers/tfmini,1
2018-W01,drivers/vmount,3
2018-W01,firmware/nuttx,1
2018-W01,lib,3
2018-W01,lib/FlightTasks,18
2018-W01,lib/controllib,1
2018-W01,lib/conversion,2
2018-W01,lib/drivers,1
2018-W01,lib/mathlib,1
2018-W01,lib/parameters,1
2018-W01,lib/pid,1
2018-W01,lib/pwm_limit,1
2018-W01,modules/commander,5
2018-W01,modules/dataman,1
2018-W01,modules/ekf2,2
2018-W01,modules/events,3
2018-W01,modules/fw_att_control,3
2018-W01,modules/fw_pos_control_l1,1
2018-W01,modules/gnd_pos_control,1
2018-W01,modules/land_detector,1
2018-W01,modules/load_mon,1
2018-W01,modules/local_position_estimator,4
2018-W01,modules/logger,2
2018-W01,modules/mavlink,10
2018-W01,modules/mc_att_control,1
2018-W01,modules/mc_pos_control,1
2018-W01,modules/muorb,2
2018-W01,modules/navigator,5
2018-W01,modules/position_estimator_inav,1
2018-W01,modules/sdlog2,1
2018-W01,modules/sensors,1
2018-W01,modules/simulator,5
2018-W01,modules/systemlib,8
2018-W01,modules/uORB,2
2018-W01,platforms/posix,4
2018-W01,systemcmds/reboot,1
2018-W02,drivers/boards,1
2018-W02,drivers/differential_pressure,1
2018-W02,drivers/distance_sensor,1
2018-W02,drivers/iridiumsbd,2
2018-W02,drivers/irlock,1
2018-W02,drivers/ll40ls,1
2018-W02,drivers/px4io,4
2018-W02,drivers/snapdragon_rc_pwm,1
2018-W02,drivers/telemetry,1
2018-W02,drivers/vmount,1
2018-W02,lib/FlightTasks,16
2018-W02,lib/mixer,3
2018-W02,modules/commander,4
2018-W02,modules/ekf2,4
2018-W02,modules/landing_target_estimator,1
2018-W02,modules/load_mon,2
2018-W02,modules/local_position_estimator,3
2018-W02,modules/logger,2
2018-W02,modules/mavlink,6
2018-W02,modules/mc_pos_control,7
2018-W02,modules/navigator,1
2018-W02,modules/simulator,2
2018-W02,modules/systemlib,6
2018-W02,modules/uORB,3
2018-W02,modules/vtol_att_control,1
2018-W02,platforms/posix,3
2018-W02,systemcmds/tests,2
2018-W03,drivers/barometer,1
2018-W03,drivers/boards,1
2018-W03,drivers/distance_sensor,3
2018-W03,drivers/hott,1
2018-W03,drivers/magnetometer,1
2018-W03,drivers/snapdragon_pwm_out,1
2018-W03,drivers/vmount,7
2018-W03,examples/px4_daemon_app,1
2018-W03,lib,3
2018-W03,lib/FlightTasks,3
2018-W03,lib/led,1
2018-W03,lib/tunes,1
2018-W03,modules/commander,3
2018-W03,modules/land_detector,1
2018-W03,modules/local_position_estimator,1
2018-W03,modules/logger,2
2018-W03,modules/mc_pos_control,2
2018-W03,modules/navigator,1
2018-W03,modules/uORB,2
2018-W03,modules/uavcanesc,1
2018-W03,modules/uavcannode,1
2018-W03,platforms,1
2018-W03,platforms/common,1
2018-W03,platforms/posix,1
2018-W03,templates/module,2
2018-W04,include,1
2018-W04,lib,1
2018-W04,lib/FlightTasks,2
2018-W04,lib/tunes,8
2018-W04,modules/commander,6
2018-W04,modules/landing_target_estimator,2
2018-W04,modules/mavlink,6
2018-W04,modules/mc_pos_control,2
2018-W04,modules/navigator,2
2018-W04,modules/systemlib,1
2018-W04,systemcmds/tests,1
2018-W04,systemcmds/tune_control,2
2018-W05,drivers/boards,1
2018-W05,drivers/telemetry,1
2018-W05,lib,2
2018-W05,lib/controllib,1
2018-W05,lib/mathlib,3
2018-W05,modules/commander,1
2018-W05,modules/fw_pos_control_l1,2
2018-W05,modules/mavlink,5
2018-W05,modules/mc_att_control,1
2018-W05,modules/mc_pos_control,1
2018-W05,modules/micrortps_bridge,1
2018-W05,modules/navigator,1
2018-W05,modules/systemlib,3
2018-W05,platforms,1
2018-W05,platforms/common,1
2018-W05,platforms/posix,1
2018-W05,systemcmds/tune_control,1
2018-W06,drivers,2
2018-W06,drivers/batt_smbus,2
2018-W06,drivers/boards,1
2018-W06,drivers/distance_sensor,7
2018-W06,drivers/imu,1
2018-W06,drivers/kinetis,1
2018-W06,drivers/magnetometer,2
2018-W06,drivers/px4io,1
2018-W06,drivers/samv7,1
2018-W06,drivers/stm32,1
2018-W06,drivers/telemetry,1
2018-W06,lib/FlightTasks,4
2018-W06,lib/tunes,1
2018-W06,modules/commander,1
2018-W06,modules/fw_att_control,1
2018-W06,modules/fw_pos_control_l1,1
2018-W06,modules/mavlink,3
2018-W06,modules/mc_pos_control,6
2018-W06,modules/sensors,8
2018-W06,modules/systemlib,4
2018-W06,modules/uavcan,1
2018-W06,modules/uavcanesc,1
2018-W06,modules/uavcannode,1
2018-W07,drivers/barometer,1
2018-W07,drivers/px4fmu,2
2018-W07,drivers/px4io,2
2018-W07,drivers/telemetry,1
2018-W07,lib/FlightTasks,18
2018-W07,lib/mixer,1
2018-W07,modules/attitude_estimator_q,1
2018-W07,modules/commander,7
2018-W07,modules/ekf2,1
2018-W07,modules/fw_att_control,12
2018-W07,modules/fw_pos_control_l1,2
2018-W07,modules/local_position_estimator,1
2018-W07,modules/logger,1
2018-W07,modules/mavlink,5
2018-W07,modules/mc_att_control,1
2018-W07,modules/mc_pos_control,1
2018-W07,modules/micrortps_bridge,2
2018-W07,modules/navigator,3
2018-W07,modules/position_estimator_inav,1
2018-W07,modules/px4iofirmware,1
2018-W07,modules/sdlog2,1
2018-W07,modules/sensors,1
2018-W07,modules/simulator,1
2018-W07,modules/systemlib,1
2018-W07,modules/uavcan,1
2018-W07,platforms/posix,1
2018-W08,drivers/boards,3
2018-W08,drivers/imu,1
2018-W08,drivers/linux_pwm_out,1
2018-W08,drivers/pwm_out_sim,2
2018-W08,drivers/px4fmu,1
2018-W08,drivers/snapdragon_pwm_out,1
2018-W08,include,1
2018-W08,lib,1
2018-W08,lib/FlightTasks,8
2018-W08,lib/mixer,3
2018-W08,modules/commander,1
2018-W08,modules/fw_att_control,1
2018-W08,modules/mavlink,1
2018-W08,modules/mc_att_control,5
2018-W08,modules/mc_pos_control,5
2018-W08,modules/sensors,2
2018-W08,modules/simulator,2
2018-W08,modules/syslink,1
2018-W08,modules/systemlib,5
2018-W08,modules/uavcan,3
2018-W08,platforms,2
2018-W08,systemcmds/tune_control,1
2018-W08,templates/module,1
2018-W09,drivers/boards,2
2018-W09,drivers/pmw3901,1
2018-W09,drivers/pwm_out_sim,2
2018-W09,drivers/telemetry,2
2018-W09,lib,2
2018-W09,lib/FlightTasks,16
2018-W09,lib/mathlib,1
2018-W09,lib/mixer,1
2018-W09,modules/commander,1
2018-W09,modules/ekf2,2
2018-W09,modules/fw_pos_control_l1,6
2018-W09,modules/gnd_att_control,1
2018-W09,modules/landing_target_estimator,1
2018-W09,modules/local_position_estimator,3
2018-W09,modules/logger,2
2018-W09,modules/mavlink,8
2018-W09,modules/mc_att_control,6
2018-W09,modules/mc_pos_control,8
2018-W09,modules/navigator,7
2018-W09,modules/sensors,1
2018-W09,modules/systemlib,3
2018-W09,modules/uORB,1
2018-W09,modules/vtol_att_control,17
2018-W09,platforms,1
2018-W09,systemcmds/hardfault_log,1
2018-W10,drivers/batt_smbus,1
2018-W10,drivers/boards,2
2018-W10,drivers/differential_pressure,1
2018-W10,drivers/distance_sensor,2
2018-W10,drivers/gps,1
2018-W10,drivers/imu,1
2018-W10,drivers/pmw3901,3
2018-W10,drivers/telemetry,3
2018-W10,lib,1
2018-W10,lib/FlightTasks,3
2018-W10,modules/commander,1
2018-W10,modules/ekf2,2
2018-W10,modules/fw_att_control,2
2018-W10,modules/land_detector,3
2018-W10,modules/local_position_estimator,2
2018-W10,modules/mavlink,6
2018-W10,modules/mc_pos_control,8
2018-W10,modules/navigator,2
2018-W10,modules/position_estimator_inav,2
2018-W10,modules/px4iofirmware,2
2018-W10,modules/replay,1
2018-W10,modules/systemlib,2
2018-W10,modules/vtol_att_control,4
2018-W11,drivers/barometer,1
2018-W11,drivers/batt_smbus,1
2018-W11,drivers/boards,5
2018-W11,drivers/distance_sensor,1
2018-W11,drivers/imu,1
2018-W11,drivers/magnetometer,1
2018-W11,drivers/pmw3901,1
2018-W11,drivers/pwm_out_sim,2
2018-W11,drivers/rgbled,1
2018-W11,drivers/telemetry,4
2018-W11,drivers/vmount,2
2018-W11,lib,1
2018-W11,lib/mixer,1
2018-W11,modules/commander,5
2018-W11,modules/ekf2,2
2018-W11,modules/fw_att_control,1
2018-W11,modules/fw_pos_control_l1,1
2018-W11,modules/mavlink,3
2018-W11,modules/mc_att_control,5
2018-W11,modules/mc_pos_control,2
2018-W11,modules/navigator,3
2018-W11,modules/sdlog2,1
2018-W11,modules/sensors,1
2018-W11,modules/syslink,2
2018-W11,modules/vtol_att_control,3
2018-W11,modules/wind_estimator,6
2018-W11,systemcmds/topic_listener,1
2018-W12,drivers/airspeed,1
2018-W12,drivers/barometer,2
2018-W12,drivers/batt_smbus,1
2018-W12,drivers/camera_trigger,1
2018-W12,drivers/device,1
2018-W12,drivers/distance_sensor,1
2018-W12,drivers/gps,1
2018-W12,drivers/imu,3
2018-W12,drivers/magnetometer,1
2018-W12,drivers/md25,1
2018-W12,drivers/pwm_out_sim,4
2018-W12,drivers/px4flow,1
2018-W12,drivers/telemetry,1
2018-W12,drivers/vmount,1
2018-W12,examples/bottle_drop,1
2018-W12,examples/fixedwing_control,1
2018-W12,examples/rover_steering_control,1
2018-W12,examples/segway,1
2018-W12,examples/uuv_example_app,2
2018-W12,lib,3
2018-W12,lib/FlightTasks,3
2018-W12,lib/conversion,1
2018-W12,lib/geo,1
2018-W12,lib/geo_lookup,1
2018-W12,lib/mathlib,1
2018-W12,lib/mixer,1
2018-W12,lib/terrain_estimation,1
2018-W12,lib/tunes,2
2018-W12,modules/attitude_estimator_q,2
2018-W12,modules/commander,5
2018-W12,modules/ekf2,4
2018-W12,modules/fw_att_control,3
2018-W12,modules/fw_pos_control_l1,3
2018-W12,modules/gnd_att_control,1
2018-W12,modules/gnd_pos_control,2
2018-W12,modules/local_position_estimator,1
2018-W12,modules/mavlink,7
2018-W12,modules/mc_att_control,9
2018-W12,modules/mc_pos_control,7
2018-W12,modules/navigator,8
2018-W12,modules/position_estimator_inav,1
2018-W12,modules/replay,1
2018-W12,modules/sensors,4
2018-W12,modules/simulator,2
2018-W12,modules/syslink,1
2018-W12,modules/systemlib,3
2018-W12,modules/uavcan,1
2018-W12,modules/vtol_att_control,4
2018-W12,modules/wind_estimator,3
2018-W12,platforms,1
2018-W12,platforms/posix,3
2018-W12,platforms/ros,1
2018-W12,systemcmds/tests,1
2018-W12,systemcmds/topic_listener,2
2018-W12,systemcmds/tune_control,1
2018-W13,drivers,1
2018-W13,drivers/barometer,1
2018-W13,drivers/boards,4
2018-W13,drivers/camera_trigger,1
2018-W13,drivers/distance_sensor,4
2018-W13,drivers/imu,1
2018-W13,drivers/pmw3901,3
2018-W13,drivers/px4flow,1
2018-W13,drivers/px4fmu,1
2018-W13,drivers/px4io,1
2018-W13,drivers/tap_esc,3
2018-W13,drivers/telemetry,1
2018-W13,drivers/vmount,1
2018-W13,examples/uuv_example_app,1
2018-W13,include,1
2018-W13,lib,5
2018-W13,lib/FlightTasks,4
2018-W13,lib/battery,1
2018-W13,lib/conversion,1
2018-W13,lib/drivers,1
2018-W13,lib/mathlib,1
2018-W13,lib/mixer,1
2018-W13,lib/terrain_estimation,1
2018-W13,lib/tunes,2
2018-W13,modules/attitude_estimator_q,1
2018-W13,modules/commander,37
2018-W13,modules/fw_att_control,1
2018-W13,modules/fw_pos_control_l1,2
2018-W13,modules/gnd_att_control,1
2018-W13,modules/gpio_led,1
2018-W13,modules/land_detector,1
2018-W13,modules/logger,3
2018-W13,modules/mavlink,5
2018-W13,modules/mc_att_control,3
2018-W13,modules/mc_pos_control,7
2018-W13,modules/navigator,5
2018-W13,modules/replay,1
2018-W13,modules/sdlog2,1
2018-W13,modules/sensors,2
2018-W13,modules/uORB,1
2018-W13,modules/vtol_att_control,4
2018-W13,modules/wind_estimator,1
2018-W13,platforms,1
2018-W13,systemcmds/tests,7
2018-W13,systemcmds/topic_listener,1
2018-W13,systemcmds/tune_control,1
2018-W14,drivers/aerofc_adc,1
2018-W14,drivers/batt_smbus,1
2018-W14,drivers/differential_pressure,1
2018-W14,drivers/distance_sensor,6
2018-W14,drivers/pwm_input,1
2018-W14,drivers/px4flow,1
2018-W14,drivers/telemetry,4
2018-W14,lib/FlightTasks,2
2018-W14,lib/drivers,1
2018-W14,modules/commander,10
2018-W14,modules/dataman,1
2018-W14,modules/fw_att_control,1
2018-W14,modules/fw_pos_control_l1,1
2018-W14,modules/local_position_estimator,1
2018-W14,modules/logger,1
2018-W14,modules/mavlink,8
2018-W14,modules/mc_pos_control,16
2018-W14,modules/navigator,1
2018-W14,modules/sensors,1
2018-W14,modules/simulator,1
2018-W14,modules/syslink,1
2018-W14,modules/systemlib,1
2018-W14,modules/uORB,1
2018-W14,modules/vtol_att_control,1
2018-W14,platforms/posix,1
2018-W15,drivers,1
2018-W15,drivers/aerofc_adc,1
2018-W15,drivers/barometer,1
2018-W15,drivers/batt_smbus,2
2018-W15,drivers/blinkm,1
2018-W15,drivers/boards,2
2018-W15,drivers/bootloaders,1
2018-W15,drivers/camera_capture,1
2018-W15,drivers/camera_trigger,1
2018-W15,drivers/differential_pressure,1
2018-W15,drivers/distance_sensor,1
2018-W15,drivers/gps,1
2018-W15,drivers/imu,2
2018-W15,drivers/irlock,1
2018-W15,drivers/kinetis,1
2018-W15,drivers/linux_gpio,1
2018-W15,drivers/linux_pwm_out,1
2018-W15,drivers/linux_sbus,1
2018-W15,drivers/magnetometer,1
2018-W15,drivers/md25,1
2018-W15,drivers/mkblctrl,1
2018-W15,drivers/navio_adc,1
2018-W15,drivers/navio_rgbled,1
2018-W15,drivers/navio_sysfs_rc_in,1
2018-W15,drivers/ocpoc_adc,1
2018-W15,drivers/oreoled,1
2018-W15,drivers/pca8574,1
2018-W15,drivers/pca9685,1
2018-W15,drivers/protocol_splitter,1
2018-W15,drivers/pwm_input,1
2018-W15,drivers/px4flow,1
2018-W15,drivers/px4fmu,1
2018-W15,drivers/px4io,2
2018-W15,drivers/qshell,1
2018-W15,drivers/rgbled,1
2018-W15,drivers/rgbled_pwm,1
2018-W15,drivers/roboclaw,1
2018-W15,drivers/rpi_rc_in,1
2018-W15,drivers/samv7,1
2018-W15,drivers/snapdragon_pwm_out,1
2018-W15,drivers/spektrum_rc,1
2018-W15,drivers/stm32,2
2018-W15,drivers/tap_esc,9
2018-W15,drivers/telemetry,3
2018-W15,drivers/test_ppm,1
2018-W15,drivers/vmount,1
2018-W15,examples/bottle_drop,1
2018-W15,examples/fixedwing_control,1
2018-W15,examples/hwtest,1
2018-W15,examples/matlab_csv_serial,1
2018-W15,examples/publisher,1
2018-W15,examples/px4_mavlink_debug,1
2018-W15,examples/px4_simple_app,1
2018-W15,examples/rover_steering_control,1
2018-W15,examples/segway,1
2018-W15,examples/subscriber,1
2018-W15,examples/uuv_example_app,1
2018-W15,lib,4
2018-W15,lib/FlightTasks,3
2018-W15,lib/battery,1
2018-W15,lib/controllib,1
2018-W15,lib/conversion,1
2018-W15,lib/drivers,1
2018-W15,lib/led,1
2018-W15,lib/mathlib,1
2018-W15,lib/mixer,2
2018-W15,lib/parameters,1
2018-W15,lib/perf,1
2018-W15,lib/rc,1
2018-W15,lib/terrain_estimation,1
2018-W15,lib/tunes,1
2018-W15,lib/version,1
2018-W15,modules/attitude_estimator_q,1
2018-W15,modules/camera_feedback,2
2018-W15,modules/commander,4
2018-W15,modules/dataman,1
2018-W15,modules/ekf2,1
2018-W15,modules/events,2
2018-W15,modules/fw_att_control,1
2018-W15,modules/fw_pos_control_l1,2
2018-W15,modules/gnd_att_control,1
2018-W15,modules/gnd_pos_control,1
2018-W15,modules/gpio_led,1
2018-W15,modules/land_detector,2
2018-W15,modules/landing_target_estimator,1
2018-W15,modules/load_mon,1
2018-W15,modules/local_position_estimator,2
2018-W15,modules/logger,3
2018-W15,modules/mavlink,7
2018-W15,modules/mc_att_control,2
2018-W15,modules/mc_pos_control,11
2018-W15,modules/micrortps_bridge,1
2018-W15,modules/muorb,1
2018-W15,modules/navigator,2
2018-W15,modules/position_estimator_inav,1
2018-W15,modules/px4iofirmware,3
2018-W15,modules/replay,1
2018-W15,modules/sdlog2,1
2018-W15,modules/sensors,2
2018-W15,modules/simulator,2
2018-W15,modules/syslink,1
2018-W15,modules/systemlib,2
2018-W15,modules/uORB,2
2018-W15,modules/uavcan,1
2018-W15,modules/uavcanesc,1
2018-W15,modules/uavcannode,1
2018-W15,modules/vtol_att_control,2
2018-W15,modules/wind_estimator,1
2018-W15,platforms,2
2018-W15,platforms/common,1
2018-W15,platforms/posix,2
2018-W15,platforms/qurt,1
2018-W15,platforms/ros,1
2018-W15,systemcmds/bl_update,1
2018-W15,systemcmds/config,1
2018-W15,systemcmds/dumpfile,1
2018-W15,systemcmds/esc_calib,1
2018-W15,systemcmds/hardfault_log,1
2018-W15,systemcmds/led_control,1
2018-W15,systemcmds/mixer,1
2018-W15,systemcmds/motor_ramp,1
2018-W15,systemcmds/motor_test,1
2018-W15,systemcmds/mtd,1
2018-W15,systemcmds/nshterm,1
2018-W15,systemcmds/param,1
2018-W15,systemcmds/perf,1
2018-W15,systemcmds/pwm,1
2018-W15,systemcmds/reboot,1
2018-W15,systemcmds/reflect,1
2018-W15,systemcmds/sd_bench,1
2018-W15,systemcmds/tests,5
2018-W15,systemcmds/top,1
2018-W15,systemcmds/topic_listener,1
2018-W15,systemcmds/tune_control,1
2018-W15,systemcmds/usb_connected,1
2018-W15,systemcmds/ver,1
2018-W15,templates/module,1
2018-W16,drivers/boards,1
2018-W16,drivers/tap_esc,6
2018-W16,drivers/telemetry,1
2018-W16,lib,2
2018-W16,lib/FlightTasks,8
2018-W16,modules/commander,2
2018-W16,modules/ekf2,2
2018-W16,modules/fw_pos_control_l1,2
2018-W16,modules/logger,2
2018-W16,modules/mavlink,1
2018-W16,modules/sensors,1
2018-W16,modules/systemlib,1
2018-W16,modules/vtol_att_control,2
2018-W16,platforms,1
2018-W16,platforms/posix,2
2018-W16,templates/module,1
2018-W17,drivers,2
2018-W17,drivers/barometer,1
2018-W17,drivers/boards,3
2018-W17,drivers/imu,2
2018-W17,drivers/pmw3901,1
2018-W17,drivers/px4fmu,1
2018-W17,drivers/telemetry,1
2018-W17,lib/FlightTasks,20
2018-W17,lib/mixer,1
2018-W17,modules/attitude_estimator_q,4
2018-W17,modules/commander,5
2018-W17,modules/mavlink,2
2018-W17,modules/mc_att_control,4
2018-W17,modules/mc_pos_control,6
2018-W18,drivers/boards,2
2018-W18,drivers/distance_sensor,1
2018-W18,drivers/imu,2
2018-W18,drivers/linux_pwm_out,1
2018-W18,drivers/pmw3901,1
2018-W18,drivers/pwm_out_sim,1
2018-W18,drivers/px4fmu,1
2018-W18,drivers/px4io,2
2018-W18,drivers/snapdragon_pwm_out,1
2018-W18,drivers/tap_esc,1
2018-W18,drivers/telemetry,1
2018-W18,drivers/vmount,2
2018-W18,examples/bottle_drop,1
2018-W18,lib,2
2018-W18,lib/FlightTasks,11
2018-W18,modules/attitude_estimator_q,1
2018-W18,modules/commander,1
2018-W18,modules/dataman,1
2018-W18,modules/ekf2,1
2018-W18,modules/fw_att_control,1
2018-W18,modules/fw_pos_control_l1,1
2018-W18,modules/gnd_att_control,1
2018-W18,modules/gnd_pos_control,1
2018-W18,modules/local_position_estimator,1
2018-W18,modules/logger,6
2018-W18,modules/mavlink,2
2018-W18,modules/mc_att_control,1
2018-W18,modules/mc_pos_control,9
2018-W18,modules/navigator,1
2018-W18,modules/position_estimator_inav,1
2018-W18,modules/sensors,2
2018-W18,modules/simulator,2
2018-W18,modules/systemlib,1
2018-W18,modules/uORB,1
2018-W18,modules/uavcan,1
2018-W18,modules/vtol_att_control,1
2018-W18,modules/wind_estimator,1
2018-W18,systemcmds/tests,6
2018-W18,systemcmds/top,1
2018-W19,drivers/distance_sensor,2
2018-W19,drivers/gps,1
2018-W19,drivers/imu,1
2018-W19,drivers/magnetometer,3
2018-W19,drivers/pmw3901,1
2018-W19,examples/bottle_drop,1
2018-W19,lib/FlightTasks,1
2018-W19,lib/controllib,1
2018-W19,lib/drivers,1
2018-W19,modules/attitude_estimator_q,2
2018-W19,modules/commander,5
2018-W19,modules/ekf2,1
2018-W19,modules/events,1
2018-W19,modules/fw_att_control,1
2018-W19,modules/gnd_att_control,1
2018-W19,modules/gnd_pos_control,1
2018-W19,modules/logger,2
2018-W19,modules/mavlink,1
2018-W19,modules/mc_pos_control,6
2018-W19,modules/navigator,6
2018-W19,modules/replay,1
2018-W19,modules/sdlog2,1
2018-W19,modules/sensors,2
2018-W19,modules/simulator,1
2018-W19,modules/systemlib,1
2018-W19,modules/uORB,2
2018-W19,modules/vtol_att_control,1
2018-W19,platforms,1
2018-W19,systemcmds/tests,1
2018-W20,drivers/boards,2
2018-W20,drivers/camera_trigger,1
2018-W20,drivers/distance_sensor,4
2018-W20,drivers/imu,4
2018-W20,drivers/pmw3901,3
2018-W20,drivers/px4flow,1
2018-W20,drivers/px4io,1
2018-W20,examples/segway,1
2018-W20,lib,2
2018-W20,lib/drivers,2
2018-W20,modules/commander,2
2018-W20,modules/ekf2,1
2018-W20,modules/landing_target_estimator,1
2018-W20,modules/local_position_estimator,1
2018-W20,modules/logger,2
2018-W20,modules/mavlink,4
2018-W20,modules/mc_pos_control,2
2018-W20,modules/navigator,1
2018-W20,modules/position_estimator_inav,1
2018-W20,modules/sensors,3
2018-W20,modules/simulator,3
2018-W20,modules/vtol_att_control,1
2018-W20,platforms/posix,3
2018-W20,systemcmds/tests,1
2018-W21,drivers/barometer,2
2018-W21,drivers/boards,1
2018-W21,drivers/distance_sensor,3
2018-W21,drivers/imu,1
2018-W21,drivers/magnetometer,1
2018-W21,drivers/pmw3901,1
2018-W21,drivers/px4flow,1
2018-W21,drivers/snapdragon_pwm_out,1
2018-W21,drivers/spektrum_rc,1
2018-W21,lib,4
2018-W21,lib/FlightTasks,19
2018-W21,lib/mixer,1
2018-W21,lib/parameters,1
2018-W21,lib/subsystem_info_pub,1
2018-W21,modules/commander,3
2018-W21,modules/ekf2,1
2018-W21,modules/land_detector,2
2018-W21,modules/mavlink,2
2018-W21,modules/mc_att_control,2
2018-W21,modules/mc_pos_control,5
2018-W21,modules/navigator,2
2018-W21,modules/sensors,2
2018-W21,modules/systemlib,2
2018-W22,drivers/boards,2
2018-W22,drivers/px4fmu,1
2018-W22,drivers/telemetry,1
2018-W22,lib,6
2018-W22,lib/FlightTasks,10
2018-W22,lib/health_flags,2
2018-W22,lib/subsystem_info_pub,1
2018-W22,modules/commander,7
2018-W22,modules/ekf2,1
2018-W22,modules/mavlink,1
2018-W22,modules/sensors,4
2018-W23,drivers,1
2018-W23,drivers/barometer,3
2018-W23,drivers/boards,3
2018-W23,drivers/differential_pressure,4
2018-W23,drivers/distance_sensor,7
2018-W23,drivers/gps,2
2018-W23,drivers/imu,4
2018-W23,drivers/kinetis,1
2018-W23,drivers/magnetometer,3
2018-W23,drivers/pwm_input,1
2018-W23,drivers/px4fmu,1
2018-W23,drivers/rgbled,1
2018-W23,drivers/telemetry,2
2018-W23,drivers/test_ppm,1
2018-W23,examples/bottle_drop,1
2018-W23,examples/segway,1
2018-W23,gitignore,1
2018-W23,lib,4
2018-W23,lib/parameters,1
2018-W23,modules/attitude_estimator_q,1
2018-W23,modules/commander,8
2018-W23,modules/fw_att_control,2
2018-W23,modules/fw_pos_control_l1,1
2018-W23,modules/mavlink,5
2018-W23,modules/mc_pos_control,5
2018-W23,modules/micrortps_bridge,1
2018-W23,modules/navigator,1
2018-W23,modules/position_estimator_inav,1
2018-W23,modules/sensors,3
2018-W23,modules/simulator,2
2018-W23,modules/vtol_att_control,2
2018-W23,platforms,1
2018-W23,platforms/common,2
2018-W23,platforms/ros,1
2018-W23,systemcmds/param,1
2018-W23,systemcmds/pwm,1
2018-W24,drivers/batt_smbus,1
2018-W24,drivers/blinkm,1
2018-W24,drivers/boards,1
2018-W24,drivers/camera_trigger,8
2018-W24,drivers/differential_pressure,8
2018-W24,drivers/distance_sensor,2
2018-W24,drivers/gps,2
2018-W24,drivers/imu,1
2018-W24,drivers/kinetis,1
2018-W24,drivers/linux_pwm_out,1
2018-W24,drivers/md25,1
2018-W24,drivers/mkblctrl,2
2018-W24,drivers/oreoled,1
2018-W24,drivers/pca8574,1
2018-W24,drivers/pca9685,1
2018-W24,drivers/pwm_out_sim,1
2018-W24,drivers/px4fmu,3
2018-W24,drivers/px4io,6
2018-W24,drivers/rgbled,1
2018-W24,drivers/rgbled_pwm,1
2018-W24,drivers/roboclaw,1
2018-W24,drivers/samv7,1
2018-W24,drivers/snapdragon_pwm_out,1
2018-W24,drivers/stm32,2
2018-W24,drivers/tap_esc,1
2018-W24,drivers/telemetry,2
2018-W24,examples/fixedwing_control,2
2018-W24,examples/matlab_csv_serial,1
2018-W24,examples/publisher,1
2018-W24,examples/rover_steering_control,1
2018-W24,examples/segway,1
2018-W24,examples/subscriber,1
2018-W24,examples/uuv_example_app,2
2018-W24,lib,6
2018-W24,lib/airspeed,1
2018-W24,lib/circuit_breaker,1
2018-W24,lib/drivers,1
2018-W24,lib/pid,1
2018-W24,lib/pwm_limit,1
2018-W24,modules/camera_feedback,1
2018-W24,modules/commander,6
2018-W24,modules/ekf2,1
2018-W24,modules/fw_pos_control_l1,4
2018-W24,modules/gnd_att_control,1
2018-W24,modules/gnd_pos_control,1
2018-W24,modules/gpio_led,2
2018-W24,modules/land_detector,1
2018-W24,modules/landing_target_estimator,1
2018-W24,modules/load_mon,1
2018-W24,modules/mavlink,10
2018-W24,modules/mc_att_control,4
2018-W24,modules/mc_pos_control,5
2018-W24,modules/micrortps_bridge,1
2018-W24,modules/navigator,5
2018-W24,modules/px4iofirmware,2
2018-W24,modules/sdlog2,2
2018-W24,modules/sensors,4
2018-W24,modules/simulator,1
2018-W24,modules/systemlib,13
2018-W24,modules/uavcan,4
2018-W24,modules/uavcanesc,2
2018-W24,modules/uavcannode,2
2018-W24,modules/vtol_att_control,1
2018-W24,platforms,1
2018-W24,systemcmds/bl_update,1
2018-W24,systemcmds/config,1
2018-W24,systemcmds/esc_calib,1
2018-W24,systemcmds/motor_ramp,1
2018-W24,systemcmds/motor_test,1
2018-W24,systemcmds/mtd,1
2018-W24,systemcmds/param,1
2018-W24,systemcmds/pwm,1
2018-W24,systemcmds/reboot,1
2018-W24,systemcmds/tests,3
2018-W25,drivers/barometer,1
2018-W25,drivers/boards,1
2018-W25,drivers/differential_pressure,1
2018-W25,drivers/distance_sensor,6
2018-W25,drivers/px4flow,1
2018-W25,include,1
2018-W25,lib,1
2018-W25,lib/FlightTasks,3
2018-W25,lib/perf,1
2018-W25,lib/version,1
2018-W25,modules/commander,3
2018-W25,modules/ekf2,2
2018-W25,modules/fw_pos_control_l1,2
2018-W25,modules/land_detector,1
2018-W25,modules/local_position_estimator,1
2018-W25,modules/logger,1
2018-W25,modules/mavlink,4
2018-W25,modules/mc_pos_control,2
2018-W25,modules/navigator,3
2018-W25,modules/sensors,2
2018-W25,platforms/posix,1
2018-W25,systemcmds/hardfault_log,1
2018-W25,systemcmds/tests,1
2018-W26,drivers,1
2018-W26,drivers/barometer,1
2018-W26,drivers/batt_smbus,1
2018-W26,drivers/blinkm,1
2018-W26,drivers/camera_trigger,1
2018-W26,drivers/distance_sensor,2
2018-W26,drivers/imu,1
2018-W26,drivers/kinetis,1
2018-W26,drivers/magnetometer,1
2018-W26,drivers/md25,1
2018-W26,drivers/pca8574,1
2018-W26,drivers/pca9685,1
2018-W26,drivers/px4fmu,1
2018-W26,drivers/px4io,2
2018-W26,drivers/rpi_rc_in,1
2018-W26,drivers/samv7,1
2018-W26,drivers/spektrum_rc,1
2018-W26,drivers/telemetry,1
2018-W26,drivers/vmount,1
2018-W26,examples/hwtest,1
2018-W26,examples/segway,1
2018-W26,lib/FlightTasks,7
2018-W26,lib/controllib,1
2018-W26,lib/drivers,2
2018-W26,lib/mathlib,1
2018-W26,lib/rc,2
2018-W26,modules/commander,4
2018-W26,modules/dataman,1
2018-W26,modules/ekf2,2
2018-W26,modules/events,2
2018-W26,modules/fw_pos_control_l1,3
2018-W26,modules/landing_target_estimator,1
2018-W26,modules/local_position_estimator,1
2018-W26,modules/logger,1
2018-W26,modules/mavlink,12
2018-W26,modules/mc_pos_control,7
2018-W26,modules/muorb,1
2018-W26,modules/navigator,1
2018-W26,modules/px4iofirmware,2
2018-W26,modules/rc_loss_alarm,9
2018-W26,modules/replay,1
2018-W26,modules/sensors,2
2018-W26,modules/simulator,4
2018-W26,modules/syslink,1
2018-W26,modules/systemlib,1
2018-W26,modules/uORB,3
2018-W26,modules/uavcan,1
2018-W26,modules/uavcanesc,1
2018-W26,modules/vtol_att_control,1
2018-W26,platforms,1
2018-W26,systemcmds/motor_ramp,1
2018-W26,systemcmds/sd_bench,1
2018-W26,systemcmds/tests,3
2018-W26,systemcmds/ver,1
2018-W27,drivers,1
2018-W27,drivers/boards,1
2018-W27,drivers/differential_pressure,1
2018-W27,drivers/distance_sensor,1
2018-W27,drivers/imu,11
2018-W27,drivers/kinetis,1
2018-W27,drivers/magnetometer,1
2018-W27,drivers/px4flow,2
2018-W27,drivers/samv7,1
2018-W27,drivers/stm32,1
2018-W27,drivers/telemetry,6
2018-W27,lib,1
2018-W27,lib/FlightTasks,1
2018-W27,lib/drivers,2
2018-W27,modules/commander,2
2018-W27,modules/ekf2,1
2018-W27,modules/events,5
2018-W27,modules/fw_att_control,2
2018-W27,modules/fw_pos_control_l1,3
2018-W27,modules/mc_pos_control,1
2018-W27,modules/uORB,1
2018-W27,platforms/posix,1
2018-W28,drivers/boards,20
2018-W28,drivers/distance_sensor,2
2018-W28,drivers/gps,10
2018-W28,drivers/kinetis,1
2018-W28,drivers/magnetometer,2
2018-W28,drivers/px4flow,2
2018-W28,drivers/px4fmu,5
2018-W28,drivers/px4io,1
2018-W28,drivers/telemetry,1
2018-W28,lib,1
2018-W28,lib/FlightTasks,8
2018-W28,lib/drivers,1
2018-W28,lib/rc,1
2018-W28,modules/attitude_estimator_q,3
2018-W28,modules/ekf2,8
2018-W28,modules/local_position_estimator,5
2018-W28,modules/logger,1
2018-W28,modules/mavlink,11
2018-W28,modules/mc_pos_control,8
2018-W28,modules/micrortps_bridge,1
2018-W28,modules/navigator,1
2018-W28,modules/position_estimator_inav,4
2018-W28,modules/px4iofirmware,1
2018-W28,modules/replay,2
2018-W28,modules/sdlog2,5
2018-W28,modules/simulator,4
2018-W28,modules/systemlib,1
2018-W28,platforms,1
2018-W28,platforms/posix,2
2018-W28,systemcmds/topic_listener,1
2018-W29,drivers/barometer,1
2018-W29,drivers/batt_smbus,1
2018-W29,drivers/boards,17
2018-W29,drivers/camera_capture,1
2018-W29,drivers/camera_trigger,1
2018-W29,drivers/gps,4
2018-W29,drivers/heater,1
2018-W29,drivers/magnetometer,1
2018-W29,drivers/px4flow,1
2018-W29,drivers/px4fmu,4
2018-W29,drivers/px4io,4
2018-W29,drivers/vmount,1
2018-W29,examples/uuv_example_app,1
2018-W29,lib/FlightTasks,8
2018-W29,lib/drivers,1
2018-W29,lib/version,1
2018-W29,modules/attitude_estimator_q,1
2018-W29,modules/commander,2
2018-W29,modules/events,1
2018-W29,modules/logger,2
2018-W29,modules/mavlink,5
2018-W29,modules/mc_pos_control,4
2018-W29,modules/navigator,1
2018-W29,modules/px4iofirmware,1
2018-W29,modules/sensors,4
2018-W29,modules/simulator,2
2018-W29,modules/uORB,1
2018-W29,modules/uavcan,2
2018-W29,modules/vtol_att_control,1
2018-W29,systemcmds/top,1
2018-W30,drivers,1
2018-W30,drivers/barometer,1
2018-W30,drivers/batt_smbus,2
2018-W30,drivers/bbblue_adc,2
2018-W30,drivers/boards,20
2018-W30,drivers/differential_pressure,1
2018-W30,drivers/distance_sensor,1
2018-W30,drivers/gps,1
2018-W30,drivers/imu,3
2018-W30,drivers/kinetis,1
2018-W30,drivers/linux_pwm_out,4
2018-W30,drivers/linux_sbus,3
2018-W30,drivers/magnetometer,1
2018-W30,drivers/pwm_out_sim,2
2018-W30,drivers/px4fmu,5
2018-W30,drivers/px4io,2
2018-W30,drivers/rc_input,3
2018-W30,drivers/snapdragon_pwm_out,1
2018-W30,drivers/stm32,1
2018-W30,drivers/tap_esc,1
2018-W30,drivers/uavcan,1
2018-W30,lib,3
2018-W30,lib/FlightTasks,19
2018-W30,lib/bezier,5
2018-W30,lib/drivers,4
2018-W30,lib/mathlib,1
2018-W30,lib/mixer,1
2018-W30,lib/rc,5
2018-W30,modules/attitude_estimator_q,2
2018-W30,modules/commander,7
2018-W30,modules/ekf2,6
2018-W30,modules/fw_pos_control_l1,3
2018-W30,modules/gnd_pos_control,1
2018-W30,modules/local_position_estimator,1
2018-W30,modules/logger,3
2018-W30,modules/mavlink,11
2018-W30,modules/mc_att_control,1
2018-W30,modules/mc_pos_control,1
2018-W30,modules/micrortps_bridge,1
2018-W30,modules/navigator,9
2018-W30,modules/position_estimator_inav,1
2018-W30,modules/px4iofirmware,1
2018-W30,modules/sensors,5
2018-W30,modules/simulator,5
2018-W30,modules/uORB,3
2018-W30,modules/uavcan,8
2018-W30,modules/uavcanesc,2
2018-W30,modules/uavcannode,1
2018-W30,modules/vtol_att_control,1
2018-W30,platforms,1
2018-W30,platforms/posix,3
2018-W30,platforms/qurt,1
2018-W30,systemcmds/tests,5
2018-W31,drivers,2
2018-W31,drivers/boards,3
2018-W31,drivers/camera_capture,1
2018-W31,drivers/differential_pressure,1
2018-W31,drivers/imu,4
2018-W31,drivers/magnetometer,2
2018-W31,drivers/pwm_out_sim,1
2018-W31,drivers/px4fmu,2
2018-W31,drivers/px4io,3
2018-W31,drivers/qshell,1
2018-W31,drivers/rc_input,1
2018-W31,drivers/rgbled_pwm,5
2018-W31,lib,3
2018-W31,lib/FlightTasks,16
2018-W31,lib/bezier,1
2018-W31,lib/drivers,1
2018-W31,lib/mathlib,1
2018-W31,lib/mixer,1
2018-W31,lib/version,1
2018-W31,modules/commander,4
2018-W31,modules/dataman,2
2018-W31,modules/ekf2,3
2018-W31,modules/events,1
2018-W31,modules/fw_pos_control_l1,1
2018-W31,modules/gnd_pos_control,1
2018-W31,modules/logger,4
2018-W31,modules/mavlink,6
2018-W31,modules/mc_pos_control,3
2018-W31,modules/micrortps_bridge,2
2018-W31,modules/navigator,1
2018-W31,modules/position_estimator_inav,2
2018-W31,modules/px4iofirmware,2
2018-W31,modules/replay,1
2018-W31,modules/sensors,1
2018-W31,modules/simulator,4
2018-W31,modules/uORB,3
2018-W31,modules/uavcan,2
2018-W31,modules/wind_estimator,2
2018-W31,platforms,3
2018-W31,platforms/common,2
2018-W31,systemcmds/config,2
2018-W31,systemcmds/sd_bench,1
2018-W31,systemcmds/shutdown,1
2018-W31,systemcmds/tests,2
2018-W32,drivers/gps,2
2018-W32,drivers/pwm_out_sim,1
2018-W32,drivers/px4io,1
2018-W32,drivers/telemetry,1
2018-W32,examples/px4_mavlink_debug,1
2018-W32,lib/FlightTasks,9
2018-W32,lib/circuit_breaker,1
2018-W32,lib/mixer,1
2018-W32,lib/parameters,2
2018-W32,lib/perf,1
2018-W32,modules/camera_feedback,1
2018-W32,modules/commander,11
2018-W32,modules/logger,2
2018-W32,modules/mavlink,7
2018-W32,modules/navigator,4
2018-W32,modules/sensors,2
2018-W32,modules/simulator,2
2018-W32,modules/systemlib,2
2018-W32,modules/uavcan,3
2018-W32,modules/wind_estimator,1
2018-W32,platforms/common,2
2018-W32,systemcmds/param,1
2018-W32,systemcmds/pwm,1
2018-W32,systemcmds/tests,1
2018-W32,systemcmds/topic_listener,1
2018-W33,drivers/barometer,4
2018-W33,drivers/batt_smbus,1
2018-W33,drivers/bbblue_adc,1
2018-W33,drivers/boards,3
2018-W33,drivers/camera_capture,1
2018-W33,drivers/camera_trigger,1
2018-W33,drivers/distance_sensor,10
2018-W33,drivers/kinetis,2
2018-W33,drivers/pmw3901,1
2018-W33,drivers/protocol_splitter,1
2018-W33,drivers/pwm_input,1
2018-W33,drivers/pwm_out_sim,1
2018-W33,drivers/px4flow,1
2018-W33,drivers/px4fmu,1
2018-W33,drivers/px4io,1
2018-W33,drivers/samv7,1
2018-W33,drivers/stm32,3
2018-W33,drivers/tap_esc,1
2018-W33,drivers/telemetry,1
2018-W33,lib,2
2018-W33,lib/FlightTasks,1
2018-W33,lib/cdev,2
2018-W33,lib/drivers,2
2018-W33,lib/landing_slope,1
2018-W33,lib/tunes,1
2018-W33,modules/camera_feedback,2
2018-W33,modules/commander,2
2018-W33,modules/ekf2,1
2018-W33,modules/fw_pos_control_l1,1
2018-W33,modules/mavlink,2
2018-W33,modules/mc_pos_control,2
2018-W33,modules/navigator,2
2018-W33,modules/syslink,1
2018-W33,modules/uORB,2
2018-W33,modules/uavcan,2
2018-W33,modules/uavcanesc,1
2018-W33,platforms/posix,2
2018-W33,systemcmds/tests,1
2018-W33,systemcmds/tune_control,1
2018-W34,drivers/boards,1
2018-W34,drivers/camera_capture,5
2018-W34,drivers/camera_trigger,3
2018-W34,drivers/distance_sensor,5
2018-W34,drivers/imu,2
2018-W34,drivers/kinetis,1
2018-W34,drivers/px4io,2
2018-W34,drivers/samv7,1
2018-W34,drivers/stm32,1
2018-W34,lib,3
2018-W34,lib/FlightTasks,5
2018-W34,lib/cdev,1
2018-W34,modules/camera_feedback,1
2018-W34,modules/commander,3
2018-W34,modules/local_position_estimator,1
2018-W34,modules/logger,1
2018-W34,modules/mavlink,1
2018-W34,modules/mc_pos_control,5
2018-W34,modules/navigator,1
2018-W34,modules/px4iofirmware,3
2018-W34,modules/uORB,2
2018-W34,platforms,1
2018-W34,platforms/posix,2
2018-W35,drivers,2
2018-W35,drivers/barometer,3
2018-W35,drivers/batt_smbus,1
2018-W35,drivers/boards,1
2018-W35,drivers/distance_sensor,4
2018-W35,drivers/gps,4
2018-W35,drivers/imu,3
2018-W35,drivers/kinetis,1
2018-W35,drivers/magnetometer,3
2018-W35,drivers/mkblctrl,1
2018-W35,drivers/pmw3901,1
2018-W35,drivers/pwm_out_sim,1
2018-W35,drivers/px4fmu,1
2018-W35,drivers/rgbled,1
2018-W35,drivers/rgbled_pwm,1
2018-W35,drivers/samv7,3
2018-W35,drivers/stm32,1
2018-W35,drivers/telemetry,1
2018-W35,examples/fixedwing_control,1
2018-W35,examples/rover_steering_control,1
2018-W35,examples/segway,1
2018-W35,include,1
2018-W35,lib,4
2018-W35,lib/FlightTasks,5
2018-W35,lib/drivers,1
2018-W35,lib/parameters,3
2018-W35,lib/terrain_estimation,1
2018-W35,modules/commander,6
2018-W35,modules/ekf2,1
2018-W35,modules/events,1
2018-W35,modules/logger,2
2018-W35,modules/mavlink,6
2018-W35,modules/mc_pos_control,5
2018-W35,modules/micrortps_bridge,2
2018-W35,modules/sensors,1
2018-W35,modules/simulator,2
2018-W35,modules/systemlib,1
2018-W35,modules/uORB,2
2018-W35,modules/uavcan,2
2018-W35,modules/uavcanesc,1
2018-W35,modules/uavcannode,1
2018-W35,platforms,1
2018-W35,platforms/posix,1
2018-W35,systemcmds/hardfault_log,1
2018-W35,systemcmds/tests,4
2018-W36,drivers/camera_capture,1
2018-W36,drivers/distance_sensor,2
2018-W36,drivers/heater,2
2018-W36,drivers/stm32,1
2018-W36,lib,3
2018-W36,lib/FlightTasks,4
2018-W36,lib/WeatherVane,3
2018-W36,lib/parameters,1
2018-W36,modules/ekf2,1
2018-W36,modules/mavlink,1
2018-W36,modules/mc_pos_control,3
2018-W36,modules/micrortps_bridge,3
2018-W36,modules/systemlib,1
2018-W36,platforms,1
2018-W36,systemcmds/tests,1
2018-W37,drivers,2
2018-W37,drivers/boards,1
2018-W37,drivers/imu,3
2018-W37,drivers/kinetis,1
2018-W37,drivers/pmw3901,1
2018-W37,drivers/pwm_out_sim,1
2018-W37,drivers/px4fmu,3
2018-W37,drivers/px4io,1
2018-W37,drivers/samv7,1
2018-W37,drivers/telemetry,1
2018-W37,include,1
2018-W37,lib,1
2018-W37,lib/FlightTasks,2
2018-W37,lib/mixer,1
2018-W37,lib/parameters,1
2018-W37,modules/attitude_estimator_q,1
2018-W37,modules/ekf2,2
2018-W37,modules/local_position_estimator,1
2018-W37,modules/mavlink,3
2018-W37,modules/mc_pos_control,6
2018-W37,modules/micrortps_bridge,4
2018-W37,modules/position_estimator_inav,1
2018-W37,modules/simulator,3
2018-W37,modules/systemlib,1
2018-W37,modules/uORB,1
2018-W37,platforms,1
2018-W37,platforms/common,1
2018-W37,systemcmds/mtd,1
2018-W37,systemcmds/pwm,2
2018-W37,systemcmds/tests,2
2018-W38,drivers/camera_capture,1
2018-W38,drivers/camera_trigger,1
2018-W38,drivers/gps,4
2018-W38,drivers/heater,1
2018-W38,drivers/imu,2
2018-W38,drivers/px4io,1
2018-W38,lib,2
2018-W38,lib/FlightTasks,3
2018-W38,lib/WeatherVane,5
2018-W38,lib/parameters,1
2018-W38,modules/camera_feedback,3
2018-W38,modules/ekf2,2
2018-W38,modules/fw_pos_control_l1,1
2018-W38,modules/mavlink,6
2018-W38,modules/mc_att_control,1
2018-W38,modules/mc_pos_control,5
2018-W38,modules/micrortps_bridge,1
2018-W38,modules/navigator,3
2018-W38,modules/sensors,1
2018-W38,modules/vmount,1
2018-W38,modules/vtol_att_control,2
2018-W38,systemcmds/pwm,1
2018-W39,drivers,1
2018-W39,drivers/boards,19
2018-W39,drivers/camera_capture,1
2018-W39,drivers/distance_sensor,1
2018-W39,drivers/px4fmu,3
2018-W39,lib,2
2018-W39,lib/FlightTasks,2
2018-W39,modules/commander,7
2018-W39,modules/ekf2,2
2018-W39,modules/land_detector,2
2018-W39,modules/logger,2
2018-W39,modules/mavlink,1
2018-W39,modules/mc_pos_control,7
2018-W39,modules/micrortps_bridge,2
2018-W39,modules/navigator,2
2018-W39,modules/systemlib,1
2018-W39,modules/uavcan,1
2018-W39,platforms/posix,1
2018-W39,systemcmds/topic_listener,1
2018-W39,systemcmds/tune_control,1
2018-W40,drivers/barometer,1
2018-W40,drivers/batt_smbus,1
2018-W40,drivers/boards,5
2018-W40,drivers/differential_pressure,1
2018-W40,drivers/distance_sensor,2
2018-W40,drivers/gps,2
2018-W40,drivers/imu,2
2018-W40,drivers/lights,1
2018-W40,drivers/magnetometer,1
2018-W40,drivers/pwm_input,1
2018-W40,drivers/pwm_out_sim,1
2018-W40,drivers/px4flow,1
2018-W40,drivers/px4io,1
2018-W40,drivers/stm32,1
2018-W40,drivers/tone_alarm_sim,1
2018-W40,examples/bottle_drop,1
2018-W40,examples/hello,1
2018-W40,examples/px4_mavlink_debug,1
2018-W40,include,3
2018-W40,lib,2
2018-W40,lib/FlightTasks,11
2018-W40,lib/cdev,2
2018-W40,lib/mathlib,1
2018-W40,lib/parameters,1
2018-W40,lib/rc,1
2018-W40,lib/version,1
2018-W40,modules/attitude_estimator_q,1
2018-W40,modules/camera_feedback,1
2018-W40,modules/commander,2
2018-W40,modules/ekf2,1
2018-W40,modules/events,1
2018-W40,modules/gnd_att_control,1
2018-W40,modules/gnd_pos_control,2
2018-W40,modules/landing_target_estimator,1
2018-W40,modules/logger,1
2018-W40,modules/mavlink,2
2018-W40,modules/mc_att_control,1
2018-W40,modules/mc_pos_control,8
2018-W40,modules/micrortps_bridge,2
2018-W40,modules/navigator,1
2018-W40,modules/replay,1
2018-W40,modules/sensors,1
2018-W40,modules/simulator,1
2018-W40,modules/uORB,1
2018-W40,modules/uavcan,1
2018-W40,modules/vmount,1
2018-W40,modules/vtol_att_control,1
2018-W40,platforms,5
2018-W40,platforms/common,1
2018-W40,platforms/posix,1
2018-W40,systemcmds/bl_update,1
2018-W40,systemcmds/esc_calib,1
2018-W40,systemcmds/led_control,1
2018-W40,systemcmds/mixer,1
2018-W40,systemcmds/motor_ramp,1
2018-W40,systemcmds/mtd,1
2018-W40,systemcmds/pwm,2
2018-W40,systemcmds/reboot,1
2018-W40,systemcmds/tests,2
2018-W40,systemcmds/top,2
2018-W40,systemcmds/topic_listener,1
2018-W40,systemcmds/tune_control,1
2018-W40,templates/module,1
2018-W41,drivers/batt_smbus,1
2018-W41,drivers/distance_sensor,1
2018-W41,drivers/irlock,1
2018-W41,lib/FlightTasks,4
2018-W41,lib/drivers,8
2018-W41,modules/fw_att_control,1
2018-W41,modules/land_detector,1
2018-W41,modules/logger,3
2018-W41,modules/mavlink,2
2018-W41,modules/mc_pos_control,3
2018-W41,platforms/posix,1
2018-W41,systemcmds/tune_control,3
2018-W42,drivers,1
2018-W42,drivers/batt_smbus,9
2018-W42,drivers/boards,2
2018-W42,drivers/distance_sensor,6
2018-W42,drivers/osd,1
2018-W42,drivers/pwm_out_sim,1
2018-W42,include,2
2018-W42,lib,2
2018-W42,lib/FlightTasks,2
2018-W42,lib/cdev,1
2018-W42,lib/drivers,2
2018-W42,lib/mathlib,1
2018-W42,lib/parameters,1
2018-W42,modules/commander,3
2018-W42,modules/dataman,1
2018-W42,modules/ekf2,3
2018-W42,modules/fw_pos_control_l1,1
2018-W42,modules/gpio_led,1
2018-W42,modules/land_detector,1
2018-W42,modules/logger,2
2018-W42,modules/mc_att_control,1
2018-W42,modules/navigator,1
2018-W42,modules/sensors,1
2018-W42,modules/simulator,2
2018-W42,modules/uORB,1
2018-W42,modules/uavcan,1
2018-W42,platforms,1
2018-W42,platforms/posix,1
2018-W42,systemcmds/perf,1
2018-W43,drivers/batt_smbus,2
2018-W43,drivers/boards,16
2018-W43,drivers/distance_sensor,1
2018-W43,drivers/pmw3901,1
2018-W43,drivers/px4fmu,1
2018-W43,drivers/px4io,1
2018-W43,drivers/telemetry,1
2018-W43,examples/bottle_drop,1
2018-W43,lib/FlightTasks,8
2018-W43,lib/mathlib,2
2018-W43,lib/rc,1
2018-W43,modules/commander,1
2018-W43,modules/local_position_estimator,1
2018-W43,modules/logger,7
2018-W43,modules/mavlink,2
2018-W43,modules/mc_att_control,4
2018-W43,modules/mc_pos_control,9
2018-W43,modules/navigator,3
2018-W43,modules/simulator,2
2018-W43,modules/uORB,1
2018-W43,platforms,2
2018-W43,systemcmds/bl_update,1
2018-W43,systemcmds/tests,1
2018-W44,drivers,33
2018-W44,drivers/barometer,7
2018-W44,drivers/distance_sensor,6
2018-W44,drivers/gps,2
2018-W44,drivers/heater,2
2018-W44,drivers/imu,27
2018-W44,drivers/irlock,1
2018-W44,drivers/magnetometer,9
2018-W44,drivers/pmw3901,1
2018-W44,drivers/pwm_input,1
2018-W44,drivers/px4flow,7
2018-W44,drivers/telemetry,1
2018-W44,examples/matlab_csv_serial,2
2018-W44,lib,1
2018-W44,lib/CollisionAvoidance,1
2018-W44,lib/FlightTasks,5
2018-W44,lib/drivers,6
2018-W44,modules/commander,2
2018-W44,modules/fw_pos_control_l1,1
2018-W44,modules/logger,1
2018-W44,modules/mavlink,4
2018-W44,modules/mc_att_control,4
2018-W44,modules/mc_pos_control,9
2018-W44,modules/navigator,1
2018-W44,modules/sensors,4
2018-W44,modules/simulator,25
2018-W44,modules/uavcan,5
2018-W44,platforms,1
2018-W44,platforms/posix,3
2018-W44,platforms/qurt,2
2018-W44,systemcmds/config,12
2018-W44,systemcmds/tests,5
2018-W45,drivers,1
2018-W45,drivers/camera_capture,1
2018-W45,drivers/px4fmu,1
2018-W45,lib,1
2018-W45,lib/CollisionAvoidance,4
2018-W45,lib/CollisionPrevention,1
2018-W45,lib/FlightTasks,14
2018-W45,modules/commander,1
2018-W45,modules/logger,1
2018-W45,modules/mc_att_control,3
2018-W45,modules/mc_pos_control,10
2018-W45,modules/muorb,1
2018-W45,modules/uORB,2
2018-W45,modules/vtol_att_control,1
2018-W46,drivers,1
2018-W46,drivers/bbblue_adc,1
2018-W46,drivers/boards,2
2018-W46,drivers/camera_capture,2
2018-W46,drivers/camera_trigger,2
2018-W46,drivers/distance_sensor,1
2018-W46,drivers/imu,1
2018-W46,drivers/kinetis,3
2018-W46,drivers/linux_pwm_out,1
2018-W46,drivers/navio_sysfs_rc_in,1
2018-W46,drivers/pwm_out_sim,2
2018-W46,drivers/px4io,1
2018-W46,drivers/rpi_rc_in,1
2018-W46,drivers/samv7,2
2018-W46,drivers/stm32,2
2018-W46,include,1
2018-W46,lib,4
2018-W46,lib/CollisionPrevention,1
2018-W46,lib/FlightTasks,1
2018-W46,lib/cdev,5
2018-W46,lib/controllib,1
2018-W46,lib/drivers,1
2018-W46,lib/parameters,1
2018-W46,lib/perf,1
2018-W46,lib/rc,1
2018-W46,modules/camera_feedback,1
2018-W46,modules/commander,2
2018-W46,modules/logger,5
2018-W46,modules/mavlink,3
2018-W46,modules/mc_pos_control,9
2018-W46,modules/micrortps_bridge,1
2018-W46,modules/sensors,1
2018-W46,modules/simulator,5
2018-W46,modules/systemlib,1
2018-W46,modules/uORB,3
2018-W46,modules/uavcan,1
2018-W46,modules/uavcanesc,1
2018-W46,modules/uavcannode,1
2018-W46,platforms,6
2018-W46,platforms/common,2
2018-W46,platforms/posix,2
2018-W46,systemcmds/dyn,1
2018-W46,systemcmds/perf,1
2018-W46,systemcmds/tests,2
2018-W47,drivers/boards,2
2018-W47,drivers/camera_trigger,1
2018-W47,drivers/gps,1
2018-W47,drivers/linux_pwm_out,1
2018-W47,drivers/pwm_out_sim,1
2018-W47,drivers/px4fmu,1
2018-W47,drivers/px4io,1
2018-W47,drivers/samv7,1
2018-W47,drivers/snapdragon_pwm_out,1
2018-W47,drivers/tap_esc,1
2018-W47,drivers/uavcan,1
2018-W47,examples/dyn_hello,1
2018-W47,examples/hello,1
2018-W47,examples/rover_steering_control,1
2018-W47,include,1
2018-W47,include/containers,1
2018-W47,lib,5
2018-W47,lib/CollisionPrevention,3
2018-W47,lib/FlightTasks,1
2018-W47,lib/cdev,2
2018-W47,lib/mixer,2
2018-W47,lib/parameters,1
2018-W47,lib/rc,1
2018-W47,lib/version,2
2018-W47,modules/attitude_estimator_q,1
2018-W47,modules/commander,2
2018-W47,modules/fw_att_control,3
2018-W47,modules/fw_pos_control_l1,1
2018-W47,modules/gnd_att_control,1
2018-W47,modules/gnd_pos_control,1
2018-W47,modules/logger,1
2018-W47,modules/mavlink,3
2018-W47,modules/mc_att_control,2
2018-W47,modules/mc_pos_control,3
2018-W47,modules/micrortps_bridge,1
2018-W47,modules/muorb,1
2018-W47,modules/navigator,1
2018-W47,modules/position_estimator_inav,1
2018-W47,modules/px4iofirmware,1
2018-W47,modules/sensors,1
2018-W47,modules/simulator,1
2018-W47,modules/systemlib,1
2018-W47,modules/uORB,2
2018-W47,modules/uavcan,2
2018-W47,modules/uavcanesc,1
2018-W47,modules/uavcannode,1
2018-W47,modules/vtol_att_control,2
2018-W47,platforms,3
2018-W47,platforms/common,1
2018-W47,platforms/posix,6
2018-W47,systemcmds/tests,4
2018-W47,systemcmds/ver,1
2018-W48,drivers,3
2018-W48,drivers/boards,2
2018-W48,drivers/kinetis,1
2018-W48,drivers/lights,2
2018-W48,drivers/px4fmu,1
2018-W48,drivers/px4io,1
2018-W48,drivers/rgbled_ncp5623c,1
2018-W48,drivers/stm32,2
2018-W48,drivers/tone_alarm_sim,1
2018-W48,drivers/uavcan,3
2018-W48,drivers/uavcanesc,1
2018-W48,drivers/uavcannode,1
2018-W48,include/containers,1
2018-W48,lib,2
2018-W48,lib/FlightTasks,6
2018-W48,lib/battery,1
2018-W48,lib/conversion,1
2018-W48,lib/drivers,2
2018-W48,lib/mathlib,5
2018-W48,lib/mixer,3
2018-W48,lib/parameters,2
2018-W48,lib/terrain_estimation,1
2018-W48,modules/commander,5
2018-W48,modules/dataman,1
2018-W48,modules/gpio_led,1
2018-W48,modules/load_mon,1
2018-W48,modules/logger,1
2018-W48,modules/mavlink,2
2018-W48,modules/mc_att_control,1
2018-W48,modules/mc_pos_control,4
2018-W48,modules/micrortps_bridge,1
2018-W48,modules/navigator,1
2018-W48,modules/sensors,1
2018-W48,modules/systemlib,1
2018-W48,modules/vmount,1
2018-W48,platforms,1
2018-W48,platforms/common,1
2018-W48,platforms/posix,1
2018-W48,systemcmds/bl_update,1
2018-W48,systemcmds/mixer,1
2018-W48,systemcmds/tests,3
2018-W48,systemcmds/usb_connected,1
2018-W49,drivers/batt_smbus,1
2018-W49,drivers/boards,2
2018-W49,drivers/imu,1
2018-W49,drivers/samv7,1
2018-W49,include,1
2018-W49,lib,1
2018-W49,lib/FlightTasks,4
2018-W49,lib/cdev,2
2018-W49,lib/mixer,1
2018-W49,lib/parameters,2
2018-W49,modules/commander,3
2018-W49,modules/logger,2
2018-W49,modules/mavlink,5
2018-W49,modules/mc_pos_control,2
2018-W49,modules/micrortps_bridge,1
2018-W49,modules/navigator,1
2018-W49,modules/simulator,6
2018-W49,modules/systemlib,2
2018-W49,modules/vtol_att_control,1
2018-W49,platforms,3
2018-W49,systemcmds/tests,1
2018-W50,drivers/distance_sensor,3
2018-W50,drivers/uavcanesc,1
2018-W50,lib,1
2018-W50,lib/FlightTasks,2
2018-W50,lib/mixer,3
2018-W50,lib/parameters,2
2018-W50,lib/rc,3
2018-W50,modules/commander,1
2018-W50,modules/land_detector,1
2018-W50,modules/mavlink,1
2018-W50,modules/mc_pos_control,2
2018-W50,modules/muorb,1
2018-W50,modules/px4iofirmware,1
2018-W50,modules/simulator,1
2018-W50,platforms,2
2018-W50,systemcmds/pwm,1
2018-W51,drivers/camera_trigger,1
2018-W51,drivers/distance_sensor,7
2018-W51,drivers/kinetis,1
2018-W51,drivers/px4fmu,1
2018-W51,drivers/stm32,1
2018-W51,lib,1
2018-W51,lib/FlightTasks,2
2018-W51,lib/circuit_breaker,1
2018-W51,lib/mixer,1
2018-W51,lib/parameters,1
2018-W51,modules/commander,3
2018-W51,modules/ekf2,1
2018-W51,modules/events,1
2018-W51,modules/fw_pos_control_l1,1
2018-W51,modules/land_detector,1
2018-W51,modules/load_mon,1
2018-W51,modules/local_position_estimator,1
2018-W51,modules/mavlink,3
2018-W51,modules/mc_pos_control,1
2018-W51,modules/micrortps_bridge,1
2018-W51,modules/px4iofirmware,1
2018-W51,modules/uORB,1
2018-W51,modules/vmount,1
2018-W51,platforms,1
2018-W51,platforms/posix,1
2018-W51,systemcmds/param,1
2018-W51,systemcmds/tests,1
2018-W52,drivers/barometer,1
2018-W52,drivers/pwm_out_sim,4
2018-W52,modules/commander,1
2018-W52,modules/mavlink,2
2018-W52,modules/simulator,1
2018-W52,platforms,3
2019-W01,drivers/differential_pressure,1
2019-W01,drivers/distance_sensor,4
2019-W01,drivers/imu,1
2019-W01,drivers/lights,1
2019-W01,drivers/px4fmu,1
2019-W01,drivers/rc_input,1
2019-W01,drivers/uavcan,1
2019-W01,lib/CollisionPrevention,3
2019-W01,lib/cdev,1
2019-W01,lib/mixer,1
2019-W01,modules/attitude_estimator_q,1
2019-W01,modules/commander,1
2019-W01,modules/ekf2,1
2019-W01,modules/fw_pos_control_l1,3
2019-W01,modules/gnd_pos_control,1
2019-W01,modules/land_detector,1
2019-W01,modules/mavlink,3
2019-W01,modules/micrortps_bridge,2
2019-W01,modules/navigator,1
2019-W01,modules/vtol_att_control,1
2019-W01,systemcmds/tests,1
2019-W02,drivers,2
2019-W02,drivers/barometer,1
2019-W02,drivers/distance_sensor,2
2019-W02,drivers/heater,1
2019-W02,drivers/imu,4
2019-W02,drivers/kinetis,1
2019-W02,drivers/magnetometer,2
2019-W02,drivers/pmw3901,1
2019-W02,drivers/sim,1
2019-W02,drivers/stm32,1
2019-W02,drivers/tone_alarm,1
2019-W02,drivers/tone_alarm_sim,1
2019-W02,examples/position_estimator_inav,1
2019-W02,lib/cdev,1
2019-W02,lib/drivers,1
2019-W02,lib/parameters,2
2019-W02,modules/commander,3
2019-W02,modules/land_detector,2
2019-W02,modules/logger,1
2019-W02,modules/mavlink,1
2019-W02,modules/mc_pos_control,6
2019-W02,modules/simulator,2
2019-W02,systemcmds/param,2
2019-W02,systemcmds/tests,1
2019-W03,drivers,1
2019-W03,drivers/distance_sensor,3
2019-W03,drivers/gps,1
2019-W03,drivers/imu,4
2019-W03,drivers/kinetis,1
2019-W03,drivers/mkblctrl,1
2019-W03,drivers/samv7,1
2019-W03,drivers/stm32,1
2019-W03,include/containers,2
2019-W03,lib/FlightTasks,1
2019-W03,modules/land_detector,1
2019-W03,modules/logger,1
2019-W03,modules/mavlink,3
2019-W03,modules/mc_pos_control,2
2019-W03,modules/uORB,2
2019-W03,modules/vmount,1
2019-W03,systemcmds/sd_bench,1
2019-W03,systemcmds/tests,3
2019-W04,drivers,2
2019-W04,drivers/barometer,1
2019-W04,drivers/batt_smbus,1
2019-W04,drivers/boards,1
2019-W04,drivers/differential_pressure,1
2019-W04,drivers/distance_sensor,1
2019-W04,drivers/heater,1
2019-W04,drivers/imu,10
2019-W04,drivers/kinetis,2
2019-W04,drivers/linux_pwm_out,1
2019-W04,drivers/linux_sbus,1
2019-W04,drivers/magnetometer,1
2019-W04,drivers/px4flow,1
2019-W04,drivers/samv7,3
2019-W04,drivers/snapdragon_pwm_out,1
2019-W04,drivers/spektrum_rc,1
2019-W04,drivers/stm32,2
2019-W04,drivers/uavcan,1
2019-W04,examples/bottle_drop,1
2019-W04,examples/publisher,1
2019-W04,examples/subscriber,1
2019-W04,include,1
2019-W04,lib,3
2019-W04,lib/FlightTasks,1
2019-W04,lib/cdev,1
2019-W04,lib/drivers,2
2019-W04,lib/parameters,1
2019-W04,lib/systemlib,2
2019-W04,lib/tunes,1
2019-W04,modules/attitude_estimator_q,1
2019-W04,modules/commander,2
2019-W04,modules/ekf2,1
2019-W04,modules/gnd_att_control,1
2019-W04,modules/gnd_pos_control,1
2019-W04,modules/land_detector,1
2019-W04,modules/load_mon,1
2019-W04,modules/logger,1
2019-W04,modules/mavlink,3
2019-W04,modules/micrortps_bridge,1
2019-W04,modules/muorb,1
2019-W04,modules/navigator,4
2019-W04,modules/px4iofirmware,2
2019-W04,modules/simulator,2
2019-W04,platforms,4
2019-W04,platforms/common,2
2019-W04,platforms/posix,1
2019-W04,platforms/qurt,1
2019-W04,platforms/ros,1
2019-W04,systemcmds/led_control,1
2019-W04,systemcmds/motor_ramp,1
2019-W04,systemcmds/sd_bench,2
2019-W04,systemcmds/shutdown,1
2019-W04,systemcmds/tests,2
2019-W04,systemcmds/tune_control,1
2019-W05,drivers/barometer,1
2019-W05,drivers/batt_smbus,1
2019-W05,drivers/boards,2
2019-W05,drivers/camera_capture,2
2019-W05,drivers/distance_sensor,1
2019-W05,drivers/gps,1
2019-W05,drivers/heater,1
2019-W05,drivers/pmw3901,2
2019-W05,drivers/px4fmu,3
2019-W05,drivers/px4io,2
2019-W05,drivers/rc_input,1
2019-W05,drivers/uavcan,1
2019-W05,lib,1
2019-W05,lib/FlightTasks,3
2019-W05,lib/cdev,1
2019-W05,lib/circuit_breaker,2
2019-W05,lib/drivers,1
2019-W05,modules/commander,5
2019-W05,modules/events,1
2019-W05,modules/land_detector,1
2019-W05,modules/load_mon,1
2019-W05,modules/mavlink,2
2019-W05,modules/mc_pos_control,1
2019-W05,modules/micrortps_bridge,1
2019-W05,modules/px4iofirmware,2
2019-W05,modules/uORB,1
2019-W05,modules/vtol_att_control,1
2019-W05,modules/wind_estimator,1
2019-W05,platforms,5
2019-W05,platforms/common,3
2019-W05,systemcmds/esc_calib,1
2019-W05,systemcmds/pwm,1
2019-W05,systemcmds/tests,1
2019-W05,systemcmds/tune_control,1
2019-W06,drivers/imu,1
2019-W06,drivers/px4io,1
2019-W06,lib,2
2019-W06,lib/FlightTasks,3
2019-W06,lib/mathlib,1
2019-W06,lib/systemlib,1
2019-W06,lib/tunes,1
2019-W06,modules/dataman,1
2019-W06,modules/ekf2,2
2019-W06,modules/mavlink,2
2019-W06,modules/mc_att_control,1
2019-W06,modules/mc_pos_control,4
2019-W06,modules/navigator,6
2019-W06,modules/sih,1
2019-W06,modules/simulator,2
2019-W06,modules/vtol_att_control,3
2019-W06,platforms,1
2019-W06,systemcmds/tests,2
2019-W07,drivers/barometer,1
2019-W07,drivers/batt_smbus,1
2019-W07,drivers/boards,1
2019-W07,drivers/distance_sensor,7
2019-W07,drivers/imu,6
2019-W07,drivers/lights,1
2019-W07,drivers/magnetometer,1
2019-W07,drivers/pca9685,1
2019-W07,drivers/test_ppm,1
2019-W07,lib/FlightTasks,1
2019-W07,lib/systemlib,1
2019-W07,modules/attitude_estimator_q,4
2019-W07,modules/commander,5
2019-W07,modules/dataman,1
2019-W07,modules/mc_pos_control,2
2019-W07,modules/navigator,1
2019-W07,modules/simulator,1
2019-W08,drivers,1
2019-W08,drivers/barometer,4
2019-W08,drivers/batt_smbus,1
2019-W08,drivers/differential_pressure,1
2019-W08,drivers/distance_sensor,13
2019-W08,drivers/gps,1
2019-W08,drivers/imu,3
2019-W08,drivers/irlock,1
2019-W08,drivers/lights,7
2019-W08,drivers/linux_sbus,1
2019-W08,drivers/magnetometer,7
2019-W08,drivers/osd,3
2019-W08,drivers/pca9685,3
2019-W08,drivers/pmw3901,1
2019-W08,drivers/px4flow,1
2019-W08,drivers/rpi_rc_in,1
2019-W08,drivers/stm32,1
2019-W08,drivers/telemetry,1
2019-W08,drivers/tone_alarm,2
2019-W08,drivers/uavcan,1
2019-W08,include/containers,2
2019-W08,lib/FlightTasks,6
2019-W08,lib/drivers,1
2019-W08,lib/tunes,2
2019-W08,modules/commander,5
2019-W08,modules/ekf2,1
2019-W08,modules/events,1
2019-W08,modules/local_position_estimator,1
2019-W08,modules/mavlink,7
2019-W08,modules/mc_att_control,1
2019-W08,modules/mc_pos_control,1
2019-W08,modules/navigator,10
2019-W08,modules/sensors,1
2019-W08,modules/simulator,6
2019-W08,modules/uORB,1
2019-W08,modules/vmount,2
2019-W08,platforms,1
2019-W08,platforms/posix,1
2019-W08,systemcmds/tests,4
2019-W08,systemcmds/tune_control,2
2019-W09,drivers/distance_sensor,1
2019-W09,drivers/imu,1
2019-W09,include,1
2019-W09,lib/FlightTasks,7
2019-W09,lib/mixer,1
2019-W09,modules/commander,2
2019-W09,modules/ekf2,3
2019-W09,modules/mavlink,4
2019-W09,modules/mc_att_control,3
2019-W09,modules/mc_pos_control,2
2019-W09,modules/navigator,3
2019-W09,modules/simulator,7
2019-W10,drivers,1
2019-W10,drivers/barometer,1
2019-W10,drivers/magnetometer,2
2019-W10,drivers/px4io,1
2019-W10,drivers/rc_input,1
2019-W10,include,1
2019-W10,lib,1
2019-W10,lib/FlightTasks,11
2019-W10,modules/commander,8
2019-W10,modules/ekf2,4
2019-W10,modules/land_detector,1
2019-W10,modules/mavlink,6
2019-W10,modules/mc_att_control,4
2019-W10,modules/navigator,1
2019-W10,modules/sensors,1
2019-W10,modules/sih,1
2019-W10,modules/simulator,8
2019-W10,modules/vmount,1
2019-W11,drivers/barometer,2
2019-W11,drivers/boards,1
2019-W11,drivers/distance_sensor,2
2019-W11,drivers/gps,1
2019-W11,drivers/imu,2
2019-W11,drivers/irlock,1
2019-W11,drivers/kinetis,1
2019-W11,drivers/magnetometer,3
2019-W11,drivers/pmw3901,1
2019-W11,drivers/pwm_input,1
2019-W11,drivers/px4flow,1
2019-W11,drivers/px4io,1
2019-W11,drivers/stm32,1
2019-W11,drivers/uavcan,1
2019-W11,drivers/uavcanesc,1
2019-W11,drivers/uavcannode,1
2019-W11,lib,2
2019-W11,lib/CollisionPrevention,1
2019-W11,lib/FlightTasks,6
2019-W11,lib/mixer,1
2019-W11,lib/parameters,2
2019-W11,lib/perf,1
2019-W11,modules/commander,10
2019-W11,modules/dataman,1
2019-W11,modules/ekf2,4
2019-W11,modules/land_detector,1
2019-W11,modules/logger,1
2019-W11,modules/mavlink,3
2019-W11,modules/mc_att_control,1
2019-W11,modules/mc_pos_control,1
2019-W11,modules/muorb,1
2019-W11,modules/sih,2
2019-W11,modules/simulator,2
2019-W11,modules/uORB,1
2019-W11,platforms/common,1
2019-W11,systemcmds/bl_update,1
2019-W11,systemcmds/hardfault_log,1
2019-W12,drivers/heater,1
2019-W12,drivers/imu,1
2019-W12,drivers/magnetometer,2
2019-W12,drivers/osd,1
2019-W12,drivers/tap_esc,1
2019-W12,lib,1
2019-W12,lib/CollisionPrevention,1
2019-W12,lib/FlightTasks,2
2019-W12,lib/WeatherVane,1
2019-W12,lib/battery,1
2019-W12,lib/drivers,3
2019-W12,lib/systemlib,1
2019-W12,modules/commander,3
2019-W12,modules/events,1
2019-W12,modules/logger,1
2019-W12,modules/mavlink,1
2019-W12,modules/mc_pos_control,2
2019-W12,modules/replay,1
2019-W12,modules/sih,3
2019-W12,templates/module,1
2019-W13,drivers/imu,1
2019-W13,drivers/px4io,1
2019-W13,lib/FlightTasks,3
2019-W13,lib/tunes,1
2019-W13,modules/commander,3
2019-W13,modules/ekf2,1
2019-W13,modules/events,1
2019-W13,modules/fw_pos_control_l1,1
2019-W13,modules/load_mon,1
2019-W13,modules/local_position_estimator,1
2019-W13,modules/mavlink,3
2019-W13,modules/mc_att_control,1
2019-W13,modules/mc_pos_control,1
2019-W13,modules/navigator,1
2019-W13,modules/px4iofirmware,1
2019-W13,modules/sih,3
2019-W13,modules/simulator,1
2019-W13,modules/vtol_att_control,1
2019-W13,modules/wind_estimator,1
2019-W14,drivers/boards,1
2019-W14,drivers/distance_sensor,2
2019-W14,drivers/lights,1
2019-W14,drivers/md25,1
2019-W14,drivers/mkblctrl,1
2019-W14,drivers/pmw3901,1
2019-W14,drivers/px4fmu,1
2019-W14,drivers/px4io,1
2019-W14,drivers/roboclaw,1
2019-W14,drivers/stm32,1
2019-W14,lib,1
2019-W14,lib/FlightTasks,4
2019-W14,lib/circuit_breaker,1
2019-W14,lib/mixer,2
2019-W14,lib/systemlib,1
2019-W14,modules/commander,5
2019-W14,modules/fw_pos_control_l1,1
2019-W14,modules/logger,1
2019-W14,modules/px4iofirmware,3
2019-W14,platforms,1
2019-W14,systemcmds/dmesg,1
2019-W14,systemcmds/ver,1
2019-W15,drivers/magnetometer,1
2019-W15,lib,1
2019-W15,lib/FlightTasks,2
2019-W15,lib/systemlib,1
2019-W15,modules/fw_pos_control_l1,1
2019-W15,modules/logger,3
2019-W15,modules/mavlink,2
2019-W15,modules/sih,3
2019-W15,platforms,1
2019-W16,drivers/barometer,1
2019-W16,drivers/imu,1
2019-W16,drivers/magnetometer,1
2019-W16,drivers/uavcan,1
2019-W16,lib/CollisionPrevention,1
2019-W16,lib/FlightTasks,2
2019-W16,modules/local_position_estimator,1
2019-W16,modules/logger,2
2019-W16,modules/mavlink,2
2019-W16,modules/mc_att_control,1
2019-W16,modules/navigator,1
2019-W16,modules/simulator,1
2019-W16,modules/vtol_att_control,1
2019-W17,drivers/barometer,1
2019-W17,drivers/imu,2
2019-W17,drivers/px4io,1
2019-W17,lib/FlightTasks,4
2019-W17,modules/commander,4
2019-W17,modules/dataman,1
2019-W17,modules/ekf2,2
2019-W17,modules/fw_att_control,2
2019-W17,modules/mavlink,5
2019-W17,modules/mc_att_control,4
2019-W17,modules/mc_pos_control,1
2019-W17,modules/navigator,2
2019-W17,modules/px4iofirmware,1
2019-W17,modules/simulator,1
2019-W18,lib/systemlib,1
2019-W18,modules/commander,5
2019-W18,modules/ekf2,1
2019-W18,modules/fw_att_control,1
2019-W18,modules/fw_pos_control_l1,1
2019-W18,modules/land_detector,1
2019-W18,modules/local_position_estimator,1
2019-W18,modules/mc_att_control,2
2019-W18,modules/navigator,1
2019-W18,modules/sensors,1
2019-W18,modules/simulator,1
2019-W18,modules/uORB,1
2019-W19,drivers/lights,1
2019-W19,drivers/tone_alarm,1
2019-W19,lib,1
2019-W19,lib/FlightTasks,3
2019-W19,modules/commander,1
2019-W19,modules/fw_att_control,1
2019-W19,modules/mc_att_control,3
2019-W19,modules/mc_pos_control,5
2019-W19,modules/vtol_att_control,1
2019-W19,modules/wind_estimator,1
2019-W19,platforms,2
2019-W20,drivers/distance_sensor,1
2019-W20,drivers/gps,1
2019-W20,drivers/md25,1
2019-W20,drivers/power_monitor,1
2019-W20,drivers/roboclaw,1
2019-W20,examples/segway,1
2019-W20,include,1
2019-W20,lib,1
2019-W20,lib/CollisionPrevention,11
2019-W20,lib/FlightTasks,15
2019-W20,lib/cdev,1
2019-W20,lib/controllib,1
2019-W20,lib/drivers,2
2019-W20,modules/commander,1
2019-W20,modules/ekf2,1
2019-W20,modules/fw_att_control,1
2019-W20,modules/fw_pos_control_l1,1
2019-W20,modules/gnd_pos_control,1
2019-W20,modules/local_position_estimator,1
2019-W20,modules/logger,1
2019-W20,modules/mavlink,2
2019-W20,modules/mc_pos_control,10
2019-W20,modules/navigator,1
2019-W20,modules/sensors,1
2019-W20,modules/simulator,1
2019-W20,modules/uORB,1
2019-W20,modules/wind_estimator,1
2019-W20,systemcmds/tests,1
2019-W21,drivers/boards,1
2019-W21,drivers/imu,2
2019-W21,include,1
2019-W21,lib,1
2019-W21,lib/FlightTasks,2
2019-W21,lib/cdev,1
2019-W21,lib/drivers,2
2019-W21,lib/hysteresis,3
2019-W21,lib/systemlib,2
2019-W21,lib/tunes,1
2019-W21,modules/commander,6
2019-W21,modules/land_detector,2
2019-W21,modules/mavlink,2
2019-W21,modules/mc_att_control,3
2019-W21,modules/mc_pos_control,3
2019-W21,platforms,1
2019-W21,systemcmds/tests,2
2019-W22,drivers,3
2019-W22,drivers/boards,2
2019-W22,drivers/gps,1
2019-W22,drivers/imu,5
2019-W22,drivers/magnetometer,1
2019-W22,drivers/optical_flow,1
2019-W22,drivers/power_monitor,1
2019-W22,drivers/stm32,1
2019-W22,drivers/uavcan,2
2019-W22,include/containers,1
2019-W22,lib,1
2019-W22,lib/CollisionPrevention,1
2019-W22,lib/FlightTasks,5
2019-W22,lib/cdev,1
2019-W22,lib/drivers,3
2019-W22,lib/systemlib,1
2019-W22,modules/commander,4
2019-W22,modules/ekf2,1
2019-W22,modules/fw_att_control,1
2019-W22,modules/fw_pos_control_l1,2
2019-W22,modules/land_detector,2
2019-W22,modules/load_mon,2
2019-W22,modules/mavlink,1
2019-W22,modules/mc_att_control,2
2019-W22,modules/micrortps_bridge,1
2019-W22,modules/sensors,1
2019-W22,modules/sih,2
2019-W22,modules/simulator,2
2019-W22,modules/vtol_att_control,2
2019-W22,platforms,1
2019-W22,platforms/common,2
2019-W22,systemcmds/topic_listener,1
2019-W23,drivers/barometer,1
2019-W23,drivers/batt_smbus,1
2019-W23,drivers/distance_sensor,3
2019-W23,drivers/gps,1
2019-W23,drivers/heater,2
2019-W23,drivers/imu,2
2019-W23,drivers/osd,1
2019-W23,drivers/px4io,1
2019-W23,lib/CollisionPrevention,5
2019-W23,lib/FlightTasks,1
2019-W23,lib/drivers,1
2019-W23,lib/mixer,1
2019-W23,lib/systemlib,1
2019-W23,modules/commander,3
2019-W23,modules/fw_att_control,1
2019-W23,modules/fw_pos_control_l1,1
2019-W23,modules/land_detector,1
2019-W23,modules/logger,2
2019-W23,modules/mavlink,1
2019-W23,modules/mc_att_control,2
2019-W23,modules/mc_pos_control,2
2019-W23,modules/navigator,2
2019-W23,modules/sensors,2
2019-W23,modules/simulator,3
2019-W23,modules/uORB,1
2019-W23,modules/vmount,1
2019-W23,modules/vtol_att_control,1
2019-W23,modules/wind_estimator,1
2019-W23,platforms,1
2019-W23,platforms/common,2
2019-W23,systemcmds/led_control,1
2019-W23,systemcmds/param,1
2019-W23,systemcmds/topic_listener,1
2019-W23,systemcmds/tune_control,1
2019-W23,templates/module,1
2019-W24,drivers/barometer,1
2019-W24,drivers/distance_sensor,3
2019-W24,drivers/gps,1
2019-W24,drivers/md25,1
2019-W24,drivers/optical_flow,2
2019-W24,examples/segway,1
2019-W24,include/containers,2
2019-W24,lib,1
2019-W24,lib/CollisionPrevention,1
2019-W24,lib/FlightTasks,3
2019-W24,lib/controllib,1
2019-W24,lib/drivers,2
2019-W24,modules/commander,4
2019-W24,modules/ekf2,2
2019-W24,modules/fw_att_control,1
2019-W24,modules/fw_pos_control_l1,1
2019-W24,modules/land_detector,2
2019-W24,modules/local_position_estimator,1
2019-W24,modules/logger,1
2019-W24,modules/mavlink,7
2019-W24,modules/mc_att_control,3
2019-W24,modules/mc_pos_control,2
2019-W24,modules/navigator,2
2019-W24,modules/uORB,1
2019-W24,modules/vtol_att_control,1
2019-W24,modules/wind_estimator,1
2019-W24,platforms,1
2019-W24,platforms/common,1
2019-W24,systemcmds/bl_update,1
2019-W24,systemcmds/hardfault_log,1
2019-W24,systemcmds/tests,3
2019-W25,drivers/roboclaw,2
2019-W25,lib,1
2019-W25,lib/CollisionPrevention,1
2019-W25,modules/commander,1
2019-W25,modules/mavlink,3
2019-W25,modules/uORB,1
2019-W25,platforms/common,1
2019-W26,drivers/barometer,1
2019-W26,drivers/boards,1
2019-W26,drivers/distance_sensor,4
2019-W26,drivers/osd,1
2019-W26,drivers/px4io,1
2019-W26,drivers/rc_input,1
2019-W26,drivers/roboclaw,3
2019-W26,drivers/stm32,2
2019-W26,lib/CollisionPrevention,2
2019-W26,lib/FlightTasks,5
2019-W26,lib/mixer_module,1
2019-W26,lib/systemlib,2
2019-W26,modules/attitude_estimator_q,1
2019-W26,modules/commander,3
2019-W26,modules/ekf2,1
2019-W26,modules/fw_att_control,2
2019-W26,modules/fw_pos_control_l1,1
2019-W26,modules/land_detector,11
2019-W26,modules/landing_target_estimator,1
2019-W26,modules/logger,1
2019-W26,modules/mavlink,4
2019-W26,modules/mc_att_control,2
2019-W26,modules/mc_pos_control,3
2019-W26,modules/navigator,1
2019-W26,modules/sensors,4
2019-W26,modules/uORB,2
2019-W26,modules/vtol_att_control,3
2019-W26,systemcmds/top,1
2019-W27,drivers,1
2019-W27,drivers/barometer,1
2019-W27,drivers/batt_smbus,1
2019-W27,drivers/camera_capture,2
2019-W27,drivers/camera_trigger,1
2019-W27,drivers/differential_pressure,1
2019-W27,drivers/gps,2
2019-W27,drivers/heater,1
2019-W27,drivers/imu,3
2019-W27,drivers/osd,1
2019-W27,drivers/px4fmu,1
2019-W27,drivers/px4io,1
2019-W27,drivers/rc_input,1
2019-W27,drivers/roboclaw,6
2019-W27,drivers/stm32,2
2019-W27,drivers/telemetry,1
2019-W27,drivers/uavcan,2
2019-W27,lib,1
2019-W27,lib/CollisionPrevention,1
2019-W27,lib/FlightTasks,5
2019-W27,lib/circuit_breaker,1
2019-W27,lib/drivers,1
2019-W27,lib/mixer,1
2019-W27,lib/systemlib,1
2019-W27,lib/tunes,1
2019-W27,modules/commander,2
2019-W27,modules/events,1
2019-W27,modules/logger,2
2019-W27,modules/mavlink,4
2019-W27,modules/mc_pos_control,3
2019-W27,modules/muorb,1
2019-W27,modules/navigator,4
2019-W27,modules/sensors,1
2019-W27,modules/simulator,1
2019-W27,modules/uORB,1
2019-W27,modules/vmount,1
2019-W27,modules/vtol_att_control,1
2019-W27,platforms/common,1
2019-W27,systemcmds/i2cdetect,1
2019-W27,systemcmds/led_control,1
2019-W27,systemcmds/motor_test,1
2019-W28,drivers/boards,2
2019-W28,drivers/distance_sensor,2
2019-W28,drivers/imu,1
2019-W28,drivers/irlock,1
2019-W28,drivers/lights,1
2019-W28,drivers/magnetometer,1
2019-W28,drivers/optical_flow,1
2019-W28,drivers/px4fmu,2
2019-W28,drivers/px4io,1
2019-W28,drivers/rc_input,1
2019-W28,drivers/roboclaw,3
2019-W28,drivers/stm32,1
2019-W28,drivers/telemetry,1
2019-W28,drivers/uavcan,1
2019-W28,lib/CollisionPrevention,2
2019-W28,lib/FlightTasks,2
2019-W28,lib/mixer,1
2019-W28,modules/gnd_att_control,1
2019-W28,modules/land_detector,1
2019-W28,modules/mavlink,5
2019-W28,modules/mc_att_control,1
2019-W28,modules/mc_pos_control,1
2019-W28,modules/navigator,2
2019-W28,modules/rover_pos_control,1
2019-W29,drivers/magnetometer,1
2019-W29,drivers/mkblctrl,1
2019-W29,drivers/roboclaw,1
2019-W29,lib/FlightTasks,5
2019-W29,modules/commander,5
2019-W29,modules/events,1
2019-W29,modules/logger,1
2019-W29,modules/mavlink,2
2019-W29,modules/mc_pos_control,2
2019-W29,modules/rover_pos_control,2
2019-W29,systemcmds/param,1
2019-W29,systemcmds/tests,1
2019-W29,systemcmds/tune_control,1
2019-W30,drivers/camera_trigger,2
2019-W30,drivers/distance_sensor,1
2019-W30,drivers/driver_framework_wrapper,2
2019-W30,drivers/gps,1
2019-W30,drivers/heater,1
2019-W30,drivers/imu,2
2019-W30,drivers/lights,1
2019-W30,drivers/linux_pwm_out,1
2019-W30,drivers/magnetometer,1
2019-W30,drivers/pwm_out_sim,1
2019-W30,drivers/px4fmu,1
2019-W30,drivers/px4io,1
2019-W30,drivers/snapdragon_pwm_out,1
2019-W30,drivers/tap_esc,1
2019-W30,drivers/uavcan,2
2019-W30,examples/bottle_drop,1
2019-W30,examples/fixedwing_control,1
2019-W30,examples/rover_steering_control,1
2019-W30,lib,2
2019-W30,lib/CollisionPrevention,1
2019-W30,lib/battery,2
2019-W30,lib/version,1
2019-W30,modules/attitude_estimator_q,1
2019-W30,modules/commander,6
2019-W30,modules/ekf2,2
2019-W30,modules/fw_att_control,2
2019-W30,modules/fw_pos_control_l1,1
2019-W30,modules/land_detector,1
2019-W30,modules/logger,2
2019-W30,modules/mavlink,3
2019-W30,modules/mc_att_control,2
2019-W30,modules/mc_pos_control,6
2019-W30,modules/navigator,1
2019-W30,modules/rover_pos_control,2
2019-W30,modules/sensors,3
2019-W30,modules/sih,1
2019-W30,modules/simulator,3
2019-W30,modules/vmount,1
2019-W30,modules/vtol_att_control,1
2019-W30,templates/module,1
2019-W31,drivers,1
2019-W31,drivers/camera_trigger,1
2019-W31,drivers/distance_sensor,3
2019-W31,drivers/imu,1
2019-W31,drivers/optical_flow,2
2019-W31,drivers/power_monitor,1
2019-W31,examples/position_estimator_inav,1
2019-W31,lib,1
2019-W31,lib/CollisionPrevention,4
2019-W31,lib/FlightTasks,1
2019-W31,lib/battery,1
2019-W31,lib/drivers,3
2019-W31,modules/commander,4
2019-W31,modules/mavlink,8
2019-W31,modules/mc_att_control,1
2019-W31,modules/rc_update,1
2019-W31,modules/sensors,2
2019-W31,modules/uORB,1
2019-W31,systemcmds/top,1
2019-W32,drivers/boards,1
2019-W32,drivers/distance_sensor,1
2019-W32,drivers/imu,1
2019-W32,drivers/kinetis,1
2019-W32,drivers/optical_flow,2
2019-W32,drivers/stm32,3
2019-W32,drivers/uavcan,2
2019-W32,examples/segway,1
2019-W32,include/containers,1
2019-W32,lib,2
2019-W32,lib/AirspeedValidator,2
2019-W32,lib/CollisionPrevention,3
2019-W32,lib/FlightTasks,5
2019-W32,lib/airspeed,1
2019-W32,lib/cdev,1
2019-W32,lib/drivers,1
2019-W32,lib/hysteresis,1
2019-W32,lib/mixer,1
2019-W32,lib/parameters,1
2019-W32,modules/airspeed_selector,1
2019-W32,modules/attitude_estimator_q,1
2019-W32,modules/commander,7
2019-W32,modules/ekf2,4
2019-W32,modules/fw_att_control,2
2019-W32,modules/fw_pos_control_l1,4
2019-W32,modules/land_detector,3
2019-W32,modules/landing_target_estimator,1
2019-W32,modules/local_position_estimator,1
2019-W32,modules/logger,6
2019-W32,modules/mavlink,5
2019-W32,modules/mc_att_control,2
2019-W32,modules/mc_pos_control,2
2019-W32,modules/rover_pos_control,1
2019-W32,modules/sensors,6
2019-W32,modules/sih,1
2019-W32,modules/simulator,1
2019-W32,modules/uORB,3
2019-W32,modules/vtol_att_control,1
2019-W32,modules/wind_estimator,1
2019-W32,platforms,1
2019-W32,platforms/common,1
2019-W32,platforms/posix,1
2019-W32,systemcmds/i2cdetect,1
2019-W32,systemcmds/tests,1
2019-W33,drivers,1
2019-W33,drivers/barometer,1
2019-W33,drivers/distance_sensor,1
2019-W33,drivers/imu,1
2019-W33,drivers/optical_flow,3
2019-W33,drivers/px4fmu,1
2019-W33,drivers/rpi_rc_in,1
2019-W33,drivers/uavcan,1
2019-W33,lib/FlightTasks,3
2019-W33,lib/drivers,1
2019-W33,modules/commander,10
2019-W33,modules/dataman,1
2019-W33,modules/ekf2,1
2019-W33,modules/land_detector,1
2019-W33,modules/mavlink,4
2019-W33,modules/mc_pos_control,1
2019-W33,modules/navigator,5
2019-W33,modules/sensors,1
2019-W33,systemcmds/motor_ramp,1
2019-W34,drivers,1
2019-W34,drivers/adc,1
2019-W34,drivers/boards,1
2019-W34,drivers/camera_trigger,2
2019-W34,drivers/distance_sensor,4
2019-W34,drivers/gps,2
2019-W34,drivers/lights,2
2019-W34,drivers/pwm_input,1
2019-W34,drivers/px4fmu,8
2019-W34,drivers/px4io,6
2019-W34,drivers/safety_button,1
2019-W34,drivers/tone_alarm,2
2019-W34,drivers/uavcan,1
2019-W34,drivers/uavcanesc,1
2019-W34,drivers/uavcannode,1
2019-W34,lib,1
2019-W34,lib/CollisionPrevention,3
2019-W34,lib/FlightTasks,5
2019-W34,lib/led,1
2019-W34,lib/mixer_module,3
2019-W34,lib/parameters,2
2019-W34,lib/pwm_limit,1
2019-W34,lib/version,2
2019-W34,modules/commander,2
2019-W34,modules/dataman,1
2019-W34,modules/land_detector,1
2019-W34,modules/logger,1
2019-W34,modules/mc_att_control,1
2019-W34,modules/px4iofirmware,4
2019-W34,modules/rover_pos_control,1
2019-W34,modules/sensors,1
2019-W34,modules/uORB,2
2019-W34,modules/vtol_att_control,1
2019-W34,platforms,2
2019-W34,platforms/common,2
2019-W34,platforms/posix,1
2019-W34,systemcmds/bl_update,1
2019-W34,systemcmds/tests,1
2019-W34,systemcmds/topic_listener,1
2019-W35,drivers,5
2019-W35,drivers/adc,3
2019-W35,drivers/barometer,2
2019-W35,drivers/batt_smbus,2
2019-W35,drivers/boards,2
2019-W35,drivers/camera_capture,1
2019-W35,drivers/camera_trigger,2
2019-W35,drivers/differential_pressure,1
2019-W35,drivers/distance_sensor,7
2019-W35,drivers/driver_framework_wrapper,1
2019-W35,drivers/dshot,1
2019-W35,drivers/gps,2
2019-W35,drivers/heater,2
2019-W35,drivers/imu,5
2019-W35,drivers/irlock,1
2019-W35,drivers/kinetis,4
2019-W35,drivers/lights,4
2019-W35,drivers/linux_pwm_out,1
2019-W35,drivers/linux_sbus,1
2019-W35,drivers/magnetometer,2
2019-W35,drivers/optical_flow,2
2019-W35,drivers/osd,1
2019-W35,drivers/pca9685,1
2019-W35,drivers/power_monitor,1
2019-W35,drivers/protocol_splitter,1
2019-W35,drivers/pwm_input,1
2019-W35,drivers/pwm_out_sim,1
2019-W35,drivers/px4fmu,7
2019-W35,drivers/px4io,2
2019-W35,drivers/qshell,1
2019-W35,drivers/qurt,3
2019-W35,drivers/rc_input,1
2019-W35,drivers/rpi_rc_in,2
2019-W35,drivers/safety_button,3
2019-W35,drivers/snapdragon_pwm_out,1
2019-W35,drivers/stm32,3
2019-W35,drivers/tap_esc,1
2019-W35,drivers/telemetry,2
2019-W35,drivers/test_ppm,1
2019-W35,drivers/tone_alarm,2
2019-W35,drivers/uavcan,2
2019-W35,examples/bottle_drop,1
2019-W35,examples/fixedwing_control,1
2019-W35,examples/hello,1
2019-W35,examples/hwtest,1
2019-W35,examples/matlab_csv_serial,1
2019-W35,examples/px4_mavlink_debug,1
2019-W35,examples/px4_simple_app,1
2019-W35,examples/rover_steering_control,1
2019-W35,examples/segway,1
2019-W35,examples/uuv_example_app,1
2019-W35,lib,2
2019-W35,lib/CollisionPrevention,2
2019-W35,lib/FlightTasks,3
2019-W35,lib/cdev,1
2019-W35,lib/drivers,3
2019-W35,lib/mixer,1
2019-W35,lib/mixer_module,3
2019-W35,lib/output_limit,1
2019-W35,lib/parameters,1
2019-W35,modules/airspeed_selector,2
2019-W35,modules/attitude_estimator_q,1
2019-W35,modules/commander,3
2019-W35,modules/dataman,1
2019-W35,modules/ekf2,2
2019-W35,modules/events,1
2019-W35,modules/fw_att_control,1
2019-W35,modules/fw_pos_control_l1,2
2019-W35,modules/land_detector,4
2019-W35,modules/landing_target_estimator,1
2019-W35,modules/load_mon,2
2019-W35,modules/logger,2
2019-W35,modules/mavlink,2
2019-W35,modules/mc_att_control,2
2019-W35,modules/mc_pos_control,3
2019-W35,modules/muorb,1
2019-W35,modules/navigator,1
2019-W35,modules/px4iofirmware,2
2019-W35,modules/replay,2
2019-W35,modules/sensors,2
2019-W35,modules/sih,1
2019-W35,modules/simulator,1
2019-W35,modules/systemlib,2
2019-W35,modules/uORB,2
2019-W35,modules/vmount,1
2019-W35,modules/vtol_att_control,3
2019-W35,platforms,3
2019-W35,platforms/qurt,1
2019-W35,systemcmds/dmesg,1
2019-W35,systemcmds/hardfault_log,1
2019-W35,systemcmds/led_control,1
2019-W35,systemcmds/motor_ramp,1
2019-W35,systemcmds/mtd,1
2019-W35,systemcmds/nshterm,1
2019-W35,systemcmds/param,1
2019-W35,systemcmds/perf,1
2019-W35,systemcmds/pwm,1
2019-W35,systemcmds/reboot,1
2019-W35,systemcmds/sd_bench,1
2019-W35,systemcmds/shutdown,1
2019-W35,systemcmds/tests,2
2019-W35,systemcmds/top,1
2019-W35,systemcmds/topic_listener,2
2019-W35,systemcmds/tune_control,1
2019-W35,systemcmds/ver,1
2019-W35,templates/module,1
2019-W36,drivers,1
2019-W36,drivers/distance_sensor,6
2019-W36,drivers/dshot,5
2019-W36,drivers/lights,2
2019-W36,drivers/mkblctrl,1
2019-W36,drivers/optical_flow,2
2019-W36,drivers/pwm_out_sim,1
2019-W36,drivers/qshell,1
2019-W36,drivers/tap_esc,1
2019-W36,drivers/telemetry,1
2019-W36,drivers/uavcan,2
2019-W36,lib,2
2019-W36,lib/CollisionPrevention,2
2019-W36,lib/FlightTasks,7
2019-W36,lib/controllib,1
2019-W36,lib/conversion,1
2019-W36,lib/drivers,1
2019-W36,lib/led,1
2019-W36,lib/mathlib,1
2019-W36,lib/mixer_module,1
2019-W36,modules/fw_att_control,1
2019-W36,modules/fw_pos_control_l1,2
2019-W36,modules/load_mon,1
2019-W36,modules/mavlink,5
2019-W36,modules/navigator,1
2019-W36,modules/sensors,5
2019-W36,modules/vtol_att_control,2
2019-W37,drivers/distance_sensor,3
2019-W37,lib,1
2019-W37,lib/CollisionPrevention,3
2019-W37,lib/FlightTasks,12
2019-W37,lib/controllib,1
2019-W37,lib/parameters,1
2019-W37,modules/land_detector,1
2019-W37,modules/mc_pos_control,1
2019-W37,modules/micrortps_bridge,1
2019-W37,modules/navigator,1
2019-W37,modules/replay,1
2019-W37,modules/simulator,1
2019-W37,systemcmds/dumpfile,1
2019-W37,systemcmds/tests,2
2019-W38,drivers/distance_sensor,1
2019-W38,drivers/optical_flow,1
2019-W38,lib,3
2019-W38,lib/CollisionPrevention,1
2019-W38,lib/FlightTasks,6
2019-W38,lib/circuit_breaker,1
2019-W38,lib/mathlib,1
2019-W38,lib/mixer_module,2
2019-W38,modules/attitude_estimator_q,1
2019-W38,modules/commander,2
2019-W38,modules/ekf2,3
2019-W38,modules/mavlink,7
2019-W38,modules/mc_att_control,2
2019-W38,modules/sensors,3
2019-W38,platforms,1
2019-W38,systemcmds/tests,3
2019-W39,drivers/adc,1
2019-W39,drivers/camera_capture,1
2019-W39,drivers/distance_sensor,3
2019-W39,drivers/lights,1
2019-W39,drivers/telemetry,3
2019-W39,examples/segway,1
2019-W39,lib,1
2019-W39,lib/CollisionPrevention,2
2019-W39,lib/FlightTasks,3
2019-W39,lib/drivers,2
2019-W39,lib/parameters,2
2019-W39,modules/camera_feedback,1
2019-W39,modules/commander,3
2019-W39,modules/ekf2,3
2019-W39,modules/fw_att_control,1
2019-W39,modules/logger,1
2019-W39,modules/mavlink,4
2019-W39,systemcmds/topic_listener,1
2019-W40,drivers/adc,1
2019-W40,drivers/barometer,1
2019-W40,drivers/batt_smbus,1
2019-W40,drivers/camera_capture,1
2019-W40,drivers/camera_trigger,1
2019-W40,drivers/distance_sensor,1
2019-W40,drivers/heater,1
2019-W40,drivers/imu,1
2019-W40,drivers/irlock,1
2019-W40,drivers/lights,1
2019-W40,drivers/linux_sbus,1
2019-W40,drivers/magnetometer,1
2019-W40,drivers/optical_flow,1
2019-W40,drivers/osd,1
2019-W40,drivers/pca9685,1
2019-W40,drivers/power_monitor,1
2019-W40,drivers/px4fmu,1
2019-W40,drivers/px4io,1
2019-W40,drivers/rc_input,2
2019-W40,drivers/roboclaw,1
2019-W40,drivers/rpi_rc_in,1
2019-W40,drivers/safety_button,1
2019-W40,drivers/telemetry,1
2019-W40,drivers/tone_alarm,1
2019-W40,drivers/uavcan,1
2019-W40,lib,3
2019-W40,lib/CollisionPrevention,1
2019-W40,lib/FlightTasks,3
2019-W40,lib/controllib,1
2019-W40,lib/drivers,1
2019-W40,lib/mixer_module,1
2019-W40,lib/output_limit,1
2019-W40,modules/airspeed_selector,1
2019-W40,modules/commander,2
2019-W40,modules/fw_att_control,1
2019-W40,modules/fw_pos_control_l1,1
2019-W40,modules/land_detector,4
2019-W40,modules/load_mon,1
2019-W40,modules/local_position_estimator,1
2019-W40,modules/logger,1
2019-W40,modules/mavlink,1
2019-W40,modules/mc_att_control,2
2019-W40,modules/mc_pos_control,1
2019-W40,modules/micrortps_bridge,3
2019-W40,modules/navigator,1
2019-W40,modules/sensors,2
2019-W40,modules/uORB,1
2019-W40,modules/vtol_att_control,3
2019-W40,systemcmds/work_queue,1
2019-W41,drivers/power_monitor,1
2019-W41,drivers/uavcan,1
2019-W41,drivers/uavcanesc,1
2019-W41,drivers/uavcannode,1
2019-W41,lib,1
2019-W41,lib/FlightTasks,2
2019-W41,lib/mixer,1
2019-W41,lib/mixer_module,1
2019-W41,modules/commander,6
2019-W41,modules/ekf2,1
2019-W41,modules/land_detector,2
2019-W41,modules/logger,2
2019-W41,modules/mavlink,14
2019-W41,modules/mc_att_control,2
2019-W41,modules/mc_pos_control,3
2019-W41,modules/navigator,5
2019-W41,modules/px4iofirmware,1
2019-W41,modules/sensors,2
2019-W41,systemcmds/param,1
2019-W41,systemcmds/tests,1
2019-W42,drivers,3
2019-W42,drivers/barometer,1
2019-W42,drivers/driver_framework_wrapper,1
2019-W42,drivers/dshot,5
2019-W42,drivers/imu,3
2019-W42,drivers/mkblctrl,2
2019-W42,drivers/pwm_out_sim,3
2019-W42,drivers/px4fmu,4
2019-W42,drivers/px4io,1
2019-W42,drivers/tap_esc,1
2019-W42,drivers/uavcan,4
2019-W42,lib/CollisionPrevention,2
2019-W42,lib/FlightTasks,2
2019-W42,lib/drivers,1
2019-W42,lib/mathlib,1
2019-W42,lib/mixer,1
2019-W42,lib/mixer_module,7
2019-W42,lib/parameters,1
2019-W42,modules/commander,4
2019-W42,modules/dataman,1
2019-W42,modules/ekf2,1
2019-W42,modules/fw_pos_control_l1,1
2019-W42,modules/land_detector,3
2019-W42,modules/logger,2
2019-W42,modules/mavlink,6
2019-W42,modules/mc_att_control,3
2019-W42,modules/mc_pos_control,2
2019-W42,modules/muorb,1
2019-W42,modules/navigator,3
2019-W42,modules/sensors,1
2019-W42,modules/uORB,1
2019-W42,modules/vmount,1
2019-W42,modules/vtol_att_control,3
2019-W42,platforms,1
2019-W42,systemcmds/motor_ramp,1
2019-W42,systemcmds/motor_test,1
2019-W42,systemcmds/pwm,1
2019-W42,systemcmds/tests,1
2019-W42,systemcmds/top,1
2019-W42,systemcmds/topic_listener,1
2019-W43,drivers,1
2019-W43,drivers/adc,1
2019-W43,drivers/barometer,1
2019-W43,drivers/batt_smbus,1
2019-W43,drivers/boards,6
2019-W43,drivers/camera_capture,2
2019-W43,drivers/camera_trigger,3
2019-W43,drivers/differential_pressure,1
2019-W43,drivers/distance_sensor,7
2019-W43,drivers/driver_framework_wrapper,2
2019-W43,drivers/dshot,3
2019-W43,drivers/gps,2
2019-W43,drivers/heater,1
2019-W43,drivers/imu,2
2019-W43,drivers/irlock,1
2019-W43,drivers/lights,1
2019-W43,drivers/linux_pwm_out,1
2019-W43,drivers/linux_sbus,1
2019-W43,drivers/magnetometer,1
2019-W43,drivers/md25,1
2019-W43,drivers/mkblctrl,1
2019-W43,drivers/optical_flow,1
2019-W43,drivers/osd,1
2019-W43,drivers/pca9685,1
2019-W43,drivers/power_monitor,2
2019-W43,drivers/protocol_splitter,1
2019-W43,drivers/pwm_input,1
2019-W43,drivers/pwm_out_sim,1
2019-W43,drivers/px4fmu,3
2019-W43,drivers/px4io,3
2019-W43,drivers/qshell,1
2019-W43,drivers/qurt,1
2019-W43,drivers/rc_input,3
2019-W43,drivers/roboclaw,1
2019-W43,drivers/rpi_rc_in,1
2019-W43,drivers/safety_button,1
2019-W43,drivers/snapdragon_pwm_out,1
2019-W43,drivers/spektrum_rc,1
2019-W43,drivers/tap_esc,1
2019-W43,drivers/telemetry,1
2019-W43,drivers/test_ppm,1
2019-W43,drivers/tone_alarm,1
2019-W43,drivers/uavcan,3
2019-W43,drivers/uavcanesc,2
2019-W43,drivers/uavcannode,2
2019-W43,examples/bottle_drop,1
2019-W43,examples/dyn_hello,1
2019-W43,examples/fixedwing_control,2
2019-W43,examples/hello,1
2019-W43,examples/hwtest,1
2019-W43,examples/matlab_csv_serial,1
2019-W43,examples/px4_mavlink_debug,1
2019-W43,examples/px4_simple_app,1
2019-W43,examples/rover_steering_control,1
2019-W43,examples/uuv_example_app,1
2019-W43,include,1
2019-W43,include/containers,2
2019-W43,lib,1
2019-W43,lib/CollisionPrevention,1
2019-W43,lib/FlightTasks,5
2019-W43,lib/WeatherVane,2
2019-W43,lib/airspeed,1
2019-W43,lib/battery,1
2019-W43,lib/cdev,4
2019-W43,lib/circuit_breaker,1
2019-W43,lib/controllib,2
2019-W43,lib/conversion,1
2019-W43,lib/drivers,7
2019-W43,lib/hysteresis,1
2019-W43,lib/mathlib,1
2019-W43,lib/mixer,2
2019-W43,lib/mixer_module,3
2019-W43,lib/output_limit,1
2019-W43,lib/parameters,4
2019-W43,lib/perf,1
2019-W43,lib/pid,1
2019-W43,lib/rc,3
2019-W43,lib/systemlib,2
2019-W43,lib/terrain_estimation,3
2019-W43,lib/tunes,1
2019-W43,lib/version,1
2019-W43,modules/airspeed_selector,3
2019-W43,modules/attitude_estimator_q,2
2019-W43,modules/battery_status,2
2019-W43,modules/camera_feedback,1
2019-W43,modules/commander,9
2019-W43,modules/dataman,1
2019-W43,modules/ekf2,6
2019-W43,modules/events,3
2019-W43,modules/fw_att_control,1
2019-W43,modules/fw_pos_control_l1,1
2019-W43,modules/land_detector,3
2019-W43,modules/landing_target_estimator,1
2019-W43,modules/load_mon,3
2019-W43,modules/local_position_estimator,3
2019-W43,modules/logger,3
2019-W43,modules/mavlink,10
2019-W43,modules/mc_att_control,2
2019-W43,modules/mc_pos_control,14
2019-W43,modules/micrortps_bridge,1
2019-W43,modules/muorb,1
2019-W43,modules/navigator,5
2019-W43,modules/px4iofirmware,2
2019-W43,modules/replay,1
2019-W43,modules/rover_pos_control,4
2019-W43,modules/sensors,4
2019-W43,modules/sih,1
2019-W43,modules/simulator,2
2019-W43,modules/uORB,3
2019-W43,modules/vmount,1
2019-W43,modules/vtol_att_control,2
2019-W43,systemcmds/bl_update,1
2019-W43,systemcmds/config,1
2019-W43,systemcmds/dmesg,1
2019-W43,systemcmds/dumpfile,1
2019-W43,systemcmds/dyn,1
2019-W43,systemcmds/esc_calib,1
2019-W43,systemcmds/hardfault_log,1
2019-W43,systemcmds/i2cdetect,1
2019-W43,systemcmds/led_control,1
2019-W43,systemcmds/mixer,1
2019-W43,systemcmds/motor_ramp,1
2019-W43,systemcmds/motor_test,3
2019-W43,systemcmds/mtd,1
2019-W43,systemcmds/nshterm,1
2019-W43,systemcmds/param,1
2019-W43,systemcmds/perf,1
2019-W43,systemcmds/pwm,1
2019-W43,systemcmds/reboot,1
2019-W43,systemcmds/reflect,1
2019-W43,systemcmds/sd_bench,1
2019-W43,systemcmds/shutdown,1
2019-W43,systemcmds/tests,4
2019-W43,systemcmds/top,1
2019-W43,systemcmds/topic_listener,2
2019-W43,systemcmds/tune_control,1
2019-W43,systemcmds/usb_connected,1
2019-W43,systemcmds/ver,1
2019-W43,systemcmds/work_queue,1
2019-W43,templates/module,1
2019-W44,drivers/barometer,1
2019-W44,drivers/batt_smbus,1
2019-W44,drivers/distance_sensor,1
2019-W44,drivers/dshot,1
2019-W44,drivers/gps,1
2019-W44,drivers/imu,1
2019-W44,drivers/pwm_out_sim,1
2019-W44,drivers/px4fmu,1
2019-W44,drivers/rc_input,1
2019-W44,drivers/safety_button,1
2019-W44,drivers/tap_esc,1
2019-W44,drivers/telemetry,2
2019-W44,drivers/uavcan,5
2019-W44,drivers/uavcanesc,1
2019-W44,drivers/uavcannode,1
2019-W44,lib,1
2019-W44,lib/FlightTasks,1
2019-W44,lib/conversion,1
2019-W44,lib/drivers,2
2019-W44,lib/parameters,1
2019-W44,modules/airspeed_selector,1
2019-W44,modules/battery_status,1
2019-W44,modules/commander,11
2019-W44,modules/ekf2,1
2019-W44,modules/events,1
2019-W44,modules/fw_att_control,2
2019-W44,modules/fw_pos_control_l1,3
2019-W44,modules/mavlink,2
2019-W44,modules/mc_pos_control,3
2019-W44,modules/micrortps_bridge,1
2019-W44,modules/navigator,1
2019-W44,modules/replay,1
2019-W44,modules/sensors,1
2019-W44,modules/simulator,1
2019-W44,modules/vtol_att_control,1
2019-W44,systemcmds/dmesg,1
2019-W44,systemcmds/motor_test,1
2019-W45,drivers,1
2019-W45,drivers/batt_smbus,11
2019-W45,drivers/distance_sensor,1
2019-W45,drivers/driver_framework_wrapper,2
2019-W45,drivers/gps,2
2019-W45,drivers/imu,1
2019-W45,drivers/lights,1
2019-W45,drivers/mkblctrl,1
2019-W45,drivers/pca9685,1
2019-W45,drivers/power_monitor,2
2019-W45,drivers/qurt,1
2019-W45,drivers/roboclaw,1
2019-W45,drivers/telemetry,1
2019-W45,drivers/uavcan,1
2019-W45,drivers/uavcanesc,1
2019-W45,drivers/uavcannode,1
2019-W45,include/containers,1
2019-W45,lib,2
2019-W45,lib/CollisionPrevention,2
2019-W45,lib/FlightTasks,3
2019-W45,lib/battery,1
2019-W45,lib/circuit_breaker,1
2019-W45,lib/flight_tasks,1
2019-W45,lib/mathlib,1
2019-W45,lib/mixer_module,1
2019-W45,lib/parameters,1
2019-W45,lib/systemlib,1
2019-W45,modules/battery_status,1
2019-W45,modules/commander,3
2019-W45,modules/events,1
2019-W45,modules/mavlink,5
2019-W45,modules/mc_pos_control,4
2019-W45,modules/replay,1
2019-W45,modules/rover_pos_control,1
2019-W45,modules/sensors,2
2019-W45,modules/simulator,1
2019-W45,modules/vmount,1
2019-W45,systemcmds/tests,1
2019-W46,drivers/barometer,2
2019-W46,drivers/heater,1
2019-W46,drivers/imu,3
2019-W46,drivers/magnetometer,3
2019-W46,drivers/px4io,1
2019-W46,drivers/uavcan,1
2019-W46,lib,3
2019-W46,lib/airspeed_validator,1
2019-W46,lib/battery,1
2019-W46,lib/collision_prevention,1
2019-W46,lib/drivers,1
2019-W46,lib/flight_tasks,3
2019-W46,lib/weather_vane,1
2019-W46,modules/commander,2
2019-W46,modules/ekf2,4
2019-W46,modules/local_position_estimator,1
2019-W46,modules/logger,2
2019-W46,modules/mavlink,5
2019-W46,modules/mc_pos_control,1
2019-W46,modules/rover_pos_control,2
2019-W46,modules/sensors,2
2019-W46,systemcmds/bl_update,3
2019-W46,systemcmds/tests,1
2019-W47,drivers,2
2019-W47,drivers/barometer,2
2019-W47,drivers/driver_framework_wrapper,1
2019-W47,drivers/dshot,1
2019-W47,drivers/gps,1
2019-W47,drivers/heater,1
2019-W47,drivers/imu,2
2019-W47,drivers/lights,1
2019-W47,drivers/linux_pwm_out,1
2019-W47,drivers/magnetometer,1
2019-W47,drivers/md25,1
2019-W47,drivers/mkblctrl,2
2019-W47,drivers/pwm_out_sim,2
2019-W47,drivers/px4fmu,1
2019-W47,drivers/px4io,5
2019-W47,drivers/qurt,1
2019-W47,drivers/snapdragon_pwm_out,2
2019-W47,drivers/tap_esc,1
2019-W47,drivers/uavcan,2
2019-W47,drivers/uavcanesc,1
2019-W47,drivers/uavcannode,1
2019-W47,examples/hwtest,1
2019-W47,include/containers,1
2019-W47,lib,2
2019-W47,lib/airspeed_validator,1
2019-W47,lib/collision_prevention,2
2019-W47,lib/controllib,1
2019-W47,lib/drivers,1
2019-W47,lib/flight_tasks,6
2019-W47,lib/mixer,8
2019-W47,lib/mixer_module,2
2019-W47,modules/airspeed_selector,3
2019-W47,modules/battery_status,2
2019-W47,modules/commander,2
2019-W47,modules/dataman,1
2019-W47,modules/ekf2,1
2019-W47,modules/fw_att_control,1
2019-W47,modules/fw_pos_control_l1,2
2019-W47,modules/mavlink,2
2019-W47,modules/mc_att_control,3
2019-W47,modules/mc_pos_control,5
2019-W47,modules/mc_rate_control,3
2019-W47,modules/micrortps_bridge,4
2019-W47,modules/navigator,6
2019-W47,modules/px4iofirmware,2
2019-W47,modules/rc_update,1
2019-W47,modules/rover_pos_control,1
2019-W47,modules/sensors,1
2019-W47,modules/simulator,1
2019-W47,modules/uORB,4
2019-W47,modules/vmount,3
2019-W47,modules/vtol_att_control,4
2019-W47,systemcmds/esc_calib,1
2019-W47,systemcmds/mixer,2
2019-W47,systemcmds/motor_ramp,1
2019-W47,systemcmds/tests,3
2019-W48,drivers,1
2019-W48,drivers/batt_smbus,1
2019-W48,drivers/differential_pressure,1
2019-W48,drivers/distance_sensor,3
2019-W48,drivers/driver_framework_wrapper,1
2019-W48,drivers/dshot,1
2019-W48,drivers/gps,1
2019-W48,drivers/imu,3
2019-W48,drivers/irlock,1
2019-W48,drivers/linux_pwm_out,3
2019-W48,drivers/optical_flow,1
2019-W48,drivers/power_monitor,2
2019-W48,drivers/qshell,1
2019-W48,drivers/qurt,1
2019-W48,drivers/roboclaw,1
2019-W48,drivers/rpi_rc_in,1
2019-W48,drivers/safety_button,1
2019-W48,drivers/snapdragon_pwm_out,1
2019-W48,drivers/tap_esc,1
2019-W48,drivers/uavcan,1
2019-W48,drivers/uavcanesc,1
2019-W48,lib,4
2019-W48,lib/drivers,2
2019-W48,lib/mathlib,1
2019-W48,lib/mixer,1
2019-W48,modules/airspeed_selector,2
2019-W48,modules/commander,12
2019-W48,modules/ekf2,2
2019-W48,modules/events,1
2019-W48,modules/fw_att_control,2
2019-W48,modules/fw_pos_control_l1,3
2019-W48,modules/land_detector,1
2019-W48,modules/load_mon,1
2019-W48,modules/local_position_estimator,1
2019-W48,modules/mavlink,6
2019-W48,modules/mc_att_control,2
2019-W48,modules/mc_pos_control,2
2019-W48,modules/mc_rate_control,2
2019-W48,modules/micrortps_bridge,3
2019-W48,modules/rc_update,1
2019-W48,modules/sensors,2
2019-W48,modules/sih,2
2019-W48,modules/simulator,3
2019-W48,modules/vmount,2
2019-W48,modules/vtol_att_control,1
2019-W49,drivers/driver_framework_wrapper,1
2019-W49,drivers/imu,1
2019-W49,drivers/power_monitor,1
2019-W49,drivers/uavcan,1
2019-W49,lib,2
2019-W49,lib/battery,1
2019-W49,lib/collision_prevention,1
2019-W49,lib/flight_tasks,2
2019-W49,modules/battery_status,1
2019-W49,modules/commander,5
2019-W49,modules/ekf2,2
2019-W49,modules/mavlink,5
2019-W49,modules/mc_pos_control,9
2019-W49,modules/mc_rate_control,1
2019-W49,modules/navigator,4
2019-W49,modules/px4iofirmware,1
2019-W49,modules/rc_update,3
2019-W49,modules/sensors,1
2019-W49,modules/simulator,2
2019-W49,modules/vmount,1
2019-W49,systemcmds/serial_test,1
2019-W49,systemcmds/tests,2
2019-W50,drivers/driver_framework_wrapper,1
2019-W50,drivers/power_monitor,1
2019-W50,lib,1
2019-W50,lib/battery,1
2019-W50,lib/flight_tasks,8
2019-W50,lib/mathlib,1
2019-W50,modules/battery_status,1
2019-W50,modules/ekf2,3
2019-W50,modules/logger,3
2019-W50,modules/mavlink,1
2019-W50,modules/mc_pos_control,10
2019-W50,modules/navigator,4
2019-W50,modules/rc_update,1
2019-W50,modules/simulator,1
2019-W50,modules/uORB,1
2019-W50,modules/vmount,4
2019-W50,modules/vtol_att_control,1
2019-W51,drivers/imu,1
2019-W51,lib/flight_tasks,2
2019-W51,lib/mathlib,1
2019-W51,lib/parameters,1
2019-W51,modules/commander,3
2019-W51,modules/logger,1
2019-W51,modules/mavlink,1
2019-W51,modules/mc_pos_control,1
2019-W51,modules/navigator,2
2019-W51,modules/rover_pos_control,1
2019-W51,modules/vmount,1
2019-W52,drivers/barometer,4
2019-W52,drivers/distance_sensor,3
2019-W52,drivers/imu,1
2019-W52,drivers/power_monitor,1
2019-W52,lib,2
2019-W52,lib/battery,1
2019-W52,lib/collision_prevention,1
2019-W52,lib/drivers,2
2019-W52,lib/flight_tasks,4
2019-W52,lib/parameters,1
2019-W52,modules/commander,2
2019-W52,modules/ekf2,2
2019-W52,modules/fw_pos_control_l1,1
2019-W52,modules/land_detector,1
2019-W52,modules/mavlink,1
2019-W52,modules/mc_pos_control,4
2019-W52,modules/navigator,1
2019-W52,modules/simulator,2
2020-W01,drivers,2
2020-W01,drivers/adc,1
2020-W01,drivers/barometer,3
2020-W01,drivers/distance_sensor,2
2020-W01,drivers/driver_framework_wrapper,4
2020-W01,drivers/imu,6
2020-W01,drivers/linux_pwm_out,1
2020-W01,drivers/magnetometer,1
2020-W01,drivers/optical_flow,1
2020-W01,drivers/uavcan,1
2020-W01,lib,1
2020-W01,lib/collision_prevention,1
2020-W01,lib/drivers,5
2020-W01,lib/flight_tasks,1
2020-W01,modules/fw_pos_control_l1,2
2020-W01,modules/landing_target_estimator,1
2020-W01,modules/logger,3
2020-W01,modules/mavlink,1
2020-W01,modules/simulator,1
2020-W01,modules/uORB,1
2020-W02,drivers,4
2020-W02,drivers/adc,2
2020-W02,drivers/distance_sensor,2
2020-W02,drivers/driver_framework_wrapper,3
2020-W02,drivers/gps,2
2020-W02,drivers/imu,1
2020-W02,drivers/linux_pwm_out,1
2020-W02,drivers/magnetometer,3
2020-W02,drivers/optical_flow,1
2020-W02,drivers/pwm_input,1
2020-W02,drivers/px4io,1
2020-W02,drivers/qshell,2
2020-W02,drivers/qurt,2
2020-W02,drivers/rc_input,2
2020-W02,drivers/roboclaw,1
2020-W02,drivers/uavcan,1
2020-W02,drivers/uavcannode,1
2020-W02,examples/bottle_drop,1
2020-W02,lib,4
2020-W02,lib/cdev,1
2020-W02,lib/circuit_breaker,1
2020-W02,lib/drivers,5
2020-W02,lib/mathlib,1
2020-W02,lib/rc,1
2020-W02,lib/systemlib,1
2020-W02,modules/battery_status,1
2020-W02,modules/commander,8
2020-W02,modules/ekf2,2
2020-W02,modules/events,1
2020-W02,modules/fw_pos_control_l1,1
2020-W02,modules/logger,1
2020-W02,modules/mavlink,1
2020-W02,modules/mc_pos_control,3
2020-W02,modules/navigator,1
2020-W02,modules/sensors,3
2020-W02,modules/simulator,2
2020-W02,modules/uORB,1
2020-W02,systemcmds/config,1
2020-W02,systemcmds/esc_calib,1
2020-W02,systemcmds/i2cdetect,1
2020-W02,systemcmds/motor_ramp,1
2020-W02,systemcmds/param,1
2020-W02,systemcmds/pwm,1
2020-W02,systemcmds/shutdown,1
2020-W02,systemcmds/tests,1
2020-W02,systemcmds/usb_connected,1
2020-W03,drivers/adc,1
2020-W03,drivers/camera_trigger,1
2020-W03,drivers/distance_sensor,1
2020-W03,drivers/imu,1
2020-W03,examples/px4_simple_app,1
2020-W03,lib,2
2020-W03,lib/drivers,2
2020-W03,lib/flight_tasks,2
2020-W03,lib/hover_thrust_estimator,1
2020-W03,lib/mixer,2
2020-W03,lib/parameters,1
2020-W03,modules/camera_feedback,1
2020-W03,modules/commander,2
2020-W03,modules/ekf2,4
2020-W03,modules/land_detector,1
2020-W03,modules/local_position_estimator,1
2020-W03,modules/logger,3
2020-W03,modules/mavlink,5
2020-W03,modules/mc_pos_control,1
2020-W03,modules/navigator,4
2020-W03,modules/sensors,1
2020-W03,modules/sih,1
2020-W03,modules/simulator,2
2020-W04,drivers/batt_smbus,2
2020-W04,drivers/distance_sensor,1
2020-W04,drivers/dshot,1
2020-W04,drivers/imu,2
2020-W04,drivers/magnetometer,1
2020-W04,drivers/pca9685_pwm_out,1
2020-W04,drivers/pwm_out_sim,1
2020-W04,drivers/rc_input,1
2020-W04,drivers/safety_button,3
2020-W04,drivers/uavcan,1
2020-W04,lib,5
2020-W04,lib/cdev,1
2020-W04,lib/collision_prevention,2
2020-W04,lib/drivers,3
2020-W04,lib/flight_tasks,1
2020-W04,modules/airspeed_selector,1
2020-W04,modules/attitude_estimator_q,1
2020-W04,modules/battery_status,1
2020-W04,modules/camera_feedback,1
2020-W04,modules/commander,11
2020-W04,modules/ekf2,12
2020-W04,modules/events,1
2020-W04,modules/fw_att_control,1
2020-W04,modules/fw_pos_control_l1,1
2020-W04,modules/land_detector,4
2020-W04,modules/logger,2
2020-W04,modules/mavlink,2
2020-W04,modules/mc_att_control,1
2020-W04,modules/mc_pos_control,4
2020-W04,modules/mc_rate_control,1
2020-W04,modules/navigator,4
2020-W04,modules/rc_update,1
2020-W04,modules/sensors,4
2020-W04,modules/simulator,2
2020-W04,modules/temperature_compensation,2
2020-W04,modules/uORB,2
2020-W04,modules/vtol_att_control,1
2020-W05,drivers/imu,8
2020-W05,drivers/power_monitor,1
2020-W05,drivers/rpm,1
2020-W05,lib/battery,1
2020-W05,lib/circuit_breaker,1
2020-W05,lib/collision_prevention,1
2020-W05,lib/drivers,2
2020-W05,lib/events,1
2020-W05,lib/flight_tasks,2
2020-W05,lib/hover_thrust_estimator,2
2020-W05,lib/mathlib,1
2020-W05,lib/perf,1
2020-W05,modules/commander,5
2020-W05,modules/ekf2,1
2020-W05,modules/fw_pos_control_l1,1
2020-W05,modules/logger,1
2020-W05,modules/mavlink,3
2020-W05,modules/mc_pos_control,3
2020-W05,modules/navigator,2
2020-W05,modules/sensors,4
2020-W05,modules/simulator,2
2020-W05,modules/uORB,2
2020-W05,modules/vtol_att_control,2
2020-W06,drivers,1
2020-W06,drivers/batt_smbus,1
2020-W06,drivers/linux_sbus,1
2020-W06,drivers/magnetometer,1
2020-W06,drivers/px4io,1
2020-W06,drivers/rpm,1
2020-W06,lib,1
2020-W06,lib/battery,1
2020-W06,lib/circuit_breaker,1
2020-W06,lib/perf,1
2020-W06,lib/rc,1
2020-W06,modules/battery_status,1
2020-W06,modules/commander,2
2020-W06,modules/ekf2,2
2020-W06,modules/mavlink,3
2020-W06,modules/px4iofirmware,1
2020-W06,modules/replay,1
2020-W06,modules/sensors,1
2020-W06,modules/uuv_att_control,1
2020-W06,modules/vtol_att_control,4
2020-W07,drivers/barometer,1
2020-W07,drivers/differential_pressure,1
2020-W07,drivers/distance_sensor,1
2020-W07,drivers/imu,1
2020-W07,drivers/magnetometer,2
2020-W07,drivers/px4io,1
2020-W07,drivers/uavcan,1
2020-W07,drivers/uavcannode,1
2020-W07,lib,1
2020-W07,lib/drivers,2
2020-W07,lib/flight_tasks,2
2020-W07,lib/mixer,1
2020-W07,lib/parameters,2
2020-W07,modules/ekf2,1
2020-W07,modules/logger,1
2020-W07,modules/navigator,1
2020-W07,modules/sensors,1
2020-W07,modules/simulator,1
2020-W07,modules/vtol_att_control,1
2020-W08,drivers,3
2020-W08,drivers/barometer,3
2020-W08,drivers/imu,9
2020-W08,drivers/px4fmu,1
2020-W08,drivers/px4io,1
2020-W08,lib/bezier,1
2020-W08,lib/collision_prevention,1
2020-W08,lib/drivers,4
2020-W08,lib/flight_tasks,2
2020-W08,lib/parameters,1
2020-W08,modules/commander,3
2020-W08,modules/mavlink,3
2020-W08,modules/mc_pos_control,1
2020-W08,modules/mc_rate_control,1
2020-W08,modules/rc_update,1
2020-W08,modules/simulator,3
2020-W08,modules/vtol_att_control,1
2020-W08,systemcmds/mtd,1
2020-W09,drivers/barometer,7
2020-W09,drivers/imu,3
2020-W09,drivers/magnetometer,2
2020-W09,drivers/optical_flow,1
2020-W09,drivers/uavcan,4
2020-W09,examples/fixedwing_control,1
2020-W09,lib,1
2020-W09,lib/drivers,2
2020-W09,lib/flight_tasks,1
2020-W09,lib/parameters,1
2020-W09,modules/commander,1
2020-W09,modules/ekf2,2
2020-W09,modules/fw_att_control,1
2020-W09,modules/fw_pos_control_l1,1
2020-W09,modules/local_position_estimator,1
2020-W09,modules/logger,4
2020-W09,modules/mavlink,5
2020-W09,modules/mc_att_control,1
2020-W09,modules/mc_pos_control,2
2020-W09,modules/navigator,2
2020-W09,modules/simulator,4
2020-W09,modules/uORB,1
2020-W09,modules/vtol_att_control,1
2020-W09,systemcmds/i2cdetect,1
2020-W09,systemcmds/tests,1
2020-W10,drivers,10
2020-W10,drivers/camera_trigger,1
2020-W10,drivers/differential_pressure,2
2020-W10,drivers/distance_sensor,10
2020-W10,drivers/magnetometer,1
2020-W10,drivers/power_monitor,2
2020-W10,examples/bottle_drop,1
2020-W10,lib,3
2020-W10,lib/avoidance,1
2020-W10,lib/drivers,3
2020-W10,lib/flight_tasks,2
2020-W10,modules/attitude_estimator_q,1
2020-W10,modules/commander,4
2020-W10,modules/ekf2,2
2020-W10,modules/fw_pos_control_l1,2
2020-W10,modules/logger,2
2020-W10,modules/mavlink,5
2020-W10,modules/navigator,5
2020-W10,modules/simulator,1
2020-W10,modules/vtol_att_control,3
2020-W11,drivers,9
2020-W11,drivers/batt_smbus,1
2020-W11,drivers/imu,2
2020-W11,drivers/irlock,1
2020-W11,drivers/lights,1
2020-W11,drivers/magnetometer,3
2020-W11,drivers/optical_flow,2
2020-W11,drivers/osd,2
2020-W11,drivers/power_monitor,1
2020-W11,drivers/rc_input,1
2020-W11,drivers/rpm,1
2020-W11,drivers/telemetry,3
2020-W11,drivers/uavcan,3
2020-W11,include/containers,1
2020-W11,lib,4
2020-W11,lib/drivers,1
2020-W11,lib/flight_tasks,2
2020-W11,lib/hover_thrust_estimator,1
2020-W11,lib/magnetometer_bias_estimator,1
2020-W11,lib/mathlib,1
2020-W11,lib/mixer_module,1
2020-W11,lib/parameters,1
2020-W11,modules/attitude_estimator_q,1
2020-W11,modules/commander,6
2020-W11,modules/ekf2,2
2020-W11,modules/fw_att_control,3
2020-W11,modules/fw_pos_control_l1,1
2020-W11,modules/land_detector,1
2020-W11,modules/local_position_estimator,1
2020-W11,modules/logger,4
2020-W11,modules/mavlink,4
2020-W11,modules/mc_att_control,1
2020-W11,modules/mc_hover_thrust_estimator,3
2020-W11,modules/mc_pos_control,8
2020-W11,modules/mc_rate_control,1
2020-W11,modules/navigator,4
2020-W11,modules/replay,1
2020-W11,modules/rover_pos_control,2
2020-W11,modules/sensors,4
2020-W11,modules/sih,1
2020-W11,modules/simulator,1
2020-W11,modules/uORB,2
2020-W11,modules/vtol_att_control,1
2020-W11,systemcmds/tests,2
2020-W12,drivers,9
2020-W12,drivers/adc,1
2020-W12,drivers/barometer,1
2020-W12,drivers/batt_smbus,1
2020-W12,drivers/differential_pressure,1
2020-W12,drivers/distance_sensor,3
2020-W12,drivers/gps,2
2020-W12,drivers/imu,22
2020-W12,drivers/irlock,1
2020-W12,drivers/magnetometer,8
2020-W12,drivers/pca9685,1
2020-W12,drivers/rc_input,1
2020-W12,drivers/rpm,1
2020-W12,drivers/uavcannode,1
2020-W12,include/containers,2
2020-W12,lib,4
2020-W12,lib/drivers,1
2020-W12,lib/flight_tasks,2
2020-W12,modules/battery_status,1
2020-W12,modules/commander,4
2020-W12,modules/ekf2,4
2020-W12,modules/esc_battery,1
2020-W12,modules/logger,2
2020-W12,modules/mavlink,5
2020-W12,modules/mc_pos_control,3
2020-W12,modules/sensors,1
2020-W12,modules/vtol_att_control,3
2020-W12,systemcmds/mtd,1
2020-W12,systemcmds/tests,6
2020-W13,drivers,3
2020-W13,drivers/camera_trigger,1
2020-W13,drivers/distance_sensor,2
2020-W13,drivers/imu,12
2020-W13,drivers/optical_flow,1
2020-W13,drivers/power_monitor,1
2020-W13,drivers/pwm_out,2
2020-W13,drivers/uavcan,3
2020-W13,lib,1
2020-W13,lib/battery,3
2020-W13,lib/flight_tasks,2
2020-W13,lib/mag_compensation,3
2020-W13,lib/parameters,2
2020-W13,modules/battery_status,1
2020-W13,modules/commander,3
2020-W13,modules/esc_battery,3
2020-W13,modules/mavlink,1
2020-W13,modules/mc_att_control,2
2020-W13,modules/mc_pos_control,1
2020-W13,modules/navigator,5
2020-W13,modules/sensors,1
2020-W13,modules/simulator,1
2020-W13,modules/vtol_att_control,1
2020-W14,drivers,6
2020-W14,drivers/adc,1
2020-W14,drivers/barometer,3
2020-W14,drivers/batt_smbus,1
2020-W14,drivers/distance_sensor,4
2020-W14,drivers/dshot,1
2020-W14,drivers/imu,10
2020-W14,drivers/irlock,2
2020-W14,drivers/lights,1
2020-W14,drivers/magnetometer,14
2020-W14,drivers/mkblctrl,2
2020-W14,drivers/optical_flow,1
2020-W14,drivers/osd,1
2020-W14,drivers/pca9685,1
2020-W14,drivers/pca9685_pwm_out,1
2020-W14,drivers/power_monitor,2
2020-W14,drivers/px4io,1
2020-W14,drivers/rc_input,1
2020-W14,drivers/roboclaw,1
2020-W14,drivers/rpm,3
2020-W14,drivers/tap_esc,2
2020-W14,drivers/telemetry,2
2020-W14,drivers/uavcan,3
2020-W14,drivers/uavcannode,2
2020-W14,examples/work_item,1
2020-W14,lib,1
2020-W14,lib/avoidance,1
2020-W14,lib/battery,3
2020-W14,lib/drivers,5
2020-W14,lib/parameters,5
2020-W14,modules/battery_status,1
2020-W14,modules/commander,7
2020-W14,modules/esc_battery,2
2020-W14,modules/mavlink,2
2020-W14,modules/mc_pos_control,2
2020-W14,modules/micrortps_bridge,1
2020-W14,modules/navigator,2
2020-W14,modules/sih,1
2020-W14,modules/simulator,1
2020-W14,systemcmds/config,2
2020-W14,systemcmds/tests,1
2020-W15,drivers/imu,4
2020-W15,drivers/uavcan,2
2020-W15,drivers/uavcannode,2
2020-W15,lib,2
2020-W15,lib/drivers,1
2020-W15,modules/commander,4
2020-W15,modules/ekf2,1
2020-W15,modules/esc_battery,1
2020-W15,modules/logger,1
2020-W15,modules/mavlink,2
2020-W15,modules/mc_pos_control,2
2020-W15,modules/rc_update,1
2020-W15,modules/sensors,2
2020-W15,modules/vtol_att_control,1
2020-W16,drivers/lights,1
2020-W16,drivers/pwm_out,1
2020-W16,lib/cdev,1
2020-W16,lib/drivers,1
2020-W16,lib/flight_tasks,2
2020-W16,lib/mag_compensation,1
2020-W16,lib/parameters,1
2020-W16,modules/commander,6
2020-W16,modules/mavlink,2
2020-W16,modules/mc_pos_control,1
2020-W16,modules/rover_pos_control,2
2020-W16,systemcmds/tests,2
2020-W17,drivers,2
2020-W17,drivers/differential_pressure,1
2020-W17,drivers/distance_sensor,2
2020-W17,drivers/imu,2
2020-W17,drivers/rpm,1
2020-W17,drivers/uavcan,1
2020-W17,lib,1
2020-W17,lib/conversion,1
2020-W17,lib/drivers,4
2020-W17,lib/flight_tasks,1
2020-W17,lib/mag_compensation,1
2020-W17,modules/airspeed_selector,1
2020-W17,modules/attitude_estimator_q,1
2020-W17,modules/commander,1
2020-W17,modules/ekf2,2
2020-W17,modules/fw_att_control,1
2020-W17,modules/fw_pos_control_l1,2
2020-W17,modules/land_detector,2
2020-W17,modules/local_position_estimator,1
2020-W17,modules/mavlink,1
2020-W17,modules/mc_att_control,3
2020-W17,modules/mc_pos_control,3
2020-W17,modules/micrortps_bridge,1
2020-W17,modules/navigator,4
2020-W17,modules/replay,1
2020-W17,modules/sensors,2
2020-W17,modules/temperature_compensation,1
2020-W17,modules/vmount,2
2020-W17,modules/vtol_att_control,2
2020-W17,systemcmds/ver,1
2020-W18,drivers/adc,1
2020-W18,drivers/gps,1
2020-W18,drivers/pwm_out,1
2020-W18,drivers/uavcannode,1
2020-W18,lib,2
2020-W18,lib/cdev,1
2020-W18,lib/conversion,5
2020-W18,lib/drivers,1
2020-W18,lib/parameters,1
2020-W18,modules/airspeed_selector,1
2020-W18,modules/attitude_estimator_q,1
2020-W18,modules/commander,1
2020-W18,modules/ekf2,2
2020-W18,modules/land_detector,1
2020-W18,modules/local_position_estimator,1
2020-W18,modules/mavlink,8
2020-W18,modules/mc_pos_control,1
2020-W18,modules/navigator,1
2020-W18,modules/simulator,3
2020-W18,modules/vtol_att_control,1
2020-W19,drivers,1
2020-W19,drivers/camera_capture,1
2020-W19,drivers/camera_trigger,1
2020-W19,drivers/distance_sensor,1
2020-W19,drivers/gps,2
2020-W19,drivers/imu,7
2020-W19,drivers/magnetometer,5
2020-W19,drivers/pwm_out,1
2020-W19,drivers/px4io,1
2020-W19,drivers/safety_button,1
2020-W19,drivers/telemetry,1
2020-W19,drivers/uavcan,1
2020-W19,drivers/uavcan_v1,1
2020-W19,drivers/uavcannode,1
2020-W19,lib,3
2020-W19,lib/avoidance,1
2020-W19,lib/collision_prevention,1
2020-W19,lib/drivers,2
2020-W19,lib/flight_tasks,1
2020-W19,lib/mathlib,1
2020-W19,lib/mixer_module,1
2020-W19,lib/parameters,1
2020-W19,modules/commander,7
2020-W19,modules/events,1
2020-W19,modules/fw_att_control,1
2020-W19,modules/load_mon,1
2020-W19,modules/logger,2
2020-W19,modules/mavlink,5
2020-W19,modules/mc_att_control,1
2020-W19,modules/mc_pos_control,2
2020-W19,modules/muorb,1
2020-W19,modules/navigator,2
2020-W19,modules/replay,1
2020-W19,modules/sensors,8
2020-W19,modules/sih,1
2020-W19,modules/simulator,2
2020-W19,modules/temperature_compensation,1
2020-W19,modules/uORB,4
2020-W19,modules/vmount,1
2020-W19,modules/vtol_att_control,1
2020-W19,systemcmds/led_control,1
2020-W19,systemcmds/motor_test,1
2020-W19,systemcmds/reboot,1
2020-W19,systemcmds/shutdown,1
2020-W19,systemcmds/tests,1
2020-W20,drivers/px4io,1
2020-W20,drivers/uavcannode,1
2020-W20,lib,2
2020-W20,lib/flight_tasks,1
2020-W20,lib/systemlib,1
2020-W20,modules/airspeed_selector,1
2020-W20,modules/commander,2
2020-W20,modules/ekf2,1
2020-W20,modules/local_position_estimator,2
2020-W20,modules/mavlink,3
2020-W20,modules/mc_att_control,1
2020-W20,modules/navigator,2
2020-W20,modules/rc_update,1
2020-W20,modules/simulator,2
2020-W20,modules/vmount,1
2020-W21,drivers,1
2020-W21,drivers/adc,1
2020-W21,drivers/gps,1
2020-W21,drivers/imu,4
2020-W21,drivers/px4io,1
2020-W21,drivers/uavcan,1
2020-W21,lib,2
2020-W21,lib/controllib,1
2020-W21,modules/commander,3
2020-W21,modules/fw_att_control,1
2020-W21,modules/mavlink,4
2020-W21,modules/vtol_att_control,2
2020-W21,systemcmds/gpio,1
2020-W21,systemcmds/serial_test,1
2020-W22,drivers,1
2020-W22,drivers/barometer,2
2020-W22,drivers/imu,5
2020-W22,drivers/uavcan,1
2020-W22,drivers/uavcan_v1,1
2020-W22,lib/circuit_breaker,1
2020-W22,lib/drivers,3
2020-W22,lib/flight_tasks,1
2020-W22,modules/commander,1
2020-W22,modules/ekf2,3
2020-W22,modules/logger,1
2020-W22,modules/mavlink,18
2020-W22,modules/navigator,4
2020-W22,modules/sensors,2
2020-W22,modules/sih,1
2020-W22,modules/simulator,3
2020-W22,modules/uORB,2
2020-W22,systemcmds/gpio,2
2020-W22,systemcmds/top,1
2020-W23,drivers/barometer,1
2020-W23,drivers/imu,3
2020-W23,drivers/optical_flow,1
2020-W23,lib,1
2020-W23,lib/battery,1
2020-W23,lib/drivers,2
2020-W23,lib/perf,1
2020-W23,lib/systemlib,2
2020-W23,modules/land_detector,1
2020-W23,modules/mc_att_control,1
2020-W23,modules/mc_pos_control,1
2020-W23,modules/mc_rate_control,1
2020-W23,modules/navigator,4
2020-W23,modules/sensors,8
2020-W23,modules/uORB,1
2020-W23,systemcmds/tests,1
2020-W24,drivers/distance_sensor,1
2020-W24,drivers/imu,3
2020-W24,drivers/lights,1
2020-W24,drivers/power_monitor,2
2020-W24,lib,2
2020-W24,lib/flight_tasks,2
2020-W24,lib/systemlib,1
2020-W24,modules/commander,2
2020-W24,modules/logger,1
2020-W24,modules/mavlink,1
2020-W24,modules/sensors,1
2020-W24,modules/simulator,1
2020-W24,systemcmds/failure,1
2020-W25,drivers,2
2020-W25,drivers/barometer,1
2020-W25,drivers/distance_sensor,3
2020-W25,drivers/gps,2
2020-W25,drivers/imu,6
2020-W25,drivers/magnetometer,1
2020-W25,drivers/telemetry,1
2020-W25,drivers/uavcan,1
2020-W25,examples/fake_magnetometer,1
2020-W25,examples/matlab_csv_serial,1
2020-W25,lib,3
2020-W25,lib/battery,1
2020-W25,lib/drivers,3
2020-W25,lib/flight_tasks,2
2020-W25,lib/l1,1
2020-W25,lib/tecs,1
2020-W25,modules/attitude_estimator_q,1
2020-W25,modules/commander,2
2020-W25,modules/ekf2,1
2020-W25,modules/fw_pos_control_l1,1
2020-W25,modules/local_position_estimator,1
2020-W25,modules/logger,3
2020-W25,modules/mavlink,4
2020-W25,modules/mc_att_control,1
2020-W25,modules/navigator,1
2020-W25,modules/px4iofirmware,1
2020-W25,modules/replay,1
2020-W25,modules/rover_pos_control,1
2020-W25,modules/sensors,2
2020-W25,modules/simulator,7
2020-W25,modules/temperature_compensation,1
2020-W25,modules/uORB,1
2020-W25,modules/uuv_att_control,1
2020-W26,drivers,1
2020-W26,drivers/barometer,1
2020-W26,drivers/differential_pressure,2
2020-W26,drivers/dshot,1
2020-W26,drivers/pwm_out,1
2020-W26,drivers/telemetry,1
2020-W26,examples/fixedwing_control,1
2020-W26,examples/rover_steering_control,1
2020-W26,lib,2
2020-W26,lib/avoidance,1
2020-W26,lib/collision_prevention,1
2020-W26,lib/flight_tasks,1
2020-W26,lib/parameters,1
2020-W26,modules/airship_att_control,1
2020-W26,modules/commander,1
2020-W26,modules/fw_att_control,1
2020-W26,modules/fw_pos_control_l1,1
2020-W26,modules/logger,1
2020-W26,modules/mavlink,2
2020-W26,modules/mc_att_control,1
2020-W26,modules/mc_rate_control,1
2020-W26,modules/rc_update,1
2020-W26,modules/rover_pos_control,1
2020-W26,modules/simulator,3
2020-W26,modules/uuv_att_control,1
2020-W26,modules/vtol_att_control,1
2020-W26,systemcmds/tests,1
2020-W27,lib,2
2020-W27,lib/flight_tasks,1
2020-W27,modules/commander,1
2020-W27,modules/ekf2,1
2020-W27,modules/logger,1
2020-W27,modules/px4iofirmware,1
2020-W27,modules/sensors,1
2020-W27,modules/vtol_att_control,1
2020-W27,systemcmds/param,1
2020-W28,drivers/differential_pressure,1
2020-W28,drivers/imu,13
2020-W28,lib,1
2020-W28,lib/drivers,1
2020-W28,lib/flight_tasks,4
2020-W28,lib/mathlib,1
2020-W28,lib/motion_planning,1
2020-W28,modules/commander,3
2020-W28,modules/fw_att_control,1
2020-W28,modules/fw_pos_control_l1,1
2020-W28,modules/load_mon,1
2020-W28,modules/mavlink,5
2020-W28,modules/navigator,5
2020-W28,modules/sensors,6
2020-W28,modules/sih,1
2020-W28,modules/simulator,1
2020-W28,systemcmds/gpio,1
2020-W28,systemcmds/tests,2
2020-W29,drivers/px4io,2
2020-W29,drivers/safety_button,1
2020-W29,lib,1
2020-W29,lib/flight_tasks,14
2020-W29,lib/mathlib,1
2020-W29,lib/mixer_module,1
2020-W29,modules/airspeed_selector,1
2020-W29,modules/attitude_estimator_q,1
2020-W29,modules/commander,3
2020-W29,modules/ekf2,1
2020-W29,modules/fw_pos_control_l1,2
2020-W29,modules/land_detector,1
2020-W29,modules/load_mon,3
2020-W29,modules/local_position_estimator,1
2020-W29,modules/logger,2
2020-W29,modules/mavlink,3
2020-W29,modules/mc_att_control,1
2020-W29,modules/mc_pos_control,2
2020-W29,modules/micrortps_bridge,3
2020-W29,modules/navigator,1
2020-W29,modules/sensors,1
2020-W29,systemcmds/tests,1
2020-W30,drivers/imu,1
2020-W30,drivers/pwm_out,1
2020-W30,drivers/tap_esc,1
2020-W30,lib/cdev,1
2020-W30,lib/mathlib,1
2020-W30,lib/mixer_module,2
2020-W30,lib/parameters,1
2020-W30,modules/commander,1
2020-W30,modules/events,1
2020-W30,modules/mavlink,1
2020-W30,modules/navigator,1
2020-W30,modules/px4iofirmware,1
2020-W30,modules/sensors,1
2020-W30,modules/uORB,1
2020-W30,modules/vtol_att_control,2
2020-W31,drivers,1
2020-W31,drivers/heater,1
2020-W31,drivers/optical_flow,2
2020-W31,drivers/px4io,2
2020-W31,drivers/rc_input,1
2020-W31,examples/fake_magnetometer,1
2020-W31,lib,1
2020-W31,lib/mixer,1
2020-W31,lib/rc,1
2020-W31,modules/attitude_estimator_q,1
2020-W31,modules/commander,8
2020-W31,modules/land_detector,1
2020-W31,modules/load_mon,1
2020-W31,modules/logger,3
2020-W31,modules/mc_att_control,1
2020-W31,modules/micrortps_bridge,2
2020-W31,modules/navigator,4
2020-W31,modules/rc_update,1
2020-W31,modules/uORB,2
2020-W32,drivers/camera_capture,1
2020-W32,drivers/camera_trigger,2
2020-W32,drivers/dshot,1
2020-W32,drivers/imu,1
2020-W32,drivers/pwm_out,2
2020-W32,drivers/telemetry,1
2020-W32,drivers/uavcan,1
2020-W32,include/containers,1
2020-W32,lib,1
2020-W32,lib/cdev,1
2020-W32,lib/flight_tasks,4
2020-W32,lib/l1,1
2020-W32,lib/parameters,3
2020-W32,modules/commander,7
2020-W32,modules/ekf2,1
2020-W32,modules/fw_att_control,1
2020-W32,modules/fw_pos_control_l1,2
2020-W32,modules/land_detector,1
2020-W32,modules/load_mon,1
2020-W32,modules/local_position_estimator,1
2020-W32,modules/mavlink,3
2020-W32,modules/mc_att_control,6
2020-W32,modules/mc_hover_thrust_estimator,1
2020-W32,modules/mc_pos_control,3
2020-W32,modules/mc_rate_control,1
2020-W32,modules/navigator,2
2020-W32,modules/simulator,1
2020-W32,modules/uORB,2
2020-W32,modules/uuv_att_control,1
2020-W32,modules/vmount,1
2020-W32,modules/vtol_att_control,1
2020-W32,systemcmds/tests,1
2020-W33,drivers,1
2020-W33,drivers/barometer,2
2020-W33,drivers/batt_smbus,1
2020-W33,drivers/differential_pressure,1
2020-W33,drivers/distance_sensor,2
2020-W33,drivers/imu,2
2020-W33,drivers/magnetometer,10
2020-W33,drivers/mkblctrl,1
2020-W33,drivers/px4io,1
2020-W33,drivers/uavcan,2
2020-W33,examples/fake_magnetometer,1
2020-W33,lib,3
2020-W33,lib/battery,1
2020-W33,lib/drivers,3
2020-W33,lib/mag_compensation,1
2020-W33,lib/mixer,1
2020-W33,lib/mixer_module,1
2020-W33,lib/parameters,1
2020-W33,lib/sensor_calibration,3
2020-W33,modules/airship_att_control,1
2020-W33,modules/angular_velocity_controller,1
2020-W33,modules/battery_status,1
2020-W33,modules/commander,6
2020-W33,modules/control_allocator,10
2020-W33,modules/ekf2,1
2020-W33,modules/land_detector,1
2020-W33,modules/load_mon,1
2020-W33,modules/logger,1
2020-W33,modules/mavlink,3
2020-W33,modules/mc_att_control,1
2020-W33,modules/mc_rate_control,1
2020-W33,modules/navigator,1
2020-W33,modules/rc_update,1
2020-W33,modules/replay,1
2020-W33,modules/sensors,4
2020-W33,modules/sih,2
2020-W33,modules/simulator,3
2020-W33,modules/uORB,1
2020-W33,modules/uuv_att_control,2
2020-W33,modules/vtol_att_control,2
2020-W33,systemcmds/tests,1
2020-W34,drivers/power_monitor,2
2020-W34,drivers/telemetry,1
2020-W34,examples/px4_simple_app,1
2020-W34,examples/uuv_example_app,1
2020-W34,lib,3
2020-W34,lib/drivers,2
2020-W34,lib/parameters,1
2020-W34,lib/rc,1
2020-W34,lib/sensor_calibration,1
2020-W34,modules/commander,16
2020-W34,modules/flight_mode_manager,1
2020-W34,modules/logger,2
2020-W34,modules/mavlink,2
2020-W34,modules/micrortps_bridge,2
2020-W34,modules/muorb,1
2020-W34,modules/navigator,1
2020-W34,modules/rover_pos_control,1
2020-W34,modules/sensors,4
2020-W34,systemcmds/param,1
2020-W35,drivers,1
2020-W35,drivers/distance_sensor,2
2020-W35,drivers/gps,2
2020-W35,drivers/heater,1
2020-W35,drivers/imu,4
2020-W35,drivers/magnetometer,1
2020-W35,drivers/optical_flow,2
2020-W35,drivers/power_monitor,2
2020-W35,drivers/uavcan,1
2020-W35,lib,2
2020-W35,lib/battery,3
2020-W35,lib/collision_prevention,1
2020-W35,lib/conversion,2
2020-W35,lib/mixer,2
2020-W35,lib/mixer_module,1
2020-W35,lib/parameters,2
2020-W35,lib/perf,1
2020-W35,lib/systemlib,1
2020-W35,lib/weather_vane,1
2020-W35,modules/airspeed_selector,1
2020-W35,modules/battery_status,3
2020-W35,modules/commander,3
2020-W35,modules/ekf2,2
2020-W35,modules/fw_att_control,1
2020-W35,modules/fw_pos_control_l1,1
2020-W35,modules/local_position_estimator,1
2020-W35,modules/mavlink,2
2020-W35,modules/mc_att_control,1
2020-W35,modules/mc_pos_control,1
2020-W35,modules/navigator,1
2020-W35,modules/px4iofirmware,1
2020-W35,modules/sensors,1
2020-W35,modules/sih,1
2020-W35,modules/simulator,1
2020-W35,modules/vtol_att_control,1
2020-W35,systemcmds/failure,1
2020-W35,systemcmds/param,3
2020-W36,drivers,2
2020-W36,drivers/magnetometer,4
2020-W36,drivers/uavcan,2
2020-W36,drivers/uavcannode,1
2020-W36,lib,1
2020-W36,lib/collision_prevention,1
2020-W36,lib/parameters,2
2020-W36,lib/sensor_calibration,1
2020-W36,lib/systemlib,2
2020-W36,lib/tecs,1
2020-W36,modules/airspeed_selector,1
2020-W36,modules/attitude_estimator_q,1
2020-W36,modules/commander,7
2020-W36,modules/ekf2,7
2020-W36,modules/fw_pos_control_l1,2
2020-W36,modules/load_mon,1
2020-W36,modules/local_position_estimator,2
2020-W36,modules/logger,4
2020-W36,modules/mavlink,3
2020-W36,modules/rover_pos_control,1
2020-W36,modules/sensors,6
2020-W36,modules/simulator,3
2020-W36,modules/temperature_compensation,2
2020-W36,modules/uORB,3
2020-W36,systemcmds/failure,1
2020-W36,systemcmds/hardfault_log,1
2020-W36,systemcmds/mtd,1
2020-W36,systemcmds/param,2
2020-W36,systemcmds/tests,1
2020-W36,systemcmds/top,1
2020-W37,drivers/adc,1
2020-W37,drivers/linux_pwm_out,1
2020-W37,drivers/pca9685_pwm_out,1
2020-W37,drivers/uavcan,2
2020-W37,lib/drivers,1
2020-W37,lib/parameters,1
2020-W37,lib/sensor_calibration,1
2020-W37,modules/commander,5
2020-W37,modules/ekf2,1
2020-W37,modules/land_detector,1
2020-W37,modules/sensors,1
2020-W37,modules/uuv_att_control,1
2020-W37,templates/template_module,1
2020-W38,drivers,1
2020-W38,drivers/adc,1
2020-W38,drivers/barometer,2
2020-W38,drivers/differential_pressure,1
2020-W38,drivers/power_monitor,1
2020-W38,drivers/uavcannode,1
2020-W38,lib,1
2020-W38,lib/sensor_calibration,2
2020-W38,lib/systemlib,1
2020-W38,modules/commander,6
2020-W38,modules/fw_pos_control_l1,1
2020-W38,modules/mavlink,2
2020-W38,modules/navigator,1
2020-W38,modules/px4iofirmware,1
2020-W38,modules/sensors,2
2020-W38,modules/simulator,1
2020-W39,drivers,1
2020-W39,drivers/barometer,2
2020-W39,drivers/distance_sensor,1
2020-W39,drivers/gps,1
2020-W39,drivers/imu,1
2020-W39,drivers/magnetometer,1
2020-W39,drivers/optical_flow,1
2020-W39,drivers/uavcan,2
2020-W39,drivers/uavcannode,1
2020-W39,include/containers,2
2020-W39,lib,1
2020-W39,lib/cdev,1
2020-W39,lib/conversion,1
2020-W39,lib/drivers,2
2020-W39,lib/parameters,1
2020-W39,lib/tecs,3
2020-W39,modules/commander,6
2020-W39,modules/ekf2,2
2020-W39,modules/fw_pos_control_l1,2
2020-W39,modules/logger,4
2020-W39,modules/mavlink,6
2020-W39,modules/mc_pos_control,2
2020-W39,modules/sensors,3
2020-W39,modules/sih,1
2020-W39,modules/simulator,2
2020-W39,modules/uORB,3
2020-W39,systemcmds/motor_test,1
2020-W39,systemcmds/netman,1
2020-W39,systemcmds/system_time,1
2020-W40,drivers,1
2020-W40,drivers/camera_trigger,1
2020-W40,drivers/gps,1
2020-W40,drivers/pca9685_pwm_out,1
2020-W40,drivers/rc_input,1
2020-W40,drivers/uavcan,1
2020-W40,examples/fake_gyro,1
2020-W40,examples/gyro_fft,1
2020-W40,lib,1
2020-W40,lib/airspeed,1
2020-W40,lib/drivers,1
2020-W40,lib/mixer_module,1
2020-W40,lib/parameters,1
2020-W40,lib/rc,1
2020-W40,lib/sensor_calibration,1
2020-W40,modules/commander,2
2020-W40,modules/ekf2,3
2020-W40,modules/fw_pos_control_l1,1
2020-W40,modules/mavlink,1
2020-W40,modules/navigator,1
2020-W40,modules/sensors,2
2020-W40,modules/simulator,1
2020-W40,systemcmds/bl_update,1
2020-W40,systemcmds/mtd,1
2020-W40,systemcmds/topic_listener,1
2020-W41,drivers,2
2020-W41,drivers/barometer,1
2020-W41,drivers/camera_trigger,2
2020-W41,drivers/distance_sensor,2
2020-W41,drivers/mkblctrl,1
2020-W41,drivers/safety_button,1
2020-W41,drivers/telemetry,1
2020-W41,drivers/tone_alarm,1
2020-W41,examples/gyro_fft,1
2020-W41,lib,1
2020-W41,lib/airspeed,3
2020-W41,lib/airspeed_validator,1
2020-W41,lib/battery,1
2020-W41,lib/circuit_breaker,1
2020-W41,lib/drivers,1
2020-W41,lib/l1,1
2020-W41,lib/sensor_calibration,1
2020-W41,lib/tecs,1
2020-W41,lib/tunes,1
2020-W41,modules/airspeed_selector,1
2020-W41,modules/battery_status,1
2020-W41,modules/commander,4
2020-W41,modules/events,1
2020-W41,modules/fw_att_control,1
2020-W41,modules/fw_pos_control_l1,3
2020-W41,modules/logger,4
2020-W41,modules/mavlink,20
2020-W41,modules/navigator,5
2020-W41,modules/sensors,4
2020-W41,modules/sih,1
2020-W41,modules/simulator,2
2020-W41,modules/temperature_compensation,1
2020-W41,modules/vmount,1
2020-W41,modules/vtol_att_control,1
2020-W41,systemcmds/failure,1
2020-W41,systemcmds/tests,1
2020-W41,systemcmds/tune_control,2
2020-W42,drivers,1
2020-W42,drivers/gps,1
2020-W42,drivers/magnetometer,1
2020-W42,drivers/uavcan,2
2020-W42,examples/fake_gyro,1
2020-W42,examples/gyro_fft,1
2020-W42,lib/battery,4
2020-W42,lib/flight_tasks,1
2020-W42,lib/mixer_module,1
2020-W42,lib/parameters,1
2020-W42,lib/perf,1
2020-W42,lib/tecs,1
2020-W42,modules/airship_att_control,1
2020-W42,modules/airspeed_selector,1
2020-W42,modules/commander,5
2020-W42,modules/ekf2,2
2020-W42,modules/esc_battery,1
2020-W42,modules/flight_mode_manager,1
2020-W42,modules/fw_att_control,1
2020-W42,modules/fw_pos_control_l1,2
2020-W42,modules/local_position_estimator,1
2020-W42,modules/logger,2
2020-W42,modules/manual_control,1
2020-W42,modules/mavlink,4
2020-W42,modules/mc_att_control,1
2020-W42,modules/mc_rate_control,1
2020-W42,modules/micrortps_bridge,1
2020-W42,modules/navigator,3
2020-W42,modules/sih,1
2020-W42,systemcmds/hardfault_log,1
2020-W42,systemcmds/netman,1
2020-W43,drivers,1
2020-W43,drivers/camera_trigger,3
2020-W43,drivers/distance_sensor,2
2020-W43,drivers/optical_flow,1
2020-W43,drivers/telemetry,2
2020-W43,drivers/uavcan,2
2020-W43,examples/gyro_fft,1
2020-W43,include,1
2020-W43,lib,2
2020-W43,lib/component_information,1
2020-W43,lib/flight_tasks,1
2020-W43,lib/output_limit,1
2020-W43,lib/parameters,3
2020-W43,lib/tecs,1
2020-W43,modules/airspeed_selector,1
2020-W43,modules/commander,6
2020-W43,modules/ekf2,2
2020-W43,modules/flight_mode_manager,10
2020-W43,modules/fw_pos_control_l1,1
2020-W43,modules/logger,4
2020-W43,modules/mavlink,2
2020-W43,modules/mc_pos_control,8
2020-W43,modules/micrortps_bridge,1
2020-W43,modules/navigator,6
2020-W43,modules/simulator,1
2020-W43,modules/vmount,1
2020-W43,systemcmds/tests,1
2020-W43,systemcmds/topic_listener,1
2020-W44,drivers,1
2020-W44,drivers/adc,1
2020-W44,drivers/camera_capture,1
2020-W44,drivers/camera_trigger,1
2020-W44,drivers/distance_sensor,3
2020-W44,drivers/dshot,1
2020-W44,drivers/gps,1
2020-W44,drivers/mkblctrl,1
2020-W44,drivers/px4io,1
2020-W44,drivers/rc_input,1
2020-W44,drivers/roboclaw,1
2020-W44,drivers/safety_button,1
2020-W44,drivers/tone_alarm,1
2020-W44,drivers/uavcan,1
2020-W44,examples/gyro_fft,1
2020-W44,lib,3
2020-W44,lib/avoidance,1
2020-W44,lib/cdev,1
2020-W44,lib/collision_prevention,1
2020-W44,lib/drivers,1
2020-W44,lib/flight_tasks,5
2020-W44,lib/mathlib,2
2020-W44,lib/mixer_module,1
2020-W44,lib/parameters,2
2020-W44,lib/slew_rate,1
2020-W44,lib/tecs,6
2020-W44,modules/airspeed_selector,1
2020-W44,modules/commander,4
2020-W44,modules/ekf2,29
2020-W44,modules/events,1
2020-W44,modules/flight_mode_manager,1
2020-W44,modules/fw_att_control,1
2020-W44,modules/fw_pos_control_l1,2
2020-W44,modules/load_mon,2
2020-W44,modules/logger,4
2020-W44,modules/mavlink,3
2020-W44,modules/mc_att_control,1
2020-W44,modules/mc_hover_thrust_estimator,1
2020-W44,modules/mc_pos_control,2
2020-W44,modules/muorb,1
2020-W44,modules/navigator,4
2020-W44,modules/rover_pos_control,1
2020-W44,modules/sensors,3
2020-W44,modules/simulator,3
2020-W44,modules/temperature_compensation,1
2020-W44,modules/uORB,5
2020-W44,modules/uuv_att_control,1
2020-W44,modules/vmount,1
2020-W44,modules/vtol_att_control,1
2020-W44,systemcmds/failure,1
2020-W44,systemcmds/led_control,1
2020-W44,systemcmds/motor_test,1
2020-W44,systemcmds/top,1
2020-W44,systemcmds/tune_control,1
2020-W45,drivers/distance_sensor,1
2020-W45,drivers/gps,1
2020-W45,drivers/uavcan,1
2020-W45,lib,2
2020-W45,lib/version,1
2020-W45,modules/ekf2,1
2020-W45,modules/fw_pos_control_l1,2
2020-W45,modules/mavlink,6
2020-W45,modules/replay,1
2020-W45,systemcmds/hardfault_log,1
2020-W45,systemcmds/tests,1
2020-W46,drivers/camera_capture,1
2020-W46,drivers/camera_trigger,1
2020-W46,drivers/distance_sensor,1
2020-W46,drivers/gps,2
2020-W46,drivers/imu,1
2020-W46,drivers/optical_flow,1
2020-W46,lib,1
2020-W46,lib/airspeed_validator,1
2020-W46,lib/component_information,1
2020-W46,lib/drivers,1
2020-W46,lib/events,1
2020-W46,lib/flight_tasks,1
2020-W46,lib/landing_slope,1
2020-W46,lib/parameters,1
2020-W46,lib/sensor_calibration,1
2020-W46,modules/commander,3
2020-W46,modules/ekf2,10
2020-W46,modules/fw_pos_control_l1,1
2020-W46,modules/logger,1
2020-W46,modules/mavlink,9
2020-W46,modules/mc_pos_control,3
2020-W46,modules/navigator,1
2020-W46,modules/uORB,2
2020-W46,modules/vmount,1
2020-W46,systemcmds/tests,3
2020-W46,systemcmds/topic_listener,2
2020-W47,drivers/camera_trigger,4
2020-W47,drivers/px4io,1
2020-W47,drivers/uavcan,1
2020-W47,lib/tunes,2
2020-W47,modules/commander,4
2020-W47,modules/logger,1
2020-W47,modules/mavlink,7
2020-W47,modules/mc_pos_control,1
2020-W47,modules/rc_update,1
2020-W47,modules/temperature_compensation,1
2020-W47,modules/vmount,5
2020-W47,modules/vtol_att_control,1
2020-W47,systemcmds/mft,1
2020-W47,systemcmds/mtd,1
2020-W48,drivers/pca9685_pwm_out,1
2020-W48,drivers/uavcan,1
2020-W48,modules/commander,8
2020-W48,modules/ekf2,1
2020-W48,modules/flight_mode_manager,1
2020-W48,modules/fw_att_control,1
2020-W48,modules/fw_pos_control_l1,1
2020-W48,modules/mavlink,10
2020-W48,modules/navigator,3
2020-W48,modules/simulator,1
2020-W48,modules/vmount,1
2020-W48,systemcmds/mtd,1
2020-W49,drivers/differential_pressure,1
2020-W49,drivers/gps,2
2020-W49,drivers/tone_alarm,1
2020-W49,lib,1
2020-W49,lib/component_information,1
2020-W49,lib/flight_tasks,3
2020-W49,lib/mathlib,1
2020-W49,lib/parameters,3
2020-W49,lib/tecs,1
2020-W49,lib/tunes,1
2020-W49,modules/commander,8
2020-W49,modules/ekf2,1
2020-W49,modules/fw_pos_control_l1,1
2020-W49,modules/mavlink,5
2020-W49,modules/mc_pos_control,1
2020-W49,modules/navigator,1
2020-W49,modules/rc_update,1
2020-W49,modules/vmount,1
2020-W49,systemcmds/tune_control,1
2020-W50,drivers,1
2020-W50,drivers/batt_smbus,1
2020-W50,drivers/distance_sensor,1
2020-W50,drivers/dshot,1
2020-W50,drivers/gps,1
2020-W50,drivers/imu,1
2020-W50,drivers/linux_pwm_out,1
2020-W50,lib,3
2020-W50,lib/battery,2
2020-W50,lib/flight_tasks,1
2020-W50,lib/tecs,2
2020-W50,lib/version,1
2020-W50,modules/battery_status,1
2020-W50,modules/commander,6
2020-W50,modules/ekf2,3
2020-W50,modules/fw_pos_control_l1,2
2020-W50,modules/land_detector,1
2020-W50,modules/logger,3
2020-W50,modules/mavlink,7
2020-W50,modules/mc_pos_control,1
2020-W50,modules/mc_rate_control,1
2020-W50,modules/navigator,3
2020-W50,modules/rc_update,1
2020-W50,modules/sensors,1
2020-W50,modules/simulator,1
2020-W50,modules/vtol_att_control,1
2020-W50,systemcmds/tests,2
2020-W51,drivers,1
2020-W51,drivers/distance_sensor,1
2020-W51,drivers/gps,1
2020-W51,drivers/optical_flow,2
2020-W51,drivers/uavcan,1
2020-W51,drivers/uavcan_v1,1
2020-W51,lib,3
2020-W51,lib/drivers,1
2020-W51,lib/flight_tasks,3
2020-W51,lib/magnetometer_bias_estimator,2
2020-W51,lib/parameters,1
2020-W51,lib/slew_rate,1
2020-W51,lib/systemlib,2
2020-W51,modules/commander,6
2020-W51,modules/ekf2,1
2020-W51,modules/flight_mode_manager,1
2020-W51,modules/mavlink,3
2020-W51,modules/mc_hover_thrust_estimator,5
2020-W51,modules/navigator,2
2020-W51,modules/sensors,3
2020-W51,systemcmds/netman,1
2020-W52,drivers/gps,1
2020-W52,drivers/imu,2
2020-W52,drivers/uavcan_v1,1
2020-W52,drivers/uavcannode_gps_demo,1
2020-W52,lib,3
2020-W52,lib/airspeed_validator,6
2020-W52,lib/conversion,1
2020-W52,modules/airspeed_selector,7
2020-W52,modules/commander,2
2020-W52,modules/fw_pos_control_l1,1
2020-W52,modules/mavlink,16
2020-W52,modules/navigator,1
2020-W52,modules/sensors,2
2020-W52,modules/vtol_att_control,3
2020-W53,drivers/px4io,2
2020-W53,drivers/rc_input,4
2020-W53,drivers/tone_alarm,1
2020-W53,lib,1
2020-W53,lib/rc,5
2020-W53,modules/attitude_estimator_q,1
2020-W53,modules/camera_feedback,1
2020-W53,modules/commander,1
2020-W53,modules/ekf2,2
2020-W53,modules/local_position_estimator,1
2020-W53,modules/logger,1
2020-W53,modules/mavlink,1
2020-W53,modules/px4iofirmware,1
2020-W53,modules/sensors,1
2020-W53,modules/simulator,1
2021-W01,drivers/dshot,1
2021-W01,drivers/gps,1
2021-W01,drivers/heater,1
2021-W01,drivers/imu,1
2021-W01,drivers/lights,1
2021-W01,drivers/linux_pwm_out,1
2021-W01,drivers/magnetometer,1
2021-W01,drivers/pca9685_pwm_out,1
2021-W01,drivers/power_monitor,1
2021-W01,drivers/pwm_out,1
2021-W01,drivers/pwm_out_sim,1
2021-W01,drivers/px4io,1
2021-W01,drivers/snapdragon_pwm_out,1
2021-W01,drivers/tap_esc,1
2021-W01,drivers/uavcan,1
2021-W01,drivers/uavcannode,1
2021-W01,examples/fixedwing_control,1
2021-W01,examples/gyro_fft,1
2021-W01,examples/rover_steering_control,1
2021-W01,lib,5
2021-W01,lib/conversion,1
2021-W01,lib/flight_tasks,1
2021-W01,lib/mathlib,1
2021-W01,lib/mixer,1
2021-W01,lib/mixer_module,1
2021-W01,lib/parameters,1
2021-W01,lib/sensor_calibration,1
2021-W01,modules/airship_att_control,1
2021-W01,modules/airspeed_selector,2
2021-W01,modules/angular_velocity_controller,2
2021-W01,modules/attitude_estimator_q,1
2021-W01,modules/battery_status,1
2021-W01,modules/commander,3
2021-W01,modules/control_allocator,2
2021-W01,modules/ekf2,6
2021-W01,modules/esc_battery,1
2021-W01,modules/flight_mode_manager,2
2021-W01,modules/fw_att_control,1
2021-W01,modules/fw_pos_control_l1,1
2021-W01,modules/land_detector,1
2021-W01,modules/landing_target_estimator,1
2021-W01,modules/local_position_estimator,1
2021-W01,modules/logger,4
2021-W01,modules/mavlink,2
2021-W01,modules/mc_att_control,1
2021-W01,modules/mc_hover_thrust_estimator,1
2021-W01,modules/mc_pos_control,2
2021-W01,modules/mc_rate_control,1
2021-W01,modules/navigator,5
2021-W01,modules/rc_update,1
2021-W01,modules/rover_pos_control,1
2021-W01,modules/sensors,5
2021-W01,modules/sih,1
2021-W01,modules/simulator,2
2021-W01,modules/temperature_compensation,1
2021-W01,modules/uORB,1
2021-W01,modules/uuv_att_control,2
2021-W01,modules/vmount,1
2021-W01,modules/vtol_att_control,4
2021-W01,systemcmds/param,1
2021-W01,templates/template_module,1
2021-W02,drivers,2
2021-W02,drivers/adc,1
2021-W02,drivers/distance_sensor,2
2021-W02,drivers/gps,1
2021-W02,drivers/imu,1
2021-W02,drivers/uavcan,2
2021-W02,drivers/uavcannode,2
2021-W02,lib/drivers,2
2021-W02,lib/parameters,1
2021-W02,lib/tecs,1
2021-W02,modules/commander,1
2021-W02,modules/ekf2,4
2021-W02,modules/flight_mode_manager,3
2021-W02,modules/fw_pos_control_l1,1
2021-W02,modules/mavlink,2
2021-W02,modules/navigator,5
2021-W02,modules/vtol_att_control,4
2021-W03,drivers,8
2021-W03,drivers/dshot,2
2021-W03,drivers/imu,1
2021-W03,drivers/lights,2
2021-W03,drivers/pwm_out,3
2021-W03,drivers/px4io,4
2021-W03,lib,4
2021-W03,lib/controllib,1
2021-W03,lib/magnetometer_bias_estimator,1
2021-W03,lib/parameters,4
2021-W03,lib/systemlib,1
2021-W03,lib/tecs,2
2021-W03,modules/commander,13
2021-W03,modules/ekf2,2
2021-W03,modules/flight_mode_manager,1
2021-W03,modules/fw_pos_control_l1,4
2021-W03,modules/logger,1
2021-W03,modules/mavlink,5
2021-W03,modules/mc_pos_control,2
2021-W03,modules/navigator,4
2021-W03,modules/sensors,1
2021-W03,modules/simulator,1
2021-W03,modules/temperature_compensation,1
2021-W03,modules/vtol_att_control,1
2021-W03,systemcmds/launch_kmod,1
2021-W04,drivers,2
2021-W04,drivers/bootloaders,3
2021-W04,drivers/dshot,1
2021-W04,drivers/gps,1
2021-W04,drivers/linux_pwm_out,1
2021-W04,drivers/pca9685_pwm_out,1
2021-W04,drivers/pwm_out,2
2021-W04,drivers/px4io,2
2021-W04,drivers/rc_input,1
2021-W04,drivers/snapdragon_pwm_out,1
2021-W04,drivers/uavcan,3
2021-W04,drivers/uavcannode,8
2021-W04,lib/drivers,2
2021-W04,lib/mathlib,1
2021-W04,lib/parameters,3
2021-W04,lib/systemlib,1
2021-W04,modules/commander,3
2021-W04,modules/ekf2,1
2021-W04,modules/flight_mode_manager,1
2021-W04,modules/land_detector,1
2021-W04,modules/logger,3
2021-W04,modules/mavlink,4
2021-W04,modules/navigator,1
2021-W04,modules/rc_update,1
2021-W04,modules/sensors,14
2021-W04,modules/simulator,2
2021-W04,modules/uORB,1
2021-W04,modules/uuv_att_control,1
2021-W04,modules/vtol_att_control,1
2021-W05,drivers/camera_trigger,1
2021-W05,drivers/distance_sensor,1
2021-W05,drivers/magnetometer,1
2021-W05,drivers/protocol_splitter,1
2021-W05,drivers/safety_button,2
2021-W05,drivers/uavcan,1
2021-W05,drivers/uavcannode,2
2021-W05,examples/gyro_fft,1
2021-W05,lib,1
2021-W05,lib/mathlib,2
2021-W05,lib/tecs,1
2021-W05,modules/commander,3
2021-W05,modules/ekf2,2
2021-W05,modules/flight_mode_manager,2
2021-W05,modules/fw_pos_control_l1,1
2021-W05,modules/mavlink,9
2021-W05,modules/mc_pos_control,5
2021-W05,modules/navigator,2
2021-W05,modules/px4iofirmware,2
2021-W05,modules/rc_update,1
2021-W05,modules/sensors,4
2021-W05,modules/sih,2
2021-W05,modules/vmount,3
2021-W05,modules/vtol_att_control,1
2021-W05,systemcmds/param,1
2021-W06,drivers/bootloaders,3
2021-W06,drivers/imu,1
2021-W06,drivers/magnetometer,1
2021-W06,drivers/mkblctrl,1
2021-W06,drivers/pwm_out,1
2021-W06,drivers/px4io,1
2021-W06,drivers/rc_input,1
2021-W06,drivers/uavcan,2
2021-W06,drivers/uavcan_v1,2
2021-W06,drivers/uavcannode,5
2021-W06,drivers/uavcannode_gps_demo,1
2021-W06,lib,5
2021-W06,lib/cdev,1
2021-W06,lib/circuit_breaker,1
2021-W06,lib/l1,1
2021-W06,lib/parameters,4
2021-W06,lib/pwm,1
2021-W06,lib/rc,1
2021-W06,modules/airspeed_selector,1
2021-W06,modules/commander,7
2021-W06,modules/ekf2,3
2021-W06,modules/flight_mode_manager,7
2021-W06,modules/fw_att_control,3
2021-W06,modules/fw_pos_control_l1,4
2021-W06,modules/logger,1
2021-W06,modules/mc_att_control,1
2021-W06,modules/mc_rate_control,1
2021-W06,modules/navigator,2
2021-W06,modules/rc_update,1
2021-W06,modules/rover_pos_control,6
2021-W06,modules/sensors,2
2021-W06,modules/uORB,1
2021-W06,systemcmds/param,1
2021-W06,systemcmds/tests,1
2021-W07,drivers,1
2021-W07,drivers/batt_smbus,2
2021-W07,drivers/bootloaders,1
2021-W07,drivers/gps,2
2021-W07,drivers/heater,2
2021-W07,drivers/imu,1
2021-W07,drivers/px4io,3
2021-W07,drivers/uavcan,1
2021-W07,drivers/uavcan_v1,11
2021-W07,drivers/uavcannode,1
2021-W07,examples/fake_gps,1
2021-W07,lib,3
2021-W07,lib/airspeed_validator,1
2021-W07,lib/drivers,1
2021-W07,lib/parameters,1
2021-W07,lib/rc,3
2021-W07,lib/version,2
2021-W07,modules/airspeed_selector,1
2021-W07,modules/commander,16
2021-W07,modules/ekf2,3
2021-W07,modules/events,1
2021-W07,modules/flight_mode_manager,4
2021-W07,modules/logger,7
2021-W07,modules/mavlink,37
2021-W07,modules/mc_pos_control,4
2021-W07,modules/micrortps_bridge,1
2021-W07,modules/muorb,1
2021-W07,modules/navigator,1
2021-W07,modules/px4iofirmware,1
2021-W07,modules/sensors,1
2021-W07,modules/uuv_pos_control,1
2021-W07,modules/vtol_att_control,1
2021-W07,systemcmds/uorb,1
2021-W07,templates/template_module,1
2021-W08,drivers,4
2021-W08,drivers/barometer,1
2021-W08,drivers/gps,3
2021-W08,drivers/imu,5
2021-W08,drivers/linux_pwm_out,2
2021-W08,drivers/optical_flow,1
2021-W08,drivers/pwm_out,1
2021-W08,drivers/rc_input,1
2021-W08,drivers/snapdragon_pwm_out,1
2021-W08,drivers/tap_esc,1
2021-W08,drivers/uavcan_v1,8
2021-W08,drivers/uavcannode_gps_demo,1
2021-W08,examples/gyro_fft,2
2021-W08,lib,1
2021-W08,lib/battery,1
2021-W08,lib/drivers,1
2021-W08,lib/mathlib,4
2021-W08,lib/mixer_module,1
2021-W08,lib/sensor_calibration,2
2021-W08,lib/tecs,2
2021-W08,modules/commander,5
2021-W08,modules/dataman,1
2021-W08,modules/ekf2,1
2021-W08,modules/flight_mode_manager,1
2021-W08,modules/fw_att_control,1
2021-W08,modules/fw_pos_control_l1,1
2021-W08,modules/gyro_fft,1
2021-W08,modules/logger,1
2021-W08,modules/mavlink,3
2021-W08,modules/mc_pos_control,3
2021-W08,modules/navigator,1
2021-W08,modules/sensors,6
2021-W08,modules/sih,3
2021-W08,modules/simulator,1
2021-W08,modules/vtol_att_control,1
2021-W08,systemcmds/pwm,1
2021-W08,systemcmds/uorb,1
2021-W09,drivers/osd,1
2021-W09,drivers/rc_input,1
2021-W09,drivers/telemetry,1
2021-W09,drivers/uavcan_v1,2
2021-W09,lib/mathlib,1
2021-W09,lib/sensor_calibration,1
2021-W09,lib/tecs,1
2021-W09,modules/airspeed_selector,1
2021-W09,modules/commander,9
2021-W09,modules/ekf2,1
2021-W09,modules/flight_mode_manager,2
2021-W09,modules/fw_att_control,2
2021-W09,modules/fw_pos_control_l1,2
2021-W09,modules/gyro_calibration,1
2021-W09,modules/land_detector,1
2021-W09,modules/local_position_estimator,1
2021-W09,modules/mavlink,4
2021-W09,modules/mc_att_control,3
2021-W09,modules/mc_pos_control,6
2021-W09,modules/mc_rate_control,4
2021-W09,modules/navigator,1
2021-W09,modules/rc_update,1
2021-W09,modules/rover_pos_control,1
2021-W09,modules/simulator,1
2021-W10,drivers,7
2021-W10,drivers/adc,1
2021-W10,drivers/barometer,1
2021-W10,drivers/distance_sensor,1
2021-W10,drivers/imu,1
2021-W10,drivers/lights,2
2021-W10,drivers/magnetometer,1
2021-W10,drivers/optical_flow,1
2021-W10,drivers/power_monitor,1
2021-W10,drivers/rc_input,1
2021-W10,drivers/uavcan,4
2021-W10,drivers/uavcan_v1,7
2021-W10,examples,1
2021-W10,lib,2
2021-W10,lib/field_sensor_bias_estimator,1
2021-W10,lib/parameters,4
2021-W10,lib/rc,2
2021-W10,lib/sensor_calibration,1
2021-W10,modules,2
2021-W10,modules/airspeed_selector,1
2021-W10,modules/commander,3
2021-W10,modules/ekf2,1
2021-W10,modules/flight_mode_manager,4
2021-W10,modules/fw_att_control,3
2021-W10,modules/fw_pos_control_l1,3
2021-W10,modules/gyro_fft,3
2021-W10,modules/logger,4
2021-W10,modules/mag_bias_estimator,1
2021-W10,modules/mavlink,6
2021-W10,modules/mc_att_control,1
2021-W10,modules/mc_pos_control,1
2021-W10,modules/navigator,2
2021-W10,modules/rover_pos_control,1
2021-W10,modules/sensors,5
2021-W10,modules/sih,1
2021-W10,modules/simulator,1
2021-W10,modules/uuv_pos_control,1
2021-W10,systemcmds,2
2021-W10,systemcmds/bl_update,1
2021-W10,systemcmds/param,2
2021-W11,drivers,2
2021-W11,drivers/bootloaders,1
2021-W11,drivers/camera_trigger,1
2021-W11,drivers/gps,3
2021-W11,drivers/imu,1
2021-W11,drivers/optical_flow,1
2021-W11,drivers/pwm_out,4
2021-W11,drivers/rc_input,1
2021-W11,drivers/uavcan,3
2021-W11,lib,2
2021-W11,lib/battery,1
2021-W11,lib/component_information,1
2021-W11,lib/drivers,1
2021-W11,lib/parameters,2
2021-W11,modules,1
2021-W11,modules/commander,5
2021-W11,modules/flight_mode_manager,4
2021-W11,modules/fw_pos_control_l1,2
2021-W11,modules/gyro_fft,5
2021-W11,modules/land_detector,1
2021-W11,modules/logger,1
2021-W11,modules/mavlink,2
2021-W11,modules/mc_pos_control,1
2021-W11,modules/navigator,1
2021-W11,modules/sensors,1
2021-W11,modules/vtol_att_control,1
2021-W11,systemcmds/netman,1
2021-W11,systemcmds/pwm,2
2021-W11,systemcmds/sd_bench,1
2021-W12,drivers,1
2021-W12,drivers/bootloaders,1
2021-W12,drivers/gps,3
2021-W12,drivers/imu,1
2021-W12,drivers/lights,1
2021-W12,drivers/magnetometer,1
2021-W12,drivers/pwm_out,1
2021-W12,drivers/rc_input,6
2021-W12,drivers/rpm,1
2021-W12,drivers/telemetry,1
2021-W12,lib,2
2021-W12,lib/conversion,1
2021-W12,lib/drivers,1
2021-W12,lib/mathlib,1
2021-W12,lib/parameters,2
2021-W12,lib/sensor_calibration,1
2021-W12,lib/slew_rate,1
2021-W12,lib/version,1
2021-W12,modules/attitude_estimator_q,1
2021-W12,modules/commander,1
2021-W12,modules/ekf2,1
2021-W12,modules/flight_mode_manager,1
2021-W12,modules/fw_pos_control_l1,1
2021-W12,modules/gyro_fft,1
2021-W12,modules/land_detector,1
2021-W12,modules/local_position_estimator,1
2021-W12,modules/mavlink,1
2021-W12,modules/mc_att_control,1
2021-W12,modules/mc_pos_control,2
2021-W12,modules/mc_rate_control,1
2021-W12,modules/micrortps_bridge,1
2021-W12,modules/navigator,1
2021-W12,modules/rover_pos_control,1
2021-W12,modules/sensors,3
2021-W12,modules/sih,1
2021-W12,modules/simulator,1
2021-W12,modules/vmount,1
2021-W12,modules/vtol_att_control,1
2021-W12,systemcmds/tests,1
2021-W13,drivers,2
2021-W13,drivers/adc,1
2021-W13,drivers/barometer,1
2021-W13,drivers/batt_smbus,1
2021-W13,drivers/bootloaders,1
2021-W13,drivers/camera_capture,1
2021-W13,drivers/camera_trigger,1
2021-W13,drivers/differential_pressure,1
2021-W13,drivers/distance_sensor,1
2021-W13,drivers/dshot,1
2021-W13,drivers/gps,2
2021-W13,drivers/heater,1
2021-W13,drivers/imu,3
2021-W13,drivers/irlock,1
2021-W13,drivers/lights,1
2021-W13,drivers/linux_pwm_out,1
2021-W13,drivers/magnetometer,1
2021-W13,drivers/optical_flow,2
2021-W13,drivers/osd,1
2021-W13,drivers/pca9685,1
2021-W13,drivers/pca9685_pwm_out,1
2021-W13,drivers/power_monitor,1
2021-W13,drivers/protocol_splitter,1
2021-W13,drivers/pwm_input,1
2021-W13,drivers/pwm_out,1
2021-W13,drivers/pwm_out_sim,1
2021-W13,drivers/px4io,1
2021-W13,drivers/qshell,1
2021-W13,drivers/rc_input,1
2021-W13,drivers/roboclaw,1
2021-W13,drivers/rpi_rc_in,1
2021-W13,drivers/rpm,1
2021-W13,drivers/safety_button,1
2021-W13,drivers/spektrum_rc,1
2021-W13,drivers/telemetry,1
2021-W13,drivers/test_ppm,1
2021-W13,drivers/tone_alarm,1
2021-W13,drivers/uavcan,4
2021-W13,drivers/uavcan_v1,1
2021-W13,drivers/uavcannode,1
2021-W13,drivers/uavcannode_gps_demo,1
2021-W13,examples,1
2021-W13,examples/dyn_hello,1
2021-W13,examples/fake_gps,1
2021-W13,examples/fake_gyro,1
2021-W13,examples/fake_magnetometer,1
2021-W13,examples/fixedwing_control,1
2021-W13,examples/hello,1
2021-W13,examples/hwtest,1
2021-W13,examples/matlab_csv_serial,1
2021-W13,examples/px4_mavlink_debug,1
2021-W13,examples/px4_simple_app,1
2021-W13,examples/rover_steering_control,1
2021-W13,examples/uuv_example_app,1
2021-W13,examples/work_item,1
2021-W13,lib,1
2021-W13,lib/parameters,3
2021-W13,lib/sensor_calibration,1
2021-W13,lib/slew_rate,1
2021-W13,lib/systemlib,1
2021-W13,lib/tecs,1
2021-W13,modules,1
2021-W13,modules/airship_att_control,1
2021-W13,modules/airspeed_selector,1
2021-W13,modules/angular_velocity_controller,1
2021-W13,modules/attitude_estimator_q,1
2021-W13,modules/battery_status,1
2021-W13,modules/camera_feedback,1
2021-W13,modules/commander,13
2021-W13,modules/control_allocator,1
2021-W13,modules/ekf2,3
2021-W13,modules/esc_battery,1
2021-W13,modules/events,1
2021-W13,modules/flight_mode_manager,1
2021-W13,modules/fw_att_control,2
2021-W13,modules/fw_pos_control_l1,1
2021-W13,modules/gyro_calibration,2
2021-W13,modules/gyro_fft,1
2021-W13,modules/land_detector,1
2021-W13,modules/landing_target_estimator,1
2021-W13,modules/load_mon,1
2021-W13,modules/local_position_estimator,2
2021-W13,modules/logger,1
2021-W13,modules/mavlink,6
2021-W13,modules/mc_att_control,1
2021-W13,modules/mc_hover_thrust_estimator,1
2021-W13,modules/mc_pos_control,3
2021-W13,modules/mc_rate_control,1
2021-W13,modules/micrortps_bridge,1
2021-W13,modules/navigator,1
2021-W13,modules/px4iofirmware,1
2021-W13,modules/rc_update,2
2021-W13,modules/replay,1
2021-W13,modules/rover_pos_control,1
2021-W13,modules/sensors,6
2021-W13,modules/sih,2
2021-W13,modules/simulator,3
2021-W13,modules/temperature_compensation,2
2021-W13,modules/uuv_att_control,1
2021-W13,modules/uuv_pos_control,1
2021-W13,modules/vmount,1
2021-W13,modules/vtol_att_control,2
2021-W13,systemcmds,1
2021-W13,systemcmds/bl_update,1
2021-W13,systemcmds/dmesg,1
2021-W13,systemcmds/dumpfile,1
2021-W13,systemcmds/dyn,1
2021-W13,systemcmds/esc_calib,1
2021-W13,systemcmds/failure,1
2021-W13,systemcmds/gpio,1
2021-W13,systemcmds/hardfault_log,1
2021-W13,systemcmds/i2cdetect,1
2021-W13,systemcmds/led_control,1
2021-W13,systemcmds/mft,1
2021-W13,systemcmds/mixer,1
2021-W13,systemcmds/motor_ramp,1
2021-W13,systemcmds/motor_test,1
2021-W13,systemcmds/mtd,1
2021-W13,systemcmds/netman,1
2021-W13,systemcmds/nshterm,1
2021-W13,systemcmds/param,1
2021-W13,systemcmds/perf,1
2021-W13,systemcmds/pwm,1
2021-W13,systemcmds/reboot,1
2021-W13,systemcmds/reflect,1
2021-W13,systemcmds/sd_bench,1
2021-W13,systemcmds/serial_test,1
2021-W13,systemcmds/shutdown,1
2021-W13,systemcmds/system_time,1
2021-W13,systemcmds/tests,1
2021-W13,systemcmds/top,1
2021-W13,systemcmds/topic_listener,1
2021-W13,systemcmds/tune_control,1
2021-W13,systemcmds/uorb,1
2021-W13,systemcmds/usb_connected,1
2021-W13,systemcmds/ver,1
2021-W13,systemcmds/work_queue,1
2021-W14,drivers/adc,1
2021-W14,drivers/barometer,1
2021-W14,drivers/batt_smbus,1
2021-W14,drivers/differential_pressure,1
2021-W14,drivers/distance_sensor,1
2021-W14,drivers/heater,1
2021-W14,drivers/imu,1
2021-W14,drivers/irlock,1
2021-W14,drivers/lights,1
2021-W14,drivers/magnetometer,1
2021-W14,drivers/optical_flow,1
2021-W14,drivers/osd,1
2021-W14,drivers/pca9685,1
2021-W14,drivers/power_monitor,1
2021-W14,drivers/rc_input,1
2021-W14,drivers/rpm,1
2021-W14,drivers/smart_battery,1
2021-W14,drivers/telemetry,1
2021-W14,drivers/uavcan,1
2021-W14,drivers/uavcan_v1,1
2021-W14,drivers/uavcannode_gps_demo,1
2021-W14,lib/drivers,2
2021-W14,lib/mathlib,1
2021-W14,lib/parameters,3
2021-W14,lib/pwm,1
2021-W14,modules/commander,1
2021-W14,modules/manual_control,2
2021-W14,modules/mavlink,4
2021-W14,modules/navigator,3
2021-W14,modules/rc_update,1
2021-W14,modules/sensors,1
2021-W14,modules/simulator,2
2021-W14,modules/vtol_att_control,1
2021-W15,drivers/heater,1
2021-W15,drivers/imu,1
2021-W15,drivers/protocol_splitter,1
2021-W15,drivers/pwm_out,4
2021-W15,drivers/snapdragon_spektrum_rc,1
2021-W15,drivers/uavcan,1
2021-W15,drivers/uavcan_v1,3
2021-W15,drivers/uavcannode_gps_demo,1
2021-W15,examples/work_item,1
2021-W15,lib,2
2021-W15,lib/circuit_breaker,1
2021-W15,lib/component_information,1
2021-W15,lib/drivers,1
2021-W15,lib/parameters,1
2021-W15,lib/rc,1
2021-W15,lib/slew_rate,1
2021-W15,modules/commander,6
2021-W15,modules/ekf2,1
2021-W15,modules/flight_mode_manager,2
2021-W15,modules/land_detector,2
2021-W15,modules/manual_control,6
2021-W15,modules/mavlink,2
2021-W15,modules/mc_pos_control,1
2021-W15,modules/micrortps_bridge,3
2021-W15,modules/rc_update,4
2021-W15,modules/sensors,1
2021-W16,drivers/adc,2
2021-W16,drivers/barometer,2
2021-W16,drivers/batt_smbus,1
2021-W16,drivers/camera_capture,1
2021-W16,drivers/camera_trigger,2
2021-W16,drivers/differential_pressure,1
2021-W16,drivers/distance_sensor,2
2021-W16,drivers/dshot,1
2021-W16,drivers/imu,1
2021-W16,drivers/magnetometer,1
2021-W16,drivers/optical_flow,1
2021-W16,drivers/power_monitor,1
2021-W16,drivers/protocol_splitter,1
2021-W16,drivers/pwm_out,2
2021-W16,drivers/px4io,2
2021-W16,drivers/rc_input,1
2021-W16,drivers/roboclaw,1
2021-W16,drivers/rpm,1
2021-W16,drivers/telemetry,1
2021-W16,drivers/uavcan,1
2021-W16,drivers/uavcan_v1,2
2021-W16,drivers/uavcannode,1
2021-W16,include/containers,1
2021-W16,lib/battery,1
2021-W16,lib/drivers,4
2021-W16,lib/events,1
2021-W16,lib/parameters,10
2021-W16,lib/perf,1
2021-W16,lib/sensor_calibration,1
2021-W16,modules/battery_status,1
2021-W16,modules/commander,7
2021-W16,modules/dataman,1
2021-W16,modules/ekf2,1
2021-W16,modules/flight_mode_manager,6
2021-W16,modules/gyro_calibration,1
2021-W16,modules/gyro_fft,1
2021-W16,modules/land_detector,2
2021-W16,modules/logger,3
2021-W16,modules/mavlink,11
2021-W16,modules/navigator,2
2021-W16,modules/sensors,5
2021-W16,modules/temperature_compensation,1
2021-W16,modules/vmount,1
2021-W16,modules/vtol_att_control,3
2021-W16,systemcmds/bl_update,1
2021-W16,systemcmds/hardfault_log,2
2021-W16,systemcmds/mtd,1
2021-W16,systemcmds/param,4
2021-W16,systemcmds/pwm,1
2021-W16,systemcmds/reflect,1
2021-W16,systemcmds/tests,4
2021-W17,drivers/gps,1
2021-W17,drivers/imu,1
2021-W17,drivers/optical_flow,1
2021-W17,drivers/protocol_splitter,1
2021-W17,drivers/pwm_out,2
2021-W17,drivers/px4io,1
2021-W17,drivers/uavcan_v1,3
2021-W17,drivers/uavcannode_gps_demo,1
2021-W17,lib,1
2021-W17,lib/l1,1
2021-W17,lib/parameters,1
2021-W17,modules/commander,1
2021-W17,modules/ekf2,1
2021-W17,modules/flight_mode_manager,3
2021-W17,modules/land_detector,1
2021-W17,modules/logger,1
2021-W17,modules/mavlink,4
2021-W17,modules/micrortps_bridge,2
2021-W17,modules/navigator,1
2021-W17,modules/rover_pos_control,1
2021-W17,modules/sensors,1
2021-W17,modules/vtol_att_control,3
2021-W17,systemcmds/tests,1
2021-W18,drivers,2
2021-W18,drivers/distance_sensor,1
2021-W18,drivers/dshot,1
2021-W18,drivers/gps,3
2021-W18,drivers/imu,1
2021-W18,drivers/lights,1
2021-W18,drivers/protocol_splitter,1
2021-W18,drivers/pwm_out,2
2021-W18,drivers/uavcan_v1,1
2021-W18,drivers/uavcannode_gps_demo,1
2021-W18,lib,1
2021-W18,lib/collision_prevention,1
2021-W18,lib/events,2
2021-W18,lib/parameters,1
2021-W18,lib/tecs,1
2021-W18,modules/airspeed_selector,2
2021-W18,modules/commander,11
2021-W18,modules/dataman,1
2021-W18,modules/ekf2,3
2021-W18,modules/flight_mode_manager,1
2021-W18,modules/fw_pos_control_l1,4
2021-W18,modules/logger,1
2021-W18,modules/manual_control,1
2021-W18,modules/mavlink,1
2021-W18,modules/micrortps_bridge,4
2021-W18,modules/navigator,3
2021-W18,modules/px4iofirmware,1
2021-W18,modules/vtol_att_control,1
2021-W18,systemcmds/reflect,1
2021-W18,systemcmds/topic_listener,1
2021-W19,drivers,1
2021-W19,drivers/gps,1
2021-W19,drivers/magnetometer,1
2021-W19,drivers/optical_flow,1
2021-W19,drivers/uavcan_v1,1
2021-W19,drivers/uavcannode_gps_demo,1
2021-W19,lib/sensor_calibration,1
2021-W19,modules/commander,2
2021-W19,modules/fw_pos_control_l1,1
2021-W19,modules/logger,2
2021-W19,modules/manual_control,1
2021-W19,modules/mavlink,4
2021-W19,modules/mc_rate_control,1
2021-W19,modules/navigator,1
2021-W19,modules/sensors,1
2021-W20,drivers/gps,1
2021-W20,drivers/imu,1
2021-W20,drivers/magnetometer,1
2021-W20,drivers/uavcannode_gps_demo,2
2021-W20,examples/fake_imu,2
2021-W20,include,1
2021-W20,lib,2
2021-W20,lib/events,1
2021-W20,modules/commander,5
2021-W20,modules/flight_mode_manager,1
2021-W20,modules/manual_control,4
2021-W20,modules/mavlink,1
2021-W20,modules/navigator,3
2021-W20,modules/sensors,2
2021-W21,drivers,1
2021-W21,drivers/differential_pressure,1
2021-W21,drivers/imu,1
2021-W21,drivers/magnetometer,1
2021-W21,drivers/uavcan,1
2021-W21,examples/fake_imu,1
2021-W21,include/containers,1
2021-W21,lib,1
2021-W21,lib/controllib,1
2021-W21,lib/mathlib,2
2021-W21,lib/tecs,1
2021-W21,modules/angular_velocity_controller,1
2021-W21,modules/commander,2
2021-W21,modules/ekf2,1
2021-W21,modules/esc_battery,1
2021-W21,modules/fw_pos_control_l1,1
2021-W21,modules/gyro_fft,1
2021-W21,modules/logger,1
2021-W21,modules/mc_rate_control,1
2021-W21,modules/navigator,2
2021-W21,modules/sensors,7
2021-W21,modules/vmount,1
2021-W22,drivers/pwm_out,1
2021-W22,drivers/px4io,2
2021-W22,drivers/roboclaw,1
2021-W22,drivers/uavcan_v1,1
2021-W22,drivers/uavcannode_gps_demo,1
2021-W22,lib,2
2021-W22,lib/crypto,2
2021-W22,lib/mathlib,3
2021-W22,lib/pwm,1
2021-W22,lib/sensor_calibration,1
2021-W22,modules/commander,2
2021-W22,modules/ekf2,3
2021-W22,modules/flight_mode_manager,2
2021-W22,modules/logger,1
2021-W22,modules/mavlink,5
2021-W22,modules/mc_pos_control,3
2021-W22,modules/micrortps_bridge,1
2021-W22,modules/navigator,1
2021-W22,modules/sensors,2
2021-W22,modules/vtol_att_control,1
2021-W22,systemcmds/gpio,1
2021-W23,drivers,2
2021-W23,drivers/batt_smbus,1
2021-W23,drivers/camera_trigger,1
2021-W23,drivers/dshot,1
2021-W23,drivers/protocol_splitter,1
2021-W23,drivers/smart_battery,1
2021-W23,drivers/uavcan,1
2021-W23,drivers/uavcan_v1,4
2021-W23,examples/fixedwing_control,1
2021-W23,lib,1
2021-W23,lib/drivers,1
2021-W23,lib/mixer_module,1
2021-W23,lib/parameters,1
2021-W23,modules/airship_att_control,1
2021-W23,modules/commander,4
2021-W23,modules/ekf2,3
2021-W23,modules/flight_mode_manager,1
2021-W23,modules/fw_att_control,1
2021-W23,modules/fw_autotune_attitude_control,1
2021-W23,modules/fw_pos_control_l1,1
2021-W23,modules/logger,1
2021-W23,modules/manual_control,5
2021-W23,modules/mavlink,5
2021-W23,modules/mc_att_control,1
2021-W23,modules/mc_autotune_attitude_control,1
2021-W23,modules/mc_pos_control,2
2021-W23,modules/mc_rate_control,1
2021-W23,modules/rover_pos_control,1
2021-W23,modules/uuv_att_control,1
2021-W23,modules/vmount,1
2021-W24,drivers,1
2021-W24,drivers/distance_sensor,2
2021-W24,drivers/optical_flow,1
2021-W24,drivers/protocol_splitter,1
2021-W24,lib/drivers,1
2021-W24,modules/commander,7
2021-W24,modules/fw_pos_control_l1,1
2021-W24,modules/manual_control,13
2021-W24,modules/mavlink,3
2021-W24,modules/mc_rate_control,1
2021-W24,modules/micrortps_bridge,1
2021-W24,modules/navigator,1
2021-W24,modules/sensors,1
2021-W25,drivers/barometer,1
2021-W25,drivers/batt_smbus,2
2021-W25,drivers/camera_trigger,1
2021-W25,drivers/differential_pressure,1
2021-W25,drivers/distance_sensor,1
2021-W25,drivers/imu,1
2021-W25,drivers/lights,1
2021-W25,drivers/magnetometer,1
2021-W25,drivers/protocol_splitter,1
2021-W25,drivers/px4io,1
2021-W25,drivers/smart_battery,2
2021-W25,drivers/telemetry,1
2021-W25,drivers/uavcan,2
2021-W25,drivers/uavcan_v1,7
2021-W25,lib/battery,3
2021-W25,lib/drivers,1
2021-W25,modules/commander,3
2021-W25,modules/ekf2,1
2021-W25,modules/flight_mode_manager,1
2021-W25,modules/mavlink,5
2021-W25,modules/mc_hover_thrust_estimator,1
2021-W25,modules/mc_pos_control,2
2021-W25,modules/vtol_att_control,4
2021-W25,systemcmds/sd_stress,1
2021-W26,drivers/distance_sensor,1
2021-W26,drivers/gps,1
2021-W26,drivers/imu,3
2021-W26,drivers/lights,1
2021-W26,drivers/protocol_splitter,1
2021-W26,drivers/pwm_out,1
2021-W26,drivers/px4io,1
2021-W26,drivers/telemetry,2
2021-W26,drivers/uavcan_v1,6
2021-W26,lib/battery,5
2021-W26,lib/mathlib,1
2021-W26,lib/pwm,1
2021-W26,modules/commander,1
2021-W26,modules/control_allocator,1
2021-W26,modules/ekf2,1
2021-W26,modules/fw_att_control,1
2021-W26,modules/gyro_fft,1
2021-W26,modules/mc_rate_control,1
2021-W26,modules/sensors,2
2021-W26,modules/simulator,1
2021-W26,modules/uuv_att_control,1
2021-W26,modules/vmount,1
2021-W27,drivers/distance_sensor,2
2021-W27,drivers/heater,1
2021-W27,drivers/imu,1
2021-W27,drivers/optical_flow,1
2021-W27,drivers/smart_battery,1
2021-W27,lib/cdev,1
2021-W27,modules/commander,1
2021-W27,modules/flight_mode_manager,2
2021-W27,modules/fw_pos_control_l1,1
2021-W27,modules/gyro_fft,1
2021-W27,modules/logger,1
2021-W27,modules/mavlink,3
2021-W27,modules/navigator,2
2021-W27,modules/sensors,1
2021-W27,systemcmds/tests,1
2021-W28,drivers,1
2021-W28,drivers/barometer,1
2021-W28,drivers/batt_smbus,1
2021-W28,drivers/imu,1
2021-W28,drivers/magnetometer,1
2021-W28,drivers/protocol_splitter,2
2021-W28,drivers/qshell,1
2021-W28,drivers/tap_esc,1
2021-W28,drivers/telemetry,1
2021-W28,drivers/uavcan,1
2021-W28,drivers/uavcan_v1,1
2021-W28,drivers/uavcannode,1
2021-W28,examples/fake_magnetometer,3
2021-W28,examples/fixedwing_control,1
2021-W28,examples/rover_steering_control,1
2021-W28,examples/uuv_example_app,1
2021-W28,lib,6
2021-W28,lib/airspeed,1
2021-W28,lib/battery,1
2021-W28,lib/drivers,2
2021-W28,lib/ecl,6
2021-W28,lib/geo,2
2021-W28,lib/l1,2
2021-W28,lib/mathlib,2
2021-W28,lib/parameters,1
2021-W28,lib/perf,1
2021-W28,lib/tecs,3
2021-W28,lib/terrain_estimation,1
2021-W28,lib/wind_estimator,1
2021-W28,lib/world_magnetic_model,4
2021-W28,modules/airspeed_selector,2
2021-W28,modules/angular_velocity_controller,1
2021-W28,modules/attitude_estimator_q,3
2021-W28,modules/commander,5
2021-W28,modules/ekf2,9
2021-W28,modules/flight_mode_manager,3
2021-W28,modules/fw_att_control,1
2021-W28,modules/fw_pos_control_l1,1
2021-W28,modules/gyro_calibration,2
2021-W28,modules/load_mon,2
2021-W28,modules/local_position_estimator,2
2021-W28,modules/logger,2
2021-W28,modules/mavlink,6
2021-W28,modules/mc_att_control,1
2021-W28,modules/mc_hover_thrust_estimator,1
2021-W28,modules/mc_pos_control,2
2021-W28,modules/micrortps_bridge,2
2021-W28,modules/muorb,1
2021-W28,modules/navigator,3
2021-W28,modules/rover_pos_control,1
2021-W28,modules/sensors,4
2021-W28,modules/sih,1
2021-W28,modules/simulator,3
2021-W28,modules/uuv_att_control,1
2021-W28,modules/uuv_pos_control,1
2021-W28,modules/vmount,3
2021-W28,modules/vtol_att_control,1
2021-W28,systemcmds/bl_update,1
2021-W28,systemcmds/microbench,1
2021-W28,systemcmds/tests,4
2021-W29,drivers,1
2021-W29,drivers/camera_trigger,1
2021-W29,drivers/power_monitor,1
2021-W29,drivers/px4io,1
2021-W29,lib/battery,1
2021-W29,modules/airspeed_selector,1
2021-W29,modules/commander,1
2021-W29,modules/ekf2,4
2021-W29,modules/flight_mode_manager,1
2021-W29,modules/logger,3
2021-W29,modules/mavlink,2
2021-W29,modules/micrortps_bridge,1
2021-W29,modules/navigator,3
2021-W29,modules/sensors,2
2021-W29,modules/vmount,1
2021-W29,systemcmds/bl_update,1
2021-W29,templates/template_module,1
2021-W30,drivers/distance_sensor,1
2021-W30,drivers/imu,1
2021-W30,drivers/uavcan,1
2021-W30,lib/world_magnetic_model,1
2021-W30,modules/commander,2
2021-W30,modules/ekf2,7
2021-W30,modules/logger,2
2021-W30,modules/mavlink,4
2021-W30,modules/mc_pos_control,2
2021-W30,modules/sensors,1
2021-W31,drivers/distance_sensor,1
2021-W31,drivers/imu,1
2021-W31,drivers/lights,1
2021-W31,drivers/px4io,1
2021-W31,drivers/tap_esc,1
2021-W31,drivers/uavcan,4
2021-W31,drivers/uavcan_v1,1
2021-W31,examples/fake_imu,1
2021-W31,lib,1
2021-W31,lib/component_information,1
2021-W31,modules/commander,2
2021-W31,modules/control_allocator,1
2021-W31,modules/ekf2,8
2021-W31,modules/events,1
2021-W31,modules/flight_mode_manager,3
2021-W31,modules/fw_att_control,1
2021-W31,modules/land_detector,1
2021-W31,modules/landing_target_estimator,2
2021-W31,modules/local_position_estimator,1
2021-W31,modules/mc_rate_control,1
2021-W31,modules/navigator,3
2021-W31,modules/sih,1
2021-W31,systemcmds/microbench,1
2021-W32,drivers/barometer,1
2021-W32,drivers/distance_sensor,2
2021-W32,drivers/gps,1
2021-W32,drivers/imu,1
2021-W32,drivers/lights,1
2021-W32,drivers/magnetometer,3
2021-W32,drivers/protocol_splitter,5
2021-W32,drivers/tap_esc,1
2021-W32,lib/battery,1
2021-W32,lib/circuit_breaker,1
2021-W32,lib/mixer_module,1
2021-W32,modules/commander,1
2021-W32,modules/dataman,1
2021-W32,modules/ekf2,1
2021-W32,modules/gyro_fft,1
2021-W32,modules/logger,1
2021-W32,modules/mavlink,3
2021-W32,modules/sensors,1
2021-W32,modules/sih,2
2021-W32,modules/vtol_att_control,1
2021-W32,systemcmds/hardfault_log,1
2021-W33,drivers,4
2021-W33,drivers/barometer,1
2021-W33,drivers/differential_pressure,2
2021-W33,drivers/distance_sensor,2
2021-W33,drivers/dshot,1
2021-W33,drivers/gps,5
2021-W33,drivers/imu,1
2021-W33,drivers/lights,4
2021-W33,drivers/optical_flow,1
2021-W33,drivers/power_monitor,1
2021-W33,drivers/px4io,3
2021-W33,drivers/rc_input,1
2021-W33,drivers/rpm,1
2021-W33,drivers/snapdragon_spektrum_rc,1
2021-W33,drivers/tap_esc,1
2021-W33,drivers/telemetry,3
2021-W33,drivers/uavcan,3
2021-W33,lib/mixer_module,2
2021-W33,lib/rc,1
2021-W33,lib/sensor_calibration,1
2021-W33,lib/systemlib,2
2021-W33,lib/world_magnetic_model,1
2021-W33,modules/battery_status,1
2021-W33,modules/commander,4
2021-W33,modules/control_allocator,1
2021-W33,modules/dataman,1
2021-W33,modules/ekf2,2
2021-W33,modules/mavlink,6
2021-W33,modules/micrortps_bridge,2
2021-W33,modules/px4iofirmware,3
2021-W33,modules/rc_update,1
2021-W33,modules/replay,1
2021-W33,modules/sensors,2
2021-W33,modules/simulator,1
2021-W33,modules/vtol_att_control,5
2021-W33,systemcmds/bl_update,1
2021-W33,systemcmds/param,1
2021-W33,systemcmds/tests,1
2021-W34,drivers,1
2021-W34,drivers/differential_pressure,2
2021-W34,drivers/distance_sensor,1
2021-W34,drivers/imu,2
2021-W34,drivers/lights,1
2021-W34,drivers/power_monitor,1
2021-W34,drivers/px4io,1
2021-W34,drivers/smart_battery,1
2021-W34,drivers/uavcan,2
2021-W34,drivers/uavcan_v1,1
2021-W34,drivers/uavcannode,1
2021-W34,lib/component_information,2
2021-W34,lib/drivers,1
2021-W34,lib/led,2
2021-W34,lib/motion_planning,1
2021-W34,lib/parameters,2
2021-W34,lib/sensor_calibration,1
2021-W34,lib/tecs,4
2021-W34,modules/commander,2
2021-W34,modules/ekf2,1
2021-W34,modules/flight_mode_manager,1
2021-W34,modules/fw_pos_control_l1,1
2021-W34,modules/mavlink,5
2021-W34,modules/navigator,1
2021-W34,modules/px4iofirmware,1
2021-W34,modules/sensors,5
2021-W34,modules/simulator,1
2021-W34,modules/vtol_att_control,1
2021-W34,systemcmds/bl_update,1
2021-W35,lib,1
2021-W35,modules/commander,4
2021-W35,modules/control_allocator,1
2021-W35,modules/mc_hover_thrust_estimator,1
2021-W35,modules/navigator,2
2021-W35,modules/rc_update,1
2021-W35,modules/vtol_att_control,1
2021-W35,systemcmds/microbench,2
2021-W35,systemcmds/tests,1
2021-W36,drivers,5
2021-W36,drivers/bootloaders,1
2021-W36,drivers/camera_capture,1
2021-W36,drivers/camera_trigger,3
2021-W36,drivers/dshot,3
2021-W36,drivers/imu,2
2021-W36,drivers/power_monitor,1
2021-W36,drivers/pwm_input,2
2021-W36,drivers/pwm_out,5
2021-W36,drivers/tattu_can,1
2021-W36,drivers/uavcan,1
2021-W36,lib/collision_prevention,1
2021-W36,lib/mathlib,1
2021-W36,lib/mixer,1
2021-W36,lib/mixer_module,3
2021-W36,lib/motion_planning,2
2021-W36,lib/systemlib,1
2021-W36,modules/airspeed_selector,1
2021-W36,modules/commander,2
2021-W36,modules/control_allocator,1
2021-W36,modules/flight_mode_manager,2
2021-W36,modules/fw_pos_control_l1,1
2021-W36,modules/logger,3
2021-W36,modules/mavlink,4
2021-W36,modules/mc_pos_control,3
2021-W36,modules/rc_update,1
2021-W36,modules/replay,1
2021-W36,modules/sensors,4
2021-W36,modules/vmount,1
2021-W36,modules/vtol_att_control,1
2021-W37,drivers/camera_trigger,2
2021-W37,drivers/distance_sensor,1
2021-W37,drivers/dshot,3
2021-W37,drivers/linux_pwm_out,2
2021-W37,drivers/pca9685_pwm_out,2
2021-W37,drivers/pwm_out,2
2021-W37,drivers/pwm_out_sim,3
2021-W37,drivers/px4io,1
2021-W37,drivers/tap_esc,2
2021-W37,drivers/uavcan,4
2021-W37,drivers/uavcan_v1,2
2021-W37,lib/battery,1
2021-W37,lib/led,1
2021-W37,lib/mixer_module,4
2021-W37,lib/output_limit,1
2021-W37,lib/parameters,3
2021-W37,modules/airspeed_selector,1
2021-W37,modules/commander,2
2021-W37,modules/gyro_fft,1
2021-W37,modules/logger,1
2021-W37,modules/mavlink,2
2021-W37,modules/sensors,1
2021-W38,drivers,2
2021-W38,drivers/barometer,1
2021-W38,drivers/camera_trigger,1
2021-W38,drivers/power_monitor,2
2021-W38,drivers/pwm_out,1
2021-W38,drivers/px4io,1
2021-W38,lib/drivers,1
2021-W38,modules/control_allocator,1
2021-W38,modules/ekf2,1
2021-W38,modules/flight_mode_manager,2
2021-W38,modules/logger,1
2021-W38,modules/mavlink,3
2021-W38,modules/px4iofirmware,1
2021-W38,modules/vmount,1
2021-W38,systemcmds/microbench,1
2021-W38,systemcmds/tests,2
2021-W39,drivers/barometer,1
2021-W39,drivers/gps,2
2021-W39,drivers/linux_pwm_out,1
2021-W39,drivers/magnetometer,1
2021-W39,drivers/pca9685_pwm_out,1
2021-W39,drivers/pwm_out,1
2021-W39,drivers/pwm_out_sim,1
2021-W39,drivers/px4io,1
2021-W39,drivers/tap_esc,3
2021-W39,drivers/uavcan,1
2021-W39,drivers/uavcannode,1
2021-W39,lib,3
2021-W39,lib/component_information,1
2021-W39,lib/drivers,1
2021-W39,lib/events,1
2021-W39,lib/field_sensor_bias_estimator,1
2021-W39,lib/geo,1
2021-W39,lib/magnetometer_bias_estimator,1
2021-W39,lib/mixer_module,1
2021-W39,lib/pid_design,2
2021-W39,lib/system_identification,1
2021-W39,lib/systemlib,1
2021-W39,lib/tunes,1
2021-W39,modules/airship_att_control,1
2021-W39,modules/airspeed_selector,1
2021-W39,modules/angular_velocity_controller,2
2021-W39,modules/attitude_estimator_q,1
2021-W39,modules/battery_status,1
2021-W39,modules/camera_feedback,1
2021-W39,modules/commander,6
2021-W39,modules/control_allocator,1
2021-W39,modules/dataman,1
2021-W39,modules/ekf2,3
2021-W39,modules/esc_battery,1
2021-W39,modules/events,1
2021-W39,modules/flight_mode_manager,1
2021-W39,modules/fw_att_control,4
2021-W39,modules/fw_autotune_attitude_control,1
2021-W39,modules/fw_pos_control_l1,1
2021-W39,modules/gimbal,1
2021-W39,modules/gyro_calibration,1
2021-W39,modules/gyro_fft,1
2021-W39,modules/land_detector,1
2021-W39,modules/landing_target_estimator,1
2021-W39,modules/load_mon,1
2021-W39,modules/local_position_estimator,1
2021-W39,modules/logger,5
2021-W39,modules/mag_bias_estimator,1
2021-W39,modules/mavlink,9
2021-W39,modules/mc_att_control,2
2021-W39,modules/mc_autotune_attitude_control,2
2021-W39,modules/mc_hover_thrust_estimator,1
2021-W39,modules/mc_pos_control,2
2021-W39,modules/mc_rate_control,2
2021-W39,modules/micrortps_bridge,1
2021-W39,modules/navigator,1
2021-W39,modules/rc_update,2
2021-W39,modules/rover_pos_control,1
2021-W39,modules/sensors,2
2021-W39,modules/sih,1
2021-W39,modules/simulator,1
2021-W39,modules/temperature_compensation,1
2021-W39,modules/uuv_att_control,1
2021-W39,modules/uuv_pos_control,1
2021-W39,modules/vtol_att_control,1
2021-W39,systemcmds/bl_update,1
2021-W39,systemcmds/dmesg,1
2021-W39,systemcmds/dumpfile,1
2021-W39,systemcmds/dyn,1
2021-W39,systemcmds/failure,1
2021-W39,systemcmds/hardfault_log,1
2021-W39,systemcmds/led_control,1
2021-W39,systemcmds/mft,1
2021-W39,systemcmds/microbench,1
2021-W39,systemcmds/mixer,1
2021-W39,systemcmds/motor_test,1
2021-W39,systemcmds/mtd,1
2021-W39,systemcmds/netman,1
2021-W39,systemcmds/nshterm,2
2021-W39,systemcmds/perf,1
2021-W39,systemcmds/pwm,1
2021-W39,systemcmds/reboot,1
2021-W39,systemcmds/reflect,1
2021-W39,systemcmds/sd_bench,1
2021-W39,systemcmds/sd_stress,1
2021-W39,systemcmds/serial_test,1
2021-W39,systemcmds/shutdown,1
2021-W39,systemcmds/system_time,1
2021-W39,systemcmds/tests,1
2021-W39,systemcmds/top,1
2021-W39,systemcmds/topic_listener,1
2021-W39,systemcmds/tune_control,2
2021-W39,systemcmds/usb_connected,1
2021-W39,systemcmds/ver,1
2021-W39,systemcmds/work_queue,1
2021-W40,drivers,1
2021-W40,drivers/camera_trigger,1
2021-W40,drivers/distance_sensor,1
2021-W40,drivers/dshot,1
2021-W40,drivers/gps,1
2021-W40,drivers/imu,2
2021-W40,drivers/protocol_splitter,2
2021-W40,drivers/pwm_out,3
2021-W40,drivers/pwm_out_sim,1
2021-W40,drivers/px4io,2
2021-W40,drivers/stub_keystore,2
2021-W40,drivers/sw_crypto,2
2021-W40,drivers/uavcan,2
2021-W40,drivers/uavcannode,2
2021-W40,lib,1
2021-W40,lib/crypto,1
2021-W40,lib/drivers,1
2021-W40,lib/mathlib,1
2021-W40,lib/mixer_module,1
2021-W40,lib/parameters,3
2021-W40,lib/pwm,1
2021-W40,modules/airspeed_selector,1
2021-W40,modules/battery_status,1
2021-W40,modules/camera_feedback,1
2021-W40,modules/commander,8
2021-W40,modules/control_allocator,2
2021-W40,modules/ekf2,2
2021-W40,modules/flight_mode_manager,4
2021-W40,modules/fw_att_control,2
2021-W40,modules/fw_autotune_attitude_control,1
2021-W40,modules/fw_pos_control_l1,7
2021-W40,modules/mag_bias_estimator,1
2021-W40,modules/manual_control,8
2021-W40,modules/mavlink,6
2021-W40,modules/mc_autotune_attitude_control,1
2021-W40,modules/navigator,1
2021-W40,modules/px4iofirmware,2
2021-W40,modules/rc_update,2
2021-W40,modules/sensors,1
2021-W40,modules/vmount,2
2021-W40,modules/vtol_att_control,8
2021-W40,systemcmds/motor_ramp,1
2021-W40,systemcmds/pwm,1
2021-W40,systemcmds/sd_stress,2
2021-W40,systemcmds/serial_test,1
2021-W40,systemcmds/tune_control,1
2021-W41,drivers/distance_sensor,1
2021-W41,drivers/imu,2
2021-W41,drivers/uavcan_v1,2
2021-W41,drivers/uavcannode,1
2021-W41,lib/drivers,1
2021-W41,lib/mathlib,1
2021-W41,lib/sensor_calibration,1
2021-W41,lib/tunes,1
2021-W41,lib/wind_estimator,4
2021-W41,modules/airspeed_selector,7
2021-W41,modules/commander,2
2021-W41,modules/ekf2,3
2021-W41,modules/fw_pos_control_l1,2
2021-W41,modules/logger,1
2021-W41,modules/mag_bias_estimator,1
2021-W41,modules/manual_control,4
2021-W41,modules/mavlink,1
2021-W41,modules/micrortps_bridge,1
2021-W41,modules/sensors,2
2021-W42,drivers/gps,1
2021-W42,drivers/px4io,2
2021-W42,drivers/rc_input,1
2021-W42,drivers/rpm,1
2021-W42,drivers/uavcan,3
2021-W42,drivers/uavcan_v1,2
2021-W42,drivers/uavcannode,3
2021-W42,lib/geo,2
2021-W42,lib/mixer_module,1
2021-W42,lib/motion_planning,2
2021-W42,lib/sensor_calibration,1
2021-W42,lib/tecs,1
2021-W42,lib/wind_estimator,2
2021-W42,modules/airship_att_control,1
2021-W42,modules/airspeed_selector,3
2021-W42,modules/commander,9
2021-W42,modules/ekf2,9
2021-W42,modules/flight_mode_manager,3
2021-W42,modules/fw_att_control,1
2021-W42,modules/fw_pos_control_l1,4
2021-W42,modules/local_position_estimator,2
2021-W42,modules/logger,4
2021-W42,modules/manual_control,9
2021-W42,modules/mavlink,4
2021-W42,modules/mc_pos_control,2
2021-W42,modules/mc_rate_control,1
2021-W42,modules/navigator,10
2021-W42,modules/replay,2
2021-W42,modules/rover_pos_control,1
2021-W42,modules/sensors,1
2021-W42,modules/simulator,2
2021-W42,modules/vmount,2
2021-W42,modules/vtol_att_control,1
2021-W42,systemcmds/param,1
2021-W42,systemcmds/sd_bench,1
2021-W42,systemcmds/topic_listener,1
2021-W43,drivers/distance_sensor,1
2021-W43,drivers/dshot,1
2021-W43,drivers/linux_pwm_out,1
2021-W43,drivers/osd,1
2021-W43,drivers/pca9685_pwm_out,1
2021-W43,drivers/pwm_out,1
2021-W43,drivers/pwm_out_sim,1
2021-W43,drivers/rc_input,1
2021-W43,drivers/tap_esc,1
2021-W43,drivers/uavcan,2
2021-W43,drivers/uavcan_v1,1
2021-W43,lib,1
2021-W43,lib/mixer_module,1
2021-W43,lib/output_limit,1
2021-W43,lib/parameters,1
2021-W43,lib/tecs,1
2021-W43,lib/world_magnetic_model,2
2021-W43,modules/commander,6
2021-W43,modules/ekf2,9
2021-W43,modules/flight_mode_manager,3
2021-W43,modules/fw_pos_control_l1,1
2021-W43,modules/land_detector,1
2021-W43,modules/logger,1
2021-W43,modules/manual_control,2
2021-W43,modules/mavlink,2
2021-W43,modules/mc_pos_control,1
2021-W43,modules/mc_rate_control,1
2021-W43,modules/navigator,3
2021-W43,modules/sensors,1
2021-W43,modules/simulator,2
2021-W43,systemcmds/tests,1
2021-W44,drivers/barometer,1
2021-W44,drivers/camera_capture,3
2021-W44,drivers/camera_trigger,1
2021-W44,drivers/dshot,1
2021-W44,drivers/imu,2
2021-W44,drivers/linux_pwm_out,1
2021-W44,drivers/pca9685_pwm_out,1
2021-W44,drivers/pwm_out,2
2021-W44,drivers/px4io,1
2021-W44,drivers/tap_esc,1
2021-W44,drivers/uavcan,2
2021-W44,drivers/uavcan_v1,1
2021-W44,examples/fixedwing_control,1
2021-W44,lib/component_information,1
2021-W44,lib/drivers,1
2021-W44,lib/mathlib,1
2021-W44,lib/metadata,1
2021-W44,lib/mixer,1
2021-W44,lib/mixer_module,6
2021-W44,lib/sensor_calibration,1
2021-W44,lib/version,1
2021-W44,modules/airship_att_control,1
2021-W44,modules/commander,9
2021-W44,modules/control_allocator,3
2021-W44,modules/ekf2,2
2021-W44,modules/flight_mode_manager,4
2021-W44,modules/fw_att_control,1
2021-W44,modules/fw_autotune_attitude_control,1
2021-W44,modules/fw_pos_control_l1,4
2021-W44,modules/gyro_fft,2
2021-W44,modules/logger,2
2021-W44,modules/manual_control,4
2021-W44,modules/mavlink,5
2021-W44,modules/mc_att_control,1
2021-W44,modules/mc_autotune_attitude_control,2
2021-W44,modules/mc_rate_control,2
2021-W44,modules/navigator,2
2021-W44,modules/rc_update,1
2021-W44,modules/rover_pos_control,1
2021-W44,modules/sensors,8
2021-W44,modules/simulator,1
2021-W44,modules/uuv_att_control,1
2021-W44,modules/vmount,1
2021-W44,systemcmds/actuator_test,1
2021-W44,systemcmds/i2cdetect,1
2021-W45,drivers,1
2021-W45,drivers/camera_capture,1
2021-W45,drivers/camera_trigger,1
2021-W45,drivers/gps,1
2021-W45,drivers/imu,1
2021-W45,drivers/pps_capture,2
2021-W45,drivers/pwm_out_sim,1
2021-W45,gitignore,1
2021-W45,lib/avoidance,1
2021-W45,lib/mathlib,1
2021-W45,lib/metadata,1
2021-W45,lib/mixer_module,1
2021-W45,lib/parameters,3
2021-W45,lib/sensor_calibration,1
2021-W45,lib/version,1
2021-W45,modules/angular_velocity_controller,1
2021-W45,modules/commander,6
2021-W45,modules/control_allocator,5
2021-W45,modules/flight_mode_manager,9
2021-W45,modules/fw_pos_control_l1,2
2021-W45,modules/gyro_calibration,1
2021-W45,modules/gyro_fft,1
2021-W45,modules/land_detector,1
2021-W45,modules/logger,3
2021-W45,modules/mavlink,5
2021-W45,modules/mc_pos_control,3
2021-W45,modules/navigator,1
2021-W45,modules/sensors,1
2021-W45,modules/simulator,2
2021-W45,systemcmds/ver,1
2021-W46,drivers/bootloaders,1
2021-W46,drivers/camera_capture,2
2021-W46,drivers/camera_trigger,1
2021-W46,drivers/dshot,1
2021-W46,drivers/pps_capture,4
2021-W46,drivers/pwm_out,1
2021-W46,drivers/px4io,2
2021-W46,drivers/rpm,1
2021-W46,drivers/telemetry,1
2021-W46,drivers/uavcan,1
2021-W46,lib,3
2021-W46,lib/mathlib,1
2021-W46,lib/matrix,2
2021-W46,lib/mixer_module,1
2021-W46,lib/npfg,1
2021-W46,lib/parameters,7
2021-W46,lib/tecs,1
2021-W46,lib/version,1
2021-W46,modules/airspeed_selector,1
2021-W46,modules/angular_velocity_controller,1
2021-W46,modules/camera_feedback,1
2021-W46,modules/commander,2
2021-W46,modules/ekf2,7
2021-W46,modules/flight_mode_manager,10
2021-W46,modules/fw_att_control,1
2021-W46,modules/fw_autotune_attitude_control,1
2021-W46,modules/fw_pos_control_l1,2
2021-W46,modules/gyro_fft,1
2021-W46,modules/logger,3
2021-W46,modules/mag_bias_estimator,1
2021-W46,modules/mavlink,6
2021-W46,modules/mc_autotune_attitude_control,1
2021-W46,modules/mc_pos_control,1
2021-W46,modules/mc_rate_control,1
2021-W46,modules/navigator,1
2021-W46,modules/sensors,3
2021-W46,modules/simulator,1
2021-W46,modules/temperature_compensation,1
2021-W46,modules/vtol_att_control,1
2021-W46,systemcmds/bl_update,1
2021-W46,systemcmds/param,2
2021-W46,systemcmds/tests,1
2021-W47,drivers/dshot,1
2021-W47,drivers/linux_pwm_out,1
2021-W47,drivers/osd,1
2021-W47,drivers/power_monitor,1
2021-W47,drivers/pps_capture,1
2021-W47,drivers/pwm_out,1
2021-W47,drivers/pwm_out_sim,1
2021-W47,drivers/px4io,1
2021-W47,drivers/rc_input,1
2021-W47,drivers/uavcan,1
2021-W47,drivers/uavcan_v1,2
2021-W47,lib/battery,3
2021-W47,lib/circuit_breaker,1
2021-W47,lib/events,1
2021-W47,lib/metadata,1
2021-W47,lib/mixer_module,2
2021-W47,lib/wind_estimator,1
2021-W47,modules/battery_status,1
2021-W47,modules/commander,6
2021-W47,modules/control_allocator,3
2021-W47,modules/ekf2,1
2021-W47,modules/esc_battery,1
2021-W47,modules/fw_att_control,1
2021-W47,modules/fw_pos_control_l1,3
2021-W47,modules/manual_control,3
2021-W47,modules/mavlink,9
2021-W47,modules/navigator,3
2021-W47,modules/sensors,2
2021-W47,modules/simulator,2
2021-W47,systemcmds/hardfault_log,1
2021-W48,drivers/barometer,1
2021-W48,drivers/gps,2
2021-W48,drivers/imu,1
2021-W48,drivers/power_monitor,5
2021-W48,drivers/px4io,1
2021-W48,drivers/sw_crypto,1
2021-W48,drivers/tap_esc,1
2021-W48,drivers/uavcan_v1,1
2021-W48,drivers/uavcannode,1
2021-W48,drivers/uavcannode_gps_demo,1
2021-W48,lib/battery,6
2021-W48,lib/events,1
2021-W48,lib/mathlib,1
2021-W48,lib/mixer_module,2
2021-W48,lib/motion_planning,1
2021-W48,lib/world_magnetic_model,1
2021-W48,modules/battery_status,6
2021-W48,modules/commander,2
2021-W48,modules/control_allocator,6
2021-W48,modules/dataman,1
2021-W48,modules/ekf2,3
2021-W48,modules/esc_battery,5
2021-W48,modules/flight_mode_manager,2
2021-W48,modules/fw_att_control,1
2021-W48,modules/fw_pos_control_l1,1
2021-W48,modules/land_detector,1
2021-W48,modules/logger,1
2021-W48,modules/mavlink,5
2021-W48,modules/mc_pos_control,1
2021-W48,modules/mc_rate_control,1
2021-W48,modules/navigator,1
2021-W48,modules/rover_pos_control,1
2021-W48,modules/simulator,5
2021-W48,modules/uuv_att_control,1
2021-W48,modules/vmount,2
2021-W48,modules/vtol_att_control,3
2021-W48,systemcmds/sd_bench,1
2021-W48,systemcmds/tests,1
2021-W49,drivers/imu,1
2021-W49,drivers/power_monitor,1
2021-W49,drivers/pps_capture,1
2021-W49,drivers/uavcan,2
2021-W49,lib/battery,6
2021-W49,lib/cdev,1
2021-W49,lib/mathlib,3
2021-W49,lib/mixer_module,2
2021-W49,lib/motion_planning,1
2021-W49,lib/parameters,1
2021-W49,modules/commander,5
2021-W49,modules/control_allocator,4
2021-W49,modules/dataman,3
2021-W49,modules/ekf2,9
2021-W49,modules/flight_mode_manager,1
2021-W49,modules/fw_pos_control_l1,2
2021-W49,modules/land_detector,1
2021-W49,modules/logger,1
2021-W49,modules/manual_control,2
2021-W49,modules/mavlink,5
2021-W49,modules/mc_pos_control,1
2021-W49,modules/navigator,3
2021-W49,modules/simulator,4
2021-W49,modules/vmount,4
2021-W49,modules/vtol_att_control,1
2021-W49,systemcmds/sd_bench,1
2021-W49,systemcmds/tests,1
2021-W50,drivers/camera_capture,1
2021-W50,drivers/camera_trigger,1
2021-W50,drivers/dshot,1
2021-W50,drivers/pps_capture,2
2021-W50,drivers/protocol_splitter,1
2021-W50,drivers/pwm_out,1
2021-W50,drivers/roboclaw,1
2021-W50,lib/drivers,1
2021-W50,lib/mathlib,1
2021-W50,lib/parameters,1
2021-W50,modules/airship_att_control,1
2021-W50,modules/commander,4
2021-W50,modules/control_allocator,5
2021-W50,modules/ekf2,3
2021-W50,modules/flight_mode_manager,2
2021-W50,modules/logger,1
2021-W50,modules/mavlink,1
2021-W50,modules/mc_att_control,1
2021-W50,modules/mc_pos_control,3
2021-W50,modules/mc_rate_control,1
2021-W50,modules/navigator,4
2021-W50,modules/vtol_att_control,1
2021-W50,systemcmds/bl_update,1
2021-W50,systemcmds/dumpfile,1
2021-W50,systemcmds/esc_calib,1
2021-W50,systemcmds/mft,1
2021-W50,systemcmds/microbench,1
2021-W50,systemcmds/motor_ramp,1
2021-W50,systemcmds/mtd,1
2021-W50,systemcmds/nshterm,1
2021-W50,systemcmds/perf,1
2021-W50,systemcmds/sd_bench,1
2021-W50,systemcmds/sd_stress,1
2021-W50,systemcmds/tests,2
2021-W50,systemcmds/top,1
2021-W50,systemcmds/usb_connected,1
2021-W50,systemcmds/ver,1
2021-W51,drivers/imu,1
2021-W51,drivers/linux_pwm_out,1
2021-W51,drivers/px4io,1
2021-W51,lib/mathlib,3
2021-W51,lib/parameters,4
2021-W51,lib/sensor_calibration,1
2021-W51,modules/commander,2
2021-W51,modules/control_allocator,2
2021-W51,modules/ekf2,2
2021-W51,modules/fw_pos_control_l1,1
2021-W51,modules/gyro_calibration,1
2021-W51,modules/landing_target_estimator,1
2021-W51,modules/mavlink,4
2021-W51,modules/navigator,2
2021-W51,modules/sensors,4
2021-W51,modules/simulator,1
2021-W51,modules/vtol_att_control,3
2021-W51,systemcmds/esc_calib,1
2021-W51,systemcmds/mtd,1
2021-W51,systemcmds/param,1
2021-W51,systemcmds/tests,1
2021-W52,drivers,1
2021-W52,drivers/differential_pressure,1
2021-W52,drivers/pwm_out,1
2021-W52,lib/drivers,1
2021-W52,lib/events,1
2021-W52,lib/mathlib,1
2021-W52,lib/parameters,6
2021-W52,modules/commander,3
2021-W52,modules/ekf2,3
2021-W52,modules/fw_pos_control_l1,3
2021-W52,modules/mavlink,3
2021-W52,modules/sensors,1
2021-W52,modules/sih,1
2021-W52,modules/simulator,1
2021-W52,systemcmds/netman,1
2021-W52,systemcmds/param,1
2021-W52,systemcmds/tests,3
2022-W01,drivers,8
2022-W01,drivers/hygrometer,1
2022-W01,drivers/pwm_out,4
2022-W01,drivers/pwm_out_sim,1
2022-W01,drivers/px4io,10
2022-W01,lib/sensor_calibration,1
2022-W01,lib/world_magnetic_model,1
2022-W01,modules/battery_status,1
2022-W01,modules/commander,1
2022-W01,modules/ekf2,3
2022-W01,modules/flight_mode_manager,3
2022-W01,modules/fw_pos_control_l1,1
2022-W01,modules/logger,1
2022-W01,modules/mavlink,2
2022-W01,modules/mc_pos_control,1
2022-W01,modules/sensors,5
2022-W01,systemcmds/esc_calib,1
2022-W01,systemcmds/motor_ramp,1
2022-W01,systemcmds/pwm,6
2022-W01,systemcmds/tests,1
2022-W02,drivers/dshot,1
2022-W02,drivers/imu,1
2022-W02,drivers/linux_pwm_out,1
2022-W02,drivers/magnetometer,1
2022-W02,drivers/pwm_out,1
2022-W02,drivers/pwm_out_sim,1
2022-W02,drivers/px4io,1
2022-W02,drivers/uavcan,5
2022-W02,drivers/uavcan_v1,1
2022-W02,drivers/uavcannode,1
2022-W02,examples/fake_magnetometer,1
2022-W02,lib/drivers,1
2022-W02,lib/mixer_module,1
2022-W02,lib/sensor_calibration,3
2022-W02,lib/wind_estimator,1
2022-W02,modules/airspeed_selector,2
2022-W02,modules/commander,9
2022-W02,modules/control_allocator,3
2022-W02,modules/ekf2,1
2022-W02,modules/flight_mode_manager,5
2022-W02,modules/fw_att_control,2
2022-W02,modules/fw_pos_control_l1,5
2022-W02,modules/gyro_calibration,1
2022-W02,modules/land_detector,1
2022-W02,modules/mag_bias_estimator,1
2022-W02,modules/mavlink,2
2022-W02,modules/navigator,1
2022-W02,modules/sensors,5
2022-W02,modules/sih,1
2022-W02,modules/simulator,2
2022-W02,modules/vmount,2
2022-W03,drivers/magnetometer,1
2022-W03,drivers/uavcan,1
2022-W03,drivers/uavcannode,1
2022-W03,lib/npfg,1
2022-W03,lib/parameters,1
2022-W03,lib/sensor_calibration,1
2022-W03,lib/wind_estimator,1
2022-W03,modules/airspeed_selector,1
2022-W03,modules/commander,6
2022-W03,modules/ekf2,8
2022-W03,modules/flight_mode_manager,3
2022-W03,modules/fw_pos_control_l1,3
2022-W03,modules/gyro_fft,1
2022-W03,modules/mavlink,2
2022-W03,modules/mc_pos_control,3
2022-W03,modules/sensors,5
2022-W03,modules/vtol_att_control,3
2022-W04,drivers/adc,1
2022-W04,drivers/distance_sensor,1
2022-W04,drivers/dshot,1
2022-W04,drivers/hygrometer,1
2022-W04,drivers/magnetometer,2
2022-W04,drivers/tap_esc,1
2022-W04,drivers/telemetry,1
2022-W04,drivers/uavcan,2
2022-W04,drivers/uavcannode,2
2022-W04,lib/cdev,1
2022-W04,lib/drivers,1
2022-W04,lib/mixer_module,1
2022-W04,lib/npfg,1
2022-W04,lib/rc,1
2022-W04,modules/battery_status,1
2022-W04,modules/commander,5
2022-W04,modules/ekf2,5
2022-W04,modules/flight_mode_manager,1
2022-W04,modules/fw_pos_control_l1,3
2022-W04,modules/logger,5
2022-W04,modules/mavlink,3
2022-W04,modules/navigator,2
2022-W04,modules/px4iofirmware,1
2022-W04,modules/simulator,1
2022-W04,modules/vtol_att_control,1
2022-W05,drivers/gps,1
2022-W05,drivers/hygrometer,1
2022-W05,drivers/magnetometer,1
2022-W05,drivers/protocol_splitter,1
2022-W05,modules/commander,1
2022-W05,modules/control_allocator,2
2022-W05,modules/ekf2,11
2022-W05,modules/fw_pos_control_l1,1
2022-W05,modules/gimbal,1
2022-W05,modules/land_detector,1
2022-W05,modules/mavlink,1
2022-W05,modules/mc_pos_control,1
2022-W05,modules/sensors,2
2022-W05,modules/vmount,1
2022-W05,modules/vtol_att_control,1
2022-W05,systemcmds/serial_passthru,2
2022-W05,systemcmds/serial_test,1
2022-W06,drivers,2
2022-W06,drivers/barometer,1
2022-W06,drivers/imu,1
2022-W06,drivers/irlock,1
2022-W06,drivers/pwm_out_sim,1
2022-W06,drivers/rc_input,1
2022-W06,drivers/sw_crypto,1
2022-W06,modules/commander,1
2022-W06,modules/ekf2,6
2022-W06,modules/flight_mode_manager,1
2022-W06,modules/fw_pos_control_l1,1
2022-W06,modules/local_position_estimator,1
2022-W06,modules/mavlink,5
2022-W06,modules/mc_hover_thrust_estimator,2
2022-W06,modules/mc_pos_control,1
2022-W06,modules/microdds_client,1
2022-W06,modules/micrortps_bridge,1
2022-W06,modules/navigator,1
2022-W06,modules/sensors,3
2022-W06,modules/sih,1
2022-W06,modules/simulator,1
2022-W06,systemcmds/serial_test,1
2022-W07,drivers/dshot,1
2022-W07,drivers/gps,1
2022-W07,drivers/power_monitor,1
2022-W07,lib/events,1
2022-W07,lib/npfg,1
2022-W07,modules/airspeed_selector,1
2022-W07,modules/commander,1
2022-W07,modules/control_allocator,5
2022-W07,modules/dataman,1
2022-W07,modules/ekf2,7
2022-W07,modules/flight_mode_manager,1
2022-W07,modules/gimbal,3
2022-W07,modules/gyro_calibration,1
2022-W07,modules/logger,1
2022-W07,modules/mavlink,4
2022-W07,modules/mc_att_control,1
2022-W07,modules/mc_pos_control,1
2022-W07,modules/navigator,3
2022-W07,modules/vtol_att_control,1
2022-W07,systemcmds/actuator_test,1
2022-W08,drivers,1
2022-W08,drivers/dshot,1
2022-W08,drivers/gps,1
2022-W08,drivers/imu,1
2022-W08,drivers/magnetometer,2
2022-W08,drivers/rpm,1
2022-W08,lib/matrix,27
2022-W08,lib/parameters,1
2022-W08,lib/world_magnetic_model,1
2022-W08,modules/airspeed_selector,1
2022-W08,modules/commander,2
2022-W08,modules/control_allocator,3
2022-W08,modules/ekf2,5
2022-W08,modules/flight_mode_manager,3
2022-W08,modules/gyro_fft,1
2022-W08,modules/logger,2
2022-W08,modules/mavlink,3
2022-W08,modules/mc_pos_control,1
2022-W09,drivers/barometer,1
2022-W09,drivers/imu,1
2022-W09,drivers/uavcan,2
2022-W09,lib/drivers,1
2022-W09,lib/mixer_module,2
2022-W09,lib/sensor_calibration,1
2022-W09,modules/commander,1
2022-W09,modules/ekf2,1
2022-W09,modules/mavlink,1
2022-W09,modules/navigator,1
2022-W09,modules/sensors,2
2022-W09,modules/sih,1
2022-W09,modules/simulator,1
2022-W10,drivers/imu,1
2022-W10,drivers/power_monitor,1
2022-W10,lib/battery,1
2022-W10,lib/mathlib,1
2022-W10,lib/matrix,1
2022-W10,lib/sensor_calibration,1
2022-W10,lib/systemlib,1
2022-W10,modules/attitude_estimator_q,1
2022-W10,modules/commander,10
2022-W10,modules/ekf2,6
2022-W10,modules/flight_mode_manager,4
2022-W10,modules/fw_pos_control_l1,1
2022-W10,modules/gyro_calibration,1
2022-W10,modules/mavlink,2
2022-W10,modules/navigator,3
2022-W10,modules/sensors,2
2022-W10,modules/uuv_pos_control,1
2022-W10,modules/vtol_att_control,2
2022-W10,systemcmds/tests,1
2022-W11,drivers,1
2022-W11,drivers/barometer,2
2022-W11,drivers/heater,1
2022-W11,drivers/pca9685_pwm_out,1
2022-W11,drivers/uavcan,1
2022-W11,lib/l1,2
2022-W11,lib/matrix,2
2022-W11,lib/mixer_module,2
2022-W11,lib/npfg,1
2022-W11,lib/parameters,1
2022-W11,modules/airspeed_selector,1
2022-W11,modules/commander,2
2022-W11,modules/control_allocator,1
2022-W11,modules/ekf2,10
2022-W11,modules/flight_mode_manager,2
2022-W11,modules/fw_pos_control_l1,3
2022-W11,modules/land_detector,1
2022-W11,modules/logger,2
2022-W11,modules/mavlink,1
2022-W11,modules/micrortps_bridge,1
2022-W11,modules/navigator,1
2022-W11,modules/rover_pos_control,1
2022-W11,modules/sensors,2
2022-W11,modules/vtol_att_control,1
2022-W12,drivers/gps,1
2022-W12,drivers/px4io,1
2022-W12,drivers/tone_alarm,1
2022-W12,drivers/uavcannode,2
2022-W12,examples/work_item,1
2022-W12,lib/l1,1
2022-W12,lib/matrix,4
2022-W12,lib/version,1
2022-W12,modules/airship_att_control,1
2022-W12,modules/angular_velocity_controller,1
2022-W12,modules/attitude_estimator_q,1
2022-W12,modules/camera_feedback,1
2022-W12,modules/commander,7
2022-W12,modules/control_allocator,1
2022-W12,modules/ekf2,21
2022-W12,modules/esc_battery,1
2022-W12,modules/events,1
2022-W12,modules/flight_mode_manager,3
2022-W12,modules/fw_att_control,1
2022-W12,modules/fw_autotune_attitude_control,1
2022-W12,modules/fw_pos_control_l1,3
2022-W12,modules/gyro_calibration,1
2022-W12,modules/local_position_estimator,1
2022-W12,modules/logger,1
2022-W12,modules/mag_bias_estimator,1
2022-W12,modules/mavlink,1
2022-W12,modules/mc_att_control,1
2022-W12,modules/mc_autotune_attitude_control,1
2022-W12,modules/mc_hover_thrust_estimator,1
2022-W12,modules/mc_pos_control,1
2022-W12,modules/mc_rate_control,1
2022-W12,modules/navigator,1
2022-W12,modules/rc_update,2
2022-W12,modules/rover_pos_control,2
2022-W12,modules/sensors,1
2022-W12,modules/uuv_att_control,1
2022-W12,modules/uuv_pos_control,1
2022-W12,modules/vtol_att_control,1
2022-W13,drivers/gps,1
2022-W13,drivers/power_monitor,1
2022-W13,lib/battery,2
2022-W13,lib/collision_prevention,1
2022-W13,modules/commander,5
2022-W13,modules/flight_mode_manager,8
2022-W13,modules/fw_pos_control_l1,1
2022-W13,modules/mavlink,1
2022-W13,modules/navigator,1
2022-W13,modules/rc_update,1
2022-W13,modules/simulator,1
2022-W14,drivers,1
2022-W14,drivers/optical_flow,1
2022-W14,drivers/px4io,2
2022-W14,drivers/safety_button,1
2022-W14,drivers/uavcan,1
2022-W14,drivers/uavcannode,1
2022-W14,drivers/uwb,1
2022-W14,lib,1
2022-W14,lib/button,1
2022-W14,lib/mathlib,1
2022-W14,modules/commander,6
2022-W14,modules/ekf2,3
2022-W14,modules/fw_att_control,1
2022-W14,modules/fw_pos_control_l1,1
2022-W14,modules/landing_target_estimator,1
2022-W14,modules/mavlink,5
2022-W14,modules/mc_att_control,1
2022-W14,modules/mc_pos_control,6
2022-W14,modules/navigator,4
2022-W14,modules/px4iofirmware,1
2022-W14,modules/sensors,1
2022-W14,modules/simulator,1
2022-W15,drivers/dshot,1
2022-W15,drivers/gps,1
2022-W15,drivers/linux_pwm_out,1
2022-W15,drivers/pca9685_pwm_out,1
2022-W15,drivers/pwm_out,1
2022-W15,drivers/pwm_out_sim,1
2022-W15,drivers/px4io,1
2022-W15,drivers/tap_esc,1
2022-W15,drivers/uavcan,2
2022-W15,lib/component_information,1
2022-W15,lib/mixer_module,1
2022-W15,lib/rc,1
2022-W15,lib/world_magnetic_model,1
2022-W15,modules/commander,2
2022-W15,modules/ekf2,1
2022-W15,modules/flight_mode_manager,3
2022-W15,modules/fw_pos_control_l1,1
2022-W15,modules/mavlink,3
2022-W15,modules/mc_pos_control,1
2022-W15,modules/navigator,1
2022-W15,modules/px4iofirmware,2
2022-W15,modules/sensors,2
2022-W16,drivers/camera_capture,1
2022-W16,drivers/gps,1
2022-W16,drivers/imu,2
2022-W16,drivers/optical_flow,1
2022-W16,drivers/pps_capture,1
2022-W16,lib/drivers,2
2022-W16,lib/parameters,1
2022-W16,modules/ekf2,4
2022-W16,modules/flight_mode_manager,2
2022-W16,modules/logger,2
2022-W16,modules/mavlink,1
2022-W16,modules/navigator,2
2022-W16,modules/sensors,1
2022-W16,modules/vtol_att_control,1
2022-W17,drivers/dshot,2
2022-W17,drivers/rc_input,1
2022-W17,drivers/tattu_can,1
2022-W17,lib/mixer_module,1
2022-W17,lib/parameters,1
2022-W17,modules/commander,2
2022-W17,modules/control_allocator,6
2022-W17,modules/ekf2,4
2022-W17,modules/fw_att_control,2
2022-W17,modules/fw_pos_control_l1,3
2022-W17,modules/logger,1
2022-W17,modules/mavlink,2
2022-W17,modules/mc_pos_control,2
2022-W17,modules/vtol_att_control,3
2022-W18,drivers/magnetometer,1
2022-W18,drivers/pwm_out,1
2022-W18,drivers/px4io,1
2022-W18,drivers/uavcan,1
2022-W18,lib/l1,1
2022-W18,lib/tunes,1
2022-W18,lib/wind_estimator,1
2022-W18,modules/commander,6
2022-W18,modules/control_allocator,2
2022-W18,modules/flight_mode_manager,1
2022-W18,modules/fw_att_control,1
2022-W18,modules/fw_pos_control_l1,8
2022-W18,modules/mavlink,1
2022-W18,modules/mc_pos_control,2
2022-W18,modules/mc_rate_control,1
2022-W18,modules/rc_update,1
2022-W18,modules/sensors,1
2022-W18,modules/vtol_att_control,1
2022-W19,drivers/cyphal,2
2022-W19,drivers/dshot,2
2022-W19,drivers/gps,1
2022-W19,drivers/linux_pwm_out,1
2022-W19,drivers/pca9685_pwm_out,1
2022-W19,drivers/pwm_out,1
2022-W19,drivers/pwm_out_sim,1
2022-W19,drivers/px4io,1
2022-W19,drivers/rc_input,1
2022-W19,drivers/tap_esc,1
2022-W19,drivers/uavcan,1
2022-W19,drivers/uavcan_v1,1
2022-W19,modules/commander,5
2022-W19,modules/control_allocator,1
2022-W19,modules/flight_mode_manager,1
2022-W19,modules/fw_att_control,1
2022-W19,modules/fw_pos_control_l1,2
2022-W19,modules/land_detector,1
2022-W19,modules/logger,2
2022-W19,modules/manual_control,1
2022-W19,modules/mavlink,4
2022-W19,modules/mc_pos_control,1
2022-W19,modules/navigator,1
2022-W19,modules/rover_pos_control,1
2022-W19,modules/uuv_pos_control,2
2022-W19,systemcmds/pwm,1
2022-W20,drivers,2
2022-W20,drivers/imu,2
2022-W20,drivers/pca9685_pwm_out,2
2022-W20,drivers/pwm_out,2
2022-W20,drivers/px4io,2
2022-W20,drivers/uavcan,2
2022-W20,lib/events,1
2022-W20,lib/world_magnetic_model,1
2022-W20,modules/airship_att_control,1
2022-W20,modules/commander,11
2022-W20,modules/ekf2,5
2022-W20,modules/fw_att_control,1
2022-W20,modules/logger,2
2022-W20,modules/manual_control,1
2022-W20,modules/mavlink,2
2022-W20,modules/mc_att_control,1
2022-W20,modules/mc_rate_control,1
2022-W20,modules/navigator,2
2022-W20,modules/px4iofirmware,2
2022-W20,modules/sensors,1
2022-W20,modules/simulator,1
2022-W20,modules/vtol_att_control,3
2022-W21,drivers/gps,1
2022-W21,drivers/imu,1
2022-W21,drivers/magnetometer,1
2022-W21,drivers/uavcan,1
2022-W21,lib/battery,1
2022-W21,lib/motion_planning,1
2022-W21,lib/parameters,1
2022-W21,lib/perf,1
2022-W21,modules/commander,7
2022-W21,modules/ekf2,2
2022-W21,modules/logger,1
2022-W21,modules/mavlink,2
2022-W21,modules/mc_rate_control,1
2022-W21,modules/px4iofirmware,2
2022-W21,modules/sensors,1
2022-W22,drivers,1
2022-W22,drivers/dshot,1
2022-W22,drivers/gps,1
2022-W22,drivers/pca9685_pwm_out,1
2022-W22,drivers/pwm_out,1
2022-W22,drivers/px4io,2
2022-W22,drivers/uavcan,1
2022-W22,lib/mixer_module,1
2022-W22,lib/weather_vane,1
2022-W22,lib/world_magnetic_model,1
2022-W22,modules/attitude_estimator_q,1
2022-W22,modules/commander,6
2022-W22,modules/control_allocator,1
2022-W22,modules/ekf2,2
2022-W22,modules/flight_mode_manager,2
2022-W22,modules/logger,1
2022-W22,modules/mavlink,2
2022-W22,modules/navigator,2
2022-W22,modules/payload_deliverer,1
2022-W22,modules/px4iofirmware,1
2022-W22,modules/sensors,2
2022-W22,systemcmds/failure,1
2022-W23,drivers,1
2022-W23,drivers/barometer,1
2022-W23,drivers/telemetry,1
2022-W23,lib/parameters,2
2022-W23,lib/tecs,2
2022-W23,lib/wind_estimator,1
2022-W23,modules/airspeed_selector,3
2022-W23,modules/commander,5
2022-W23,modules/ekf2,2
2022-W23,modules/fw_pos_control_l1,4
2022-W23,modules/manual_control,1
2022-W23,modules/mavlink,2
2022-W23,modules/mc_rate_control,1
2022-W23,modules/navigator,1
2022-W23,modules/sih,1
2022-W24,drivers,2
2022-W24,drivers/gps,1
2022-W24,drivers/optical_flow,3
2022-W24,drivers/pwm_out,1
2022-W24,drivers/px4io,1
2022-W24,drivers/uavcan,2
2022-W24,drivers/uavcannode,3
2022-W24,lib,1
2022-W24,lib/landing_slope,1
2022-W24,lib/sensor_calibration,1
2022-W24,lib/weather_vane,1
2022-W24,modules/commander,3
2022-W24,modules/ekf2,2
2022-W24,modules/fw_att_control,1
2022-W24,modules/fw_pos_control_l1,6
2022-W24,modules/gyro_calibration,1
2022-W24,modules/local_position_estimator,1
2022-W24,modules/logger,2
2022-W24,modules/mavlink,2
2022-W24,modules/navigator,2
2022-W24,modules/replay,1
2022-W24,modules/sensors,4
2022-W24,modules/simulator,1
2022-W25,drivers,2
2022-W25,drivers/differential_pressure,1
2022-W25,drivers/linux_pwm_out,1
2022-W25,drivers/optical_flow,2
2022-W25,drivers/pwm_out,1
2022-W25,drivers/px4io,1
2022-W25,drivers/transponder,1
2022-W25,examples/fake_gyro,1
2022-W25,examples/fixedwing_control,1
2022-W25,lib/mixer_module,1
2022-W25,lib/motion_planning,1
2022-W25,modules/commander,2
2022-W25,modules/ekf2,1
2022-W25,modules/esc_battery,1
2022-W25,modules/fw_att_control,1
2022-W25,modules/fw_pos_control_l1,1
2022-W25,modules/mavlink,1
2022-W25,modules/mc_pos_control,1
2022-W25,modules/uuv_att_control,1
2022-W25,modules/uuv_pos_control,2
2022-W25,modules/vtol_att_control,1
2022-W26,drivers,2
2022-W26,drivers/actuators,1
2022-W26,drivers/barometer,1
2022-W26,drivers/px4io,1
2022-W26,drivers/uavcannode,1
2022-W26,lib/mixer_module,1
2022-W26,lib/parameters,1
2022-W26,modules/airship_att_control,1
2022-W26,modules/angular_velocity_controller,1
2022-W26,modules/commander,1
2022-W26,modules/ekf2,8
2022-W26,modules/flight_mode_manager,1
2022-W26,modules/fw_att_control,2
2022-W26,modules/fw_pos_control_l1,3
2022-W26,modules/logger,1
2022-W26,modules/manual_control,1
2022-W26,modules/mavlink,1
2022-W26,modules/mc_att_control,1
2022-W26,modules/mc_autotune_attitude_control,1
2022-W26,modules/mc_rate_control,2
2022-W26,modules/navigator,1
2022-W26,modules/rc_update,1
2022-W26,modules/rover_pos_control,1
2022-W26,modules/sensors,1
2022-W26,modules/uuv_att_control,1
2022-W27,drivers/actuators,1
2022-W27,drivers/camera_capture,1
2022-W27,drivers/camera_trigger,1
2022-W27,drivers/dshot,1
2022-W27,drivers/gps,1
2022-W27,drivers/optical_flow,1
2022-W27,drivers/px4io,1
2022-W27,drivers/rc_input,2
2022-W27,drivers/telemetry,1
2022-W27,drivers/transponder,1
2022-W27,drivers/uavcan,5
2022-W27,examples/fake_magnetometer,1
2022-W27,lib/parameters,2
2022-W27,lib/tecs,3
2022-W27,lib/terrain_estimation,1
2022-W27,lib/wind_estimator,1
2022-W27,modules/attitude_estimator_q,1
2022-W27,modules/commander,4
2022-W27,modules/ekf2,4
2022-W27,modules/flight_mode_manager,2
2022-W27,modules/fw_pos_control_l1,6
2022-W27,modules/gimbal,1
2022-W27,modules/local_position_estimator,1
2022-W27,modules/logger,2
2022-W27,modules/mavlink,2
2022-W27,modules/navigator,6
2022-W27,modules/replay,1
2022-W27,modules/sensors,1
2022-W27,modules/simulator,1
2022-W27,modules/temperature_compensation,1
2022-W27,modules/vtol_att_control,1
2022-W27,systemcmds/failure,1
2022-W27,systemcmds/ver,1
2022-W28,drivers,1
2022-W28,drivers/adc,1
2022-W28,drivers/cyphal,1
2022-W28,drivers/differential_pressure,1
2022-W28,drivers/imu,1
2022-W28,drivers/magnetometer,1
2022-W28,drivers/transponder,1
2022-W28,drivers/uavcan,2
2022-W28,drivers/uavcannode,2
2022-W28,lib,1
2022-W28,lib/battery,1
2022-W28,lib/circuit_breaker,2
2022-W28,lib/matrix,1
2022-W28,lib/parameters,1
2022-W28,lib/rate_control,1
2022-W28,lib/tecs,2
2022-W28,lib/wind_estimator,2
2022-W28,modules/airspeed_selector,1
2022-W28,modules/commander,3
2022-W28,modules/control_allocator,2
2022-W28,modules/ekf2,5
2022-W28,modules/flight_mode_manager,1
2022-W28,modules/fw_att_control,2
2022-W28,modules/fw_pos_control_l1,15
2022-W28,modules/mavlink,2
2022-W28,modules/mc_att_control,1
2022-W28,modules/mc_pos_control,1
2022-W28,modules/mc_rate_control,2
2022-W28,modules/sensors,1
2022-W28,systemcmds/hist,1
2022-W28,systemcmds/tests,1
2022-W29,drivers/cyphal,1
2022-W29,drivers/imu,1
2022-W29,drivers/stub_keystore,1
2022-W29,drivers/transponder,1
2022-W29,drivers/uavcan,1
2022-W29,drivers/uavcannode,1
2022-W29,include,1
2022-W29,include/containers,1
2022-W29,lib/cdev,1
2022-W29,modules/dataman,1
2022-W29,modules/ekf2,4
2022-W29,modules/fw_att_control,2
2022-W29,modules/fw_pos_control_l1,10
2022-W29,modules/land_detector,1
2022-W29,modules/logger,1
2022-W29,modules/mc_pos_control,1
2022-W29,modules/navigator,5
2022-W29,modules/sensors,1
2022-W29,modules/simulator,1
2022-W29,systemcmds/gpio,1
2022-W29,systemcmds/i2cdetect,1
2022-W29,systemcmds/serial_test,1
2022-W29,systemcmds/system_time,1
2022-W30,drivers,2
2022-W30,drivers/batt_smbus,1
2022-W30,drivers/camera_trigger,1
2022-W30,drivers/cyphal,2
2022-W30,drivers/distance_sensor,1
2022-W30,drivers/imu,2
2022-W30,drivers/power_monitor,1
2022-W30,drivers/pwm_out,1
2022-W30,drivers/px4io,1
2022-W30,drivers/roboclaw,1
2022-W30,drivers/rpm,1
2022-W30,drivers/tap_esc,1
2022-W30,drivers/uavcan,1
2022-W30,drivers/uwb,1
2022-W30,lib/airspeed,1
2022-W30,lib/battery,1
2022-W30,lib/drivers,1
2022-W30,lib/led,1
2022-W30,lib/mixer,1
2022-W30,lib/mixer_module,2
2022-W30,lib/parameters,1
2022-W30,lib/systemlib,2
2022-W30,lib/tunes,1
2022-W30,lib/wind_estimator,2
2022-W30,modules/airspeed_selector,3
2022-W30,modules/commander,1
2022-W30,modules/control_allocator,3
2022-W30,modules/ekf2,11
2022-W30,modules/flight_mode_manager,1
2022-W30,modules/fw_autotune_attitude_control,1
2022-W30,modules/fw_pos_control_l1,4
2022-W30,modules/gyro_fft,1
2022-W30,modules/local_position_estimator,1
2022-W30,modules/mavlink,1
2022-W30,modules/mc_att_control,1
2022-W30,modules/mc_autotune_attitude_control,1
2022-W30,modules/mc_pos_control,2
2022-W30,modules/mc_rate_control,1
2022-W30,modules/rc_update,1
2022-W30,modules/sensors,1
2022-W30,modules/sih,1
2022-W30,modules/temperature_compensation,1
2022-W30,modules/vtol_att_control,1
2022-W30,systemcmds/hardfault_log,1
2022-W30,systemcmds/serial_test,1
2022-W31,drivers,1
2022-W31,drivers/barometer,1
2022-W31,drivers/distance_sensor,2
2022-W31,drivers/optical_flow,1
2022-W31,drivers/rc_input,1
2022-W31,lib/mathlib,1
2022-W31,lib/parameters,1
2022-W31,lib/rc,1
2022-W31,lib/version,1
2022-W31,lib/wind_estimator,1
2022-W31,modules/airspeed_selector,2
2022-W31,modules/attitude_estimator_q,1
2022-W31,modules/commander,4
2022-W31,modules/control_allocator,1
2022-W31,modules/ekf2,19
2022-W31,modules/flight_mode_manager,2
2022-W31,modules/gimbal,1
2022-W31,modules/local_position_estimator,1
2022-W31,modules/logger,1
2022-W31,modules/mavlink,5
2022-W31,modules/micrortps_bridge,1
2022-W31,modules/navigator,3
2022-W31,modules/replay,2
2022-W31,modules/simulator,1
2022-W31,systemcmds/tune_control,1
2022-W31,systemcmds/ver,1
2022-W32,drivers/distance_sensor,1
2022-W32,drivers/imu,1
2022-W32,drivers/uavcan,1
2022-W32,drivers/uwb,1
2022-W32,lib/circuit_breaker,1
2022-W32,lib/events,1
2022-W32,lib/mathlib,1
2022-W32,lib/parameters,1
2022-W32,lib/pid_design,1
2022-W32,lib/wind_estimator,3
2022-W32,modules/commander,10
2022-W32,modules/control_allocator,8
2022-W32,modules/ekf2,5
2022-W32,modules/flight_mode_manager,1
2022-W32,modules/fw_att_control,13
2022-W32,modules/fw_pos_control_l1,1
2022-W32,modules/gyro_fft,1
2022-W32,modules/logger,1
2022-W32,modules/mavlink,6
2022-W32,modules/mc_att_control,3
2022-W32,modules/mc_pos_control,1
2022-W33,drivers/imu,2
2022-W33,drivers/px4io,1
2022-W33,lib/battery,1
2022-W33,lib/mathlib,1
2022-W33,lib/parameters,1
2022-W33,lib/rc,1
2022-W33,modules/airspeed_selector,1
2022-W33,modules/commander,1
2022-W33,modules/control_allocator,2
2022-W33,modules/ekf2,2
2022-W33,modules/flight_mode_manager,1
2022-W33,modules/fw_att_control,8
2022-W33,modules/fw_pos_control_l1,1
2022-W33,modules/mc_att_control,1
2022-W33,modules/navigator,1
2022-W33,modules/rc_update,1
2022-W33,modules/simulator,1
2022-W34,drivers,2
2022-W34,drivers/actuators,2
2022-W34,drivers/adc,1
2022-W34,drivers/camera_capture,1
2022-W34,drivers/camera_trigger,1
2022-W34,drivers/cyphal,1
2022-W34,drivers/distance_sensor,1
2022-W34,drivers/dshot,5
2022-W34,drivers/linux_pwm_out,2
2022-W34,drivers/pca9685_pwm_out,3
2022-W34,drivers/pps_capture,1
2022-W34,drivers/pwm_out,4
2022-W34,drivers/pwm_out_sim,1
2022-W34,drivers/px4io,4
2022-W34,drivers/rpm,1
2022-W34,drivers/tap_esc,2
2022-W34,drivers/uavcan,4
2022-W34,include,1
2022-W34,lib,2
2022-W34,lib/mixer,1
2022-W34,lib/mixer_module,5
2022-W34,lib/motion_planning,1
2022-W34,lib/parameters,3
2022-W34,lib/pwm,1
2022-W34,lib/systemlib,1
2022-W34,modules/commander,6
2022-W34,modules/control_allocator,2
2022-W34,modules/ekf2,5
2022-W34,modules/flight_mode_manager,1
2022-W34,modules/ignition_simulator,2
2022-W34,modules/logger,4
2022-W34,modules/mavlink,2
2022-W34,modules/mc_att_control,1
2022-W34,modules/rc_update,1
2022-W34,modules/sensors,1
2022-W34,modules/sih,1
2022-W34,modules/simulation,9
2022-W34,modules/simulator,2
2022-W34,modules/vtol_att_control,1
2022-W34,systemcmds/actuator_test,1
2022-W34,systemcmds/mixer,1
2022-W34,systemcmds/motor_test,1
2022-W34,systemcmds/pwm,1
2022-W34,systemcmds/tests,1
2022-W35,drivers,1
2022-W35,drivers/imu,1
2022-W35,drivers/magnetometer,2
2022-W35,drivers/uavcan,1
2022-W35,lib/events,3
2022-W35,lib/sensor_calibration,1
2022-W35,modules/airspeed_selector,1
2022-W35,modules/commander,7
2022-W35,modules/control_allocator,4
2022-W35,modules/ekf2,3
2022-W35,modules/flight_mode_manager,1
2022-W35,modules/logger,1
2022-W35,modules/manual_control,1
2022-W35,modules/mavlink,1
2022-W35,modules/navigator,3
2022-W35,modules/simulation,7
2022-W35,modules/temperature_compensation,1
2022-W36,drivers/imu,1
2022-W36,drivers/uavcan,1
2022-W36,drivers/uavcannode,1
2022-W36,lib/events,1
2022-W36,lib/mathlib,1
2022-W36,modules/commander,12
2022-W36,modules/dataman,1
2022-W36,modules/ekf2,4
2022-W36,modules/events,1
2022-W36,modules/flight_mode_manager,1
2022-W36,modules/gyro_calibration,1
2022-W36,modules/mag_bias_estimator,1
2022-W36,modules/mavlink,4
2022-W36,modules/navigator,4
2022-W36,modules/simulation,1
2022-W36,systemcmds/microbench,1
2022-W37,drivers/actuators,1
2022-W37,drivers/distance_sensor,2
2022-W37,drivers/gps,1
2022-W37,drivers/osd,3
2022-W37,drivers/rc,2
2022-W37,drivers/rc_input,1
2022-W37,lib/drivers,1
2022-W37,lib/sensor_calibration,1
2022-W37,modules/airspeed_selector,1
2022-W37,modules/commander,1
2022-W37,modules/ekf2,4
2022-W37,modules/flight_mode_manager,2
2022-W37,modules/fw_pos_control_l1,2
2022-W37,modules/navigator,4
2022-W37,modules/sensors,1
2022-W37,modules/simulation,3
2022-W38,drivers/cyphal,1
2022-W38,drivers/distance_sensor,1
2022-W38,drivers/gps,1
2022-W38,drivers/imu,1
2022-W38,drivers/magnetometer,2
2022-W38,drivers/px4io,1
2022-W38,drivers/rc,2
2022-W38,drivers/rc_input,1
2022-W38,drivers/rpi_rc_in,1
2022-W38,drivers/snapdragon_spektrum_rc,1
2022-W38,drivers/tap_esc,1
2022-W38,drivers/uavcan,2
2022-W38,examples/fixedwing_control,1
2022-W38,examples/px4_simple_app,1
2022-W38,include,1
2022-W38,lib/battery,1
2022-W38,lib/cdev,1
2022-W38,lib/controllib,1
2022-W38,lib/drivers,1
2022-W38,lib/events,1
2022-W38,lib/geo,1
2022-W38,lib/parameters,2
2022-W38,lib/rc,1
2022-W38,lib/wind_estimator,6
2022-W38,modules/commander,3
2022-W38,modules/control_allocator,1
2022-W38,modules/ekf2,5
2022-W38,modules/events,1
2022-W38,modules/flight_mode_manager,1
2022-W38,modules/fw_att_control,1
2022-W38,modules/fw_autotune_attitude_control,1
2022-W38,modules/fw_pos_control_l1,1
2022-W38,modules/gimbal,1
2022-W38,modules/logger,1
2022-W38,modules/mavlink,3
2022-W38,modules/muorb,1
2022-W38,modules/navigator,1
2022-W38,modules/payload_deliverer,2
2022-W38,modules/simulation,1
2022-W38,modules/vtol_att_control,5
2022-W38,systemcmds/tests,1
2022-W39,drivers/cyphal,2
2022-W39,drivers/distance_sensor,1
2022-W39,drivers/gps,1
2022-W39,drivers/magnetometer,1
2022-W39,drivers/osd,1
2022-W39,lib/component_information,2
2022-W39,lib/events,1
2022-W39,lib/hysteresis,1
2022-W39,lib/l1,1
2022-W39,lib/mathlib,2
2022-W39,lib/npfg,1
2022-W39,lib/parameters,1
2022-W39,modules/commander,1
2022-W39,modules/ekf2,3
2022-W39,modules/fw_att_control,1
2022-W39,modules/fw_pos_control_l1,1
2022-W39,modules/gyro_calibration,1
2022-W39,modules/logger,2
2022-W39,modules/mavlink,2
2022-W39,modules/mc_pos_control,1
2022-W39,modules/muorb,1
2022-W39,modules/navigator,2
2022-W39,modules/payload_deliverer,2
2022-W39,modules/sensors,5
2022-W39,modules/simulation,2
2022-W39,modules/temperature_compensation,1
2022-W39,modules/vtol_att_control,4
2022-W40,drivers,1
2022-W40,drivers/actuators,1
2022-W40,drivers/barometer,1
2022-W40,drivers/distance_sensor,1
2022-W40,drivers/imu,3
2022-W40,lib/drivers,1
2022-W40,modules/airspeed_selector,3
2022-W40,modules/commander,3
2022-W40,modules/control_allocator,1
2022-W40,modules/ekf2,6
2022-W40,modules/fw_pos_control_l1,6
2022-W40,modules/load_mon,1
2022-W40,modules/logger,1
2022-W40,modules/muorb,1
2022-W40,modules/navigator,4
2022-W40,modules/sensors,2
2022-W40,modules/simulation,1
2022-W41,drivers/osd,1
2022-W41,drivers/transponder,1
2022-W41,lib,1
2022-W41,lib/adsb,1
2022-W41,modules/commander,2
2022-W41,modules/ekf2,12
2022-W41,modules/events,1
2022-W41,modules/flight_mode_manager,1
2022-W41,modules/fw_att_control,4
2022-W41,modules/land_detector,1
2022-W41,modules/logger,3
2022-W41,modules/mavlink,5
2022-W41,modules/mc_pos_control,1
2022-W41,modules/payload_deliverer,1
2022-W41,modules/simulation,1
2022-W41,systemcmds/microbench,1
2022-W42,drivers,1
2022-W42,drivers/imu,1
2022-W42,drivers/protocol_splitter,1
2022-W42,lib,1
2022-W42,lib/adsb,1
2022-W42,lib/avoidance,1
2022-W42,lib/mathlib,2
2022-W42,lib/matrix,1
2022-W42,lib/motion_planning,1
2022-W42,lib/sensor_calibration,1
2022-W42,lib/tecs,6
2022-W42,lib/terrain_estimation,1
2022-W42,lib/timesync,1
2022-W42,lib/wind_estimator,1
2022-W42,modules/airship_att_control,1
2022-W42,modules/airspeed_selector,1
2022-W42,modules/attitude_estimator_q,1
2022-W42,modules/commander,5
2022-W42,modules/ekf2,19
2022-W42,modules/flight_mode_manager,3
2022-W42,modules/fw_pos_control_l1,8
2022-W42,modules/gimbal,1
2022-W42,modules/land_detector,5
2022-W42,modules/landing_target_estimator,1
2022-W42,modules/local_position_estimator,1
2022-W42,modules/logger,1
2022-W42,modules/mag_bias_estimator,1
2022-W42,modules/mavlink,6
2022-W42,modules/mc_pos_control,3
2022-W42,modules/microdds_client,2
2022-W42,modules/micrortps_bridge,1
2022-W42,modules/navigator,5
2022-W42,modules/sensors,4
2022-W42,modules/simulation,2
2022-W42,modules/temperature_compensation,1
2022-W42,modules/vtol_att_control,1
2022-W42,systemcmds/io_bypass_control,1
2022-W43,drivers/gps,1
2022-W43,lib/perf,1
2022-W43,lib/world_magnetic_model,1
2022-W43,modules/commander,2
2022-W43,modules/ekf2,9
2022-W43,modules/flight_mode_manager,2
2022-W43,modules/fw_att_control,2
2022-W43,modules/fw_pos_control_l1,3
2022-W43,modules/land_detector,4
2022-W43,modules/mavlink,1
2022-W43,modules/microdds_client,1
2022-W43,modules/muorb,2
2022-W43,modules/navigator,5
2022-W43,modules/simulation,1
2022-W43,systemcmds/perf,1
2022-W44,drivers/imu,1
2022-W44,drivers/magnetometer,1
2022-W44,drivers/osd,1
2022-W44,lib/events,1
2022-W44,lib/matrix,1
2022-W44,lib/mixer_module,1
2022-W44,modules/camera_feedback,1
2022-W44,modules/commander,3
2022-W44,modules/control_allocator,4
2022-W44,modules/ekf2,2
2022-W44,modules/fw_att_control,3
2022-W44,modules/fw_pos_control_l1,9
2022-W44,modules/land_detector,2
2022-W44,modules/logger,2
2022-W44,modules/mavlink,1
2022-W44,modules/mc_pos_control,2
2022-W44,modules/navigator,2
2022-W44,systemcmds/hardfault_log,1
2022-W44,systemcmds/ver,1
2022-W45,lib/avoidance,2
2022-W45,lib/events,1
2022-W45,lib/parameters,2
2022-W45,lib/tecs,2
2022-W45,modules/angular_velocity_controller,1
2022-W45,modules/commander,5
2022-W45,modules/ekf2,4
2022-W45,modules/fw_pos_control_l1,9
2022-W45,modules/land_detector,2
2022-W45,modules/mavlink,4
2022-W45,modules/mc_pos_control,1
2022-W45,modules/mc_rate_control,1
2022-W45,modules/muorb,1
2022-W45,modules/navigator,1
2022-W45,modules/sensors,2
2022-W45,modules/simulation,1
2022-W45,modules/uxrce_dds_client,1
2022-W45,modules/vtol_att_control,1
2022-W45,systemcmds/ver,1
2022-W46,drivers,1
2022-W46,drivers/actuators,1
2022-W46,drivers/bootloaders,1
2022-W46,drivers/gps,1
2022-W46,drivers/rc,1
2022-W46,drivers/safety_button,1
2022-W46,drivers/uavcan,1
2022-W46,drivers/uavcannode,1
2022-W46,lib/adsb,1
2022-W46,lib/geo,1
2022-W46,lib/parameters,1
2022-W46,modules/angular_velocity_controller,1
2022-W46,modules/commander,5
2022-W46,modules/ekf2,10
2022-W46,modules/fw_att_control,3
2022-W46,modules/fw_pos_control_l1,8
2022-W46,modules/gimbal,1
2022-W46,modules/land_detector,1
2022-W46,modules/local_position_estimator,1
2022-W46,modules/logger,2
2022-W46,modules/mavlink,2
2022-W46,modules/mc_pos_control,1
2022-W46,modules/mc_rate_control,1
2022-W46,modules/microdds_client,2
2022-W46,modules/navigator,6
2022-W46,modules/px4iofirmware,1
2022-W46,modules/sensors,1
2022-W46,modules/uxrce_dds_client,1
2022-W46,modules/vtol_att_control,3
2022-W47,drivers,1
2022-W47,drivers/power_monitor,1
2022-W47,drivers/pwm_out,2
2022-W47,drivers/px4io,2
2022-W47,drivers/tap_esc,1
2022-W47,examples/rover_steering_control,1
2022-W47,examples/uuv_example_app,1
2022-W47,lib/mathlib,1
2022-W47,lib/mixer_module,1
2022-W47,lib/npfg,1
2022-W47,lib/parameters,2
2022-W47,modules/commander,2
2022-W47,modules/ekf2,2
2022-W47,modules/fw_att_control,2
2022-W47,modules/fw_pos_control_l1,6
2022-W47,modules/gyro_calibration,1
2022-W47,modules/microdds_client,1
2022-W47,modules/rc_update,2
2022-W47,modules/simulation,2
2022-W47,modules/temperature_compensation,1
2022-W48,lib/mathlib,1
2022-W48,modules/commander,6
2022-W48,modules/ekf2,4
2022-W48,modules/fw_att_control,1
2022-W48,modules/fw_autotune_attitude_control,3
2022-W48,modules/gyro_calibration,1
2022-W48,modules/logger,1
2022-W48,modules/sensors,1
2022-W48,modules/simulation,1
2022-W48,modules/uxrce_dds_client,1
2022-W49,drivers/bootloaders,1
2022-W49,drivers/gps,1
2022-W49,drivers/qshell,1
2022-W49,drivers/test_ppm,1
2022-W49,drivers/uavcannode,1
2022-W49,lib,1
2022-W49,lib/crc,1
2022-W49,lib/drivers,1
2022-W49,lib/events,1
2022-W49,lib/mathlib,1
2022-W49,lib/parameters,1
2022-W49,lib/systemlib,2
2022-W49,lib/world_magnetic_model,1
2022-W49,modules/commander,4
2022-W49,modules/control_allocator,1
2022-W49,modules/ekf2,6
2022-W49,modules/logger,1
2022-W49,modules/mavlink,1
2022-W49,modules/muorb,2
2022-W49,modules/navigator,1
2022-W49,modules/sensors,2
2022-W49,modules/simulation,1
2022-W49,modules/vtol_att_control,4
2022-W50,drivers/cyphal,1
2022-W50,drivers/gps,1
2022-W50,drivers/uavcan,1
2022-W50,drivers/uavcannode,1
2022-W50,lib/drivers,1
2022-W50,modules/angular_velocity_controller,1
2022-W50,modules/commander,2
2022-W50,modules/ekf2,1
2022-W50,modules/mavlink,5
2022-W50,modules/muorb,2
2022-W50,modules/navigator,2
2022-W50,modules/vtol_att_control,3
2022-W51,drivers/actuators,1
2022-W51,drivers/cyphal,1
2022-W51,drivers/optical_flow,1
2022-W51,drivers/px4io,1
2022-W51,lib,1
2022-W51,lib/adsb,1
2022-W51,lib/airspeed,1
2022-W51,lib/battery,1
2022-W51,lib/component_information,1
2022-W51,lib/controllib,1
2022-W51,lib/drivers,1
2022-W51,lib/events,2
2022-W51,lib/parameters,3
2022-W51,lib/sensor_calibration,1
2022-W51,lib/system_identification,1
2022-W51,lib/tinybson,1
2022-W51,modules/airship_att_control,1
2022-W51,modules/airspeed_selector,2
2022-W51,modules/commander,2
2022-W51,modules/control_allocator,2
2022-W51,modules/ekf2,4
2022-W51,modules/flight_mode_manager,1
2022-W51,modules/fw_att_control,2
2022-W51,modules/fw_autotune_attitude_control,1
2022-W51,modules/fw_path_navigation,3
2022-W51,modules/fw_rate_control,3
2022-W51,modules/land_detector,1
2022-W51,modules/logger,5
2022-W51,modules/mavlink,4
2022-W51,modules/mc_autotune_attitude_control,1
2022-W51,modules/mc_pos_control,1
2022-W51,modules/mc_rate_control,2
2022-W51,modules/muorb,1
2022-W51,modules/navigator,1
2022-W51,modules/payload_deliverer,1
2022-W51,modules/rc_update,1
2022-W51,modules/rover_pos_control,1
2022-W51,modules/sensors,2
2022-W51,modules/uuv_att_control,2
2022-W51,modules/uuv_pos_control,1
2022-W51,modules/vtol_att_control,3
2022-W51,systemcmds/bsondump,1
2022-W51,systemcmds/param,1
2022-W51,systemcmds/tests,1
2022-W52,drivers/pca9685,1
2022-W52,examples/hwtest,1
2022-W52,lib/battery,1
2022-W52,lib/systemlib,1
2022-W52,modules/ekf2,4
2022-W52,systemcmds/hardfault_log,1
2023-W01,drivers,2
2023-W01,drivers/distance_sensor,1
2023-W01,drivers/imu,1
2023-W01,drivers/qshell,1
2023-W01,modules/commander,1
2023-W01,modules/ekf2,5
2023-W01,modules/fw_att_control,1
2023-W01,modules/fw_pos_control_l1,1
2023-W01,modules/fw_rate_control,1
2023-W01,modules/mavlink,3
2023-W01,modules/muorb,1
2023-W01,modules/navigator,1
2023-W01,modules/sensors,1
2023-W01,modules/simulation,7
2023-W02,drivers/adc,1
2023-W02,drivers/barometer,1
2023-W02,drivers/bootloaders,1
2023-W02,drivers/camera_capture,1
2023-W02,drivers/distance_sensor,2
2023-W02,drivers/imu,1
2023-W02,drivers/magnetometer,1
2023-W02,drivers/optical_flow,1
2023-W02,drivers/power_monitor,1
2023-W02,drivers/rpm,1
2023-W02,drivers/telemetry,1
2023-W02,lib/drivers,1
2023-W02,lib/matrix,1
2023-W02,lib/perf,1
2023-W02,modules/commander,4
2023-W02,modules/dataman,1
2023-W02,modules/ekf2,3
2023-W02,modules/flight_mode_manager,2
2023-W02,modules/fw_att_control,1
2023-W02,modules/fw_rate_control,1
2023-W02,modules/logger,3
2023-W02,modules/mavlink,2
2023-W02,modules/muorb,3
2023-W02,modules/navigator,8
2023-W02,modules/replay,1
2023-W02,modules/rover_pos_control,2
2023-W02,modules/sensors,3
2023-W02,modules/simulation,2
2023-W02,modules/temperature_compensation,1
2023-W02,modules/vtol_att_control,8
2023-W02,systemcmds/bl_update,1
2023-W02,systemcmds/hardfault_log,1
2023-W02,systemcmds/mtd,1
2023-W02,systemcmds/sd_bench,1
2023-W03,drivers,1
2023-W03,drivers/actuators,2
2023-W03,drivers/distance_sensor,1
2023-W03,drivers/imu,1
2023-W03,drivers/ins,1
2023-W03,drivers/uavcan,2
2023-W03,drivers/uavcannode,1
2023-W03,lib/perf,1
2023-W03,lib/wind_estimator,3
2023-W03,modules/commander,1
2023-W03,modules/ekf2,4
2023-W03,modules/logger,2
2023-W03,modules/mavlink,1
2023-W03,modules/microdds_client,1
2023-W03,modules/navigator,1
2023-W03,modules/simulation,1
2023-W04,drivers,1
2023-W04,drivers/actuators,1
2023-W04,drivers/imu,1
2023-W04,drivers/lights,1
2023-W04,lib/tecs,4
2023-W04,lib/wind_estimator,2
2023-W04,lib/world_magnetic_model,1
2023-W04,modules/airspeed_selector,1
2023-W04,modules/commander,3
2023-W04,modules/ekf2,2
2023-W04,modules/fw_path_navigation,1
2023-W04,modules/fw_pos_control_l1,3
2023-W04,modules/mavlink,3
2023-W04,modules/mc_att_control,1
2023-W04,modules/mc_pos_control,1
2023-W04,modules/navigator,5
2023-W04,modules/simulation,5
2023-W04,systemcmds/ver,1
2023-W05,drivers,3
2023-W05,drivers/imu,1
2023-W05,drivers/lights,1
2023-W05,lib/mathlib,1
2023-W05,lib/slew_rate,1
2023-W05,modules/commander,5
2023-W05,modules/ekf2,7
2023-W05,modules/flight_mode_manager,1
2023-W05,modules/fw_path_navigation,2
2023-W05,modules/logger,1
2023-W05,modules/mc_att_control,4
2023-W05,modules/mc_pos_control,1
2023-W05,modules/navigator,1
2023-W06,drivers/cyphal,1
2023-W06,drivers/qshell,1
2023-W06,lib/battery,1
2023-W06,lib/mixer_module,1
2023-W06,lib/npfg,1
2023-W06,lib/parameters,1
2023-W06,lib/sensor_calibration,1
2023-W06,modules/commander,1
2023-W06,modules/ekf2,3
2023-W06,modules/flight_mode_manager,2
2023-W06,modules/fw_path_navigation,5
2023-W06,modules/fw_pos_control_l1,3
2023-W06,modules/logger,1
2023-W06,modules/mavlink,3
2023-W06,modules/microdds_client,1
2023-W06,modules/navigator,4
2023-W06,modules/simulation,1
2023-W07,drivers/imu,2
2023-W07,drivers/linux_pwm_out,1
2023-W07,drivers/telemetry,1
2023-W07,lib/matrix,1
2023-W07,modules/commander,5
2023-W07,modules/ekf2,3
2023-W07,modules/fw_path_navigation,2
2023-W07,modules/logger,4
2023-W07,modules/mavlink,5
2023-W07,modules/navigator,4
2023-W07,modules/simulation,4
2023-W08,drivers/cyphal,1
2023-W08,drivers/imu,1
2023-W08,drivers/ins,1
2023-W08,lib/matrix,1
2023-W08,lib/tecs,1
2023-W08,modules/airspeed_selector,1
2023-W08,modules/commander,4
2023-W08,modules/ekf2,18
2023-W08,modules/flight_mode_manager,6
2023-W08,modules/fw_path_navigation,2
2023-W08,modules/mavlink,1
2023-W08,modules/mc_rate_control,1
2023-W08,modules/payload_deliverer,1
2023-W08,modules/sensors,1
2023-W08,modules/simulation,1
2023-W08,modules/vtol_att_control,1
2023-W08,systemcmds/mtd,1
2023-W09,drivers,1
2023-W09,drivers/distance_sensor,1
2023-W09,drivers/gps,2
2023-W09,drivers/imu,1
2023-W09,drivers/roboclaw,1
2023-W09,examples/fake_gps,1
2023-W09,lib/l1,2
2023-W09,lib/mathlib,2
2023-W09,lib/tecs,2
2023-W09,modules/commander,2
2023-W09,modules/ekf2,2
2023-W09,modules/fw_att_control,1
2023-W09,modules/fw_path_navigation,3
2023-W09,modules/fw_rate_control,3
2023-W09,modules/mavlink,1
2023-W09,modules/mc_att_control,1
2023-W09,modules/navigator,2
2023-W09,modules/rover_pos_control,2
2023-W09,modules/simulation,3
2023-W09,modules/uuv_att_control,1
2023-W09,modules/vtol_att_control,3
2023-W10,drivers/actuators,1
2023-W10,drivers/qshell,1
2023-W10,lib/matrix,3
2023-W10,lib/mixer_module,1
2023-W10,lib/parameters,2
2023-W10,lib/system_identification,1
2023-W10,lib/tecs,1
2023-W10,modules/commander,3
2023-W10,modules/control_allocator,1
2023-W10,modules/ekf2,5
2023-W10,modules/flight_mode_manager,3
2023-W10,modules/fw_path_navigation,1
2023-W10,modules/gimbal,1
2023-W10,modules/logger,1
2023-W10,modules/mavlink,4
2023-W10,modules/mc_att_control,3
2023-W10,modules/microdds_client,2
2023-W10,modules/navigator,4
2023-W10,modules/rover_pos_control,1
2023-W10,systemcmds/tests,1
2023-W11,drivers/distance_sensor,2
2023-W11,drivers/gps,1
2023-W11,drivers/imu,1
2023-W11,drivers/magnetometer,1
2023-W11,drivers/uavcan,1
2023-W11,drivers/uavcannode,2
2023-W11,lib/adsb,1
2023-W11,lib/parameters,2
2023-W11,modules/airspeed_selector,1
2023-W11,modules/commander,1
2023-W11,modules/ekf2,10
2023-W11,modules/fw_path_navigation,1
2023-W11,modules/land_detector,1
2023-W11,modules/landing_target_estimator,1
2023-W11,modules/vtol_att_control,1
2023-W12,drivers/sw_crypto,2
2023-W12,drivers/uavcannode,1
2023-W12,lib/world_magnetic_model,1
2023-W12,modules/control_allocator,1
2023-W12,modules/ekf2,6
2023-W12,modules/fw_path_navigation,1
2023-W12,modules/gimbal,1
2023-W12,modules/mavlink,2
2023-W12,modules/navigator,1
2023-W12,modules/vtol_att_control,2
2023-W13,drivers/gps,1
2023-W13,lib/matrix,1
2023-W13,lib/tecs,1
2023-W13,modules/commander,1
2023-W13,modules/control_allocator,5
2023-W13,modules/ekf2,7
2023-W13,modules/fw_path_navigation,1
2023-W13,modules/logger,1
2023-W13,modules/microdds_client,1
2023-W13,modules/navigator,1
2023-W13,modules/simulation,1
2023-W14,drivers/distance_sensor,1
2023-W14,drivers/gps,1
2023-W14,drivers/ins,2
2023-W14,drivers/uavcan,2
2023-W14,lib/tecs,5
2023-W14,modules/control_allocator,3
2023-W14,modules/ekf2,3
2023-W14,modules/fw_path_navigation,3
2023-W14,modules/navigator,2
2023-W14,modules/sensors,1
2023-W15,drivers/cyphal,1
2023-W15,drivers/gps,2
2023-W15,drivers/ins,1
2023-W15,drivers/osd,1
2023-W15,modules/control_allocator,1
2023-W15,modules/flight_mode_manager,4
2023-W15,modules/fw_path_navigation,1
2023-W15,modules/fw_pos_control,2
2023-W15,modules/gimbal,1
2023-W15,modules/mavlink,1
2023-W15,modules/microdds_client,2
2023-W15,modules/navigator,1
2023-W15,modules/simulation,1
2023-W15,modules/vtol_att_control,1
2023-W16,drivers/actuators,2
2023-W16,drivers/gps,1
2023-W16,drivers/spektrum_rc,1
2023-W16,lib/parameters,1
2023-W16,modules/commander,1
2023-W16,modules/ekf2,3
2023-W16,modules/microdds_client,1
2023-W16,modules/muorb,1
2023-W16,modules/navigator,3
2023-W16,modules/uxrce_dds_client,1
2023-W16,modules/vtol_att_control,6
2023-W17,drivers/cyphal,4
2023-W17,drivers/hygrometer,1
2023-W17,drivers/imu,1
2023-W17,drivers/linux_pwm_out,1
2023-W17,drivers/pca9685_pwm_out,1
2023-W17,drivers/pwm_out,1
2023-W17,drivers/px4io,2
2023-W17,drivers/rc_input,1
2023-W17,lib/matrix,2
2023-W17,lib/mixer_module,1
2023-W17,modules/commander,1
2023-W17,modules/control_allocator,5
2023-W17,modules/ekf2,4
2023-W17,modules/gimbal,1
2023-W17,modules/mavlink,1
2023-W17,modules/mc_pos_control,1
2023-W17,modules/navigator,2
2023-W17,modules/vtol_att_control,2
2023-W18,drivers/adc,1
2023-W18,drivers/cyphal,1
2023-W18,drivers/gps,4
2023-W18,drivers/imu,2
2023-W18,drivers/rc,1
2023-W18,lib/dataman_client,3
2023-W18,lib/events,1
2023-W18,lib/matrix,1
2023-W18,lib/world_magnetic_model,1
2023-W18,modules/commander,1
2023-W18,modules/control_allocator,3
2023-W18,modules/ekf2,1
2023-W18,modules/fw_att_control,2
2023-W18,modules/gimbal,2
2023-W18,modules/manual_control,1
2023-W18,modules/mavlink,3
2023-W18,modules/navigator,1
2023-W18,modules/rc_update,1
2023-W18,systemcmds/tests,1
2023-W19,drivers/uavcan,1
2023-W19,drivers/uavcannode,1
2023-W19,lib,1
2023-W19,lib/avoidance,1
2023-W19,lib/dataman_client,3
2023-W19,lib/sensor_calibration,1
2023-W19,modules/airspeed_selector,1
2023-W19,modules/commander,1
2023-W19,modules/dataman,3
2023-W19,modules/ekf2,1
2023-W19,modules/flight_mode_manager,2
2023-W19,modules/fw_pos_control,3
2023-W19,modules/fw_rate_control,1
2023-W19,modules/manual_control,8
2023-W19,modules/mavlink,5
2023-W19,modules/mc_pos_control,1
2023-W19,modules/navigator,5
2023-W19,modules/rc_update,2
2023-W19,modules/simulation,1
2023-W19,modules/temperature_compensation,1
2023-W19,modules/vtol_att_control,2
2023-W19,systemcmds/tests,3
2023-W20,drivers/gps,3
2023-W20,drivers/uavcan,2
2023-W20,lib/dataman_client,1
2023-W20,lib/tecs,1
2023-W20,modules/commander,1
2023-W20,modules/dataman,3
2023-W20,modules/fw_att_control,5
2023-W20,modules/fw_pos_control,1
2023-W20,modules/fw_rate_control,3
2023-W20,modules/manual_control,1
2023-W20,modules/mavlink,1
2023-W20,modules/navigator,1
2023-W20,modules/vtol_att_control,2
2023-W20,systemcmds/hardfault_log,1
2023-W20,systemcmds/tests,1
2023-W21,drivers/actuators,1
2023-W21,drivers/dshot,1
2023-W21,drivers/uavcannode,1
2023-W21,lib/rate_control,1
2023-W21,modules/fw_pos_control,1
2023-W21,modules/fw_rate_control,1
2023-W21,modules/mavlink,3
2023-W21,modules/mc_rate_control,1
2023-W22,drivers,1
2023-W22,drivers/cyphal,1
2023-W22,drivers/gps,1
2023-W22,drivers/ins,1
2023-W22,drivers/lights,1
2023-W22,drivers/osd,1
2023-W22,drivers/rc,1
2023-W22,drivers/rc_input,1
2023-W22,drivers/telemetry,1
2023-W22,drivers/transponder,1
2023-W22,drivers/uavcan,1
2023-W22,drivers/uavcannode,1
2023-W22,examples/fake_gps,1
2023-W22,examples/fake_magnetometer,1
2023-W22,lib/events,1
2023-W22,lib/version,1
2023-W22,modules/attitude_estimator_q,1
2023-W22,modules/commander,2
2023-W22,modules/ekf2,2
2023-W22,modules/local_position_estimator,1
2023-W22,modules/logger,2
2023-W22,modules/mavlink,1
2023-W22,modules/navigator,3
2023-W22,modules/sensors,1
2023-W22,modules/simulation,2
2023-W22,modules/vtol_att_control,1
2023-W22,systemcmds/netman,1
2023-W23,drivers/adc,1
2023-W23,drivers/uavcan,1
2023-W23,lib/mixer_module,3
2023-W23,lib/systemlib,1
2023-W23,modules/commander,2
2023-W23,modules/ekf2,2
2023-W23,modules/mavlink,1
2023-W23,modules/navigator,6
2023-W23,modules/rc_update,1
2023-W23,systemcmds/netman,1
2023-W24,drivers,1
2023-W24,drivers/gpio,1
2023-W24,lib/rate_control,1
2023-W24,modules/commander,4
2023-W24,modules/ekf2,1
2023-W24,modules/fw_rate_control,2
2023-W24,modules/mavlink,1
2023-W24,modules/navigator,2
2023-W24,modules/uxrce_dds_client,1
2023-W24,systemcmds/gpio,1
2023-W25,drivers/adc,1
2023-W25,drivers/distance_sensor,1
2023-W25,lib/matrix,1
2023-W25,lib/parameters,1
2023-W25,modules/commander,5
2023-W25,modules/dataman,1
2023-W25,modules/ekf2,1
2023-W25,modules/mavlink,1
2023-W25,modules/mc_pos_control,5
2023-W25,modules/navigator,2
2023-W25,modules/temperature_compensation,1
2023-W25,modules/vtol_att_control,2
2023-W25,systemcmds/param,1
2023-W25,systemcmds/tests,1
2023-W26,drivers/barometer,1
2023-W26,lib/dataman_client,1
2023-W26,lib/wind_estimator,2
2023-W26,modules/airspeed_selector,2
2023-W26,modules/ekf2,5
2023-W26,modules/flight_mode_manager,2
2023-W26,modules/mc_pos_control,1
2023-W26,modules/navigator,4
2023-W26,modules/rc_update,2
2023-W26,modules/simulation,2
2023-W26,modules/vtol_att_control,3
2023-W27,drivers/distance_sensor,2
2023-W27,examples/fake_magnetometer,1
2023-W27,lib,1
2023-W27,lib/cdrstream,1
2023-W27,lib/sensor_calibration,1
2023-W27,modules/airspeed_selector,2
2023-W27,modules/ekf2,6
2023-W27,modules/mavlink,2
2023-W27,modules/navigator,5
2023-W27,modules/rc_update,4
2023-W27,modules/sensors,2
2023-W27,modules/zenoh,1
2023-W28,drivers/actuators,1
2023-W28,drivers/tap_esc,1
2023-W28,drivers/uavcan,1
2023-W28,drivers/uwb,1
2023-W28,lib/mathlib,2
2023-W28,lib/modes,1
2023-W28,lib/systemlib,1
2023-W28,lib/tecs,2
2023-W28,modules/commander,3
2023-W28,modules/ekf2,4
2023-W28,modules/flight_mode_manager,1
2023-W28,modules/fw_pos_control,4
2023-W28,modules/landing_target_estimator,1
2023-W28,modules/mavlink,3
2023-W28,modules/navigator,2
2023-W28,modules/simulation,1
2023-W28,systemcmds/hardfault_log,1
2023-W29,lib/system_identification,1
2023-W29,lib/world_magnetic_model,1
2023-W29,modules/ekf2,5
2023-W29,modules/mavlink,1
2023-W29,modules/simulation,1
2023-W29,modules/temperature_compensation,1
2023-W30,drivers/gps,1
2023-W30,lib/world_magnetic_model,2
2023-W30,modules/commander,7
2023-W30,modules/control_allocator,1
2023-W30,modules/ekf2,8
2023-W30,modules/logger,1
2023-W30,modules/manual_control,1
2023-W30,modules/mavlink,4
2023-W30,modules/navigator,1
2023-W30,modules/sensors,1
2023-W30,modules/simulation,1
2023-W30,modules/uxrce_dds_client,2
2023-W30,modules/zenoh,1
2023-W31,drivers/gps,1
2023-W31,drivers/uavcan,1
2023-W31,modules/ekf2,2
2023-W31,modules/uxrce_dds_client,1
2023-W32,drivers/imu,2
2023-W32,drivers/magnetometer,1
2023-W32,drivers/pca9685_pwm_out,1
2023-W32,include/containers,1
2023-W32,lib/matrix,1
2023-W32,lib/parameters,1
2023-W32,lib/sensor_calibration,1
2023-W32,lib/world_magnetic_model,1
2023-W32,modules/attitude_estimator_q,1
2023-W32,modules/ekf2,5
2023-W32,modules/flight_mode_manager,1
2023-W32,modules/mavlink,1
2023-W32,modules/navigator,2
2023-W32,modules/uxrce_dds_client,2
2023-W33,drivers,1
2023-W33,drivers/heater,1
2023-W33,drivers/imu,1
2023-W33,drivers/telemetry,1
2023-W33,modules/control_allocator,1
2023-W33,modules/ekf2,4
2023-W33,modules/flight_mode_manager,5
2023-W33,modules/fw_autotune_attitude_control,2
2023-W33,modules/navigator,2
2023-W33,modules/simulation,1
2023-W34,drivers/ins,1
2023-W34,include/containers,1
2023-W34,lib,1
2023-W34,lib/conversion,1
2023-W34,lib/heatshrink,1
2023-W34,lib/npfg,1
2023-W34,lib/sensor_calibration,1
2023-W34,lib/systemlib,1
2023-W34,modules/commander,3
2023-W34,modules/control_allocator,3
2023-W34,modules/dataman,1
2023-W34,modules/ekf2,1
2023-W34,modules/flight_mode_manager,1
2023-W34,modules/fw_pos_control,8
2023-W34,modules/local_position_estimator,1
2023-W34,modules/logger,1
2023-W34,modules/mavlink,5
2023-W34,modules/navigator,3
2023-W34,modules/replay,1
2023-W34,modules/sensors,1
2023-W34,modules/simulation,1
2023-W34,modules/uxrce_dds_client,1
2023-W34,modules/vtol_att_control,1
2023-W35,drivers,1
2023-W35,drivers/gps,1
2023-W35,lib/mixer_module,1
2023-W35,lib/tecs,1
2023-W35,modules/ekf2,8
2023-W35,modules/fw_pos_control,2
2023-W35,modules/mavlink,2
2023-W35,modules/mc_att_control,2
2023-W35,modules/mc_pos_control,1
2023-W36,drivers,1
2023-W36,drivers/adc,1
2023-W36,drivers/differential_pressure,2
2023-W36,drivers/power_monitor,1
2023-W36,drivers/uavcan,1
2023-W36,drivers/uwb,1
2023-W36,modules/control_allocator,1
2023-W36,modules/dataman,1
2023-W36,modules/uxrce_dds_client,1
2023-W36,systemcmds/i2c_launcher,1
2023-W37,drivers/camera_capture,1
2023-W37,drivers/ins,1
2023-W37,drivers/optical_flow,2
2023-W37,drivers/power_monitor,1
2023-W37,drivers/rc_input,1
2023-W37,modules/commander,3
2023-W37,modules/ekf2,4
2023-W37,modules/fw_pos_control,2
2023-W37,modules/landing_target_estimator,1
2023-W37,modules/logger,1
2023-W37,modules/mavlink,1
2023-W37,modules/navigator,1
2023-W37,modules/sensors,1
2023-W37,modules/uxrce_dds_client,1
2023-W38,drivers/osd,1
2023-W38,lib/events,2
2023-W38,lib/modes,1
2023-W38,modules/commander,2
2023-W38,modules/ekf2,5
2023-W38,modules/fw_pos_control,2
2023-W38,modules/manual_control,1
2023-W38,modules/mavlink,3
2023-W38,modules/mc_att_control,1
2023-W38,modules/mc_rate_control,4
2023-W38,modules/navigator,1
2023-W38,modules/replay,1
2023-W38,modules/uxrce_dds_client,1
2023-W39,drivers/rc,1
2023-W39,lib/battery,1
2023-W39,lib/parameters,1
2023-W39,modules/airspeed_selector,1
2023-W39,modules/commander,1
2023-W39,modules/control_allocator,2
2023-W39,modules/ekf2,9
2023-W39,modules/flight_mode_manager,1
2023-W39,modules/fw_att_control,1
2023-W39,modules/fw_pos_control,1
2023-W39,modules/fw_rate_control,1
2023-W39,modules/mavlink,1
2023-W39,modules/uxrce_dds_client,2
2023-W39,modules/vtol_att_control,2
2023-W40,drivers/imu,1
2023-W40,drivers/roboclaw,1
2023-W40,drivers/uavcan,1
2023-W40,include/containers,1
2023-W40,lib,2
2023-W40,lib/events,1
2023-W40,lib/ringbuffer,1
2023-W40,lib/variable_length_ringbuffer,1
2023-W40,modules/commander,2
2023-W40,modules/ekf2,9
2023-W40,modules/mavlink,1
2023-W40,modules/navigator,1
2023-W40,modules/sensors,1
2023-W40,modules/simulation,1
2023-W40,modules/vtol_att_control,1
2023-W41,drivers/distance_sensor,1
2023-W41,drivers/roboclaw,7
2023-W41,lib/rc,1
2023-W41,lib/wind_estimator,1
2023-W41,modules/commander,1
2023-W41,modules/ekf2,10
2023-W41,modules/mavlink,1
2023-W41,modules/rover_pos_control,1
2023-W41,modules/simulation,1
2023-W41,modules/uxrce_dds_client,2
2023-W42,drivers/bootloaders,2
2023-W42,drivers/imu,1
2023-W42,drivers/osd,1
2023-W42,drivers/pca9685_pwm_out,1
2023-W42,drivers/px4io,1
2023-W42,drivers/uavcannode,2
2023-W42,lib,1
2023-W42,lib/airspeed,1
2023-W42,lib/atmosphere,1
2023-W42,modules/commander,1
2023-W42,modules/dataman,1
2023-W42,modules/ekf2,5
2023-W42,modules/mavlink,4
2023-W42,modules/navigator,2
2023-W42,modules/sensors,1
2023-W42,systemcmds/tests,1
2023-W43,drivers/imu,1
2023-W43,lib/npfg,1
2023-W43,modules/commander,2
2023-W43,modules/ekf2,1
2023-W43,modules/fw_att_control,1
2023-W43,modules/fw_pos_control,2
2023-W43,modules/mavlink,1
2023-W43,modules/mc_pos_control,1
2023-W43,modules/navigator,2
2023-W43,modules/uxrce_dds_client,2
2023-W44,drivers/imu,1
2023-W44,drivers/uavcan,2
2023-W44,drivers/uavcannode,1
2023-W44,lib/matrix,1
2023-W44,lib/parameters,1
2023-W44,modules/commander,2
2023-W44,modules/control_allocator,1
2023-W44,modules/ekf2,2
2023-W44,modules/flight_mode_manager,1
2023-W44,modules/local_position_estimator,1
2023-W44,modules/mavlink,1
2023-W44,modules/mc_pos_control,1
2023-W44,modules/navigator,1
2023-W44,modules/uxrce_dds_client,2
2023-W44,modules/zenoh,1
2023-W45,drivers/roboclaw,1
2023-W45,lib/mixer_module,1
2023-W45,lib/modes,1
2023-W45,lib/motion_planning,1
2023-W45,lib/tecs,1
2023-W45,modules/commander,5
2023-W45,modules/ekf2,3
2023-W45,modules/fw_pos_control,1
2023-W45,modules/mavlink,4
2023-W45,modules/mc_pos_control,1
2023-W45,modules/navigator,5
2023-W45,modules/rover_pos_control,1
2023-W46,drivers/gps,1
2023-W46,drivers/ins,1
2023-W46,drivers/px4io,2
2023-W46,drivers/rc_input,1
2023-W46,drivers/roboclaw,7
2023-W46,lib/events,1
2023-W46,lib/motion_planning,2
2023-W46,lib/parameters,2
2023-W46,modules/commander,1
2023-W46,modules/control_allocator,1
2023-W46,modules/ekf2,5
2023-W46,modules/flight_mode_manager,1
2023-W46,modules/fw_autotune_attitude_control,1
2023-W46,modules/fw_pos_control,2
2023-W46,modules/land_detector,1
2023-W46,modules/logger,2
2023-W46,modules/mavlink,3
2023-W46,modules/mc_autotune_attitude_control,1
2023-W46,modules/mc_pos_control,1
2023-W46,modules/navigator,13
2023-W46,modules/uxrce_dds_client,1
2023-W46,modules/zenoh,1
2023-W47,drivers/batt_smbus,1
2023-W47,drivers/distance_sensor,1
2023-W47,drivers/imu,1
2023-W47,drivers/power_monitor,1
2023-W47,drivers/px4io,1
2023-W47,drivers/roboclaw,1
2023-W47,drivers/smart_battery,1
2023-W47,drivers/uavcan,1
2023-W47,drivers/uavcannode,1
2023-W47,lib,1
2023-W47,lib/airspeed,1
2023-W47,lib/atmosphere,1
2023-W47,lib/drivers,1
2023-W47,lib/events,1
2023-W47,lib/fw_performance_model,1
2023-W47,lib/geo,1
2023-W47,lib/matrix,1
2023-W47,lib/motion_planning,6
2023-W47,lib/parameters,1
2023-W47,lib/tecs,2
2023-W47,lib/timesync,1
2023-W47,modules/commander,4
2023-W47,modules/ekf2,4
2023-W47,modules/flight_mode_manager,3
2023-W47,modules/fw_pos_control,3
2023-W47,modules/fw_rate_control,1
2023-W47,modules/logger,2
2023-W47,modules/mavlink,1
2023-W47,modules/mc_pos_control,3
2023-W47,modules/replay,1
2023-W47,modules/sensors,3
2023-W47,modules/simulation,1
2023-W47,modules/uxrce_dds_client,3
2023-W47,modules/vtol_att_control,3
2023-W48,drivers/adc,1
2023-W48,drivers/barometer,2
2023-W48,drivers/batt_smbus,1
2023-W48,drivers/bootloaders,1
2023-W48,drivers/camera_capture,1
2023-W48,drivers/camera_trigger,1
2023-W48,drivers/differential_pressure,2
2023-W48,drivers/distance_sensor,1
2023-W48,drivers/dshot,1
2023-W48,drivers/gps,1
2023-W48,drivers/heater,1
2023-W48,drivers/imu,1
2023-W48,drivers/ins,1
2023-W48,drivers/irlock,1
2023-W48,drivers/lights,1
2023-W48,drivers/linux_pwm_out,1
2023-W48,drivers/magnetometer,1
2023-W48,drivers/optical_flow,1
2023-W48,drivers/osd,1
2023-W48,drivers/pca9685_pwm_out,1
2023-W48,drivers/power_monitor,1
2023-W48,drivers/pps_capture,1
2023-W48,drivers/pwm_input,1
2023-W48,drivers/pwm_out,1
2023-W48,drivers/rc,1
2023-W48,drivers/rc_input,1
2023-W48,drivers/roboclaw,4
2023-W48,drivers/rpi_rc_in,1
2023-W48,drivers/safety_button,1
2023-W48,drivers/sw_crypto,1
2023-W48,drivers/telemetry,1
2023-W48,drivers/test_ppm,1
2023-W48,drivers/tone_alarm,1
2023-W48,drivers/transponder,1
2023-W48,examples/dyn_hello,1
2023-W48,examples/fake_gps,1
2023-W48,examples/fake_magnetometer,1
2023-W48,examples/hello,1
2023-W48,examples/matlab_csv_serial,2
2023-W48,examples/px4_mavlink_debug,1
2023-W48,examples/px4_simple_app,1
2023-W48,examples/work_item,1
2023-W48,lib/atmosphere,1
2023-W48,lib/component_information,1
2023-W48,lib/controllib,1
2023-W48,lib/drivers,1
2023-W48,lib/mathlib,1
2023-W48,lib/matrix,1
2023-W48,lib/motion_planning,2
2023-W48,lib/npfg,1
2023-W48,lib/systemlib,2
2023-W48,lib/weather_vane,1
2023-W48,lib/world_magnetic_model,3
2023-W48,modules/battery_status,1
2023-W48,modules/commander,1
2023-W48,modules/control_allocator,1
2023-W48,modules/differential_drive_control,1
2023-W48,modules/ekf2,4
2023-W48,modules/flight_mode_manager,2
2023-W48,modules/fw_att_control,1
2023-W48,modules/fw_pos_control,2
2023-W48,modules/logger,2
2023-W48,modules/mavlink,5
2023-W48,modules/mc_pos_control,4
2023-W48,modules/navigator,4
2023-W48,modules/px4iofirmware,1
2023-W48,modules/replay,2
2023-W48,modules/sensors,1
2023-W48,modules/simulation,2
2023-W48,modules/uxrce_dds_client,3
2023-W48,modules/zenoh,1
2023-W48,systemcmds/gpio,1
2023-W48,systemcmds/i2cdetect,1
2023-W48,systemcmds/io_bypass_control,1
2023-W48,systemcmds/param,1
2023-W48,systemcmds/serial_passthru,1
2023-W48,systemcmds/system_time,1
2023-W49,drivers/distance_sensor,1
2023-W49,drivers/osd,1
2023-W49,lib/circuit_breaker,1
2023-W49,lib/mixer_module,2
2023-W49,lib/npfg,1
2023-W49,lib/parameters,2
2023-W49,lib/systemlib,1
2023-W49,lib/tecs,1
2023-W49,lib/world_magnetic_model,1
2023-W49,modules/airspeed_selector,1
2023-W49,modules/commander,3
2023-W49,modules/control_allocator,1
2023-W49,modules/dataman,3
2023-W49,modules/differential_drive_control,1
2023-W49,modules/ekf2,5
2023-W49,modules/flight_mode_manager,1
2023-W49,modules/fw_att_control,1
2023-W49,modules/fw_pos_control,4
2023-W49,modules/fw_rate_control,1
2023-W49,modules/logger,2
2023-W49,modules/mavlink,4
2023-W49,modules/mc_att_control,1
2023-W49,modules/navigator,3
2023-W49,modules/sensors,1
2023-W49,modules/simulation,1
2023-W49,modules/uxrce_dds_client,1
2023-W49,modules/vtol_att_control,2
2023-W49,modules/zenoh,1
2023-W49,systemcmds/netman,1
2023-W49,systemcmds/tests,2
2023-W50,lib/tecs,5
2023-W50,lib/timesync,1
2023-W50,modules/differential_drive_control,2
2023-W50,modules/ekf2,3
2023-W50,modules/fw_pos_control,3
2023-W50,modules/logger,1
2023-W50,modules/mavlink,1
2023-W50,modules/navigator,3
2023-W50,modules/sensors,1
2023-W50,modules/uxrce_dds_client,3
2023-W50,modules/vtol_att_control,1
2023-W50,systemcmds/i2c_launcher,1
2023-W51,drivers,1
2023-W51,drivers/dshot,1
2023-W51,drivers/imu,1
2023-W51,drivers/ins,1
2023-W51,lib/events,1
2023-W51,lib/matrix,5
2023-W51,lib/parameters,1
2023-W51,lib/systemlib,1
2023-W51,modules/attitude_estimator_q,1
2023-W51,modules/commander,1
2023-W51,modules/ekf2,2
2023-W51,modules/flight_mode_manager,1
2023-W51,modules/fw_autotune_attitude_control,1
2023-W51,modules/local_position_estimator,1
2023-W51,modules/mc_autotune_attitude_control,1
2023-W51,modules/navigator,2
2023-W51,modules/sensors,2
2023-W51,modules/simulation,1
2023-W51,modules/uxrce_dds_client,1
2024-W01,drivers/optical_flow,1
2024-W01,modules/commander,1
2024-W01,modules/mavlink,1
2024-W01,systemcmds/netman,1
2024-W01,systemcmds/reboot,1
2024-W02,lib/matrix,1
2024-W02,lib/version,1
2024-W02,modules/control_allocator,1
2024-W02,modules/ekf2,7
2024-W02,modules/fw_pos_control,2
2024-W02,modules/fw_rate_control,1
2024-W02,modules/logger,1
2024-W02,modules/navigator,1
2024-W02,modules/sensors,1
2024-W02,modules/vtol_att_control,1
2024-W02,systemcmds/netman,1
2024-W03,drivers/actuators,1
2024-W03,drivers/power_monitor,1
2024-W03,drivers/voxl2_io,1
2024-W03,lib/battery,1
2024-W03,lib/matrix,1
2024-W03,lib/parameters,1
2024-W03,modules/differential_drive_control,1
2024-W03,modules/ekf2,9
2024-W03,modules/logger,1
2024-W03,modules/mc_att_control,1
2024-W03,modules/muorb,1
2024-W03,modules/navigator,1
2024-W03,modules/uxrce_dds_client,1
2024-W03,modules/vtol_att_control,1
2024-W03,systemcmds/ver,1
2024-W04,drivers/gps,1
2024-W04,drivers/wind_sensor,1
2024-W04,lib,1
2024-W04,lib/parameters,1
2024-W04,lib/rtl,1
2024-W04,lib/system_identification,1
2024-W04,lib/world_magnetic_model,1
2024-W04,modules/commander,1
2024-W04,modules/control_allocator,1
2024-W04,modules/dataman,1
2024-W04,modules/differential_drive,5
2024-W04,modules/differential_drive_control,1
2024-W04,modules/ekf2,4
2024-W04,modules/flight_mode_manager,1
2024-W04,modules/logger,3
2024-W04,modules/mavlink,1
2024-W04,modules/mc_att_control,1
2024-W04,modules/mc_pos_control,1
2024-W04,modules/navigator,1
2024-W04,modules/temperature_compensation,1
2024-W04,modules/uxrce_dds_client,2
2024-W04,modules/zenoh,1
2024-W05,drivers/barometer,2
2024-W05,drivers/power_monitor,1
2024-W05,lib/mixer_module,1
2024-W05,modules/airspeed_selector,2
2024-W05,modules/commander,1
2024-W05,modules/differential_drive,3
2024-W05,modules/ekf2,3
2024-W05,modules/fw_pos_control,1
2024-W05,modules/gimbal,1
2024-W05,modules/logger,2
2024-W05,modules/navigator,2
2024-W05,modules/simulation,1
2024-W05,modules/temperature_compensation,1
2024-W05,modules/uuv_att_control,1
2024-W05,modules/vtol_att_control,1
2024-W06,drivers/distance_sensor,1
2024-W06,drivers/gps,1
2024-W06,drivers/pwm_out,1
2024-W06,drivers/px4io,1
2024-W06,drivers/uavcannode,1
2024-W06,lib/battery,1
2024-W06,lib/parameters,1
2024-W06,modules/ekf2,1
2024-W06,modules/flight_mode_manager,2
2024-W06,modules/fw_pos_control,1
2024-W06,modules/logger,1
2024-W06,modules/navigator,1
2024-W06,modules/simulation,1
2024-W07,drivers/batt_smbus,1
2024-W07,drivers/gps,3
2024-W07,lib/battery,1
2024-W07,lib/tecs,3
2024-W07,modules/differential_drive,1
2024-W07,modules/ekf2,10
2024-W07,modules/flight_mode_manager,1
2024-W07,modules/fw_pos_control,2
2024-W07,modules/gimbal,1
2024-W07,modules/logger,1
2024-W07,modules/mc_pos_control,1
2024-W07,modules/navigator,6
2024-W07,modules/simulation,1
2024-W07,modules/zenoh,1
2024-W08,drivers/voxl2_io,1
2024-W08,lib/matrix,1
2024-W08,lib/parameters,1
2024-W08,modules/ekf2,7
2024-W08,modules/muorb,1
2024-W08,modules/navigator,2
2024-W09,drivers/barometer,2
2024-W09,drivers/distance_sensor,1
2024-W09,drivers/px4io,1
2024-W09,lib/geo,1
2024-W09,lib/mixer_module,1
2024-W09,modules/ekf2,3
2024-W09,modules/fw_att_control,1
2024-W09,modules/px4iofirmware,1
2024-W09,systemcmds/netman,1
2024-W10,drivers,1
2024-W10,drivers/camera_trigger,1
2024-W10,drivers/distance_sensor,1
2024-W10,drivers/imu,1
2024-W10,drivers/rpm_capture,1
2024-W10,drivers/tone_alarm,1
2024-W10,lib/adsb,1
2024-W10,lib/dataman_client,1
2024-W10,lib/events,1
2024-W10,lib/matrix,1
2024-W10,lib/mixer_module,1
2024-W10,lib/systemlib,1
2024-W10,modules/commander,2
2024-W10,modules/ekf2,5
2024-W10,modules/fw_pos_control,3
2024-W10,modules/mag_bias_estimator,1
2024-W10,modules/mavlink,1
2024-W10,modules/navigator,15
2024-W10,modules/sensors,5
2024-W10,modules/uxrce_dds_client,1
2024-W10,modules/vtol_att_control,1
2024-W10,modules/zenoh,1
2024-W10,systemcmds/sd_bench,1
2024-W11,lib,1
2024-W11,lib/events,4
2024-W11,lib/parameters,1
2024-W11,modules/commander,8
2024-W11,modules/ekf2,5
2024-W11,modules/load_mon,1
2024-W11,modules/mavlink,1
2024-W11,modules/navigator,4
2024-W11,modules/vtol_att_control,1
2024-W12,drivers,1
2024-W12,drivers/dshot,1
2024-W12,drivers/gps,2
2024-W12,drivers/uavcan,1
2024-W12,lib/mathlib,1
2024-W12,modules/commander,2
2024-W12,modules/ekf2,4
2024-W12,modules/logger,2
2024-W12,modules/mavlink,1
2024-W12,modules/mc_pos_control,1
2024-W12,modules/muorb,1
2024-W12,modules/navigator,1
2024-W12,modules/px4iofirmware,3
2024-W13,drivers,1
2024-W13,drivers/barometer,1
2024-W13,drivers/cyphal,1
2024-W13,drivers/dshot,1
2024-W13,drivers/gps,1
2024-W13,drivers/imu,1
2024-W13,drivers/ins,1
2024-W13,drivers/linux_pwm_out,1
2024-W13,drivers/px4io,2
2024-W13,drivers/tap_esc,1
2024-W13,drivers/transponder,1
2024-W13,drivers/uavcan,2
2024-W13,drivers/uavcannode,1
2024-W13,examples/matlab_csv_serial,1
2024-W13,lib/battery,1
2024-W13,modules/commander,1
2024-W13,modules/ekf2,6
2024-W13,modules/fw_att_control,1
2024-W13,modules/fw_autotune_attitude_control,1
2024-W13,modules/logger,3
2024-W13,modules/simulation,1
2024-W13,modules/zenoh,1
2024-W13,systemcmds/bl_update,1
2024-W13,systemcmds/hardfault_log,1
2024-W13,systemcmds/io_bypass_control,1
2024-W13,systemcmds/mft,1
2024-W13,systemcmds/microbench,1
2024-W13,systemcmds/mtd,1
2024-W13,systemcmds/netman,1
2024-W13,systemcmds/nshterm,1
2024-W13,systemcmds/reflect,1
2024-W14,drivers,1
2024-W14,drivers/distance_sensor,1
2024-W14,drivers/gps,2
2024-W14,drivers/magnetometer,1
2024-W14,drivers/px4io,1
2024-W14,drivers/rc,1
2024-W14,lib/drivers,1
2024-W14,modules/ekf2,13
2024-W14,modules/mavlink,3
2024-W14,modules/navigator,4
2024-W14,modules/simulation,1
2024-W15,drivers/barometer,1
2024-W15,drivers/distance_sensor,1
2024-W15,drivers/magnetometer,1
2024-W15,drivers/rc_input,1
2024-W15,drivers/tap_esc,1
2024-W15,drivers/uavcan,1
2024-W15,lib/drivers,1
2024-W15,lib/rc,1
2024-W15,lib/systemlib,1
2024-W15,lib/tecs,1
2024-W15,modules/commander,1
2024-W15,modules/fw_pos_control,2
2024-W15,modules/logger,2
2024-W15,modules/mavlink,2
2024-W15,modules/navigator,2
2024-W15,modules/simulation,1
2024-W15,modules/zenoh,1
2024-W15,systemcmds/hardfault_log,1
2024-W15,systemcmds/netman,1
2024-W15,systemcmds/tests,1
2024-W16,drivers/actuators,1
2024-W16,drivers/optical_flow,2
2024-W16,lib/events,1
2024-W16,lib/parameters,1
2024-W16,lib/rc,1
2024-W16,modules/commander,3
2024-W16,modules/ekf2,1
2024-W16,modules/vtol_att_control,7
2024-W17,drivers,1
2024-W17,drivers/distance_sensor,2
2024-W17,drivers/magnetometer,1
2024-W17,drivers/power_monitor,1
2024-W17,lib/adsb,1
2024-W17,modules/commander,3
2024-W17,modules/ekf2,3
2024-W17,modules/flight_mode_manager,1
2024-W17,modules/fw_pos_control,2
2024-W17,modules/mavlink,7
2024-W17,modules/mc_pos_control,1
2024-W17,modules/navigator,1
2024-W17,modules/simulation,1
2024-W18,drivers/dshot,1
2024-W18,drivers/gps,1
2024-W18,drivers/imu,1
2024-W18,drivers/ins,1
2024-W18,drivers/uavcan,2
2024-W18,modules/ekf2,17
2024-W18,modules/mavlink,1
2024-W18,modules/sensors,1
2024-W18,modules/vtol_att_control,1
2024-W18,systemcmds/sd_bench,1
2024-W19,drivers/gps,1
2024-W19,lib,1
2024-W19,lib/button,1
2024-W19,lib/open_drone_id,1
2024-W19,modules/mavlink,1
2024-W19,modules/uxrce_dds_client,1
2024-W20,drivers/ins,1
2024-W20,drivers/uavcan,3
2024-W20,lib/parameters,1
2024-W20,lib/wind_estimator,2
2024-W20,lib/world_magnetic_model,1
2024-W20,modules/commander,1
2024-W20,modules/ekf2,4
2024-W20,modules/logger,1
2024-W20,modules/mavlink,3
2024-W20,modules/simulation,1
2024-W20,modules/uxrce_dds_client,1
2024-W20,systemcmds/hardfault_log,1
2024-W21,drivers,1
2024-W21,drivers/actuators,2
2024-W21,drivers/adc,1
2024-W21,drivers/barometer,1
2024-W21,drivers/camera_trigger,1
2024-W21,drivers/cdcacm_autostart,3
2024-W21,drivers/differential_pressure,1
2024-W21,drivers/distance_sensor,1
2024-W21,drivers/dshot,2
2024-W21,drivers/gnss,1
2024-W21,drivers/gps,1
2024-W21,drivers/imu,2
2024-W21,drivers/ins,1
2024-W21,drivers/magnetometer,1
2024-W21,drivers/osd,1
2024-W21,drivers/pwm_out,1
2024-W21,drivers/rc_input,1
2024-W21,drivers/rpi_rc_in,1
2024-W21,drivers/telemetry,1
2024-W21,drivers/test_ppm,1
2024-W21,drivers/voxl2_io,2
2024-W21,lib/heatshrink,1
2024-W21,lib/matrix,1
2024-W21,lib/metadata,1
2024-W21,lib/parameters,2
2024-W21,lib/rc,1
2024-W21,lib/tecs,1
2024-W21,lib/version,1
2024-W21,lib/wind_estimator,1
2024-W21,lib/world_magnetic_model,1
2024-W21,modules/attitude_estimator_q,1
2024-W21,modules/camera_feedback,1
2024-W21,modules/commander,1
2024-W21,modules/control_allocator,1
2024-W21,modules/ekf2,9
2024-W21,modules/fw_att_control,1
2024-W21,modules/fw_pos_control,1
2024-W21,modules/gimbal,1
2024-W21,modules/gyro_fft,1
2024-W21,modules/land_detector,1
2024-W21,modules/landing_target_estimator,1
2024-W21,modules/mavlink,2
2024-W21,modules/mc_att_control,1
2024-W21,modules/navigator,2
2024-W21,modules/px4iofirmware,1
2024-W21,modules/simulation,1
2024-W21,modules/vtol_att_control,3
2024-W21,systemcmds/actuator_test,1
2024-W21,systemcmds/dumpfile,1
2024-W21,systemcmds/led_control,1
2024-W21,systemcmds/mtd,1
2024-W21,systemcmds/nshterm,1
2024-W21,systemcmds/reboot,1
2024-W21,systemcmds/reflect,1
2024-W21,systemcmds/sd_bench,1
2024-W21,systemcmds/serial_passthru,1
2024-W21,systemcmds/serial_test,1
2024-W21,systemcmds/tests,1
2024-W21,systemcmds/topic_listener,1
2024-W21,systemcmds/usb_connected,1
2024-W21,templates/template_module,1
2024-W22,drivers/camera_trigger,1
2024-W22,drivers/dshot,1
2024-W22,drivers/lights,1
2024-W22,examples/fake_magnetometer,1
2024-W22,lib/world_magnetic_model,1
2024-W22,modules/attitude_estimator_q,1
2024-W22,modules/camera_feedback,1
2024-W22,modules/commander,3
2024-W22,modules/ekf2,5
2024-W22,modules/logger,2
2024-W22,modules/mavlink,3
2024-W22,modules/navigator,1
2024-W22,modules/simulation,2
2024-W22,systemcmds/bsondump,1
2024-W23,drivers/imu,1
2024-W23,lib/battery,1
2024-W23,modules/control_allocator,1
2024-W23,modules/differential_drive,1
2024-W23,modules/ekf2,2
2024-W23,modules/gimbal,1
2024-W23,modules/logger,1
2024-W23,modules/mavlink,2
2024-W23,modules/rover_ackermann,1
2024-W24,drivers/distance_sensor,1
2024-W24,drivers/gnss,1
2024-W24,drivers/magnetometer,1
2024-W24,drivers/smart_battery,1
2024-W24,drivers/uavcan,2
2024-W24,lib/battery,2
2024-W24,lib/fw_performance_model,1
2024-W24,lib/matrix,2
2024-W24,modules/airspeed_selector,2
2024-W24,modules/ekf2,1
2024-W24,modules/fw_pos_control,1
2024-W24,modules/mavlink,1
2024-W25,drivers/gnss,6
2024-W25,drivers/gps,3
2024-W25,drivers/magnetometer,1
2024-W25,drivers/rc,1
2024-W25,lib/mathlib,1
2024-W25,lib/systemlib,1
2024-W25,modules/commander,1
2024-W25,modules/ekf2,8
2024-W25,modules/gimbal,1
2024-W25,modules/mavlink,3
2024-W25,modules/mc_pos_control,2
2024-W25,modules/rc_update,1
2024-W25,modules/zenoh,1
2024-W26,drivers/uavcan,1
2024-W26,lib/battery,1
2024-W26,lib/events,1
2024-W26,lib/matrix,1
2024-W26,modules/commander,2
2024-W26,modules/ekf2,24
2024-W26,modules/flight_mode_manager,1
2024-W26,modules/logger,2
2024-W26,modules/mavlink,1
2024-W26,modules/navigator,1
2024-W26,modules/rover_ackermann,1
2024-W26,modules/uxrce_dds_client,1
2024-W27,drivers/batt_smbus,2
2024-W27,drivers/cyphal,2
2024-W27,drivers/osd,1
2024-W27,drivers/rc,2
2024-W27,drivers/rc_input,2
2024-W27,drivers/smart_battery,2
2024-W27,drivers/tattu_can,2
2024-W27,drivers/uavcan,2
2024-W27,lib/battery,2
2024-W27,lib/drivers,2
2024-W27,modules/ekf2,8
2024-W27,modules/mavlink,3
2024-W28,drivers/gnss,1
2024-W28,drivers/uavcan,3
2024-W28,lib,1
2024-W28,lib/mathlib,1
2024-W28,lib/pure_pursuit,1
2024-W28,modules/airspeed_selector,1
2024-W28,modules/commander,1
2024-W28,modules/ekf2,14
2024-W28,modules/flight_mode_manager,1
2024-W28,modules/load_mon,1
2024-W28,modules/mavlink,1
2024-W28,modules/simulation,1
2024-W29,drivers,1
2024-W29,drivers/barometer,1
2024-W29,drivers/ins,1
2024-W29,drivers/rc,5
2024-W29,drivers/uavcan,2
2024-W29,lib/battery,3
2024-W29,lib/events,2
2024-W29,lib/tecs,1
2024-W29,modules/airspeed_selector,1
2024-W29,modules/commander,9
2024-W29,modules/ekf2,10
2024-W29,modules/flight_mode_manager,1
2024-W29,modules/mavlink,5
2024-W29,modules/navigator,2
2024-W29,modules/rover_ackermann,2
2024-W30,lib/parameters,1
2024-W30,modules/ekf2,5
2024-W30,modules/fw_pos_control,3
2024-W30,modules/navigator,1
2024-W30,modules/rover_ackermann,1
2024-W30,modules/sensors,1
2024-W31,lib/battery,2
2024-W31,lib/pure_pursuit,1
2024-W31,modules/commander,4
2024-W31,modules/ekf2,1
2024-W31,modules/fw_pos_control,2
2024-W31,modules/gimbal,2
2024-W31,modules/logger,1
2024-W31,modules/navigator,1
2024-W31,modules/rover_ackermann,1
2024-W31,modules/zenoh,1
2024-W31,systemcmds/hardfault_log,1
2024-W31,systemcmds/param,1
2024-W32,lib/battery,1
2024-W32,lib/collision_prevention,1
2024-W32,lib/mixer_module,1
2024-W32,lib/parameters,3
2024-W32,lib/pure_pursuit,1
2024-W32,modules/commander,1
2024-W32,modules/control_allocator,1
2024-W32,modules/differential_drive,1
2024-W32,modules/ekf2,1
2024-W32,modules/flight_mode_manager,3
2024-W32,modules/fw_pos_control,3
2024-W32,modules/logger,2
2024-W32,modules/mavlink,4
2024-W32,modules/navigator,5
2024-W32,modules/rover_ackermann,3
2024-W32,modules/rover_differential,2
2024-W32,modules/simulation,2
2024-W32,modules/uxrce_dds_client,1
2024-W32,modules/zenoh,1
2024-W32,systemcmds/hardfault_log,1
2024-W33,drivers,1
2024-W33,drivers/imu,3
2024-W33,drivers/magnetometer,1
2024-W33,modules/commander,7
2024-W33,modules/ekf2,2
2024-W33,modules/fw_att_control,1
2024-W33,modules/fw_pos_control,2
2024-W33,modules/mavlink,2
2024-W33,modules/mc_att_control,1
2024-W33,modules/mc_pos_control,2
2024-W33,modules/navigator,6
2024-W33,modules/rover_pos_control,1
2024-W33,modules/uuv_att_control,1
2024-W33,modules/uuv_pos_control,1
2024-W33,modules/vtol_att_control,1
2024-W34,drivers/gps,1
2024-W34,lib/version,1
2024-W34,modules/commander,2
2024-W34,modules/ekf2,13
2024-W34,modules/flight_mode_manager,1
2024-W34,modules/mc_pos_control,1
2024-W34,modules/navigator,6
2024-W34,modules/simulation,5
2024-W35,drivers/distance_sensor,1
2024-W35,drivers/gps,1
2024-W35,drivers/uavcan,1
2024-W35,lib,1
2024-W35,lib/drivers,1
2024-W35,lib/mixer_module,1
2024-W35,lib/open_drone_id,1
2024-W35,modules/commander,2
2024-W35,modules/ekf2,7
2024-W35,modules/logger,3
2024-W35,modules/mavlink,1
2024-W35,modules/rover_ackermann,2
2024-W35,modules/rover_differential,1
2024-W35,modules/sensors,1
2024-W35,modules/simulation,1
2024-W36,drivers/power_monitor,1
2024-W36,lib/battery,1
2024-W36,lib/events,2
2024-W36,lib/tecs,1
2024-W36,modules/commander,5
2024-W36,modules/ekf2,1
2024-W36,modules/fw_pos_control,1
2024-W36,modules/land_detector,1
2024-W36,modules/logger,2
2024-W36,modules/manual_control,2
2024-W36,modules/mavlink,1
2024-W36,modules/rover_differential,4
2024-W36,modules/vtol_att_control,1
2024-W37,drivers/distance_sensor,3
2024-W37,lib/drivers,2
2024-W37,lib/motion_planning,1
2024-W37,modules/commander,1
2024-W37,modules/ekf2,1
2024-W37,modules/flight_mode_manager,1
2024-W37,modules/fw_pos_control,1
2024-W37,modules/land_detector,1
2024-W37,modules/logger,1
2024-W37,modules/navigator,5
2024-W37,modules/simulation,2
2024-W38,drivers,2
2024-W38,drivers/adc,1
2024-W38,drivers/barometer,1
2024-W38,drivers/batt_smbus,1
2024-W38,drivers/cyphal,1
2024-W38,drivers/differential_pressure,1
2024-W38,drivers/distance_sensor,1
2024-W38,drivers/hygrometer,1
2024-W38,drivers/imu,1
2024-W38,drivers/magnetometer,1
2024-W38,drivers/pca9685_pwm_out,1
2024-W38,drivers/px4io,1
2024-W38,drivers/rc,1
2024-W38,drivers/rc_input,1
2024-W38,drivers/rpm,1
2024-W38,drivers/telemetry,1
2024-W38,drivers/uavcan,1
2024-W38,drivers/uavcannode,1
2024-W38,drivers/wind_sensor,1
2024-W38,examples/fake_magnetometer,1
2024-W38,examples/hello,1
2024-W38,examples/matlab_csv_serial,1
2024-W38,lib/airspeed,1
2024-W38,lib/bezier,1
2024-W38,lib/cdev,1
2024-W38,lib/circuit_breaker,1
2024-W38,lib/controllib,1
2024-W38,lib/events,1
2024-W38,lib/geo,1
2024-W38,lib/hysteresis,1
2024-W38,lib/l1,1
2024-W38,lib/mathlib,1
2024-W38,lib/matrix,1
2024-W38,lib/parameters,1
2024-W38,lib/perf,1
2024-W38,lib/pid,1
2024-W38,lib/pure_pursuit,1
2024-W38,lib/rate_control,1
2024-W38,lib/rc,1
2024-W38,lib/systemlib,1
2024-W38,lib/tecs,2
2024-W38,lib/timesync,1
2024-W38,lib/tinybson,1
2024-W38,lib/tunes,1
2024-W38,lib/version,1
2024-W38,modules/battery_status,1
2024-W38,modules/commander,1
2024-W38,modules/control_allocator,1
2024-W38,modules/ekf2,3
2024-W38,modules/flight_mode_manager,1
2024-W38,modules/fw_pos_control,2
2024-W38,modules/landing_target_estimator,1
2024-W38,modules/mavlink,7
2024-W38,modules/mc_autotune_attitude_control,1
2024-W38,modules/mc_hover_thrust_estimator,1
2024-W38,modules/navigator,1
2024-W38,modules/px4iofirmware,1
2024-W38,modules/rc_update,1
2024-W38,modules/rover_differential,3
2024-W38,modules/simulation,3
2024-W38,modules/temperature_compensation,1
2024-W38,modules/vtol_att_control,1
2024-W38,systemcmds/bl_update,1
2024-W38,systemcmds/dumpfile,1
2024-W38,systemcmds/gpio,1
2024-W38,systemcmds/io_bypass_control,1
2024-W38,systemcmds/mft,1
2024-W38,systemcmds/mtd,1
2024-W38,systemcmds/nshterm,1
2024-W38,systemcmds/reboot,1
2024-W38,systemcmds/sd_bench,1
2024-W38,systemcmds/sd_stress,1
2024-W38,systemcmds/serial_passthru,1
2024-W38,systemcmds/shutdown,1
2024-W38,systemcmds/tests,1
2024-W38,systemcmds/top,1
2024-W38,systemcmds/topic_listener,1
2024-W38,systemcmds/ver,1
2024-W39,drivers/actuators,1
2024-W39,drivers/distance_sensor,1
2024-W39,drivers/gnss,1
2024-W39,modules/commander,4
2024-W39,modules/control_allocator,1
2024-W39,modules/ekf2,4
2024-W39,modules/logger,1
2024-W39,modules/mc_pos_control,1
2024-W39,modules/navigator,3
2024-W39,modules/rover_mecanum,1
2024-W39,modules/sensors,1
2024-W39,modules/simulation,1
2024-W39,modules/uxrce_dds_client,1
2024-W40,drivers/actuators,1
2024-W40,drivers/cdcacm_autostart,1
2024-W40,drivers/osd,1
2024-W40,lib/events,1
2024-W40,lib/geo,1
2024-W40,lib/mathlib,2
2024-W40,modules/airspeed_selector,1
2024-W40,modules/commander,1
2024-W40,modules/ekf2,10
2024-W40,modules/flight_mode_manager,3
2024-W40,modules/gimbal,1
2024-W40,modules/mavlink,1
2024-W40,modules/navigator,1
2024-W40,modules/rover_ackermann,1
2024-W40,modules/simulation,1
2024-W40,modules/time_persistor,1
2024-W40,modules/zenoh,1
2024-W41,drivers/actuators,1
2024-W41,drivers/camera_trigger,1
2024-W41,lib/mixer_module,1
2024-W41,lib/rc,1
2024-W41,modules/commander,4
2024-W41,modules/logger,1
2024-W41,modules/manual_control,1
2024-W41,modules/mavlink,3
2024-W41,modules/navigator,1
2024-W42,modules/fw_pos_control,2
2024-W42,modules/gimbal,3
2024-W42,modules/mavlink,1
2024-W43,lib/rtl,1
2024-W43,modules/commander,3
2024-W43,modules/control_allocator,1
2024-W43,modules/ekf2,2
2024-W43,modules/flight_mode_manager,1
2024-W43,modules/fw_pos_control,1
2024-W43,modules/mavlink,2
2024-W43,modules/navigator,4
2024-W44,drivers/adc,1
2024-W44,drivers/uavcannode,1
2024-W44,modules/ekf2,6
2024-W44,modules/gimbal,1
2024-W44,modules/manual_control,1
2024-W44,modules/mavlink,1
2024-W44,modules/navigator,1
2024-W44,modules/rc_update,1
2024-W44,modules/rover_mecanum,1
2024-W44,modules/uxrce_dds_client,1
2024-W45,drivers/distance_sensor,2
2024-W45,drivers/power_monitor,1
2024-W45,drivers/uavcan,1
2024-W45,lib/component_information,1
2024-W45,modules/control_allocator,1
2024-W45,modules/ekf2,4
2024-W45,modules/logger,2
2024-W45,modules/mavlink,1
2024-W45,modules/navigator,2
2024-W45,modules/replay,1
2024-W45,modules/sensors,1
2024-W45,modules/simulation,1
2024-W45,systemcmds/param,1
2024-W46,drivers/gnss,1
2024-W46,drivers/imu,1
2024-W46,drivers/magnetometer,2
2024-W46,lib/collision_prevention,10
2024-W46,lib/conversion,1
2024-W46,lib/events,1
2024-W46,lib/pid,2
2024-W46,lib/world_magnetic_model,1
2024-W46,modules/battery_status,1
2024-W46,modules/commander,4
2024-W46,modules/ekf2,2
2024-W46,modules/flight_mode_manager,3
2024-W46,modules/mavlink,2
2024-W46,modules/mc_pos_control,1
2024-W46,modules/mc_rate_control,1
2024-W46,modules/navigator,5
2024-W46,modules/rover_ackermann,3
2024-W46,modules/rover_differential,2
2024-W46,modules/rover_mecanum,4
2024-W46,modules/rover_pos_control,1
2024-W46,modules/sensors,1
2024-W46,modules/simulation,3
2024-W46,modules/uuv_att_control,1
2024-W46,modules/uuv_pos_control,1
2024-W46,modules/uxrce_dds_client,2
2024-W46,modules/vtol_att_control,1
2024-W46,modules/zenoh,2
2024-W47,drivers,1
2024-W47,drivers/barometer,3
2024-W47,drivers/distance_sensor,4
2024-W47,drivers/gps,1
2024-W47,lib/collision_prevention,4
2024-W47,lib/mixer_module,1
2024-W47,lib/modes,1
2024-W47,lib/motion_planning,2
2024-W47,modules/commander,5
2024-W47,modules/control_allocator,1
2024-W47,modules/ekf2,4
2024-W47,modules/logger,1
2024-W47,modules/mavlink,3
2024-W47,modules/navigator,3
2024-W47,modules/rover_differential,1
2024-W47,modules/rover_mecanum,2
2024-W47,modules/sensors,1
2024-W47,modules/simulation,2
2024-W47,modules/uxrce_dds_client,1
2024-W47,systemcmds/topic_listener,1
2024-W48,drivers/rpm,1
2024-W48,drivers/rpm_capture,6
2024-W48,lib,1
2024-W48,lib/lat_lon_alt,2
2024-W48,lib/matrix,1
2024-W48,lib/motion_planning,3
2024-W48,lib/pid,2
2024-W48,modules/ekf2,3
2024-W48,modules/mavlink,2
2024-W48,modules/rover_mecanum,1
2024-W48,modules/simulation,8
2024-W48,modules/uxrce_dds_client,1
2024-W49,drivers/distance_sensor,2
2024-W49,drivers/gps,1
2024-W49,lib/lat_lon_alt,1
2024-W49,lib/parameters,1
2024-W49,modules/commander,3
2024-W49,modules/ekf2,1
2024-W49,modules/replay,1
2024-W49,modules/rover_mecanum,1
2024-W49,modules/simulation,2
2024-W50,drivers/camera_capture,3
2024-W50,drivers/camera_trigger,2
2024-W50,drivers/distance_sensor,1
2024-W50,drivers/pps_capture,2
2024-W50,drivers/rpm,1
2024-W50,drivers/rpm_capture,11
2024-W50,lib/mixer_module,2
2024-W50,lib/modes,1
2024-W50,modules/control_allocator,5
2024-W50,modules/ekf2,2
2024-W50,modules/mavlink,1
2024-W50,modules/navigator,1
2024-W50,modules/simulation,1
2024-W50,systemcmds/topic_listener,1
2024-W51,lib,1
2024-W51,lib/adsb,4
2024-W51,lib/collision_prevention,1
2024-W51,lib/rover_control,1
2024-W51,modules/commander,3
2024-W51,modules/control_allocator,4
2024-W51,modules/ekf2,5
2024-W51,modules/flight_mode_manager,3
2024-W51,modules/fw_pos_control,1
2024-W51,modules/fw_rate_control,1
2024-W51,modules/gimbal,2
2024-W51,modules/logger,1
2024-W51,modules/mavlink,2
2024-W51,modules/mc_pos_control,1
2024-W51,modules/navigator,2
2024-W51,modules/rover_ackermann,1
2024-W51,modules/rover_pos_control,1
2024-W51,modules/simulation,6
2024-W51,modules/uxrce_dds_client,1
2024-W52,drivers/uavcan,1
2024-W52,lib,1
2024-W52,lib/avoidance,1
2024-W52,modules/commander,2
2024-W52,modules/flight_mode_manager,1
2024-W52,modules/fw_pos_control,1
2024-W52,modules/logger,1
2024-W52,modules/navigator,1
2024-W52,modules/rover_pos_control,1
2025-W01,lib/mathlib,1
2025-W01,modules/battery_status,1
2025-W01,modules/ekf2,3
2025-W01,modules/fw_att_control,2
2025-W01,modules/logger,1
2025-W02,drivers/distance_sensor,1
2025-W02,drivers/gps,1
2025-W02,drivers/uavcan,1
2025-W02,lib,1
2025-W02,lib/bezier,1
2025-W02,lib/systemlib,1
2025-W02,modules/control_allocator,2
2025-W02,modules/ekf2,2
2025-W02,modules/flight_mode_manager,2
2025-W02,modules/land_detector,3
2025-W02,modules/logger,1
2025-W02,modules/mavlink,1
2025-W02,modules/sensors,1
2025-W02,modules/simulation,1
2025-W02,modules/uxrce_dds_client,1
2025-W02,modules/zenoh,1
2025-W02,systemcmds/tests,1
2025-W03,lib,1
2025-W03,lib/control_allocation,1
2025-W03,lib/mathlib,1
2025-W03,modules/commander,1
2025-W03,modules/control_allocator,2
2025-W03,modules/ekf2,5
2025-W03,modules/flight_mode_manager,1
2025-W03,modules/logger,1
2025-W03,modules/mavlink,4
2025-W03,modules/mc_att_control,1
2025-W03,modules/mc_hover_thrust_estimator,1
2025-W03,modules/mc_rate_control,1
2025-W03,modules/rc_update,1
2025-W03,modules/sensors,1
2025-W03,modules/simulation,2
2025-W04,drivers,1
2025-W04,drivers/distance_sensor,1
2025-W04,drivers/dshot,1
2025-W04,drivers/ins,1
2025-W04,drivers/power_monitor,1
2025-W04,drivers/pwm_out,1
2025-W04,drivers/uavcan,1
2025-W04,lib/collision_prevention,2
2025-W04,lib/control_allocation,1
2025-W04,modules/ekf2,3
2025-W04,modules/flight_mode_manager,1
2025-W04,modules/local_position_estimator,1
2025-W04,modules/logger,1
2025-W04,modules/mavlink,1
2025-W04,modules/mc_att_control,1
2025-W04,modules/navigator,6
2025-W04,modules/replay,1
2025-W04,modules/sensors,1
2025-W04,modules/simulation,3
2025-W04,modules/vtol_att_control,1
2025-W05,modules/commander,3
2025-W05,modules/dataman,2
2025-W05,modules/ekf2,1
2025-W05,modules/gimbal,1
2025-W05,modules/mavlink,1
2025-W05,modules/navigator,2
2025-W05,modules/sensors,1
2025-W05,modules/simulation,2
2025-W06,drivers/actuators,1
2025-W06,drivers/distance_sensor,4
2025-W06,lib/collision_prevention,2
2025-W06,lib/control_allocation,1
2025-W06,modules/commander,1
2025-W06,modules/control_allocator,1
2025-W06,modules/ekf2,2
2025-W06,modules/flight_mode_manager,1
2025-W06,modules/sensors,1
2025-W06,modules/spacecraft,1
2025-W06,modules/uxrce_dds_client,1
2025-W07,drivers/gps,1
2025-W07,drivers/magnetometer,1
2025-W07,drivers/px4io,1
2025-W07,drivers/uavcannode,1
2025-W07,drivers/voxl2_io,3
2025-W07,lib/airspeed,1
2025-W07,lib/parameters,2
2025-W07,lib/sensor_calibration,1
2025-W07,modules/commander,2
2025-W07,modules/ekf2,5
2025-W07,modules/esc_battery,1
2025-W07,modules/flight_mode_manager,1
2025-W07,modules/fw_pos_control,1
2025-W07,modules/sensors,2
2025-W07,modules/uxrce_dds_client,1
2025-W08,drivers/actuators,1
2025-W08,drivers/distance_sensor,1
2025-W08,drivers/imu,1
2025-W08,drivers/rpm_capture,1
2025-W08,drivers/telemetry,1
2025-W08,drivers/uavcan,1
2025-W08,drivers/voxl2_io,1
2025-W08,lib/drivers,1
2025-W08,lib/mixer_module,1
2025-W08,lib/rover_control,1
2025-W08,lib/rtl,1
2025-W08,modules/airspeed_selector,1
2025-W08,modules/commander,3
2025-W08,modules/control_allocator,1
2025-W08,modules/flight_mode_manager,1
2025-W08,modules/fw_pos_control,1
2025-W08,modules/gimbal,1
2025-W08,modules/internal_combustion_engine_control,2
2025-W08,modules/logger,3
2025-W08,modules/mavlink,4
2025-W08,modules/rover_ackermann,1
2025-W08,modules/rover_differential,1
2025-W08,modules/rover_mecanum,1
2025-W08,modules/sensors,1
2025-W08,modules/simulation,1
2025-W09,drivers/actuators,1
2025-W09,drivers/batt_smbus,1
2025-W09,drivers/distance_sensor,1
2025-W09,drivers/power_monitor,1
2025-W09,drivers/rc,1
2025-W09,drivers/rc_input,1
2025-W09,drivers/smart_battery,1
2025-W09,drivers/uavcan,1
2025-W09,lib/battery,1
2025-W09,lib/parameters,1
2025-W09,lib/pure_pursuit,1
2025-W09,lib/rc,1
2025-W09,lib/systemlib,1
2025-W09,modules/battery_status,1
2025-W09,modules/commander,6
2025-W09,modules/control_allocator,1
2025-W09,modules/dataman,1
2025-W09,modules/ekf2,1
2025-W09,modules/esc_battery,1
2025-W09,modules/events,1
2025-W09,modules/flight_mode_manager,1
2025-W09,modules/logger,1
2025-W09,modules/mavlink,1
2025-W09,modules/rover_ackermann,1
2025-W09,modules/rover_differential,1
2025-W09,modules/rover_mecanum,1
2025-W09,modules/simulation,2
2025-W09,modules/vtol_att_control,2
2025-W09,systemcmds/mft_cfg,1
2025-W10,drivers/adc,1
2025-W10,drivers/barometer,1
2025-W10,drivers/uavcannode,1
2025-W10,lib/pure_pursuit,1
2025-W10,lib/rover_control,1
2025-W10,modules/airspeed_selector,1
2025-W10,modules/commander,1
2025-W10,modules/ekf2,1
2025-W10,modules/flight_mode_manager,1
2025-W10,modules/navigator,1
2025-W10,modules/replay,3
2025-W10,modules/rover_ackermann,1
2025-W10,modules/sensors,2
2025-W10,modules/simulation,5
2025-W11,drivers,1
2025-W11,drivers/dshot,1
2025-W11,drivers/magnetometer,1
2025-W11,drivers/qshell,1
2025-W11,lib/rover_control,1
2025-W11,modules/commander,3
2025-W11,modules/ekf2,2
2025-W11,modules/logger,1
2025-W11,modules/mavlink,1
2025-W11,modules/muorb,1
2025-W11,modules/navigator,4
2025-W11,modules/replay,2
2025-W11,modules/rover_ackermann,1
2025-W11,modules/rover_differential,1
2025-W11,modules/rover_mecanum,1
2025-W12,drivers/gps,1
2025-W12,drivers/uavcan,1
2025-W12,modules/commander,1
2025-W12,modules/ekf2,4
2025-W12,modules/flight_mode_manager,1
2025-W12,modules/mavlink,2
2025-W12,modules/simulation,5
2025-W12,modules/uxrce_dds_client,1
2025-W12,modules/vtol_att_control,1
2025-W13,drivers/differential_pressure,1
2025-W13,drivers/distance_sensor,1
2025-W13,drivers/gps,1
2025-W13,drivers/uavcan,1
2025-W13,drivers/uavcannode,1
2025-W13,lib/sensor_calibration,1
2025-W13,modules/commander,2
2025-W13,modules/control_allocator,1
2025-W13,modules/dataman,1
2025-W13,modules/ekf2,1
2025-W13,modules/fw_rate_control,1
2025-W13,modules/logger,1
2025-W13,modules/mavlink,1
2025-W13,modules/navigator,1
2025-W13,modules/rover_differential,2
2025-W13,modules/sensors,2
2025-W13,modules/simulation,1
2025-W13,modules/spacecraft,1
2025-W13,modules/uxrce_dds_client,1
2025-W13,modules/vtol_att_control,1
2025-W14,drivers/heater,1
2025-W14,drivers/uavcan,1
2025-W14,lib,1
2025-W14,lib/stick_yaw,2
2025-W14,modules/ekf2,2
2025-W14,modules/flight_mode_manager,1
2025-W14,modules/land_detector,1
2025-W14,modules/logger,1
2025-W14,modules/mc_att_control,2
2025-W14,modules/rover_ackermann,3
2025-W14,modules/sensors,1
2025-W14,modules/simulation,2
2025-W14,modules/vtol_att_control,2
2025-W15,drivers,1
2025-W15,drivers/barometer,1
2025-W15,drivers/magnetometer,2
2025-W15,modules/mavlink,1
2025-W16,modules/land_detector,1
2025-W16,modules/simulation,2
2025-W16,modules/vtol_att_control,1
2025-W17,drivers/distance_sensor,1
2025-W17,modules/commander,2
2025-W17,modules/flight_mode_manager,1
2025-W17,modules/fw_rate_control,1
2025-W17,modules/mc_att_control,2
2025-W17,modules/mc_pos_control,2
2025-W17,modules/navigator,5
2025-W18,drivers/ins,1
2025-W18,modules/commander,1
2025-W18,modules/mavlink,1
2025-W18,modules/rover_differential,1
2025-W19,drivers/rc_input,1
2025-W20,drivers/imu,1
2025-W20,drivers/osd,1
2025-W20,drivers/power_monitor,3
2025-W20,modules/commander,1
2025-W21,drivers/osd,1
2025-W21,drivers/uavcan,1
2025-W23,drivers/osd,2
2025-W23,modules/control_allocator,2
2025-W25,drivers/magnetometer,1
2025-W30,modules/commander,1
2025-W31,modules/mavlink,1
2025-W31,modules/mc_pos_control,1
2025-W31,modules/payload_deliverer,1
2025-W37,drivers/gps,1
2025-W38,drivers/gps,1
2025-W39,modules/commander,1
2025-W39,modules/mavlink,1
2025-W39,modules/navigator,1
2025-W40,drivers/uavcan,1
2025-W40,modules/mavlink,1
2025-W41,modules/flight_mode_manager,1
2025-W41,modules/navigator,1
2025-W45,modules/navigator,1
